id,month,test_score,treatment,income,parent_edu,school_funding,class_size,teacher_experience
1,1,82.3390032290623,0,26849.5271311087,15.1551038105261,5035.76130157599,28,0
1,2,80.7478686376487,0,29099.2172315286,15.1551038105261,4599.65412884423,20,5
1,3,83.2270543362564,0,28905.4216103482,15.1551038105261,5324.55387488859,29,3
1,4,75.2983168774236,0,29442.9673350385,15.1551038105261,6279.92045179196,27,1
1,5,83.5932247349006,0,33317.2026333722,15.1551038105261,5623.7683979428,30,7
1,6,101.448143084023,0,34542.1626050675,15.1551038105261,6166.15225756568,21,8
1,7,90.2902495666955,0,33719.0156630928,15.1551038105261,6200.93402506647,21,6
1,8,92.8010795010133,0,35584.6080763101,15.1551038105261,6257.27696765117,24,6
1,9,101.83035175122,0,35830.3784794848,15.1551038105261,7459.61484859986,24,7
1,10,97.1454334347671,0,38388.4643411884,15.1551038105261,6073.24268982453,26,9
1,11,117.056307979335,0,39150.0451632128,15.1551038105261,7189.57746442678,24,11
1,12,103.367680199588,0,39417.9490530348,15.1551038105261,7314.49121594749,24,13
1,13,97.830395443472,0,40620.8779998773,15.1551038105261,8316.77578379192,21,13
1,14,103.371379331937,0,41440.7003901246,15.1551038105261,7770.37393032505,27,12
1,15,106.611608505164,0,44046.8418855247,15.1551038105261,8517.25772585468,29,14
2,1,74.9258977601131,1,26854.0558751806,13.8687163870116,5318.2243433282,24,0
2,2,74.791195876094,1,27437.5798575471,13.8687163870116,4981.88776236357,23,1
2,3,87.3379769969566,1,26996.27320148,13.8687163870116,5789.98504558271,26,3
2,4,80.2877558828545,1,26831.0512064255,13.8687163870116,5247.69984893124,23,4
2,5,87.4143328415035,1,29926.15443358,13.8687163870116,5406.400116854,24,5
2,6,92.1464219019177,1,29996.2777587959,13.8687163870116,6806.91129442535,21,8
2,7,102.280449420212,1,30912.0022919835,13.8687163870116,6505.68957347285,23,9
2,8,93.5487760718791,1,32761.5805625931,13.8687163870116,5807.71449487655,29,7
2,9,97.6739978205637,1,31613.9946790829,13.8687163870116,6493.96345338538,23,6
2,10,98.5718293255984,1,34429.5837749343,13.8687163870116,7304.19731530255,27,6
2,11,97.0629051798549,1,33650.4348898011,13.8687163870116,7339.2292633502,20,11
2,12,105.415596346414,1,34128.4964990227,13.8687163870116,7177.73038666935,28,8
2,13,115.599703998958,1,35413.9961127259,13.8687163870116,7126.66036891665,22,16
2,14,108.995402935962,1,36787.8199211511,13.8687163870116,7666.11036591341,19,14
2,15,116.273413781544,1,36968.6424828173,13.8687163870116,8453.42269038135,24,11
3,1,79.9217142007101,0,27250.4490573641,13.3008611694266,4916.59206416272,21,1
3,2,88.3684753839839,0,28771.6261500608,13.3008611694266,5880.39227608821,25,7
3,3,83.6649704984248,0,27413.6134786532,13.3008611694266,5926.65521078292,24,2
3,4,88.2169681785627,0,30349.3270488584,13.3008611694266,5669.98918933934,32,5
3,5,84.6550626738968,0,32216.0990992095,13.3008611694266,5089.60878810399,26,5
3,6,87.2584900038329,0,32493.167258078,13.3008611694266,5787.2828098189,28,8
3,7,98.6422331457987,0,34253.0489058109,13.3008611694266,6726.4403984212,28,5
3,8,95.613145099333,0,34952.9977684638,13.3008611694266,7508.06131208701,25,10
3,9,97.9629376635364,0,36014.9562317845,13.3008611694266,7215.62242998399,24,8
3,10,93.2308423906577,0,36927.6485813941,13.3008611694266,6506.54452168125,19,11
3,11,97.6386420450824,0,35435.3170259339,13.3008611694266,7317.985824315,26,14
3,12,92.046033013183,0,38080.3516182663,13.3008611694266,7204.46368513793,28,15
3,13,97.0521934152285,0,40608.5534237943,13.3008611694266,7318.57791673388,22,13
3,14,104.16315388272,0,39400.2950130827,13.3008611694266,7251.5290010725,21,12
3,15,101.461009908676,0,41235.8768334873,13.3008611694266,7616.77206330323,27,13
4,1,83.1829192117757,1,31710.1585040222,13.1582533145532,5620.60684410198,27,0
4,2,81.977944487076,1,32966.5685941587,13.1582533145532,6340.34685223133,23,3
4,3,74.6789217757906,1,32980.3178477286,13.1582533145532,5921.60175700788,22,1
4,4,84.9161144754677,1,33446.8402643116,13.1582533145532,5212.52065912024,23,1
4,5,82.1903329107281,1,35009.8920011217,13.1582533145532,5646.46774400755,29,7
4,6,75.1727589905744,1,35988.5375833879,13.1582533145532,7254.43443751351,25,6
4,7,97.9928239416082,1,36438.1820589291,13.1582533145532,6168.80644897582,26,5
4,8,90.8871058693172,1,37497.7466095678,13.1582533145532,6206.40085161968,25,8
4,9,97.6097448812379,1,38720.4494741606,13.1582533145532,6570.55211344782,29,12
4,10,97.5381483370993,1,38375.7052459358,13.1582533145532,8196.12151233536,19,10
4,11,97.014103723039,1,41134.3583895248,13.1582533145532,7377.92147678518,26,11
4,12,92.6386210085673,1,43038.2325990018,13.1582533145532,7255.34502030136,25,7
4,13,101.667807580742,1,43157.4692529185,13.1582533145532,8144.48115433691,27,11
4,14,105.271904750854,1,42068.6376694045,13.1582533145532,7102.46399209886,26,14
4,15,111.366547358926,1,41542.9598470081,13.1582533145532,7941.09642388777,21,15
5,1,82.4025804550479,1,43605.0439864015,15.8739699133742,5550.66266673305,21,1
5,2,97.1249171454475,1,45193.8951100213,15.8739699133742,4839.58257346438,23,0
5,3,91.3036614309746,1,45854.5044474782,15.8739699133742,5357.30304241998,23,4
5,4,107.365452164085,1,44609.4268349561,15.8739699133742,6011.28563566798,27,8
5,5,102.927031813145,1,45488.8009590497,15.8739699133742,5304.83897267483,27,6
5,6,96.7427063197924,1,47498.469964796,15.8739699133742,5188.46066844091,23,7
5,7,108.130877455897,1,48753.5825354206,15.8739699133742,6254.61596198863,22,10
5,8,103.128855288353,1,49763.2087140245,15.8739699133742,7617.91718454689,29,8
5,9,107.819777149899,1,50469.4448892333,15.8739699133742,6401.89374789305,29,7
5,10,113.917427873545,1,49447.8532784531,15.8739699133742,6308.83412627516,25,12
5,11,109.433137770209,1,49865.9995743449,15.8739699133742,7138.69465080806,23,8
5,12,112.526165724392,1,49928.8607127109,15.8739699133742,8016.38207930599,23,11
5,13,113.69717981551,1,53209.0890485233,15.8739699133742,7129.42073927171,26,13
5,14,113.885453264414,1,54295.0437766903,15.8739699133742,8108.52503607851,26,12
5,15,116.079187031366,1,54565.5587598712,15.8739699133742,7858.86408741963,33,11
6,1,83.8122973972318,0,29008.2758919531,8.99322037886804,4216.34761545014,25,3
6,2,74.8136458212572,0,32411.0383229893,8.99322037886804,5369.87523642005,26,0
6,3,87.0114005807899,0,31249.096183752,8.99322037886804,5771.05529076393,21,2
6,4,85.025204383408,0,34174.2024046866,8.99322037886804,5689.97021472094,26,4
6,5,94.1082628240614,0,33722.487283347,8.99322037886804,6063.36069239206,24,1
6,6,88.2296228178057,0,35137.3171584275,8.99322037886804,5766.25630312573,29,3
6,7,85.360505043382,0,35053.5299747118,8.99322037886804,6052.21402999523,23,5
6,8,96.3223111839429,0,35434.1967553931,8.99322037886804,6531.75303641954,20,6
6,9,90.8525370673644,0,35262.2221501952,8.99322037886804,7461.06800774764,23,9
6,10,93.10721810144,0,36492.1772634526,8.99322037886804,6325.13541531294,22,7
6,11,87.9971834333233,0,37779.504852443,8.99322037886804,6806.89139294743,26,11
6,12,99.5657774981134,0,38884.60799178,8.99322037886804,7378.22671919958,25,14
6,13,97.3900485436037,0,39345.2359465393,8.99322037886804,6982.33844647868,25,10
6,14,94.5606157250942,0,39976.4044048525,8.99322037886804,7130.70514713705,29,10
6,15,101.561243919047,0,41113.7831459635,8.99322037886804,7855.72859897308,27,14
7,1,70.8160521636024,1,39124.5907937835,8.68445181252752,4951.20609112663,23,1
7,2,81.3766428403723,1,40115.5922472103,8.68445181252752,5677.19036201387,24,3
7,3,79.9181133516827,1,40198.3918690627,8.68445181252752,5405.38977955938,24,2
7,4,79.6178624405514,1,43502.9349081556,8.68445181252752,5062.69918871203,29,0
7,5,84.9688870903558,1,43706.1626730579,8.68445181252752,7228.45053604143,29,1
7,6,90.5324972001483,1,44578.1729387979,8.68445181252752,5956.26442861341,22,5
7,7,99.7146086694866,1,44923.4454246192,8.68445181252752,7595.35409776772,20,8
7,8,102.790478256372,1,46419.1570426605,8.68445181252752,6132.48225214686,29,9
7,9,103.947390688211,1,46582.7149180305,8.68445181252752,7069.58106438124,24,6
7,10,98.8178896320304,1,47622.7672885479,8.68445181252752,6676.95548882953,20,8
7,11,105.524551912435,1,47755.6797363629,8.68445181252752,7733.32375868011,25,11
7,12,101.536660446172,1,51658.8971478868,8.68445181252752,7087.48047115997,22,11
7,13,102.880514188641,1,51805.7293245525,8.68445181252752,7591.9098702183,22,15
7,14,99.2113946927554,1,51565.5557340216,8.68445181252752,8070.57331290967,25,13
7,15,116.186048637558,1,54848.6855804908,8.68445181252752,7832.784856973,20,13
8,1,77.4502939918497,1,36430.3329791794,13.7758380101916,4842.57993774071,26,1
8,2,81.6121449677529,1,37307.8319410006,13.7758380101916,5297.76268236446,22,0
8,3,86.8068259608775,1,37099.3874700788,13.7758380101916,4670.91192205151,26,0
8,4,83.0563036185082,1,37661.9944010417,13.7758380101916,5698.11437886198,29,3
8,5,97.9978679860993,1,38746.5218762265,13.7758380101916,5739.03875113943,23,4
8,6,85.3829101235594,1,40008.9738050763,13.7758380101916,6210.99479511773,28,5
8,7,106.262706392836,1,41163.9061260856,13.7758380101916,5592.19459562918,22,7
8,8,99.2915470868157,1,42713.1690400071,13.7758380101916,6910.56977248745,22,5
8,9,105.547658891733,1,41374.3378565186,13.7758380101916,6768.30628930025,25,8
8,10,104.696993824828,1,41627.5518831101,13.7758380101916,6462.60427108872,23,10
8,11,115.784535777997,1,43503.6836674777,13.7758380101916,7837.78623142004,21,9
8,12,107.113909711299,1,47184.6375577633,13.7758380101916,7330.03492446292,22,10
8,13,100.177319144189,1,44493.6258979949,13.7758380101916,6739.59159109442,30,12
8,14,121.89386901657,1,46827.6313314691,13.7758380101916,8574.7148692757,23,14
8,15,118.124720799244,1,46198.560274705,13.7758380101916,7710.90416298739,18,15
9,1,68.1488902068596,1,29004.8010992988,11.6409310076007,5296.66375804258,26,2
9,2,65.8924615059727,1,29165.390715967,11.6409310076007,6210.85694667103,22,1
9,3,73.5576507187403,1,30057.0267115688,11.6409310076007,5925.15513389828,20,0
9,4,74.4482361291612,1,32302.5193112737,11.6409310076007,5830.48446033505,24,5
9,5,90.9700055259412,1,31355.0450620735,11.6409310076007,6131.98126138188,18,7
9,6,75.2572438413268,1,31932.9909658372,11.6409310076007,5940.90577955567,17,5
9,7,94.610711635491,1,32676.861136166,11.6409310076007,6847.43510732242,21,9
9,8,94.2653299016438,1,34302.3303577316,11.6409310076007,6704.58340126585,28,11
9,9,99.5971961765054,1,33398.671188037,11.6409310076007,6486.92771089373,22,12
9,10,88.5393709116465,1,31588.4044941173,11.6409310076007,6732.29464740961,24,8
9,11,93.4524532274109,1,32374.468012715,11.6409310076007,7466.35718281838,25,8
9,12,95.7954592302135,1,32210.9877357011,11.6409310076007,6926.3967636635,22,11
9,13,106.424319765136,1,31344.359580511,11.6409310076007,7957.36019286386,25,14
9,14,99.6078633636783,1,35876.1037793092,11.6409310076007,8218.80788287208,19,13
9,15,97.8483597522978,1,34484.1094783461,11.6409310076007,7513.33337234873,25,13
10,1,74.0314922898496,0,18892.5768048153,12.2220156350549,5801.50413019318,23,0
10,2,75.085659950746,0,20440.0461304872,12.2220156350549,5224.34500009637,26,3
10,3,73.3706303458692,0,19507.4177329968,12.2220156350549,6329.60818830456,23,1
10,4,71.389965687061,0,20645.1049291491,12.2220156350549,6014.55642438371,24,3
10,5,79.9766619008897,0,21891.1509075698,12.2220156350549,5260.68667901733,27,3
10,6,85.0423214345798,0,22527.596100097,12.2220156350549,6558.1791681588,21,5
10,7,87.3758351775093,0,22288.2237789254,12.2220156350549,5996.33635873554,23,8
10,8,83.2700893297779,0,24554.1767887541,12.2220156350549,6372.64671072914,23,6
10,9,91.2593256137062,0,25129.818857224,12.2220156350549,6990.2109107559,19,10
10,10,91.7355694125418,0,25056.5561832941,12.2220156350549,7522.28873266004,27,11
10,11,97.499046571707,0,24883.4467185906,12.2220156350549,6961.14959443541,20,11
10,12,95.6086238866931,0,27499.9833752522,12.2220156350549,7463.16971071378,28,11
10,13,103.921303053667,0,29054.9915858327,12.2220156350549,6822.37069499081,21,15
10,14,90.5596978361458,0,29768.8115735411,12.2220156350549,6741.55921905878,30,13
10,15,97.5376511501193,0,30021.7507971811,12.2220156350549,7060.21454412068,27,13
11,1,68.8844221587579,1,26255.8845120348,14.2238321315142,4797.07553214913,26,2
11,2,74.8435217453955,1,27115.6307823038,14.2238321315142,5911.96602729082,27,1
11,3,88.5674867477396,1,27967.2510663157,14.2238321315142,5131.22099958752,28,7
11,4,79.277279268666,1,29051.1960750214,14.2238321315142,5314.22700260444,23,3
11,5,83.4286543690546,1,31080.0376863695,14.2238321315142,5854.32132567085,21,4
11,6,88.9327137287579,1,31535.206939759,14.2238321315142,5652.5426135766,22,4
11,7,93.2974577928782,1,30330.4077210258,14.2238321315142,6695.53268136069,14,6
11,8,93.1377880930026,1,31234.1387986234,14.2238321315142,6700.58977957955,22,5
11,9,94.0951921530512,1,33979.8504558108,14.2238321315142,7146.14920722559,23,6
11,10,97.8609982049302,1,35060.5814179334,14.2238321315142,6533.4435001589,24,7
11,11,103.603820452876,1,33511.1264497244,14.2238321315142,7154.16178536485,25,10
11,12,95.7390750298123,1,35910.1116870548,14.2238321315142,7404.6873262772,24,9
11,13,106.29964744332,1,37662.0781856708,14.2238321315142,7805.59692557456,22,16
11,14,102.354164391857,1,40004.2610702579,14.2238321315142,7859.55497763615,26,9
11,15,103.357182484907,1,37437.5645478664,14.2238321315142,7633.82981114875,28,13
12,1,73.4233019563289,0,25748.8832401805,14.2598851435472,5566.57349047292,28,0
12,2,79.9184710871493,0,26847.3118142146,14.2598851435472,5582.22235804405,26,2
12,3,78.6902446647496,0,29026.3058833519,14.2598851435472,5540.70856048537,28,2
12,4,74.7227999412631,0,30105.0401693876,14.2598851435472,5586.77322515417,23,5
12,5,83.2563228497804,0,30376.8028599433,14.2598851435472,6392.27748649425,28,5
12,6,91.8270535695254,0,30008.4545465639,14.2598851435472,7073.03714646671,23,8
12,7,90.6221469895473,0,31913.5219609199,14.2598851435472,7134.88890622345,24,6
12,8,77.0376670748644,0,32906.8795343986,14.2598851435472,6368.26038017362,23,5
12,9,92.1851532241223,0,34188.0753799078,14.2598851435472,6745.59070649066,21,10
12,10,83.3399806389868,0,36936.8329887268,14.2598851435472,6763.36363392661,25,8
12,11,87.4136176558333,0,35560.4684204274,14.2598851435472,7287.76738978086,27,10
12,12,90.6929314310415,0,37236.7944992744,14.2598851435472,7233.32728712652,22,12
12,13,100.877979988805,0,37378.422895779,14.2598851435472,8433.34462322906,27,15
12,14,96.577590845655,0,37766.8845316323,14.2598851435472,7626.69579230169,23,17
12,15,101.890020237936,0,40566.3514218151,14.2598851435472,7778.93030894373,21,14
13,1,73.7078590554328,1,30249.920345935,11.2119884899147,5142.10001716881,24,0
13,2,71.8482455651881,1,34959.0717787054,11.2119884899147,5306.20984947249,21,0
13,3,74.9098382131385,1,33239.7390904059,11.2119884899147,5942.66675375845,23,2
13,4,88.4021961103977,1,34130.7432921528,11.2119884899147,6067.3147796134,20,4
13,5,76.7055088892472,1,34927.2580685588,11.2119884899147,5210.32815490482,22,6
13,6,76.9737658349133,1,37760.7623831052,11.2119884899147,5870.05598821075,27,2
13,7,89.4890833658027,1,37504.3575169642,11.2119884899147,6184.15059670772,24,6
13,8,93.4957551616507,1,37512.7533263081,11.2119884899147,7071.84008545294,24,6
13,9,89.1744065448126,1,37520.8677269408,11.2119884899147,6789.72293910494,26,7
13,10,97.4993284270746,1,38571.6433363296,11.2119884899147,7249.79484670338,27,7
13,11,99.3233917963901,1,39748.6953552053,11.2119884899147,7160.79840009522,26,10
13,12,101.069459687453,1,42671.9466550164,11.2119884899147,7180.32416169078,19,13
13,13,105.839484368449,1,42191.3302117626,11.2119884899147,7932.29527935607,26,13
13,14,103.48466895059,1,42546.4267283492,11.2119884899147,8966.63402584122,23,14
13,15,115.041134112119,1,45018.9983924048,11.2119884899147,8003.51516129588,27,13
14,1,76.1492605053628,1,42208.3491361829,11.0623683930087,3498.98809782204,24,0
14,2,77.2322546029862,1,40630.2173289156,11.0623683930087,4921.05695682362,23,1
14,3,82.7436865717746,1,41341.3959647708,11.0623683930087,5486.75340435898,24,3
14,4,84.4617570908481,1,42593.1923913631,11.0623683930087,5021.68669565295,32,5
14,5,90.5186070035955,1,42704.6434639295,11.0623683930087,6158.46522206346,26,6
14,6,91.1387639900892,1,43577.4340677765,11.0623683930087,5907.92610873766,30,8
14,7,93.9294087751347,1,45346.8458178893,11.0623683930087,6748.47883304208,23,7
14,8,102.662703585211,1,44033.8404338231,11.0623683930087,7072.26145302248,20,7
14,9,102.564260903808,1,44275.104416236,11.0623683930087,5892.69465891346,22,8
14,10,108.766378052225,1,45502.8008404909,11.0623683930087,7281.80070137465,25,13
14,11,101.61691668208,1,45429.6215456826,11.0623683930087,7686.40349448177,24,10
14,12,101.098928908914,1,46568.3108327816,11.0623683930087,7059.7582078906,27,12
14,13,107.225328035899,1,46178.1543156547,11.0623683930087,7136.73317643389,22,9
14,14,116.654562195474,1,47307.2278773023,11.0623683930087,6832.01953263081,23,13
14,15,104.300742737438,1,45761.5441511594,11.0623683930087,8481.77095134696,22,11
15,1,95.6749050411456,0,49232.2838605544,12.2207958270236,6241.84272657394,29,1
15,2,98.8692204066385,0,49575.9126265696,12.2207958270236,5341.78109302328,24,0
15,3,98.1377693004849,0,49775.3344499379,12.2207958270236,6153.34729960153,22,4
15,4,97.3602183684071,0,51426.5562292207,12.2207958270236,6413.87141593695,28,2
15,5,109.118334121548,0,53085.3687940829,12.2207958270236,6050.64687605154,24,5
15,6,89.2698831625429,0,53679.4652242827,12.2207958270236,6220.0859259824,29,3
15,7,101.259132366946,0,55154.3544343856,12.2207958270236,7426.07399461421,21,7
15,8,97.9526065360726,0,56275.5183266202,12.2207958270236,6376.37723139972,29,5
15,9,115.353533922428,0,57036.8315247968,12.2207958270236,6209.19365985589,25,9
15,10,116.40225308793,0,56757.6267301958,12.2207958270236,7619.36164068062,22,10
15,11,117.333078536842,0,56627.7081202163,12.2207958270236,6900.88315466239,20,11
15,12,104.151896393756,0,58549.2777599633,12.2207958270236,6662.1451515463,32,11
15,13,117.86198757575,0,60873.0165779887,12.2207958270236,7431.91757990412,22,16
15,14,122.085502250541,0,60455.633188172,12.2207958270236,7378.97951719934,22,15
15,15,118.778062786592,0,59813.5663136372,12.2207958270236,7502.8795177095,22,15
16,1,94.4047296622698,1,43865.6035367293,15.1890533678842,6335.47194804917,27,1
16,2,85.8457726232993,1,44649.6114665423,15.1890533678842,5405.09398018331,25,1
16,3,91.6771462197955,1,44960.7606426462,15.1890533678842,5879.10618797049,22,4
16,4,92.8707554990664,1,46528.2973426838,15.1890533678842,4745.55643644694,24,1
16,5,99.2226081513781,1,48717.8953513626,15.1890533678842,6051.63308492199,28,4
16,6,92.2266749043278,1,49641.2756175635,15.1890533678842,5299.9261105403,24,6
16,7,104.098238080673,1,48879.3544722506,15.1890533678842,6636.75107225815,27,6
16,8,106.450530904163,1,50339.8880696435,15.1890533678842,6962.51733029729,22,7
16,9,94.4648537353343,1,49868.7059048406,15.1890533678842,6586.56728687545,27,6
16,10,104.617136593897,1,51588.6135657955,15.1890533678842,6731.61347260059,25,12
16,11,100.829108048456,1,55318.1791312189,15.1890533678842,7861.93016585017,28,3
16,12,105.449117278091,1,55801.5202612541,15.1890533678842,6854.32343450088,29,11
16,13,111.285003911257,1,55067.8276924494,15.1890533678842,7754.690553474,24,15
16,14,115.479622967075,1,55598.1891144192,15.1890533678842,8046.0869865044,24,13
16,15,117.548333396776,1,55917.602804543,15.1890533678842,8369.52031955484,27,13
17,1,76.302591617957,0,32116.1598754257,13.278061460037,5141.03692294069,27,0
17,2,87.8995848016733,0,31160.053482794,13.278061460037,5479.32051681677,21,2
17,3,82.0192202779728,0,31506.7905848819,13.278061460037,5112.48020458146,26,0
17,4,78.8886025675068,0,34234.1225684938,13.278061460037,6270.24969386173,24,3
17,5,89.2577530908996,0,33111.7851339772,13.278061460037,5705.18055815403,22,11
17,6,92.4554297020612,0,35993.2509007361,13.278061460037,5687.60802227551,27,7
17,7,92.9682564082274,0,37762.8727416618,13.278061460037,6216.44180522446,17,5
17,8,104.571409338047,0,37167.148016095,13.278061460037,6221.26354802907,23,10
17,9,98.1063560040261,0,39883.9148558936,13.278061460037,7339.66443386241,26,10
17,10,88.1720787729619,0,40129.501079713,13.278061460037,6677.53791348366,28,9
17,11,111.060990973384,0,39864.4577657173,13.278061460037,8385.362610238,22,9
17,12,96.649930145624,0,42172.8938572383,13.278061460037,7316.59402147423,23,9
17,13,103.232476489782,0,41949.3823308954,13.278061460037,8063.48069767436,26,14
17,14,105.163172594915,0,43175.228536248,13.278061460037,7515.92412612452,28,15
17,15,108.158215650293,0,45538.9129363891,13.278061460037,8112.54504029585,23,15
18,1,80.8305509219724,0,16227.1671859913,16.2990225324696,5765.99295275449,24,0
18,2,85.0417876532784,0,17433.3689482344,16.2990225324696,6090.24076768652,26,1
18,3,75.2546682016908,0,19231.8121691968,16.2990225324696,5483.59829288725,21,2
18,4,91.2165506230061,0,17762.2314231051,16.2990225324696,4999.67833637243,25,6
18,5,88.2382587992369,0,21318.1134319668,16.2990225324696,5850.81541146703,21,4
18,6,90.4843013200344,0,22519.782770279,16.2990225324696,6062.18795830384,24,6
18,7,92.2078548408319,0,21847.3163061205,16.2990225324696,6384.83721341436,28,8
18,8,84.2334574529693,0,22409.7739760051,16.2990225324696,7144.67301034371,22,6
18,9,92.7422422434001,0,22246.4288799663,16.2990225324696,6297.28911987613,26,12
18,10,92.4437270177039,0,23988.8197062767,16.2990225324696,6183.73187246069,26,9
18,11,98.0202099082906,0,23750.8838696383,16.2990225324696,7586.77122259719,23,11
18,12,93.814171197384,0,25296.0436032846,16.2990225324696,7385.89583863026,27,11
18,13,99.3779927713395,0,25076.2555225831,16.2990225324696,7778.13054489615,23,15
18,14,102.911763305183,0,27306.2930626459,16.2990225324696,7136.50344163598,27,12
18,15,106.234040418504,0,27964.2658633702,16.2990225324696,7647.731252093,26,16
19,1,77.4117698564875,0,28868.3815782408,11.9770893887401,5089.89073685872,23,0
19,2,94.5257857030071,0,30343.2137653821,11.9770893887401,6446.64382960263,23,3
19,3,78.9207390950376,0,28450.1837010972,11.9770893887401,6465.23747477335,25,3
19,4,87.7619020644882,0,30798.4363107072,11.9770893887401,5817.90677452962,22,3
19,5,83.3595500141645,0,29140.6010541481,11.9770893887401,6532.46496095879,21,6
19,6,92.3861527093108,0,30846.0062253587,11.9770893887401,5916.10915100006,28,9
19,7,79.400037056803,0,32984.5781513786,11.9770893887401,6211.2793741991,28,6
19,8,82.115213414353,0,32036.3437991645,11.9770893887401,6555.4028616377,23,6
19,9,92.9902211328277,0,33855.9951321749,11.9770893887401,6091.35373392943,27,7
19,10,94.8867480813659,0,33345.5312211652,11.9770893887401,6996.34162906283,25,7
19,11,100.912353374722,0,34611.2466937088,11.9770893887401,7316.44553854413,25,11
19,12,98.7090274444706,0,35676.4219541373,11.9770893887401,6840.55986169788,24,10
19,13,100.574952523659,0,35840.5215969447,11.9770893887401,6864.90994618608,29,9
19,14,107.026630111281,0,35242.6097562978,11.9770893887401,9317.59233791435,20,15
19,15,93.5075635731176,0,38167.1796584052,11.9770893887401,7761.73008359619,29,14
20,1,80.6242612163888,1,32286.1254463665,15.3770028156623,5425.6565022263,27,0
20,2,88.5984732813049,1,33045.5074913987,15.3770028156623,5141.29543571394,25,2
20,3,88.414319260497,1,33517.6127580249,15.3770028156623,6374.71251127519,26,3
20,4,85.6833129124116,1,36004.1317073492,15.3770028156623,5612.01301681247,21,4
20,5,92.5644170285683,1,37279.0312765258,15.3770028156623,6232.20924335246,24,6
20,6,89.0509355911773,1,34925.3923267901,15.3770028156623,6574.63907630856,23,9
20,7,102.93811360593,1,39521.2055867447,15.3770028156623,6131.70083310052,26,8
20,8,91.8391217292909,1,37714.6505684377,15.3770028156623,6283.0584256908,29,8
20,9,101.07180944243,1,40247.2155195314,15.3770028156623,7332.69862394434,19,6
20,10,100.301396360758,1,40580.1603345832,15.3770028156623,7661.35422182894,28,9
20,11,126.027392193384,1,42156.795231795,15.3770028156623,7309.15031177658,25,10
20,12,117.34244987841,1,45201.3523498179,15.3770028156623,6771.20763827401,26,11
20,13,106.576265787076,1,45516.5495357533,15.3770028156623,8012.63235706928,22,11
20,14,113.907981244169,1,46573.5017995868,15.3770028156623,7426.40980076121,22,14
20,15,107.744642851188,1,45099.1788488757,15.3770028156623,7917.96968222908,21,17
21,1,91.5880018150368,1,37422.8437661252,14.6490069330517,5881.68269716268,32,0
21,2,87.0870356946844,1,38321.7359681017,14.6490069330517,4578.06694942271,30,4
21,3,85.3586529821155,1,39020.2943484655,14.6490069330517,5972.66797185236,24,2
21,4,87.1105038480444,1,37652.5142454408,14.6490069330517,5946.52238195477,29,5
21,5,91.268480526638,1,40029.7190387908,14.6490069330517,6135.09424266652,20,3
21,6,79.3555855779351,1,38163.384599309,14.6490069330517,6331.11945137018,28,5
21,7,104.742324972277,1,41763.7477873248,14.6490069330517,6248.83531151754,23,9
21,8,94.1413896157066,1,39692.784869049,14.6490069330517,6676.2395830002,31,3
21,9,94.9058305038048,1,41722.8579369061,14.6490069330517,6631.18592558578,28,8
21,10,102.668638203683,1,41742.1592861163,14.6490069330517,7123.97750085235,19,10
21,11,98.9508413845543,1,40827.0618142121,14.6490069330517,6891.46906564877,28,8
21,12,102.811393643765,1,43501.3353787377,14.6490069330517,7557.16836508217,20,11
21,13,104.841153761031,1,42856.8679561406,14.6490069330517,8337.18207232749,30,13
21,14,107.33546838824,1,44108.3132792052,14.6490069330517,7328.48003988358,19,12
21,15,108.082790050052,1,43974.5119810237,14.6490069330517,7762.80925664603,21,13
22,1,82.2500743070091,1,39281.3550049015,13.8362503827002,4918.36081096892,25,0
22,2,83.5895602289564,1,39147.172278007,13.8362503827002,5984.46555771859,22,2
22,3,77.9883524030547,1,40953.3544114193,13.8362503827002,5433.42782259741,26,3
22,4,91.6946699750072,1,40198.5789014325,13.8362503827002,6292.64848579878,21,3
22,5,94.3648239059793,1,41790.6820892098,13.8362503827002,5972.6008336685,20,6
22,6,94.4902979757617,1,42354.5992978224,13.8362503827002,5878.96124700479,26,5
22,7,97.9856686585355,1,43532.5215572942,13.8362503827002,6816.69518695603,23,8
22,8,106.478884023244,1,42780.2532898563,13.8362503827002,6276.94643400993,23,10
22,9,100.550781088142,1,44291.6212872984,13.8362503827002,6561.57053044445,27,11
22,10,101.365483256034,1,44246.3987149161,13.8362503827002,6762.88908266394,21,10
22,11,109.651390614978,1,46447.8356243987,13.8362503827002,7677.98673060211,24,11
22,12,107.416397313745,1,45615.1454238076,13.8362503827002,8456.03170778445,21,12
22,13,105.118320331213,1,48696.7045042768,13.8362503827002,6926.46156107797,29,14
22,14,118.50474632576,1,48467.4714145565,13.8362503827002,7368.53246842815,26,17
22,15,116.810310542501,1,48376.025838281,13.8362503827002,7481.64791583705,25,14
23,1,89.2361854555158,1,37572.164326409,13.2441021203354,4560.90221514003,27,4
23,2,92.0026972240484,1,37172.8693269364,13.2441021203354,5491.65906675823,28,2
23,3,94.9155946040472,1,38712.2149645822,13.2441021203354,5673.99599139436,23,1
23,4,90.0961856861811,1,39568.6394988328,13.2441021203354,5613.41238156974,23,1
23,5,96.467913353259,1,40354.9759470995,13.2441021203354,5746.15007904324,25,7
23,6,104.620663277795,1,40226.6657008516,13.2441021203354,6514.88556886198,27,8
23,7,105.579671471505,1,40464.078068831,13.2441021203354,5379.63328202334,25,8
23,8,111.301351616719,1,40924.8140525298,13.2441021203354,7253.97308495958,25,11
23,9,109.120437751044,1,43041.6108191739,13.2441021203354,6854.38980556308,24,9
23,10,116.713768925628,1,45072.1927862491,13.2441021203354,7426.83109073782,23,11
23,11,116.866627784632,1,45041.8545264153,13.2441021203354,7159.61575349387,23,11
23,12,119.598152220694,1,44969.0334923217,13.2441021203354,7413.33411357495,23,19
23,13,119.943046656988,1,49220.3544436112,13.2441021203354,7456.79651725933,22,10
23,14,121.521421210086,1,48657.3786805812,13.2441021203354,7519.90958922579,24,11
23,15,115.151763815302,1,50793.4797736697,13.2441021203354,8503.87296003379,17,12
24,1,71.551931644009,1,20527.2868022493,11.1603528085724,5242.83503245575,25,1
24,2,75.9894338539734,1,19179.3165770873,11.1603528085724,4790.89504279439,22,0
24,3,69.8804046160279,1,19855.2197391287,11.1603528085724,5806.11355426819,24,3
24,4,73.4422925306411,1,19302.9052110296,11.1603528085724,5352.5733225286,24,6
24,5,86.8521775593762,1,21960.5048893327,11.1603528085724,4920.32039844883,33,7
24,6,91.30864922601,1,23320.1359353741,11.1603528085724,6140.11362417722,26,6
24,7,90.2674477182605,1,21252.4370519979,11.1603528085724,6350.20478418048,27,6
24,8,85.3124577189176,1,21447.1695301751,11.1603528085724,6827.70831386631,29,9
24,9,100.709282707185,1,24008.4904922825,11.1603528085724,7484.99498442567,26,8
24,10,90.1094682774795,1,22085.7786352411,11.1603528085724,7455.67394847393,23,10
24,11,92.5424609242701,1,26000.3144755341,11.1603528085724,6816.18857520773,23,11
24,12,90.8029738486174,1,25127.2839424956,11.1603528085724,7682.84643659806,22,10
24,13,91.7720351984273,1,23316.6983577745,11.1603528085724,7638.13180502183,23,13
24,14,98.2090198099228,1,25862.9575542693,11.1603528085724,8049.90434427263,26,14
24,15,109.477673154826,1,26089.6657712716,11.1603528085724,7804.94002230023,19,19
25,1,70.4315861428317,1,35184.6564043685,11.6728874724923,4863.41326878968,30,2
25,2,81.5885238964173,1,38467.1374797156,11.6728874724923,5913.58385786011,25,3
25,3,74.3907852918554,1,38777.6603146589,11.6728874724923,5655.43075610483,23,3
25,4,82.6975103143241,1,39333.549662255,11.6728874724923,6137.75407553937,21,5
25,5,81.2987393239334,1,41315.4890472493,11.6728874724923,5679.0753151646,26,1
25,6,78.7878558413969,1,42783.5881022788,11.6728874724923,4816.09521454462,20,4
25,7,89.419231312529,1,44515.6322056854,11.6728874724923,6165.85204352962,26,7
25,8,85.213219982663,1,41012.0412988622,11.6728874724923,6671.76260632292,23,9
25,9,97.9866369464518,1,45244.085845254,11.6728874724923,7804.74602833473,26,10
25,10,87.5360473398939,1,44404.0489785951,11.6728874724923,6984.50018261245,25,11
25,11,99.3713267666748,1,47368.6558277972,11.6728874724923,6060.41599571443,24,12
25,12,96.640101240792,1,47414.1129090609,11.6728874724923,7159.370455847,23,15
25,13,96.688909946864,1,49369.1339794498,11.6728874724923,7105.59612526842,23,8
25,14,98.6816423851522,1,47297.3410741191,11.6728874724923,8051.64618745976,26,13
25,15,109.89899243012,1,50130.659249991,11.6728874724923,7872.35269206554,21,17
26,1,79.1932779907886,1,27898.2744108273,12.6881864871254,5521.12824416607,24,0
26,2,88.7452720225553,1,29826.5501229225,12.6881864871254,5850.85904566544,22,0
26,3,87.4025731400177,1,29723.0921725785,12.6881864871254,5136.52534271191,21,5
26,4,85.9875861103808,1,32273.8503313527,12.6881864871254,6328.41843368587,22,1
26,5,94.2756602833063,1,31860.4454141585,12.6881864871254,5639.10480344066,22,8
26,6,94.6675854941991,1,33051.7416899517,12.6881864871254,6108.51131211274,28,6
26,7,101.151983895466,1,34681.9311995111,12.6881864871254,6220.3439091713,21,5
26,8,91.9143271631663,1,34762.8725298834,12.6881864871254,5548.49873431614,27,7
26,9,93.0805155983405,1,36551.1258656419,12.6881864871254,6621.26897505912,29,10
26,10,110.342718985537,1,39293.274139169,12.6881864871254,5963.6963052098,19,11
26,11,114.948321646524,1,41010.6718192028,12.6881864871254,6451.42477879286,17,9
26,12,107.523015272656,1,41648.6705987358,12.6881864871254,7500.18435392216,27,14
26,13,98.5893483470037,1,41285.1235481293,12.6881864871254,7767.46211513154,27,11
26,14,104.205531419825,1,43204.041413068,12.6881864871254,8141.34803633658,32,13
26,15,114.379536157745,1,44159.6239806835,12.6881864871254,7668.60604045156,22,15
27,1,79.7587921106889,1,30938.581997667,12.1466666720379,5448.66785551995,25,0
27,2,91.2433102933883,1,33254.2055510562,12.1466666720379,5973.68738638729,21,2
27,3,83.1466157300532,1,32971.6918815564,12.1466666720379,5370.43929001339,25,0
27,4,83.6603705231598,1,33534.5488595938,12.1466666720379,6082.68102395516,24,3
27,5,90.675337654224,1,36119.8664092196,12.1466666720379,5165.66594583536,28,4
27,6,87.2434388933171,1,35485.6169300601,12.1466666720379,6008.46876727211,28,7
27,7,101.533039323159,1,36848.6879359696,12.1466666720379,6395.76316633533,25,8
27,8,95.145927582955,1,36818.2089789105,12.1466666720379,6855.10518487769,27,8
27,9,101.389787785756,1,38647.0568509578,12.1466666720379,6333.99406223171,23,8
27,10,98.939407043398,1,39882.6468475679,12.1466666720379,6871.27690974852,27,8
27,11,97.7529038279385,1,40692.033418397,12.1466666720379,7258.91145869879,22,10
27,12,103.402771978279,1,39913.4180558134,12.1466666720379,7852.01970043283,27,11
27,13,109.416885123943,1,43045.9061523821,12.1466666720379,7997.64806460174,22,17
27,14,102.338026548402,1,44080.0234847127,12.1466666720379,7717.66690570886,21,15
27,15,112.36246928215,1,43759.1500673918,12.1466666720379,8145.94115965021,25,14
28,1,82.3665663783788,1,31498.1981602815,14.8296734051587,5344.21006074692,25,1
28,2,81.9680874844056,1,32162.3707107255,14.8296734051587,5008.60651765131,27,1
28,3,82.9341975316316,1,33086.8829483515,14.8296734051587,6790.92618502508,27,5
28,4,87.680305996573,1,33950.0697861417,14.8296734051587,5904.60780836265,28,3
28,5,89.795891521486,1,34454.7790113745,14.8296734051587,6240.47841615956,25,4
28,6,85.7146571747185,1,35716.0877583483,14.8296734051587,5534.30603423775,28,7
28,7,97.0241491596233,1,35470.8052400633,14.8296734051587,6281.88474633373,22,7
28,8,104.558562426007,1,37680.2279059503,14.8296734051587,6510.74833972431,26,7
28,9,105.224367621805,1,37257.5093606848,14.8296734051587,7203.4837525529,24,10
28,10,109.201006819282,1,36283.8073509265,14.8296734051587,7245.4886168193,25,10
28,11,102.373720689677,1,38684.0901930866,14.8296734051587,7097.50230384547,23,10
28,12,101.095270323134,1,39975.1402101311,14.8296734051587,7641.06770127503,20,13
28,13,111.065511659871,1,41502.4606253183,14.8296734051587,7790.13597104881,26,9
28,14,115.345104823393,1,41076.948580107,14.8296734051587,8321.64427212416,27,14
28,15,119.543339968735,1,39820.9781408281,14.8296734051587,8567.59537078333,25,17
29,1,76.4032859369089,0,34325.1482284962,11.6720486304407,5452.6396706802,27,0
29,2,79.4673545692301,0,34016.0868834102,11.6720486304407,4824.44258572772,33,1
29,3,74.1815596716358,0,35134.1754445347,11.6720486304407,5445.2941776214,32,4
29,4,87.7426937076572,0,35979.6364397563,11.6720486304407,5616.78789073602,25,5
29,5,81.4850872923864,0,37101.0189092855,11.6720486304407,6765.64967877634,23,3
29,6,94.5120764337618,0,39932.3572671616,11.6720486304407,6094.22472751954,24,7
29,7,94.6539170656011,0,38858.6816198679,11.6720486304407,6074.55432769939,21,5
29,8,90.9917515090182,0,40146.1300882656,11.6720486304407,7588.04094838313,25,5
29,9,85.4668191016106,0,41664.3486664256,11.6720486304407,7584.67988952305,26,7
29,10,101.101997353413,0,43265.5371734113,11.6720486304407,6943.10375099045,21,12
29,11,100.795861484231,0,42603.434880564,11.6720486304407,7455.35206203118,25,9
29,12,95.9248173838617,0,43338.8983695758,11.6720486304407,6829.66484458824,27,9
29,13,106.818635140406,0,44541.4888540387,11.6720486304407,7892.53379900269,25,15
29,14,105.850428883826,0,44783.368219826,11.6720486304407,7518.35796108303,23,14
29,15,102.945332255535,0,47770.102611336,11.6720486304407,7927.8449850617,27,14
30,1,76.8383911000283,0,28759.6272943527,11.7888692352365,4781.29178518853,21,0
30,2,81.7793531570863,0,31158.0789169393,11.7888692352365,4335.80728439146,26,4
30,3,72.11518435203,0,30988.8165380429,11.7888692352365,4900.47689566861,25,1
30,4,82.4656851672278,0,31217.3573417895,11.7888692352365,6221.15896069532,25,4
30,5,81.5495424662526,0,33946.9858889011,11.7888692352365,5325.23802165208,18,3
30,6,73.1972895254328,0,36200.7489189871,11.7888692352365,5900.87876194809,26,5
30,7,95.0692339563343,0,37041.3391783067,11.7888692352365,5922.08383001439,25,10
30,8,93.4854869765177,0,35588.1081809967,11.7888692352365,6527.53930532638,26,11
30,9,96.5361317464082,0,36198.1142466737,11.7888692352365,7096.75443288228,22,7
30,10,99.8156090544727,0,37101.0292175629,11.7888692352365,6830.36483199269,19,12
30,11,99.4899874224292,0,39093.5513186609,11.7888692352365,6720.2523862296,26,11
30,12,93.599295011783,0,36565.9296897396,11.7888692352365,7696.93309531,23,10
30,13,102.074126907593,0,40119.5126929844,11.7888692352365,7657.13773046406,19,12
30,14,104.109644838992,0,40210.4574033971,11.7888692352365,8517.00351281814,30,11
30,15,95.1623893322042,0,40616.2448533961,11.7888692352365,7956.22031161655,27,14
31,1,69.9248982681653,1,15616.7592628104,10.547042737303,5703.94601257986,25,0
31,2,66.4396307679758,1,18379.7329511634,10.547042737303,5209.18331185847,28,1
31,3,79.2303822311296,1,17899.1826713063,10.547042737303,6067.54507999045,20,2
31,4,85.8175005247388,1,20495.6116453856,10.547042737303,5852.11658318831,26,7
31,5,71.0890462499145,1,20578.6979158803,10.547042737303,5732.57280989008,25,4
31,6,80.3898691394771,1,22482.5993923931,10.547042737303,6235.39083856068,24,4
31,7,86.7892038835594,1,23859.9638224092,10.547042737303,6520.09090265988,26,5
31,8,96.031031450353,1,23857.9010506433,10.547042737303,7444.82396687293,25,9
31,9,91.031751549667,1,24301.921436441,10.547042737303,7312.07458855039,26,8
31,10,97.3032547096501,1,25675.2577384425,10.547042737303,6790.13046280783,23,9
31,11,92.3969425844584,1,26582.2865390741,10.547042737303,7181.50664671284,24,8
31,12,102.363288849268,1,26719.084288049,10.547042737303,7782.4882686798,21,12
31,13,91.9480959990615,1,28394.4219780141,10.547042737303,6849.5871067962,25,12
31,14,89.8649215606819,1,29944.3151318789,10.547042737303,7907.00715638349,24,14
31,15,98.4146180651871,1,30879.5670317525,10.547042737303,8122.3737693153,22,14
32,1,91.8511794985174,1,37202.3965509648,11.58499101437,5788.46371194476,23,0
32,2,83.1094440179614,1,39145.617627091,11.58499101437,5716.66419380995,25,4
32,3,87.9008231953024,1,39168.3000285212,11.58499101437,5986.97249661952,25,3
32,4,83.6173307962125,1,41291.3030644894,11.58499101437,6002.35357843815,25,4
32,5,86.3287730121447,1,40148.4772179169,11.58499101437,6441.99698655296,24,6
32,6,83.0319066859363,1,43127.9586855275,11.58499101437,7457.5770516762,26,7
32,7,100.227810459558,1,43351.5862762347,11.58499101437,6464.56484239714,24,6
32,8,99.923388413277,1,42547.355576073,11.58499101437,7072.08603813204,27,5
32,9,106.376803716718,1,45122.1225666822,11.58499101437,7376.9060357909,21,7
32,10,98.6708221579038,1,44463.1458065175,11.58499101437,6371.80349746072,23,7
32,11,100.154653268994,1,47628.9564156686,11.58499101437,7162.4022332076,32,7
32,12,101.354543464933,1,47122.8666878392,11.58499101437,7211.0419649702,25,9
32,13,109.099645293396,1,48407.3897387201,11.58499101437,7195.32043627924,26,17
32,14,108.028807553131,1,48944.8505297035,11.58499101437,7404.79098851379,32,13
32,15,103.523433632145,1,49753.0958191723,11.58499101437,7685.65594567258,25,14
33,1,80.2613514293624,1,35590.8905882402,11.7937030730885,4881.0566466177,26,0
33,2,79.3613995336663,1,35681.0937341922,11.7937030730885,5859.9152177127,24,0
33,3,80.4800815047999,1,36165.0406205629,11.7937030730885,5940.03081372015,28,2
33,4,96.4986451983754,1,36363.9858347854,11.7937030730885,5762.01979424157,19,4
33,5,92.0913489347249,1,37827.2380225793,11.7937030730885,6006.80589258187,23,5
33,6,89.9830333379356,1,38553.1553171895,11.7937030730885,7133.63021075736,23,7
33,7,93.6398180889332,1,40295.5014709009,11.7937030730885,5732.76518169934,27,6
33,8,98.9860066248744,1,40342.558982978,11.7937030730885,6691.24799874556,23,6
33,9,103.138458234314,1,40086.8685305541,11.7937030730885,7125.62762074025,30,10
33,10,110.638247383166,1,40878.7029259978,11.7937030730885,7129.82942626361,22,10
33,11,103.357036219034,1,41426.0616371675,11.7937030730885,6977.71133982412,25,9
33,12,103.333721795701,1,42330.9339729339,11.7937030730885,7629.02987055074,25,11
33,13,103.691708832341,1,43258.5269265002,11.7937030730885,7504.49250253305,22,11
33,14,106.999384365526,1,45518.62994784,11.7937030730885,7494.64591017266,24,14
33,15,108.956743160377,1,42767.9278977897,11.7937030730885,7995.2082330359,28,13
34,1,71.1192916696107,1,27737.6027378139,5.05879267830175,5290.7333636396,26,1
34,2,63.9378630319661,1,28871.2294153077,5.05879267830175,5413.4997192347,27,1
34,3,70.8209980794953,1,28285.5132993712,5.05879267830175,6191.09550833483,26,4
34,4,64.7595797148597,1,31752.53388168,5.05879267830175,6262.89398843518,23,2
34,5,70.8042715103745,1,30464.1465390126,5.05879267830175,6420.50491014128,25,2
34,6,78.1658142460308,1,30145.838277261,5.05879267830175,5868.69456572918,22,3
34,7,78.5810871664499,1,30935.8041901139,5.05879267830175,6848.34457013318,25,8
34,8,82.422282622405,1,33264.4747078881,5.05879267830175,6626.45236571442,23,6
34,9,86.6589379743674,1,34825.7504543288,5.05879267830175,7222.90878673491,32,8
34,10,85.8908489294233,1,33397.1341784625,5.05879267830175,7177.5469405875,26,11
34,11,81.5855233385304,1,34193.0930581011,5.05879267830175,6978.20670597485,29,10
34,12,82.315061044312,1,33702.1907591198,5.05879267830175,7498.42781539879,22,11
34,13,95.5525393736282,1,36532.0320983541,5.05879267830175,7325.0700021105,25,14
34,14,95.2081010390588,1,36502.705882421,5.05879267830175,7639.84824287222,26,14
34,15,102.659934111823,1,34015.4570616675,5.05879267830175,8849.70870089279,26,14
35,1,83.3712209434396,0,30836.2793970641,7.90550490835705,5905.02692533447,25,3
35,2,74.2587298438274,0,31783.7503030483,7.90550490835705,5190.85680609749,29,3
35,3,81.17102261828,0,31446.0629785175,7.90550490835705,5356.02047660425,26,3
35,4,77.3407802050985,0,32817.355330804,7.90550490835705,6404.52346150465,19,3
35,5,81.5980586969962,0,32493.4942066502,7.90550490835705,5993.99194513898,29,4
35,6,77.7843177269402,0,34522.5991691531,7.90550490835705,6368.03747744914,24,6
35,7,87.3758417916839,0,35035.2918337959,7.90550490835705,6368.68202934329,22,5
35,8,74.6638272518262,0,36046.9872775783,7.90550490835705,7189.7906836722,26,7
35,9,81.1284378677638,0,36188.8149148807,7.90550490835705,6945.66864497851,26,9
35,10,99.7335518406428,0,37902.8286723091,7.90550490835705,6881.10422965676,25,9
35,11,90.9919894990565,0,36458.9326106754,7.90550490835705,7631.98969582451,23,12
35,12,86.7614542019296,0,35228.1229750352,7.90550490835705,7872.14678428869,28,9
35,13,85.0698080471711,0,37943.4414100597,7.90550490835705,7850.91672020375,29,7
35,14,93.2017335220367,0,39103.9868965135,7.90550490835705,8558.45541148976,25,13
35,15,93.8915685709079,0,38589.2583064834,7.90550490835705,7795.91659963244,27,18
36,1,84.940727764483,0,33154.5861674496,11.7825392701441,5102.54680632151,24,0
36,2,85.8601289615336,0,33529.8788953716,11.7825392701441,5180.23576799427,19,3
36,3,85.1422137194913,0,33654.0040424757,11.7825392701441,6055.56321954791,22,6
36,4,81.6566443987458,0,33867.6860281981,11.7825392701441,5782.47440786836,20,3
36,5,91.6725797343855,0,33927.8111640986,11.7825392701441,5880.39941342766,28,6
36,6,96.4310034515135,0,34983.7689563794,11.7825392701441,4708.6521882048,25,7
36,7,100.279808320104,0,36311.2906987002,11.7825392701441,6465.34050732484,26,9
36,8,100.909654690145,0,37491.3101661469,11.7825392701441,6521.43101369912,21,10
36,9,87.8835875956363,0,36908.7992479538,11.7825392701441,8180.23800895554,26,11
36,10,99.6305651025654,0,37158.0611732134,11.7825392701441,6436.71167818824,30,12
36,11,97.6011204691044,0,41043.3208203721,11.7825392701441,7609.88364982531,23,9
36,12,91.9895363341811,0,39767.6726557246,11.7825392701441,7685.28155046575,26,10
36,13,97.5812293007728,0,39026.9128069064,11.7825392701441,7588.38941455529,22,12
36,14,107.49575802519,0,41542.8955954561,11.7825392701441,8004.89183563189,25,16
36,15,112.723472747392,0,41355.0035638796,11.7825392701441,8438.13900812925,22,16
37,1,91.629603961837,1,33554.4210971196,11.2041486754065,5097.00029313887,23,0
37,2,85.3879347705044,1,33738.9049012688,11.2041486754065,5089.21308477849,29,2
37,3,87.491641285557,1,34588.1549975727,11.2041486754065,5292.29992240916,24,0
37,4,78.1886814371519,1,35696.6717696402,11.2041486754065,4705.97362889842,25,4
37,5,86.7103334842616,1,36978.3170460904,11.2041486754065,5882.54421163023,18,4
37,6,96.0819280407884,1,36914.9266176039,11.2041486754065,6193.18265551866,23,7
37,7,103.127804360958,1,37829.1252189847,11.2041486754065,7077.11798035943,22,6
37,8,104.690204235028,1,39259.1853432284,11.2041486754065,6864.9078480534,22,11
37,9,99.2070449169652,1,40574.7420811148,11.2041486754065,7235.11468755527,26,9
37,10,92.4529447742204,1,41045.5402943183,11.2041486754065,6429.45768041805,28,10
37,11,108.182910157124,1,42639.3774121556,11.2041486754065,7453.91474595189,20,10
37,12,106.224934028526,1,42180.1335372056,11.2041486754065,6992.760998098,25,15
37,13,101.64962275845,1,42810.3865970502,11.2041486754065,7737.6903711793,18,13
37,14,118.025274061487,1,47092.8317825357,11.2041486754065,8636.26005087832,21,12
37,15,103.378384753983,1,46558.1743631978,11.2041486754065,7343.15562399326,26,13
38,1,84.7989264402784,0,43138.1001594939,8.39739201537769,5191.35160677313,24,0
38,2,88.9211810065228,0,43663.5294094668,8.39739201537769,5361.95622957649,21,4
38,3,79.8458580483356,0,45136.9647540693,8.39739201537769,5908.7382275,17,0
38,4,82.4571989799982,0,44549.884373865,8.39739201537769,6817.86719531329,26,5
38,5,93.5281198054046,0,45360.6791170396,8.39739201537769,4898.72031082495,26,7
38,6,80.3041892188231,0,45312.1974921331,8.39739201537769,6783.30967311839,30,6
38,7,93.2133669767774,0,45483.8910253634,8.39739201537769,6045.70109883281,29,9
38,8,103.386854103195,0,46995.8308618891,8.39739201537769,6643.21084184339,24,7
38,9,85.4238554627651,0,46943.4945717876,8.39739201537769,7342.27351921159,24,7
38,10,101.574001612897,0,48512.1716454764,8.39739201537769,7764.75074928583,24,10
38,11,98.8107966665388,0,46493.3210858999,8.39739201537769,7934.1770579805,23,10
38,12,102.1722688468,0,47891.7695025939,8.39739201537769,8283.73032258869,19,10
38,13,97.7977753454465,0,48226.4469248921,8.39739201537769,6558.85860767555,26,13
38,14,101.833371198118,0,47768.9325048668,8.39739201537769,7523.89624487531,27,15
38,15,100.930874007569,0,50250.0125301074,8.39739201537769,7842.56589000562,22,15
39,1,71.8632335268862,0,28562.9321877115,6.02538547187094,5487.14816862613,23,2
39,2,56.822146645583,0,27707.5089146077,6.02538547187094,4938.83197183862,24,0
39,3,63.8532981046778,0,28923.6612458984,6.02538547187094,5372.05135148023,20,1
39,4,76.4490471216763,0,28833.2032809001,6.02538547187094,5786.30998517803,22,0
39,5,79.5723376317138,0,31400.3603224141,6.02538547187094,5087.6680221713,22,5
39,6,81.737773223914,0,33326.9112349153,6.02538547187094,6392.03610111691,22,9
39,7,72.2850401717641,0,30533.0259271702,6.02538547187094,6373.87586901133,26,6
39,8,84.4504508196303,0,31537.2467064583,6.02538547187094,7095.75711749853,26,12
39,9,81.1111173259444,0,32331.9467171043,6.02538547187094,6276.02454432426,25,9
39,10,88.3657270599606,0,35183.9060700739,6.02538547187094,6961.21739952332,23,7
39,11,80.4662389200919,0,30568.6781556449,6.02538547187094,7764.20718727541,24,13
39,12,83.5134123477292,0,32806.4608518778,6.02538547187094,6479.70839320733,31,12
39,13,80.4209827655923,0,32540.3567985998,6.02538547187094,7976.18402218483,24,12
39,14,82.3049966667869,0,33938.2617178442,6.02538547187094,7758.403785393,23,14
39,15,81.9908972955521,0,34312.7222747486,6.02538547187094,7346.20794813783,24,10
40,1,82.3751500754327,0,31283.9583001003,10.9368923402597,4831.77233185286,23,1
40,2,80.8828076053139,0,34517.1668586968,10.9368923402597,4951.58664769047,25,1
40,3,73.8184979586046,0,33609.3205132862,10.9368923402597,5712.21215829059,27,0
40,4,80.847225235958,0,36415.0845854571,10.9368923402597,6590.47435573419,25,5
40,5,89.5363409303573,0,35514.3598725355,10.9368923402597,6119.53988223963,23,3
40,6,76.8809751059943,0,34094.6751311091,10.9368923402597,5930.49652492393,25,4
40,7,84.2480850678751,0,35275.7401013449,10.9368923402597,6243.75927830307,22,9
40,8,85.3253781899584,0,36971.513770624,10.9368923402597,6833.74004876821,22,6
40,9,90.0443647937428,0,36789.820445424,10.9368923402597,6841.90332284491,27,12
40,10,95.2731246834965,0,38391.2531106347,10.9368923402597,7297.84208135593,27,7
40,11,94.3085822847725,0,39438.7800985633,10.9368923402597,7265.00792482012,24,12
40,12,97.3308941906022,0,39796.5737683041,10.9368923402597,7419.63856065206,22,12
40,13,84.5754264419941,0,39910.0826925301,10.9368923402597,7021.43988019948,27,8
40,14,96.0482930041385,0,40070.4006278864,10.9368923402597,7216.25232074282,27,11
40,15,101.068402119328,0,40093.8629076328,10.9368923402597,7506.88798228554,30,15
41,1,83.8621856004493,0,40566.8448527472,13.9604872970828,5175.16487208684,25,0
41,2,100.892986654324,0,42027.1645978379,13.9604872970828,5356.04190246162,28,3
41,3,99.0701480649999,0,41904.0384835959,13.9604872970828,6665.28915585678,20,2
41,4,87.9466920582621,0,43616.2045156617,13.9604872970828,6396.73402016048,28,6
41,5,98.4945241824655,0,45968.9955160573,13.9604872970828,6590.4107038701,21,3
41,6,107.867705384989,0,46554.1660840872,13.9604872970828,6551.54974168209,23,6
41,7,101.761575404647,0,45004.3182949494,13.9604872970828,6247.60596008716,26,8
41,8,102.788445385592,0,46924.8145827168,13.9604872970828,6799.74750313542,25,9
41,9,104.215160879892,0,46554.7710731717,13.9604872970828,6758.71645862651,21,9
41,10,97.0254619787742,0,48825.6741044155,13.9604872970828,6540.90389344701,24,8
41,11,99.6387616574003,0,48956.3765100333,13.9604872970828,7361.33507056593,25,9
41,12,106.565206248224,0,50171.2061977728,13.9604872970828,6984.51251001817,23,11
41,13,114.153798021665,0,49913.4829748931,13.9604872970828,8784.90840633754,25,15
41,14,104.300503489569,0,52856.754474731,13.9604872970828,7649.77174251599,22,15
41,15,106.42846916294,0,52446.0755620176,13.9604872970828,7986.63292944705,26,15
42,1,91.7954631513943,0,38604.8150194273,17.3197158957827,4603.16959928744,27,0
42,2,84.6140202187062,0,39591.4003951342,17.3197158957827,4750.70492526708,27,0
42,3,78.1175278765309,0,40361.7069381122,17.3197158957827,5932.65152010326,22,0
42,4,89.5825240032683,0,42539.4593601772,17.3197158957827,6060.26735041167,25,2
42,5,100.083729906377,0,40409.1581505166,17.3197158957827,6647.1678957696,23,6
42,6,96.956183008487,0,44596.1601327083,17.3197158957827,5780.781174926,22,3
42,7,101.514513321315,0,41981.1433331214,17.3197158957827,6140.51239404377,22,6
42,8,94.2123815458721,0,43546.3858849114,17.3197158957827,7768.53015432338,24,7
42,9,113.846053697965,0,41930.8879355691,17.3197158957827,7211.87502958852,26,9
42,10,97.6349812246599,0,43951.8555603557,17.3197158957827,7016.13789884412,21,7
42,11,105.402832504104,0,45955.3762451811,17.3197158957827,6979.12713545654,26,8
42,12,114.460150893103,0,46346.1227299984,17.3197158957827,7146.25374972952,20,13
42,13,105.84754702432,0,46868.7486835389,17.3197158957827,7232.63095650951,25,14
42,14,108.034184806455,0,46608.6979486207,17.3197158957827,8223.33481759078,24,13
42,15,104.069568429692,0,45849.1775764626,17.3197158957827,7907.17981896586,21,14
43,1,84.8060299899465,0,39066.6300634027,11.884629618872,5085.50765994397,25,1
43,2,85.6958245479583,0,40886.9757325572,11.884629618872,4842.58236849591,22,2
43,3,93.78719121092,0,42715.7914802912,11.884629618872,6520.63095680734,27,3
43,4,90.0325655520142,0,43908.9495941094,11.884629618872,6006.04122166974,21,1
43,5,82.9116158603083,0,43745.965870985,11.884629618872,5652.55767920598,17,3
43,6,84.4071558536588,0,44874.6511931457,11.884629618872,6125.21438255961,24,4
43,7,84.8130689840462,0,45840.7020124536,11.884629618872,5990.8289104444,25,7
43,8,99.3858615072634,0,47038.7488753523,11.884629618872,6390.28313823339,26,6
43,9,111.314459560613,0,49495.3980354019,11.884629618872,6390.2970434513,28,8
43,10,114.168571618363,0,48208.8904291446,11.884629618872,7433.03787752784,33,13
43,11,106.393365685128,0,49708.1900451018,11.884629618872,7599.53746253001,30,12
43,12,97.4517651382487,0,50969.0288645164,11.884629618872,7843.87117746951,26,13
43,13,113.19087848099,0,50529.3864863076,11.884629618872,7473.96967477359,24,12
43,14,115.677695469306,0,51923.9729517089,11.884629618872,7519.60796294185,31,15
43,15,114.367264287646,0,54022.6139429401,11.884629618872,6367.81935370346,26,18
44,1,81.872535946259,0,26673.9991132937,16.4795545218831,5540.2418222814,23,1
44,2,77.8375620386839,0,28253.6941889659,16.4795545218831,4935.71898352701,27,0
44,3,84.2504458604305,0,27514.5720171781,16.4795545218831,6458.95667173299,25,3
44,4,78.7480632312363,0,30300.852588882,16.4795545218831,5683.09421862969,24,3
44,5,84.6203744909342,0,28849.0697443592,16.4795545218831,6061.26561241097,22,4
44,6,85.9660677579636,0,28984.0168762075,16.4795545218831,6676.41558147276,21,0
44,7,85.6696474135226,0,29500.9605041888,16.4795545218831,6067.47448865569,25,3
44,8,94.1501212076347,0,33417.6982187124,16.4795545218831,6821.43088944734,23,6
44,9,87.4108562001321,0,33485.1940491083,16.4795545218831,7391.22791347971,20,5
44,10,91.8490603945858,0,33916.5740418854,16.4795545218831,7110.60234758814,20,10
44,11,90.0812656069765,0,34620.0565388531,16.4795545218831,8112.48453817294,23,11
44,12,100.02394096419,0,37366.5993753028,16.4795545218831,7194.09970081974,29,9
44,13,111.010572540413,0,37848.1634179863,16.4795545218831,8022.34330702401,21,12
44,14,102.009817726878,0,36509.9521967588,16.4795545218831,8161.99942201493,25,16
44,15,98.8960751905306,0,36989.3489191729,16.4795545218831,8111.72982626609,22,14
45,1,81.7344654493576,0,47871.0297996248,12.2490664729079,5850.24556606551,19,0
45,2,90.9837635129593,0,48112.2178010645,12.2490664729079,5329.12753229126,22,0
45,3,99.6675162911533,0,47806.4970863098,12.2490664729079,5518.52858780874,23,2
45,4,87.0105125737438,0,49479.8021133229,12.2490664729079,5865.99341042137,24,0
45,5,94.9460287169359,0,47825.9911201927,12.2490664729079,6341.77081779687,25,3
45,6,94.2197802481792,0,49949.9528275229,12.2490664729079,5756.08923591446,26,4
45,7,88.9811030610055,0,51815.9735823347,12.2490664729079,5774.68638721399,23,8
45,8,102.462043793789,0,52073.9268141369,12.2490664729079,6098.79991680902,29,10
45,9,102.191124619573,0,51630.8228853978,12.2490664729079,6545.3545032568,26,12
45,10,102.185069901993,0,54693.8487365424,12.2490664729079,7432.19531699251,22,7
45,11,90.3096101164181,0,55607.5140214197,12.2490664729079,7393.80974025822,24,8
45,12,105.581997230458,0,54270.286920113,12.2490664729079,7436.72785317457,24,16
45,13,104.196177118216,0,55790.7322057992,12.2490664729079,8003.75535237836,28,11
45,14,116.333420678707,0,57472.6848507348,12.2490664729079,8339.36982357515,22,11
45,15,105.607189174158,0,58371.6678303455,12.2490664729079,7214.82057324946,25,14
46,1,78.2290169947985,0,30968.624980113,12.3465963127787,5139.26543757986,24,6
46,2,79.4290813391118,0,31582.5983824861,12.3465963127787,5294.59988742012,26,1
46,3,89.5820427675772,0,33769.9792562059,12.3465963127787,6248.10019631275,28,5
46,4,75.2766718116572,0,32472.6512586372,12.3465963127787,5602.91909895505,27,3
46,5,90.6031463384162,0,34402.3575146249,12.3465963127787,6070.37195632054,30,5
46,6,85.0422765097304,0,37089.7878583371,12.3465963127787,6769.43246053462,21,4
46,7,95.9155191132347,0,35576.1679530717,12.3465963127787,7118.51720958083,20,7
46,8,88.7507503697504,0,37042.9548591097,12.3465963127787,6988.818701014,25,7
46,9,88.4008097502607,0,38966.7125495843,12.3465963127787,6774.35104121746,25,5
46,10,97.0547575901314,0,39869.1897393678,12.3465963127787,7173.69944066883,28,13
46,11,82.5722070077479,0,39380.9841101241,12.3465963127787,6153.72105206366,21,10
46,12,93.2772800832263,0,42608.1733370087,12.3465963127787,6709.35428137467,25,15
46,13,101.47535417443,0,42041.1037853403,12.3465963127787,6770.81409090628,26,11
46,14,96.6284098328735,0,43868.2668123272,12.3465963127787,8328.63958487214,23,15
46,15,117.070699343199,0,44793.5191700359,12.3465963127787,8397.14968619242,20,17
47,1,91.8709449200092,0,46509.11653105,12.9744759400462,5753.17860603114,23,0
47,2,91.4532008483599,0,46624.179363069,12.9744759400462,5769.92436607678,26,0
47,3,90.3697632789954,0,47433.4858697983,12.9744759400462,5503.67783218946,28,3
47,4,101.187269563631,0,50100.2477319126,12.9744759400462,6051.85165388834,22,7
47,5,100.135890383545,0,49695.0748024946,12.9744759400462,6324.29556046365,26,1
47,6,98.9466008065667,0,50824.3934156482,12.9744759400462,6830.66888047115,25,7
47,7,91.8972251218249,0,51553.4246124327,12.9744759400462,6014.91135318727,27,5
47,8,91.2192448398427,0,52527.8336448111,12.9744759400462,6775.84989789131,24,4
47,9,97.9286970609343,0,54169.6085177678,12.9744759400462,6147.13349552191,33,10
47,10,100.562829422067,0,53654.440922327,12.9744759400462,6078.53663458572,25,7
47,11,100.920369867693,0,54832.0620622799,12.9744759400462,6441.97654882287,28,9
47,12,116.261718874687,0,57436.5252812357,12.9744759400462,6437.57226989355,21,14
47,13,111.928511362816,0,55814.5258675558,12.9744759400462,7162.27421360352,27,12
47,14,122.851388233119,0,58513.2461930854,12.9744759400462,7166.22726292504,24,15
47,15,109.321588139708,0,57492.8320500407,12.9744759400462,8910.41654629454,25,11
48,1,66.1082724966252,0,21613.7311816321,9.38826826421724,5585.19187124116,23,0
48,2,72.9398879629314,0,19948.1571211088,9.38826826421724,5277.37229775853,22,2
48,3,75.043367850304,0,20510.8452187118,9.38826826421724,5400.72962143296,25,3
48,4,79.3013775913848,0,23072.4331144341,9.38826826421724,6535.93995759425,22,4
48,5,76.2446248866422,0,23711.7750171551,9.38826826421724,6129.22431670666,22,2
48,6,80.1520175237833,0,24009.3673165598,9.38826826421724,5813.19425120494,25,5
48,7,87.2121166643616,0,24441.6580029976,9.38826826421724,6336.95779126293,25,8
48,8,80.8884550606212,0,25121.1422715568,9.38826826421724,6621.27890738479,20,4
48,9,73.7458249975966,0,27644.8561688189,9.38826826421724,6745.0827880502,21,8
48,10,83.9774486880399,0,24868.3739621119,9.38826826421724,8112.40040938652,20,11
48,11,84.6603951959699,0,26025.3851348343,9.38826826421724,7687.21011241688,28,12
48,12,86.6137266160652,0,26443.394323539,9.38826826421724,7695.11218081943,20,9
48,13,93.155120854343,0,29394.1029313791,9.38826826421724,7341.84216471958,27,11
48,14,94.1225154253229,0,28898.5185002264,9.38826826421724,8573.85359436603,25,15
48,15,89.0437763862097,0,29724.964974221,9.38826826421724,8411.1007573348,29,14
49,1,65.5042095836905,0,32797.3984960567,11.8448453613154,4365.00146194763,24,0
49,2,94.0987793060191,0,31281.2882118166,11.8448453613154,5059.40146992585,20,4
49,3,90.0800552640136,0,34729.3322527281,11.8448453613154,6409.69855330493,26,5
49,4,83.970835195879,0,32143.3198247248,11.8448453613154,4866.20477233899,30,2
49,5,89.5997963162406,0,35716.8192383006,11.8448453613154,5779.62354636662,24,8
49,6,92.7378694521002,0,35568.3276147105,11.8448453613154,6267.4107701728,26,7
49,7,90.0941896105067,0,35702.8290790277,11.8448453613154,5833.21753354858,22,6
49,8,93.2216121803865,0,36764.8156825159,11.8448453613154,7230.38395889241,19,7
49,9,101.796170498641,0,39122.8502405655,11.8448453613154,6527.73762090338,18,11
49,10,90.9662730142981,0,40333.9044320471,11.8448453613154,6799.58851861773,27,8
49,11,96.8880374924252,0,37797.8537255025,11.8448453613154,6399.3662182828,29,11
49,12,101.497711943079,0,43743.6391417945,11.8448453613154,7409.79034042338,23,14
49,13,98.9592333710489,0,43746.7101746989,11.8448453613154,7306.88854713583,24,13
49,14,99.8161742014511,0,41489.6686725491,11.8448453613154,7578.53503186898,23,13
49,15,107.694892022574,0,42796.8315888815,11.8448453613154,7890.96212209451,26,15
50,1,81.9248316073201,1,40265.2718838126,14.7253430963768,5763.84621363242,31,0
50,2,83.2262962019322,1,41765.3208223546,14.7253430963768,5065.2966243498,30,0
50,3,89.531146408134,1,43527.6840207861,14.7253430963768,5280.75943661113,30,2
50,4,91.858156156814,1,43820.6900690664,14.7253430963768,5839.70406548741,24,5
50,5,84.0098054401757,1,44838.8369239357,14.7253430963768,6167.73428841842,29,5
50,6,94.305961632449,1,47055.1402000232,14.7253430963768,5285.90597674286,22,5
50,7,99.0208992170076,1,44301.9667903415,14.7253430963768,5715.67791354701,23,7
50,8,105.990356649193,1,46943.8948931161,14.7253430963768,6622.03181053891,23,5
50,9,107.754671009768,1,48509.2578833763,14.7253430963768,7236.99372667975,25,11
50,10,104.547984739348,1,48511.2426463912,14.7253430963768,7104.51282585294,29,10
50,11,112.989222564174,1,51284.8121955915,14.7253430963768,6893.5041766839,23,12
50,12,109.437914470231,1,50707.8429847779,14.7253430963768,7295.27619771346,27,15
50,13,103.479577768446,1,51653.6711447227,14.7253430963768,8084.9295805572,27,15
50,14,106.867017909305,1,54201.3657706208,14.7253430963768,8181.43480010292,22,15
50,15,116.003360793258,1,54776.150714748,14.7253430963768,7423.5604686709,19,14
51,1,77.1571866465771,0,24999.011693326,9.75082263944343,5693.15832580533,25,0
51,2,64.4530899331245,0,25692.818707376,9.75082263944343,5068.51632456366,20,4
51,3,62.6493115681587,0,25443.6672189509,9.75082263944343,5888.36054763783,24,0
51,4,72.0703982059354,0,27065.8045935557,9.75082263944343,5731.08111688516,21,5
51,5,84.2413738210979,0,31232.8360792096,9.75082263944343,5915.91163166292,22,6
51,6,72.1480680286287,0,29468.187502418,9.75082263944343,6488.09649440612,25,7
51,7,80.8784432819063,0,31290.3510754678,9.75082263944343,7641.78361855387,23,9
51,8,76.7797046636603,0,31063.5893557322,9.75082263944343,6583.91338826734,25,3
51,9,72.4476776179665,0,32729.1968191308,9.75082263944343,6395.23093681362,32,5
51,10,85.8784525371554,0,32937.9023829538,9.75082263944343,7519.04932080628,28,8
51,11,93.2234788574983,0,35225.8078165956,9.75082263944343,7045.93488215888,21,9
51,12,94.119252400237,0,34229.5091127522,9.75082263944343,7378.08801107238,28,12
51,13,83.953557312994,0,33895.3390301773,9.75082263944343,7132.28593701298,24,9
51,14,98.583393119231,0,37374.2055509591,9.75082263944343,8017.73786614018,24,20
51,15,97.4256708722692,0,37109.1785103095,9.75082263944343,7283.01173363395,26,16
52,1,75.0926458386966,0,26110.2937931984,11.0351817903361,4607.81256461344,23,0
52,2,79.1950743689613,0,25439.6624375576,11.0351817903361,5633.48904569482,23,1
52,3,70.1271458281257,0,27437.4229733215,11.0351817903361,6286.22535524774,23,3
52,4,81.8197885941677,0,27002.3070474059,11.0351817903361,6245.69516727492,25,1
52,5,85.8002490567878,0,26971.4525666488,11.0351817903361,6377.90862820693,21,5
52,6,78.1008591145134,0,28714.4746125385,11.0351817903361,5420.19412339226,27,4
52,7,83.170397958364,0,28198.0355335073,11.0351817903361,6627.71062944159,27,5
52,8,85.9768794550453,0,31010.4311527928,11.0351817903361,6238.98940470752,25,8
52,9,84.9455581792169,0,30140.6538967525,11.0351817903361,6832.01558075268,26,6
52,10,86.9040963797579,0,28632.6107454295,11.0351817903361,7668.90806517134,24,8
52,11,84.1774440183638,0,30858.6957166632,11.0351817903361,6429.84639332031,26,12
52,12,91.1200137517032,0,30366.8918283923,11.0351817903361,7842.66140144044,29,11
52,13,91.506757819478,0,30489.3064074948,11.0351817903361,6688.38193162905,20,12
52,14,90.965610749968,0,33395.2683230871,11.0351817903361,7110.46505227659,24,14
52,15,79.752666482984,0,34652.3182671073,11.0351817903361,8111.97012722861,26,13
53,1,72.0592126439812,1,22701.3039234924,8.55668774862224,6016.89851941744,22,2
53,2,70.993629184194,1,23104.9289270466,8.55668774862224,5119.27589096027,23,0
53,3,79.9839479613273,1,24802.780946955,8.55668774862224,5148.57636071095,24,2
53,4,66.5053012663652,1,24825.3268628457,8.55668774862224,5789.82711942979,28,4
53,5,77.6093958665603,1,28049.8943713591,8.55668774862224,6498.60799622654,25,4
53,6,90.8182989800044,1,28892.4360223302,8.55668774862224,6626.52689381478,19,8
53,7,88.1128727860592,1,27693.6819486685,8.55668774862224,6354.88411096417,26,8
53,8,86.838778877048,1,29635.9450376769,8.55668774862224,7102.1173642701,25,6
53,9,93.0748170456908,1,32278.27039535,8.55668774862224,6890.78302127391,24,8
53,10,97.8169430848959,1,32034.0355459452,8.55668774862224,6961.56446662048,25,14
53,11,106.484363129604,1,33182.651114751,8.55668774862224,7221.66567318945,25,14
53,12,98.9253297923656,1,34561.4158872769,8.55668774862224,7970.00583295128,27,16
53,13,105.195658458817,1,35742.0503009925,8.55668774862224,7200.97381089558,19,17
53,14,94.6219109871641,1,37292.4996840332,8.55668774862224,7290.38340869805,24,15
53,15,104.044452851751,1,37829.862354951,8.55668774862224,7844.86556552873,18,14
54,1,68.3412102094291,0,21232.913946337,13.0630565893481,5145.00605959952,24,0
54,2,86.7373657747469,0,23278.6413301984,13.0630565893481,5686.87335321591,25,2
54,3,82.6140845970877,0,24973.9539964221,13.0630565893481,5798.83418213806,24,0
54,4,88.207845869229,0,25593.1628696189,13.0630565893481,6690.16955560293,26,3
54,5,87.867710791547,0,24553.6647096448,13.0630565893481,5856.19552093483,23,3
54,6,85.3004236625564,0,27005.3025109661,13.0630565893481,7153.40235803826,25,3
54,7,107.679428868431,0,29808.5556323953,13.0630565893481,7101.89071932205,24,9
54,8,95.1447026498859,0,29982.6388882491,13.0630565893481,7018.55202586466,29,7
54,9,95.9005161729611,0,29382.6185336809,13.0630565893481,6954.54247247367,24,7
54,10,97.5176371669245,0,32101.6924226369,13.0630565893481,7103.84273311326,22,8
54,11,102.550250103826,0,32757.6459883112,13.0630565893481,6273.16948862986,20,10
54,12,99.0486436713527,0,34618.7945800319,13.0630565893481,6643.84373275839,25,12
54,13,104.862411043523,0,37084.0865534935,13.0630565893481,7204.69337023815,25,11
54,14,99.5508402414758,0,34492.2150657914,13.0630565893481,7841.88339920413,26,14
54,15,104.314750425004,0,36533.6389199752,13.0630565893481,8629.67528554019,25,14
55,1,81.1681036375624,1,27219.2157055231,13.2743993471671,4721.71240607818,19,0
55,2,83.621372720745,1,26077.0285567904,13.2743993471671,5553.54867263324,24,0
55,3,85.937378645159,1,29037.2684725227,13.2743993471671,4516.14305054615,29,0
55,4,75.9202539458181,1,29330.5743418791,13.2743993471671,7026.41789076213,24,3
55,5,85.8156173703041,1,33014.6010596798,13.2743993471671,5902.72892340623,25,4
55,6,92.8766233185065,1,28716.2769885255,13.2743993471671,5253.72627236153,28,7
55,7,93.5583140946276,1,33977.729281925,13.2743993471671,6921.47397799789,23,5
55,8,100.818145355151,1,34352.7876927173,13.2743993471671,7215.91120886211,28,6
55,9,92.2542725652026,1,34935.1095659551,13.2743993471671,7186.54291285116,25,8
55,10,90.3185601807788,1,35202.0848403683,13.2743993471671,7467.99783581959,23,6
55,11,100.901498551206,1,35199.727463748,13.2743993471671,7092.53491580235,23,10
55,12,103.920919895065,1,37871.4140710424,13.2743993471671,8060.85615228365,25,13
55,13,105.370106612673,1,36735.2905165339,13.2743993471671,7483.01015554334,23,9
55,14,110.91738003176,1,39171.05431074,13.2743993471671,6850.88089925562,23,15
55,15,118.929415578946,1,39734.1865895015,13.2743993471671,8949.84866645795,23,19
56,1,81.8974558922523,0,34554.4925125995,13.9450420536722,5795.92673575981,27,0
56,2,87.5603179658274,0,33710.5288171682,13.9450420536722,5767.18507034797,23,0
56,3,91.1407938308985,0,34554.9085531721,13.9450420536722,4964.44262828031,24,3
56,4,89.8529641950599,0,36266.7936774538,13.9450420536722,6262.30532331748,20,1
56,5,91.0096739800414,0,37099.2232016484,13.9450420536722,5932.10109041617,23,7
56,6,94.1874565462955,0,38996.3573326287,13.9450420536722,6784.81587295501,25,5
56,7,101.437208429402,0,38936.579339505,13.9450420536722,7381.84694543554,27,7
56,8,92.9770350218165,0,39424.840882959,13.9450420536722,6347.70584921858,27,8
56,9,98.7966332696028,0,40951.4416200192,13.9450420536722,7064.7302363123,27,11
56,10,102.842693010571,0,40394.0348928335,13.9450420536722,7683.05200724698,22,12
56,11,101.910635604116,0,42859.4355373678,13.9450420536722,7752.14327254166,24,9
56,12,95.9461096884811,0,41572.7429697195,13.9450420536722,7425.38246932146,32,10
56,13,104.335131151118,0,43762.2528774464,13.9450420536722,7315.46843265511,23,8
56,14,112.951850830032,0,42546.0806749533,13.9450420536722,8114.63559859435,23,16
56,15,95.467183918047,0,45328.1966292651,13.9450420536722,8340.99396256398,26,14
57,1,63.3735514051784,0,13103.2278693362,8.3405699054493,4785.83022358178,26,1
57,2,71.9899834455902,0,15224.581039357,8.3405699054493,4614.98394533734,22,2
57,3,67.533391316723,0,14483.4855180999,8.3405699054493,5879.52775569385,21,5
57,4,68.3916522926964,0,16386.1961221116,8.3405699054493,5789.33344756557,22,3
57,5,76.5442287077425,0,17034.5240259201,8.3405699054493,5624.41509394602,25,4
57,6,71.890859922346,0,19150.3405726864,8.3405699054493,6201.76682413609,21,3
57,7,81.3405551909759,0,18798.3187734568,8.3405699054493,6903.36755790339,25,7
57,8,76.0749416253164,0,19396.720785514,8.3405699054493,6742.82681144385,27,8
57,9,80.7924496957478,0,22171.7065590453,8.3405699054493,6700.19972701443,27,9
57,10,79.3539157915119,0,23404.2362647466,8.3405699054493,6645.93516901425,25,5
57,11,79.177354928948,0,23613.4212231289,8.3405699054493,7226.36582144732,19,13
57,12,78.2204242667827,0,21813.5733176212,8.3405699054493,7277.22191130853,28,9
57,13,84.8817350869761,0,25366.3438892019,8.3405699054493,7617.40395665296,27,9
57,14,90.7972662891359,0,23646.028219711,8.3405699054493,8209.33818968364,23,14
57,15,92.7506581101332,0,25587.4897523129,8.3405699054493,8517.39983988057,28,13
58,1,82.6430664202974,1,33662.5848395516,12.3217051042643,4495.96699847953,26,4
58,2,77.5648130091593,1,33946.5227251094,12.3217051042643,5672.88231256023,25,1
58,3,81.9636501700335,1,35242.3001711422,12.3217051042643,5410.57725101226,24,0
58,4,80.9885828538533,1,36750.3585702511,12.3217051042643,6105.94246770172,28,2
58,5,86.1136964709374,1,38285.1173353876,12.3217051042643,4923.26307475006,24,5
58,6,93.6874752207336,1,39500.8931616149,12.3217051042643,7482.12920674219,26,8
58,7,103.617307762939,1,38595.4643979356,12.3217051042643,6379.21109601647,23,6
58,8,88.9967325282469,1,41378.4605870029,12.3217051042643,6495.70640336251,27,6
58,9,96.5163374117772,1,43073.2305135283,12.3217051042643,6935.82598772071,24,8
58,10,94.5171087935047,1,44609.4151712233,12.3217051042643,6553.57374307755,23,11
58,11,107.811747262253,1,44933.5980446818,12.3217051042643,7213.80380583853,19,9
58,12,104.307561764908,1,45780.5898576709,12.3217051042643,7616.78608905891,20,11
58,13,101.260956456146,1,46347.9368657696,12.3217051042643,7432.75768540684,24,13
58,14,117.380489572065,1,48219.0005877063,12.3217051042643,8259.83400003987,21,11
58,15,112.674461118772,1,50058.5660802438,12.3217051042643,7766.21396940275,27,15
59,1,82.8604239515887,1,40113.4574288865,9.16782692505046,5490.56499834725,25,0
59,2,85.0015708077432,1,42198.6292723075,9.16782692505046,5266.42652428811,23,2
59,3,79.5778503795537,1,42826.6909215118,9.16782692505046,4707.65809663657,23,1
59,4,85.5702542315919,1,41705.7143623549,9.16782692505046,5956.16562363021,25,3
59,5,93.2588800788128,1,44487.0477482667,9.16782692505046,6058.44621522019,23,3
59,6,89.4706460461115,1,45566.6836681135,9.16782692505046,6574.32038102996,26,3
59,7,92.9337062731734,1,45618.9151264082,9.16782692505046,7207.26863069909,25,7
59,8,103.004214963618,1,46709.0094607835,9.16782692505046,6618.01146256252,26,7
59,9,93.616979937087,1,47158.5300222233,9.16782692505046,7415.37438868396,24,3
59,10,106.152919678871,1,48152.6446928175,9.16782692505046,7019.22994688492,28,11
59,11,91.9528665472725,1,48294.254416664,9.16782692505046,6943.95352832568,29,9
59,12,104.262180893952,1,50581.7652480984,9.16782692505046,7161.43671155763,25,12
59,13,110.620897585615,1,49787.0041625501,9.16782692505046,8085.6830375855,23,14
59,14,105.227339720528,1,51276.6192059857,9.16782692505046,7819.15722230137,25,12
59,15,108.446771695977,1,51808.7088986015,9.16782692505046,8383.43147338669,20,11
60,1,73.868102816165,0,46198.0156258268,11.9988460538519,5255.97979198644,26,0
60,2,84.5175378735272,0,47468.7188946499,11.9988460538519,4928.81364580945,23,3
60,3,85.0094928559056,0,48120.3632126108,11.9988460538519,5660.42063364929,24,2
60,4,78.973844231345,0,48673.9950437815,11.9988460538519,5343.68757556378,26,1
60,5,88.337997575694,0,49888.8642204409,11.9988460538519,4989.94129165113,27,7
60,6,97.3633080579607,0,49325.7417034044,11.9988460538519,5752.82862528407,25,5
60,7,85.3528514935835,0,51790.0188732649,11.9988460538519,5662.81565003423,24,10
60,8,87.8439564482816,0,53079.1678589604,11.9988460538519,5999.26422869318,19,9
60,9,100.517877505523,0,51932.5642022297,11.9988460538519,6436.90159716338,29,7
60,10,94.4106859750249,0,52570.9034669306,11.9988460538519,7396.57266172576,26,10
60,11,102.246545876178,0,56984.3423928941,11.9988460538519,6991.88540826363,32,7
60,12,117.580012369505,0,55760.1937178563,11.9988460538519,7166.26184682,24,15
60,13,102.681572555645,0,56342.2205982084,11.9988460538519,7040.68491011686,27,12
60,14,98.5213432165844,0,56858.8614099866,11.9988460538519,7725.42940937701,24,14
60,15,108.750829291489,0,58318.3578209444,11.9988460538519,8478.20347179061,22,13
61,1,93.7248552462388,1,40745.0654382585,16.0278717600182,5589.29459374758,24,0
61,2,89.2664224147983,1,40460.3288643691,16.0278717600182,5777.4924694097,27,0
61,3,95.0806797395435,1,40872.1811892643,16.0278717600182,5826.99110119023,23,2
61,4,96.7962786744718,1,41258.5889895133,16.0278717600182,5204.69762138792,27,4
61,5,88.9527097062799,1,41581.820739635,16.0278717600182,6132.14585090508,26,4
61,6,94.3376721237866,1,41448.207701371,16.0278717600182,5895.69264299312,28,7
61,7,104.230881187373,1,43572.4245379695,16.0278717600182,6307.33321477775,20,4
61,8,104.811867213382,1,42890.5616097486,16.0278717600182,7184.61522112107,29,11
61,9,114.077288323,1,42322.0890641614,16.0278717600182,6840.0240199513,18,6
61,10,115.331561665302,1,43984.8210681586,16.0278717600182,7196.03695621106,26,8
61,11,99.306040370945,1,44042.2172514489,16.0278717600182,7428.49538706179,25,9
61,12,102.501209988836,1,43852.8256311484,16.0278717600182,7666.29538799162,25,8
61,13,112.112036575495,1,44689.7035189319,16.0278717600182,7063.22179556408,22,11
61,14,115.164192509296,1,43680.859096168,16.0278717600182,7992.09878844513,28,16
61,15,116.093669311212,1,44686.8142784509,16.0278717600182,8419.22183957046,25,13
62,1,77.5523986536874,0,35541.9870530344,10.4894241391972,4714.78594580839,23,0
62,2,74.7284073839883,0,35844.2749699319,10.4894241391972,5140.81151001213,21,1
62,3,77.361504318347,0,37183.6304011677,10.4894241391972,4573.02729930085,25,4
62,4,83.5524439574343,0,38169.9974995918,10.4894241391972,5937.66084025659,24,7
62,5,86.1398716214501,0,37575.9108146537,10.4894241391972,5935.65603740757,28,1
62,6,88.5558805964506,0,38800.8018640466,10.4894241391972,5635.33796113605,22,3
62,7,96.8330078700774,0,37632.3575184387,10.4894241391972,6168.98169252149,27,5
62,8,85.4212483912192,0,39503.0100343841,10.4894241391972,5884.8939568405,26,10
62,9,89.2962540621539,0,41607.3582080388,10.4894241391972,7244.15486931403,21,5
62,10,104.383014668447,0,39772.2186826269,10.4894241391972,6616.86698028999,25,9
62,11,93.8199219917845,0,40217.6462072538,10.4894241391972,7465.14636912771,24,11
62,12,99.927470554652,0,41677.6604157873,10.4894241391972,7267.58950241513,29,12
62,13,99.6176881505123,0,42919.1362542714,10.4894241391972,7818.66603958154,25,14
62,14,98.2167646698936,0,44107.5183338025,10.4894241391972,7478.60786069307,23,14
62,15,105.764336895988,0,46012.0935438799,10.4894241391972,8445.94161027887,27,17
63,1,79.9739435978141,0,17771.515405038,14.1500499628165,5155.49564996348,24,1
63,2,75.3505505200405,0,18426.5410533948,14.1500499628165,5630.84353791135,20,0
63,3,75.5953778129944,0,20567.477003785,14.1500499628165,5835.86511686211,27,0
63,4,74.5209660812749,0,19023.0939427274,14.1500499628165,6173.30302574088,26,2
63,5,87.2638312785492,0,19895.1342009641,14.1500499628165,6035.12943043621,29,6
63,6,93.5011484572283,0,21146.2191159651,14.1500499628165,6414.06613472234,24,10
63,7,83.4421649250875,0,20257.32628139,14.1500499628165,6121.42181572464,25,5
63,8,80.3105857824934,0,20626.4430306805,14.1500499628165,5513.30872607312,22,8
63,9,89.8836601405727,0,25053.1344200246,14.1500499628165,7268.07712962168,25,8
63,10,94.7488916576162,0,23455.8146633539,14.1500499628165,7035.21460481356,24,10
63,11,87.4215356205153,0,24357.3949089491,14.1500499628165,6795.44856337708,21,8
63,12,94.6215409270685,0,24606.7853596306,14.1500499628165,6941.97024024549,24,10
63,13,96.3276061258757,0,26528.2790821639,14.1500499628165,7569.41010126165,22,12
63,14,106.100567150911,0,27759.8123678115,14.1500499628165,6859.03351059699,20,15
63,15,93.3152551656792,0,27724.5259673803,14.1500499628165,8634.49957932324,22,21
64,1,71.3091473870947,0,26043.9098384617,9.75099424774892,5084.52628864179,22,2
64,2,79.7978333288264,0,27821.8568688117,9.75099424774892,5442.48394612171,29,0
64,3,71.262858655423,0,27700.9546858378,9.75099424774892,5814.79591556874,26,0
64,4,73.3960296790801,0,27991.6380996432,9.75099424774892,4971.1246161425,26,2
64,5,83.1216601839749,0,29333.6302993423,9.75099424774892,6816.0794066329,25,6
64,6,83.8790430677721,0,29393.1728437095,9.75099424774892,7061.93728028444,23,7
64,7,83.6387127210784,0,31178.6460823656,9.75099424774892,5612.75144302572,20,5
64,8,80.1661201358839,0,31020.0910235464,9.75099424774892,5966.61605978539,30,9
64,9,79.3754474161709,0,34153.20106194,9.75099424774892,6954.63610339143,30,8
64,10,88.1443750334888,0,31114.010521251,9.75099424774892,7366.80174492941,25,10
64,11,78.6254510604669,0,34843.0873704112,9.75099424774892,5880.9213840957,24,9
64,12,95.5564838131088,0,34795.0248206083,9.75099424774892,8675.98601583068,24,14
64,13,93.173261858946,0,38111.4596606876,9.75099424774892,7124.37601715436,28,13
64,14,95.5672029744508,0,36731.1062308191,9.75099424774892,7675.76031352934,22,19
64,15,97.4250130605033,0,38288.6658308744,9.75099424774892,7979.65593974495,25,14
65,1,79.8013698884699,1,28425.8968083157,10.5644153686491,5000.75476407659,26,3
65,2,73.687537394423,1,29142.0497402205,10.5644153686491,5084.66222707797,16,1
65,3,87.8602751994767,1,30267.8716580067,10.5644153686491,5628.11083868889,23,0
65,4,87.203858269504,1,32602.5400483125,10.5644153686491,6511.16574395048,23,6
65,5,81.2411553249593,1,32388.0096298814,10.5644153686491,6668.53852556008,22,5
65,6,84.0163371817311,1,32512.2994468506,10.5644153686491,5521.41549092345,20,6
65,7,91.0269674391286,1,34961.5160087328,10.5644153686491,6155.35813663552,26,8
65,8,95.9183426660169,1,34609.8220307076,10.5644153686491,7471.91449122738,22,4
65,9,89.104760394385,1,35532.3323723916,10.5644153686491,7575.86541826162,29,6
65,10,97.321675147566,1,36982.4034136808,10.5644153686491,6489.80663547323,28,11
65,11,103.444218371245,1,36753.8543828546,10.5644153686491,8131.72636958536,32,8
65,12,89.109329298233,1,38173.6129400646,10.5644153686491,6908.66968013522,25,10
65,13,97.8133336005147,1,38029.016522247,10.5644153686491,7285.91817173634,23,13
65,14,89.8673026349125,1,39283.7072975477,10.5644153686491,7900.61583640889,24,12
65,15,108.069231715256,1,40053.8883512514,10.5644153686491,7904.34571988197,26,15
66,1,79.8663102326019,0,35952.7595406126,13.3161652517599,4262.58449725357,28,0
66,2,88.0632844876489,0,39591.4471531645,13.3161652517599,4785.60328943755,26,1
66,3,85.2688550376702,0,37962.1976909355,13.3161652517599,6009.67620006253,21,2
66,4,86.9364865835308,0,39129.617235742,13.3161652517599,4531.47440627564,24,6
66,5,83.6480217381646,0,41774.1153928612,13.3161652517599,6223.37827767086,26,4
66,6,92.3229822465241,0,41393.3771293645,13.3161652517599,5489.24866169975,28,7
66,7,98.0249503512142,0,43546.4271418725,13.3161652517599,6321.13961017912,19,8
66,8,85.1183136391812,0,42735.2449498581,13.3161652517599,6581.06852460972,22,9
66,9,100.772457935452,0,44294.0617675572,13.3161652517599,7427.26116771075,24,11
66,10,102.63636461174,0,45020.267904526,13.3161652517599,6764.00359604966,24,11
66,11,101.122009682872,0,45266.3924986355,13.3161652517599,6928.10424073713,24,5
66,12,104.755931951909,0,46896.4955417648,13.3161652517599,7821.01496293234,28,10
66,13,108.07691459865,0,47508.8417115564,13.3161652517599,7401.24386302739,31,14
66,14,106.474550322652,0,49985.8575322583,13.3161652517599,8045.43655219361,24,14
66,15,109.097334978666,0,49801.7279803774,13.3161652517599,8514.93468558631,22,13
67,1,75.1401809374213,1,29833.0176416614,9.9626631886264,4828.83191305147,25,0
67,2,79.9707741509115,1,29849.1236714368,9.9626631886264,5774.26011174941,23,0
67,3,76.7808561331269,1,31653.3368879885,9.9626631886264,5415.3884745192,25,2
67,4,79.8811557129333,1,30587.3710436098,9.9626631886264,6037.62314771767,24,8
67,5,79.3227235075797,1,30010.6051343661,9.9626631886264,5787.56118937961,22,5
67,6,85.278461305936,1,35601.7527800511,9.9626631886264,7019.99578251959,22,5
67,7,85.709943253672,1,35240.0776523439,9.9626631886264,6902.88140999932,19,9
67,8,84.9516045651336,1,35878.7141071175,9.9626631886264,6502.85455831875,23,6
67,9,91.8788126093977,1,33768.64672539,9.9626631886264,5483.03979956327,25,9
67,10,92.1237996368872,1,37443.4536263561,9.9626631886264,7645.10860641952,25,7
67,11,95.4150989428769,1,38047.3082980429,9.9626631886264,7109.1285129179,26,10
67,12,92.4380603560542,1,38211.0085042008,9.9626631886264,6732.56518964105,27,13
67,13,102.339407621392,1,39874.8718263904,9.9626631886264,7659.21926380294,29,12
67,14,99.5028106188499,1,40931.5716125787,9.9626631886264,7810.71835252407,28,11
67,15,98.3506161897246,1,40450.0085008215,9.9626631886264,7770.25718640425,26,13
68,1,77.2327932004261,1,22919.065812074,6.89110549456369,5714.58364188452,25,0
68,2,77.9506856585433,1,23005.0091928115,6.89110549456369,4979.95304041347,23,1
68,3,74.1628228166823,1,24283.949633494,6.89110549456369,5691.22902126622,23,6
68,4,78.9922490057566,1,23787.364396272,6.89110549456369,5172.42895148666,25,7
68,5,79.9717850465609,1,25014.2769143397,6.89110549456369,6187.9208894894,22,7
68,6,79.1669148102162,1,25265.7321064438,6.89110549456369,6358.66805418839,24,7
68,7,88.3973018412087,1,27638.6043732746,6.89110549456369,5659.42821375225,22,5
68,8,82.714257077719,1,28538.1644810712,6.89110549456369,6415.81774117851,25,9
68,9,93.0556535529141,1,29408.3543595289,6.89110549456369,7145.52478234701,25,8
68,10,97.3722869100091,1,29679.301135618,6.89110549456369,7600.14722732467,21,7
68,11,91.3644659681538,1,31170.9368282493,6.89110549456369,7473.60737641572,19,10
68,12,99.9467234254337,1,34430.9358650414,6.89110549456369,7224.90477615822,15,8
68,13,104.768311813061,1,32559.5824840681,6.89110549456369,8700.11923920015,31,11
68,14,93.1265703432826,1,34125.5693674436,6.89110549456369,7565.93914886058,22,13
68,15,93.6008742489106,1,34171.1448051539,6.89110549456369,7421.43677469309,26,16
69,1,86.5231535832709,1,42850.4533886031,15.79550530564,4865.75014391433,27,0
69,2,96.200800413634,1,44420.1140461699,15.79550530564,6073.25018935445,23,1
69,3,88.3584282971947,1,44931.2887372441,15.79550530564,5399.05219600407,23,2
69,4,97.7718949712538,1,45321.3712662247,15.79550530564,6062.78359647981,23,3
69,5,95.328992211121,1,45780.1253123505,15.79550530564,6820.77911870128,20,5
69,6,111.717917745353,1,46973.0394900905,15.79550530564,6030.16835192353,22,8
69,7,110.674449153728,1,48919.3837478559,15.79550530564,6073.39487499613,21,6
69,8,98.5226851756042,1,48043.2588106349,15.79550530564,6355.04440253142,23,7
69,9,113.937970784701,1,47733.5529239646,15.79550530564,8201.08044802731,23,12
69,10,109.13453398295,1,48563.4017745131,15.79550530564,6611.86461237746,24,8
69,11,116.685910283586,1,48243.8027213687,15.79550530564,7359.81949672644,24,10
69,12,112.508590393816,1,49153.3308396479,15.79550530564,7840.51964419714,26,12
69,13,117.839946905354,1,50732.1237705291,15.79550530564,7033.22888986592,24,15
69,14,115.398553074132,1,51118.8252834837,15.79550530564,8012.05223084903,25,13
69,15,119.28022483412,1,51561.9114255431,15.79550530564,8477.16423453619,25,14
70,1,83.5591283607747,0,39838.6854440865,13.0810717136395,5190.58276539964,23,2
70,2,100.951724867027,0,40158.884328889,13.0810717136395,5001.34113323739,28,5
70,3,87.8967814131099,0,41530.4740027148,13.0810717136395,5502.9989582251,26,3
70,4,83.0416653209251,0,40300.8720595546,13.0810717136395,5984.29174753863,25,4
70,5,92.3915356165244,0,39921.4390690854,13.0810717136395,5747.65099663004,26,2
70,6,89.8907909251603,0,39597.7383753854,13.0810717136395,6546.63728235618,21,3
70,7,90.7065467707831,0,40098.5442636112,13.0810717136395,6275.01901715198,25,9
70,8,96.8492837438994,0,41260.748034188,13.0810717136395,6271.90261560137,27,7
70,9,99.3041653665679,0,43596.4543641666,13.0810717136395,7550.3919248295,21,8
70,10,98.2020405121573,0,43540.7154558207,13.0810717136395,6275.21947893575,22,9
70,11,103.381518331147,0,44322.0565466653,13.0810717136395,7360.81162361695,22,10
70,12,97.8661667214226,0,43803.7463775677,13.0810717136395,7268.30585922478,28,12
70,13,105.349886600211,0,42995.5429182898,13.0810717136395,7546.40974493851,24,10
70,14,113.666349446104,0,45433.8933889067,13.0810717136395,7749.13930688218,30,12
70,15,106.896480269408,0,45451.190200974,13.0810717136395,7591.64197816415,21,12
71,1,75.4531612285798,1,32149.6866372681,10.2490816783197,4882.34510129677,21,1
71,2,73.2062782093101,1,35192.020937299,10.2490816783197,5144.36559882789,21,5
71,3,74.4951365965423,1,34431.7417566145,10.2490816783197,6071.95625730397,23,1
71,4,82.1860372949756,1,33887.8470341978,10.2490816783197,6284.95441329864,23,4
71,5,78.1477327897703,1,32767.0095828511,10.2490816783197,6385.65873908812,27,3
71,6,76.4482137393109,1,34938.0172961399,10.2490816783197,6660.86680598049,24,4
71,7,93.648480743743,1,36769.2504514531,10.2490816783197,7500.44407954485,25,11
71,8,98.1395969266144,1,36705.8852885564,10.2490816783197,7982.0931983077,25,10
71,9,93.7530181049957,1,37159.3744283469,10.2490816783197,6576.35767912607,23,9
71,10,91.1070132013657,1,38486.5634639487,10.2490816783197,6135.88977618039,24,13
71,11,94.3322514854611,1,37826.662602095,10.2490816783197,7472.59844171679,31,13
71,12,93.8447585390619,1,38204.0733285823,10.2490816783197,7034.38840233099,24,12
71,13,99.9986569013732,1,38850.1119846193,10.2490816783197,7785.22834763281,30,13
71,14,85.1521871220331,1,40392.7938102382,10.2490816783197,7228.76869032416,25,11
71,15,98.3885224109158,1,39943.1355163024,10.2490816783197,8251.09020599006,21,12
72,1,82.6399420413708,1,41453.6294298829,6.0177636380082,4590.95117023326,18,0
72,2,80.9399246424075,1,40413.6040729225,6.0177636380082,6370.63150962575,24,4
72,3,81.0796490719996,1,41319.1820757364,6.0177636380082,5140.56890194588,26,0
72,4,87.3632834006929,1,43666.0901102622,6.0177636380082,6362.16373152154,27,4
72,5,90.9978630865884,1,45247.549064781,6.0177636380082,5534.29813598156,26,4
72,6,92.6429335241317,1,45027.9723956081,6.0177636380082,6399.14114225711,23,8
72,7,100.557325820318,1,45806.6633715496,6.0177636380082,6174.25086175713,20,7
72,8,91.6785306444021,1,44493.167954396,6.0177636380082,6939.68144643176,26,6
72,9,101.539408074467,1,48655.3244003632,6.0177636380082,7470.21602013788,27,8
72,10,110.280103353975,1,48326.6079522367,6.0177636380082,7868.52153098257,18,5
72,11,112.430743338516,1,50580.4972419999,6.0177636380082,7316.27784301824,23,12
72,12,111.249909984176,1,52553.5934636075,6.0177636380082,6847.59161108299,23,16
72,13,109.872093988056,1,51578.9220995641,6.0177636380082,7227.8351722667,25,13
72,14,115.982214417283,1,53720.0259318826,6.0177636380082,8787.84695905592,25,9
72,15,110.272745115693,1,53819.2141818684,6.0177636380082,8064.33786271266,26,11
73,1,83.7574050293331,1,20441.826349364,17.7066293141979,4983.57576546023,29,1
73,2,75.1974151823813,1,19700.838339905,17.7066293141979,5656.539056506,25,1
73,3,81.0305129582424,1,22057.8773316448,17.7066293141979,4890.83740335273,30,1
73,4,84.8813565346612,1,23728.4312926978,17.7066293141979,5590.30513618304,23,5
73,5,90.6680753272769,1,25003.5976154021,17.7066293141979,5587.73595755696,27,8
73,6,79.6868830696567,1,22802.9211164561,17.7066293141979,4935.37334630232,28,4
73,7,98.3578888448126,1,25307.4027912025,17.7066293141979,6637.20669013907,30,7
73,8,94.6317059462919,1,25049.1096236117,17.7066293141979,6331.2238084203,26,12
73,9,104.214741992766,1,26863.2704340133,17.7066293141979,6912.5648574377,26,11
73,10,100.69611013716,1,26945.5019549853,17.7066293141979,7429.38691433307,20,9
73,11,110.338491653324,1,27659.3485633724,17.7066293141979,7178.08272207357,25,13
73,12,88.2505098393041,1,29372.8973372458,17.7066293141979,7905.07239444665,30,9
73,13,112.302676454311,1,30220.4153787741,17.7066293141979,7139.14001996606,23,15
73,14,110.948670199207,1,30536.7069013565,17.7066293141979,7813.10127426576,20,11
73,15,111.289068476643,1,31505.0952571488,17.7066293141979,7496.57166717044,27,16
74,1,87.1552010408549,0,36622.9863792158,22.1711124638146,5848.23598908562,23,1
74,2,83.9488362672264,0,37480.8635525996,22.1711124638146,5795.93299388416,19,0
74,3,91.2006001271273,0,38251.6832955177,22.1711124638146,4988.27608788513,22,1
74,4,94.7489630750055,0,40034.0269455396,22.1711124638146,6122.8052749007,17,3
74,5,97.0361766903099,0,40786.2795963943,22.1711124638146,6210.60265224834,23,3
74,6,92.6856826296235,0,41828.276727075,22.1711124638146,6526.18820150555,24,7
74,7,108.548138573092,0,43099.2759713612,22.1711124638146,7480.61441041527,24,7
74,8,104.512206507347,0,43499.6083902458,22.1711124638146,6198.47625043811,28,9
74,9,108.784490475187,0,43755.2363129006,22.1711124638146,6936.02027786766,27,9
74,10,104.774530798214,0,43776.7278027141,22.1711124638146,7406.3072907251,29,11
74,11,103.913325178686,0,45336.1293565219,22.1711124638146,7124.6226072878,30,9
74,12,107.512570272714,0,45912.1704773868,22.1711124638146,7207.67849460429,24,8
74,13,107.300515818429,0,47441.5803920765,22.1711124638146,7774.54970090064,26,10
74,14,112.205105925329,0,48172.7579907754,22.1711124638146,8211.90342916272,26,11
74,15,115.626779722532,0,49459.330331903,22.1711124638146,7407.18496326547,25,13
75,1,82.4182035516336,0,25539.259786907,12.6224412220664,5116.11891083371,22,1
75,2,77.939093526512,0,26687.3163042958,12.6224412220664,5268.01552928547,28,3
75,3,83.0713691016732,0,28411.6642936363,12.6224412220664,5625.4908677961,21,2
75,4,75.1802976191695,0,29016.1418057496,12.6224412220664,6587.49431410244,26,0
75,5,78.2441807194833,0,29144.9248863634,12.6224412220664,5582.55600375881,25,3
75,6,89.3140574431028,0,31308.2756156751,12.6224412220664,6133.26787490631,26,5
75,7,91.2074888373068,0,29400.7825579796,12.6224412220664,5630.30573934435,23,5
75,8,86.4538130451488,0,32271.1293235617,12.6224412220664,6282.61072826477,26,5
75,9,84.8888619563331,0,34104.6599978105,12.6224412220664,6721.66867445094,26,8
75,10,101.805214453698,0,32873.4403881298,12.6224412220664,6793.35992292789,25,12
75,11,107.138830227186,0,34415.3317801079,12.6224412220664,6902.41433159731,23,12
75,12,106.352628903189,0,34215.9175744313,12.6224412220664,7576.74659479185,25,10
75,13,99.7293228699698,0,35498.6492572041,12.6224412220664,7568.72628894662,23,12
75,14,93.0137621238923,0,37082.7264712552,12.6224412220664,7450.58962643624,21,13
75,15,94.4540865973027,0,36099.5672434278,12.6224412220664,7431.73095651131,22,16
76,1,82.0466845830674,0,35596.764956614,14.5494199425336,5548.50982955902,22,1
76,2,88.3734300234506,0,37365.4306813054,14.5494199425336,4841.453891054,21,3
76,3,90.2564358574452,0,37930.5386032025,14.5494199425336,6020.08655688765,24,0
76,4,88.7021086170588,0,39003.3096748478,14.5494199425336,5751.48601129485,25,5
76,5,87.3070456426435,0,40130.8202694894,14.5494199425336,6203.77304114338,21,4
76,6,86.50546749261,0,40329.5463939318,14.5494199425336,5413.20053145051,28,4
76,7,91.5806909704242,0,39163.6826244946,14.5494199425336,6384.3695815998,18,3
76,8,105.431785595708,0,41076.7181778092,14.5494199425336,6697.33842568415,22,10
76,9,96.1992253356274,0,41205.4709705737,14.5494199425336,7702.95220933464,27,13
76,10,103.256069255593,0,42280.3224722673,14.5494199425336,7509.2678479644,28,10
76,11,101.992551955747,0,43885.1639053267,14.5494199425336,6993.94400863487,26,13
76,12,99.2213150509001,0,43925.5785733643,14.5494199425336,8479.2943950629,24,11
76,13,106.723154368661,0,44486.2330692613,14.5494199425336,6942.73058670165,28,13
76,14,117.745598253251,0,44892.551543212,14.5494199425336,7999.68892614056,21,15
76,15,110.529178249907,0,46091.3063730243,14.5494199425336,8167.15964563379,24,14
77,1,74.3125852275768,0,29061.128659136,15.6736809362225,5728.40790395575,20,0
77,2,79.1528943991235,0,30544.5353086617,15.6736809362225,5659.30950321545,26,4
77,3,84.9934605772948,0,33308.9888536863,15.6736809362225,5567.02661228083,23,2
77,4,88.1139941798088,0,33034.8651459159,15.6736809362225,5579.51477758945,26,2
77,5,87.9635086798779,0,32183.2777608281,15.6736809362225,5336.11013572848,27,7
77,6,88.8152762754936,0,32642.8446132183,15.6736809362225,6791.36601222339,28,6
77,7,79.5115269095953,0,33638.400503953,15.6736809362225,6389.26472057382,25,7
77,8,94.2866409674281,0,35904.2170990803,15.6736809362225,6295.64532793795,24,4
77,9,95.8049370620568,0,36483.5486920743,15.6736809362225,7262.06993737618,26,7
77,10,99.3975301865711,0,36208.1369093253,15.6736809362225,7402.17548754048,28,9
77,11,92.7577083634837,0,37134.3643565422,15.6736809362225,7339.66037343718,27,5
77,12,89.1634732636256,0,39207.6062519414,15.6736809362225,6568.63832339352,24,6
77,13,104.073190045437,0,38648.6340574245,15.6736809362225,7838.75909161027,20,13
77,14,96.8227725950203,0,39623.62787252,15.6736809362225,9090.32634543045,25,12
77,15,100.725542225635,0,40760.9003844986,15.6736809362225,7257.18344936156,28,17
78,1,79.5060239511872,1,35310.8347088944,9.89458669938417,4906.91159447747,28,1
78,2,86.853331855565,1,35187.6125701521,9.89458669938417,5969.09653251718,23,0
78,3,82.9236988615816,1,35939.1743345502,9.89458669938417,5682.29791439808,20,1
78,4,87.8968587713826,1,35700.5918096595,9.89458669938417,6024.09581274262,31,4
78,5,94.0399757556498,1,37680.3814960176,9.89458669938417,6166.18635220058,28,4
78,6,89.7453178076589,1,38972.5856376791,9.89458669938417,6015.87212476094,22,2
78,7,101.03205887506,1,38314.2847861823,9.89458669938417,6694.78869955248,24,6
78,8,89.824500578048,1,39312.2280116587,9.89458669938417,6720.63874468131,24,8
78,9,107.501131024865,1,38277.8403956822,9.89458669938417,6269.28278172844,25,9
78,10,103.00172321986,1,39218.1432795046,9.89458669938417,6135.31924966694,27,10
78,11,100.771898483955,1,39651.8165343262,9.89458669938417,7185.22035046371,22,11
78,12,92.3913237816938,1,38786.7647009723,9.89458669938417,6298.70693683513,24,12
78,13,114.795696736489,1,40735.7749037542,9.89458669938417,7330.09170809188,23,12
78,14,113.015902065038,1,41555.5958553438,9.89458669938417,7751.6340667373,27,13
78,15,115.937688750597,1,42189.2416870652,9.89458669938417,9243.97260362273,30,16
79,1,88.8251070307904,0,42565.871909167,10.9464113113304,3922.90691594182,23,0
79,2,78.7671511888588,0,40343.645379532,10.9464113113304,5893.49194289534,23,0
79,3,85.9205418378858,0,43000.0232232473,10.9464113113304,5243.67065035943,26,0
79,4,76.362218701727,0,43665.5227849765,10.9464113113304,4819.24959884173,29,3
79,5,88.5840341924986,0,43304.4998520363,10.9464113113304,5372.52563502772,26,8
79,6,86.6960253939155,0,44683.0619407268,10.9464113113304,6490.24729591621,25,4
79,7,92.1127594788437,0,43232.1470811537,10.9464113113304,6298.26847180538,21,6
79,8,96.808421470272,0,45427.1511777533,10.9464113113304,6625.39616213662,16,8
79,9,100.185921316035,0,42649.745260338,10.9464113113304,6599.92570874367,20,12
79,10,95.0192164023533,0,46656.9687027924,10.9464113113304,6933.21900084919,19,10
79,11,94.1130620738771,0,48512.5508025684,10.9464113113304,6455.10697899267,26,10
79,12,98.448265481351,0,49019.0513231895,10.9464113113304,7841.65970846967,25,11
79,13,100.102455509539,0,45383.4718636625,10.9464113113304,8197.92197804954,24,13
79,14,99.8371188684985,0,49144.2450339998,10.9464113113304,8145.29870076039,27,15
79,15,105.053154028866,0,48825.5741448858,10.9464113113304,7378.83857292779,24,12
80,1,71.7852310016441,0,30544.905735167,6.81863689006441,5039.78537859924,29,1
80,2,84.3473094207169,0,28865.3734082783,6.81863689006441,5698.18913260379,23,2
80,3,75.0594860969163,0,31978.1404358953,6.81863689006441,5857.94723340632,25,1
80,4,66.6426018483443,0,31577.9723177055,6.81863689006441,4677.15542235848,24,2
80,5,92.4896598524537,0,32990.1755650756,6.81863689006441,5242.94214966065,20,9
80,6,77.4682459557867,0,32936.6609465484,6.81863689006441,5821.79687026051,28,6
80,7,85.9759625320618,0,32614.0346622611,6.81863689006441,5468.30966430581,19,5
80,8,88.6275994428381,0,34484.2616244688,6.81863689006441,7022.97234997375,31,9
80,9,84.894464113271,0,35257.7274304011,6.81863689006441,6604.95742797078,23,10
80,10,90.0076481637989,0,35228.570717249,6.81863689006441,7472.50491211229,24,11
80,11,87.6075250833026,0,36252.9460879847,6.81863689006441,7118.08558798172,25,10
80,12,91.5627588290039,0,35733.4269425389,6.81863689006441,8056.24653967922,23,11
80,13,87.5951874486015,0,37993.8314570632,6.81863689006441,6208.1399929894,29,10
80,14,92.854238787334,0,36862.6514309259,6.81863689006441,7433.10241709654,24,13
80,15,100.770514005327,0,37152.5648936139,6.81863689006441,8455.58170225871,26,12
81,1,91.8311224400626,0,40192.9263324925,9.79026530318438,5354.52246309856,23,5
81,2,78.8952068319423,0,41277.0801854848,9.79026530318438,5269.29770032641,20,0
81,3,91.2307488312343,0,41853.718095903,9.79026530318438,6348.1772756055,20,2
81,4,95.8364583654143,0,42404.4335731231,9.79026530318438,5609.77208722807,19,6
81,5,102.255403939284,0,44789.6773522402,9.79026530318438,7309.02213061449,28,6
81,6,90.0268715307436,0,43195.0149280737,9.79026530318438,6185.1599255866,23,2
81,7,93.9017463900384,0,46354.2902693237,9.79026530318438,5987.39600250098,25,4
81,8,84.5293288906006,0,47941.7785652623,9.79026530318438,6520.3755869287,24,3
81,9,102.343322301828,0,47292.8587593091,9.79026530318438,7152.61811269122,25,13
81,10,85.2156382299494,0,48834.8356435129,9.79026530318438,7642.1238519694,28,11
81,11,98.1751105575679,0,49869.6802876052,9.79026530318438,7687.11316185725,27,10
81,12,91.3985874882969,0,51464.4245566679,9.79026530318438,6955.84479249869,29,12
81,13,99.5871957168139,0,50422.8965761319,9.79026530318438,6631.96057002345,26,13
81,14,106.162237120823,0,53188.2776504967,9.79026530318438,8080.22005189238,27,13
81,15,112.679867523509,0,51594.4888453739,9.79026530318438,8057.82838711879,21,17
82,1,76.301955468212,1,23249.9652459337,13.8672293486583,6064.76660100948,22,0
82,2,76.5720823580184,1,21282.2559229756,13.8672293486583,5575.1735931912,22,1
82,3,84.1075873186605,1,22217.9386985118,13.8672293486583,6307.54714848379,21,4
82,4,82.7092161000291,1,23473.5488223757,13.8672293486583,5685.33495379387,23,2
82,5,91.9239029757738,1,22644.8855672497,13.8672293486583,5981.6733685799,24,7
82,6,88.1011160463075,1,24312.8367659448,13.8672293486583,6106.55700811971,24,6
82,7,103.023056790731,1,25317.7530313738,13.8672293486583,7171.83788909949,28,6
82,8,93.7641277175774,1,25596.8320844576,13.8672293486583,6968.98560894667,26,7
82,9,95.8690201784067,1,28643.6276157076,13.8672293486583,6470.63030197419,22,10
82,10,102.489550275762,1,25511.1068851341,13.8672293486583,7049.55424984535,23,12
82,11,98.0913626505726,1,27873.0131021761,13.8672293486583,6772.68755139624,28,9
82,12,104.866398051601,1,29837.7827881387,13.8672293486583,6084.60512231208,20,10
82,13,105.536928820402,1,28503.3046768094,13.8672293486583,7251.81926370337,23,12
82,14,105.154645951057,1,29881.0523411943,13.8672293486583,7572.32172685493,23,15
82,15,107.652759075266,1,32643.8223415009,13.8672293486583,7716.52664733337,23,17
83,1,67.9356285884349,0,23317.7108494195,11.1278520322774,5622.96724920949,25,3
83,2,70.052144128533,0,25339.3505524699,11.1278520322774,4629.93555261945,20,4
83,3,69.1588981562936,0,25902.4318256079,11.1278520322774,5440.42850397755,21,1
83,4,78.3278305804722,0,28688.2537430339,11.1278520322774,5956.22454892611,28,6
83,5,73.7887716824652,0,28150.4958063415,11.1278520322774,6062.13202868449,28,4
83,6,75.9664597077342,0,30442.3219028269,11.1278520322774,5892.88965934617,21,4
83,7,73.5218047760863,0,30286.6018882116,11.1278520322774,7007.48832411655,22,5
83,8,69.9919713027623,0,31737.7746813177,11.1278520322774,7936.08459607297,26,3
83,9,87.0061393833904,0,33704.4070909108,11.1278520322774,6814.05724889799,26,11
83,10,81.0163590912993,0,33943.0879357208,11.1278520322774,7072.81813230706,20,9
83,11,82.1100090599502,0,32823.2706986839,11.1278520322774,7879.86986865744,27,10
83,12,76.6027448183529,0,35185.9806557471,11.1278520322774,7773.94499602923,30,11
83,13,99.6409520078102,0,37393.355191443,11.1278520322774,7875.33034483634,24,16
83,14,94.3037736998247,0,39497.8003839632,11.1278520322774,7176.38349598213,22,15
83,15,88.5393994155769,0,37480.7178899074,11.1278520322774,7789.01011105385,26,12
84,1,63.9966122510394,1,43028.4187753543,11.3573653974508,4550.25168422245,29,0
84,2,78.5678851902165,1,44278.7480519273,11.3573653974508,4915.09656841204,27,1
84,3,91.3897418328393,1,44731.0695647584,11.3573653974508,5079.24682226363,22,6
84,4,84.8639097210493,1,45184.3013494032,11.3573653974508,6248.14494788462,23,5
84,5,93.3380938912516,1,49509.0288931414,11.3573653974508,5210.84266725209,23,5
84,6,98.1736900525172,1,50251.864872553,11.3573653974508,6333.89521859037,22,7
84,7,94.6920666477651,1,48470.0418168664,11.3573653974508,6200.31955903926,24,7
84,8,90.5981804220778,1,49096.1545216847,11.3573653974508,6738.44191234946,25,4
84,9,101.627467173515,1,51806.0585465437,11.3573653974508,6183.16329645711,23,6
84,10,103.089233168308,1,53617.1506996806,11.3573653974508,7376.78745935783,22,9
84,11,103.583292626741,1,54161.234346773,11.3573653974508,7344.63051032842,22,11
84,12,103.969115811527,1,56522.5837305799,11.3573653974508,7737.56803855038,22,13
84,13,110.516320872636,1,56250.0887624934,11.3573653974508,7212.43244824571,23,12
84,14,108.85206560385,1,56434.3675600522,11.3573653974508,7295.0503827854,23,15
84,15,111.381125963691,1,60223.0957891317,11.3573653974508,7181.72061846867,27,14
85,1,85.070793384543,0,33546.7220785568,11.6623213454925,4901.3396126749,26,0
85,2,76.657277286451,0,34258.4202735085,11.6623213454925,4987.34617773797,32,2
85,3,82.8336867028378,0,35040.8806146045,11.6623213454925,5653.23725777882,23,1
85,4,81.3898411956566,0,36121.6882406617,11.6623213454925,5691.29281221289,23,0
85,5,89.9597881504779,0,34508.6670854147,11.6623213454925,6246.23138367251,21,5
85,6,100.349854862724,0,38272.2711452773,11.6623213454925,6502.85952947123,25,8
85,7,92.5957220662378,0,39071.8509501491,11.6623213454925,6403.72639191744,25,7
85,8,93.1910658667762,0,39741.5092804264,11.6623213454925,6965.71651017155,22,9
85,9,94.6114452345285,0,39462.783507617,11.6623213454925,7458.51047058234,21,9
85,10,94.1958625912645,0,40734.8625928524,11.6623213454925,7308.31319850784,29,10
85,11,93.5276764499713,0,39962.2865325051,11.6623213454925,7697.22151971551,36,9
85,12,96.0055949799097,0,42518.624596598,11.6623213454925,8137.64946869343,24,10
85,13,94.5172425204144,0,42103.4339234508,11.6623213454925,7769.74694469414,25,10
85,14,102.455662549436,0,44999.0272435422,11.6623213454925,7777.89600497043,25,12
85,15,103.877385610998,0,43517.9557888708,11.6623213454925,8263.80877699763,25,15
86,1,66.3064735892555,0,12379.9078348652,6.40899905251319,5434.98019884859,26,1
86,2,74.2367057429833,0,15468.4281830341,6.40899905251319,5463.50479801087,23,0
86,3,80.2763275715212,0,14521.9886476957,6.40899905251319,5297.78269579764,17,4
86,4,70.2492622272716,0,16081.4739425027,6.40899905251319,6098.40929304013,28,2
86,5,80.0036889670033,0,18670.128633025,6.40899905251319,5585.51113175711,25,6
86,6,80.3265096668276,0,20595.2038727923,6.40899905251319,5902.42076047892,25,6
86,7,74.6965711172974,0,19316.9698154086,6.40899905251319,6265.383622669,21,6
86,8,69.7813111719451,0,21408.0749843745,6.40899905251319,6235.48526798237,25,4
86,9,70.8602182799963,0,19915.8356062724,6.40899905251319,6672.96729890498,24,9
86,10,84.969600548443,0,23880.4765635187,6.40899905251319,8183.17708558235,25,11
86,11,79.4382504676567,0,23001.6638490502,6.40899905251319,7676.2642101743,25,12
86,12,88.9001649015656,0,23083.6465683563,6.40899905251319,7018.92839948693,22,11
86,13,94.9775245942249,0,25117.8465144619,6.40899905251319,8902.26601165849,26,12
86,14,86.9386296480498,0,24767.8294376096,6.40899905251319,7494.17432812511,25,14
86,15,81.7893557080725,0,26484.1771858359,6.40899905251319,8110.2436972821,24,12
87,1,73.7297596181701,1,19639.2589211836,14.512889802695,5829.44383482228,23,0
87,2,71.151204038318,1,21156.3969216458,14.512889802695,5982.28247057245,28,1
87,3,76.6953518579115,1,19870.4687778063,14.512889802695,6121.09859264751,23,1
87,4,72.5799759655101,1,20511.5060795006,14.512889802695,5374.92658394541,25,4
87,5,77.8092427068827,1,21460.626402941,14.512889802695,5326.61694268236,26,0
87,6,80.2596215437128,1,22683.793837799,14.512889802695,6905.50376910596,27,4
87,7,86.4429532481734,1,24131.8028493599,14.512889802695,6372.04271558822,27,6
87,8,92.8333705033581,1,24268.1788079777,14.512889802695,6727.33502280061,23,7
87,9,81.9564860538649,1,24096.0342022112,14.512889802695,7028.7874248252,23,11
87,10,84.0755549002825,1,21682.4883674444,14.512889802695,6125.25619150419,27,9
87,11,100.729261598873,1,24982.6765945449,14.512889802695,7138.40833837443,24,13
87,12,89.0829072068544,1,25238.5587089634,14.512889802695,7847.13513294917,27,12
87,13,89.5073264842217,1,24237.1277058894,14.512889802695,7867.5306260003,19,14
87,14,86.9920497987086,1,24819.7811179977,14.512889802695,8426.47265884322,26,11
87,15,89.4329754991108,1,24465.3474802108,14.512889802695,7780.55891596486,24,16
88,1,65.1229589016303,1,29017.4709450035,7.66952133319374,5161.95204637012,25,2
88,2,86.1733961990249,1,29756.9139799574,7.66952133319374,5419.42518056679,22,1
88,3,79.3728007389019,1,28548.9995481306,7.66952133319374,5471.15219871716,18,2
88,4,91.2362001548429,1,29357.4784202962,7.66952133319374,5567.74005607353,27,6
88,5,81.7172237584591,1,31749.5671751846,7.66952133319374,5519.94253330162,19,1
88,6,89.3443732120773,1,31184.4642038955,7.66952133319374,6073.91009392653,22,7
88,7,88.3071715441895,1,32548.3978643898,7.66952133319374,5737.15609657029,24,4
88,8,89.6907599985914,1,34491.596917366,7.66952133319374,5862.98506788262,24,5
88,9,99.7633689819243,1,33694.235074468,7.66952133319374,6530.89284359274,24,8
88,10,103.650633254708,1,34883.4766350744,7.66952133319374,6341.71602039807,25,9
88,11,98.8412440394003,1,36008.4493893266,7.66952133319374,8345.07621026526,27,12
88,12,98.6826809352601,1,34904.2866982184,7.66952133319374,7573.56541547964,24,13
88,13,95.9094385120977,1,37907.8874756807,7.66952133319374,8051.89082699551,26,16
88,14,106.335004940064,1,38218.4918555113,7.66952133319374,7542.38846341689,17,13
88,15,101.042225921002,1,39210.7078357221,7.66952133319374,7249.02962802972,25,17
89,1,82.2755137635814,1,37311.2771016523,11.3742895127531,4960.98044771842,24,2
89,2,86.0354639518302,1,37084.4015848277,11.3742895127531,5989.79308151641,26,6
89,3,95.1351301333228,1,39871.1270940865,11.3742895127531,6138.13593012255,23,0
89,4,86.4311895182051,1,40789.7393659664,11.3742895127531,5384.66703893471,28,2
89,5,93.4593835090722,1,43522.8187079152,11.3742895127531,5017.83760101843,25,6
89,6,90.7059617185772,1,43513.1859799853,11.3742895127531,6023.11334976154,24,3
89,7,93.5349967644886,1,42140.0532592982,11.3742895127531,6251.95592176624,23,4
89,8,97.889998495791,1,42409.4017034955,11.3742895127531,7016.35710510412,27,10
89,9,93.1667088559908,1,44848.4109270089,11.3742895127531,6488.525665764,19,7
89,10,110.475609019656,1,47031.907425985,11.3742895127531,6217.52620892277,21,8
89,11,107.153423798715,1,44666.7739378099,11.3742895127531,7539.67957854573,20,8
89,12,103.00270159442,1,45880.6492646082,11.3742895127531,7025.26695458533,29,9
89,13,112.670206154598,1,49220.0888309737,11.3742895127531,7758.46398313933,27,15
89,14,111.51764211431,1,50120.8237951148,11.3742895127531,7706.42793982847,19,12
89,15,121.158900746671,1,49289.4361972709,11.3742895127531,7777.74323055766,24,15
90,1,72.1148600143718,0,28424.521050707,10.6843096138235,5353.76658183102,27,4
90,2,74.9164433898901,0,30361.9981881894,10.6843096138235,5649.41345421194,28,1
90,3,73.3654776563907,0,32931.8049367549,10.6843096138235,5133.34563719064,29,2
90,4,68.8487276840993,0,34777.9370518245,10.6843096138235,5652.86062917769,24,4
90,5,87.8812870443583,0,33468.1443174418,10.6843096138235,6540.54712089909,27,6
90,6,78.7004139928217,0,33712.3931043176,10.6843096138235,6065.93595418906,25,6
90,7,84.268428519853,0,35508.9429351984,10.6843096138235,5650.20687467535,26,6
90,8,94.3808551154141,0,36208.3516035082,10.6843096138235,6010.1426877417,22,10
90,9,88.2628649697715,0,36013.9550740928,10.6843096138235,7176.11610059344,24,10
90,10,88.5676270369297,0,38374.9919346697,10.6843096138235,6772.6392858395,25,11
90,11,91.1479658061177,0,40033.369449409,10.6843096138235,7295.05646608009,30,10
90,12,80.1900788908641,0,39515.8629495704,10.6843096138235,8150.0916703063,24,12
90,13,91.005232695166,0,40988.3101035121,10.6843096138235,8179.46895280748,27,12
90,14,101.572751789399,0,41474.4623168168,10.6843096138235,7862.17741139805,26,13
90,15,93.3003615385265,0,42543.7607580975,10.6843096138235,7855.89922914387,21,14
91,1,81.5276945423418,0,35427.9970622956,11.3442185494314,5356.60278050934,20,3
91,2,86.441565711368,0,37487.6165871593,11.3442185494314,5099.44869032242,27,1
91,3,86.7345428532491,0,37169.6640392278,11.3442185494314,5686.53803613713,28,2
91,4,97.5219924481689,0,37083.1398303754,11.3442185494314,6320.18547637439,19,6
91,5,91.1581665589368,0,38864.5587893534,11.3442185494314,5688.50049483407,26,3
91,6,91.0530440088944,0,39839.5195611875,11.3442185494314,6677.17415706979,28,6
91,7,91.0968627021158,0,39455.8595488051,11.3442185494314,6841.3765461409,20,7
91,8,99.4704010520663,0,37500.2983776661,11.3442185494314,6959.27980855036,23,8
91,9,92.740502562001,0,42462.7475516146,11.3442185494314,7126.12119362795,30,11
91,10,92.2572731325716,0,40724.0729929311,11.3442185494314,6770.17313990867,26,11
91,11,93.338278256881,0,41773.6800104839,11.3442185494314,7661.41125495533,22,9
91,12,88.1059145850024,0,44389.5750344429,11.3442185494314,7655.20794272677,23,9
91,13,102.877305816496,0,41521.024782686,11.3442185494314,6342.80850818654,21,13
91,14,105.803100429815,0,42960.6406872972,11.3442185494314,7964.85661845551,23,13
91,15,102.966923287937,0,43965.8547155172,11.3442185494314,8267.932174638,27,11
92,1,86.6025444556103,1,37696.1334520201,16.3798978342074,5361.19273259745,22,1
92,2,87.2932786217509,1,41449.2749459581,16.3798978342074,5365.64458473709,23,0
92,3,91.0836257023162,1,42947.4545554822,16.3798978342074,5904.33400085033,27,4
92,4,98.3518957893889,1,43520.8063527846,16.3798978342074,5528.1495262469,22,5
92,5,91.3154176372031,1,43917.4961958026,16.3798978342074,6655.14355458882,22,2
92,6,100.441899108772,1,45270.1938457626,16.3798978342074,6421.81389535974,28,7
92,7,103.789038049305,1,46462.7725490128,16.3798978342074,6168.4192700339,24,6
92,8,99.0582465355482,1,47843.1110547837,16.3798978342074,7029.98618346769,23,6
92,9,100.528305606637,1,50187.6148147808,16.3798978342074,7464.05181945815,26,8
92,10,95.8851764841902,1,51951.024386149,16.3798978342074,6608.25650870013,26,7
92,11,94.7093727504303,1,51922.1551335828,16.3798978342074,6749.2756597101,21,7
92,12,111.260859725666,1,54034.6950194138,16.3798978342074,7005.74049345505,29,12
92,13,110.074498781956,1,52666.8836693974,16.3798978342074,6648.46641285208,21,10
92,14,109.051001818751,1,56465.4851932952,16.3798978342074,7683.41709212227,25,12
92,15,117.986259760474,1,56848.1781636081,16.3798978342074,7177.20290264578,26,14
93,1,92.3243464275327,0,45175.2937828881,10.2538202462539,5804.45087044031,29,2
93,2,94.8688191531834,0,45970.9069829002,10.2538202462539,5615.59327984109,26,5
93,3,83.809653232619,0,43296.9091663441,10.2538202462539,5426.25257018773,28,3
93,4,86.559046711596,0,47124.0440381017,10.2538202462539,5299.44490353772,25,0
93,5,96.1605675631303,0,46344.3200980933,10.2538202462539,6338.99353400728,25,4
93,6,96.4698953999652,0,47454.4294423148,10.2538202462539,6449.31455185472,21,8
93,7,87.6830229046163,0,49225.1932631896,10.2538202462539,6267.12329524834,32,6
93,8,102.727577918095,0,49724.1817273787,10.2538202462539,7382.08665957415,25,10
93,9,85.6494113901696,0,48924.3131351945,10.2538202462539,5914.74594607788,29,11
93,10,109.060710734723,0,50771.725109695,10.2538202462539,6991.26691916306,25,12
93,11,103.575583135123,0,50692.9050936844,10.2538202462539,7302.73238528852,22,11
93,12,96.0723752629605,0,53120.1576331283,10.2538202462539,7703.10552997475,28,11
93,13,106.045081174351,0,51005.1516837333,10.2538202462539,7076.58362755079,27,12
93,14,106.066483150076,0,54104.7006935272,10.2538202462539,8266.75263297304,23,12
93,15,110.188708715286,0,55384.3643018227,10.2538202462539,7777.59017181948,23,15
94,1,73.4466984181169,1,28651.4575683399,9.65070721286431,5585.67007894002,28,0
94,2,84.9081246596207,1,32721.5778858122,9.65070721286431,5158.60198982237,22,2
94,3,77.9928182648748,1,32523.7004181063,9.65070721286431,5051.29673836138,23,5
94,4,84.2412542557633,1,33809.7504625218,9.65070721286431,5166.58231161253,19,4
94,5,92.2808229438614,1,34242.3032752699,9.65070721286431,6583.28303351924,26,6
94,6,84.3408225512695,1,36017.3234410895,9.65070721286431,6216.11673262837,25,10
94,7,96.5422068557941,1,37066.3551509538,9.65070721286431,5762.98273026752,22,4
94,8,91.0735069402251,1,37544.0536581475,9.65070721286431,6535.80440350976,23,2
94,9,98.2692379962122,1,37657.4794993112,9.65070721286431,6412.11357283711,25,10
94,10,98.5705210556677,1,38152.4918505909,9.65070721286431,6324.62742353642,24,10
94,11,93.4559181535496,1,39249.155938767,9.65070721286431,7348.48467007255,22,6
94,12,100.357437266673,1,39975.0272508,9.65070721286431,7093.51420821431,30,13
94,13,101.009214475405,1,41220.229051671,9.65070721286431,7173.13524855046,25,12
94,14,100.804894412544,1,41003.4203362201,9.65070721286431,8397.66799340304,27,12
94,15,109.711229042944,1,43225.4451197683,9.65070721286431,8092.62568260337,26,12
95,1,72.6372470698898,0,29515.8044581132,7.44103801516847,5401.70200587173,23,0
95,2,73.6218234328783,0,29959.779991287,7.44103801516847,6186.79628122585,24,0
95,3,77.4517823507722,0,32631.7973539324,7.44103801516847,5706.54613974935,24,4
95,4,80.0155981035589,0,33719.2682483344,7.44103801516847,5049.37146510681,24,3
95,5,76.3805369464729,0,35259.356190619,7.44103801516847,6221.32537601289,22,4
95,6,88.149919708748,0,35889.9710590579,7.44103801516847,6959.72016343968,28,7
95,7,93.6720649153679,0,36313.6407407141,7.44103801516847,6141.10777571063,22,10
95,8,94.758730070228,0,37715.4113497945,7.44103801516847,7872.60300677518,22,6
95,9,88.1651545200955,0,36973.272376058,7.44103801516847,6921.7210202065,29,6
95,10,81.563861200014,0,37743.1187809984,7.44103801516847,7125.56722561664,27,10
95,11,86.9981952747904,0,38598.1988614957,7.44103801516847,7412.15936794159,23,13
95,12,94.1386268908048,0,40788.3737680446,7.44103801516847,7942.24267216138,27,11
95,13,84.4808273530002,0,42335.0739798329,7.44103801516847,7096.22781538886,28,9
95,14,111.76130115524,0,43509.9542257253,7.44103801516847,8512.37921365708,17,14
95,15,90.9202236974659,0,45017.2218050635,7.44103801516847,8771.19806647025,24,14
96,1,64.9922680601655,0,17098.0979874819,9.58290575516625,5924.36821755055,23,1
96,2,70.5765973388901,0,17435.5022236081,9.58290575516625,5585.46217481971,24,0
96,3,70.2493434478534,0,17697.2130030079,9.58290575516625,4332.05291781269,26,3
96,4,75.0779440040189,0,19407.3544386894,9.58290575516625,5798.96805563424,29,5
96,5,80.2132500310392,0,19883.7272172847,9.58290575516625,6306.68534595321,26,3
96,6,78.7204193751785,0,20417.7494484709,9.58290575516625,6600.38979247527,24,6
96,7,77.6740047773117,0,20860.6519728957,9.58290575516625,6534.81617966287,24,8
96,8,82.2195135205161,0,21326.6064131948,9.58290575516625,7309.16904914358,28,7
96,9,75.5019845529448,0,22144.3205862418,9.58290575516625,7219.86591193772,23,7
96,10,78.9334741873258,0,25390.8942191518,9.58290575516625,7000.40576468399,21,7
96,11,74.5482437955757,0,24967.4779636526,9.58290575516625,6893.47878115378,19,10
96,12,87.2231505134043,0,25081.584646771,9.58290575516625,6956.90921117736,24,11
96,13,96.3852068441195,0,24727.2615968897,9.58290575516625,8302.96888146682,23,10
96,14,93.6027808479015,0,27294.1126864053,9.58290575516625,7941.04796685333,21,17
96,15,87.3483719480883,0,27398.7451673594,9.58290575516625,8678.10444954568,22,10
97,1,71.1361211345696,1,31380.0157239551,8.50144587789679,4229.78680336301,26,0
97,2,77.443875144133,1,31930.045042602,8.50144587789679,5065.59758009792,18,1
97,3,73.5696169270684,1,33584.5357091889,8.50144587789679,4569.1657570754,26,4
97,4,83.510402291825,1,33411.1315840281,8.50144587789679,6083.66372646637,25,7
97,5,81.2204179517751,1,33973.0519486448,8.50144587789679,6399.57503754978,19,5
97,6,75.7341815729396,1,37195.1783668013,8.50144587789679,5795.33399709899,25,3
97,7,85.7226010928068,1,36580.830608442,8.50144587789679,6883.05120381239,22,4
97,8,99.1101532295333,1,36294.9311647611,8.50144587789679,7191.14243662716,25,7
97,9,94.3671770782434,1,36105.0014594258,8.50144587789679,7401.55605825655,21,9
97,10,104.77743379373,1,38686.6156622015,8.50144587789679,6590.24739178546,25,13
97,11,95.7572863968977,1,37246.1229450502,8.50144587789679,7057.98174519507,24,9
97,12,104.487371111861,1,38801.9948506099,8.50144587789679,8015.54104131737,22,14
97,13,107.291670751085,1,40373.9312949531,8.50144587789679,7620.08253070489,16,12
97,14,96.5744143237566,1,39781.3199537008,8.50144587789679,8623.86410540263,24,13
97,15,102.254722605377,1,40496.7087677126,8.50144587789679,8614.44603735899,26,12
98,1,74.3178193552119,0,26874.5698110312,13.2238385887449,5736.55914424141,22,1
98,2,68.23297198731,0,27582.7929350517,13.2238385887449,4880.74052472701,30,3
98,3,86.7898994381368,0,28203.1303232046,13.2238385887449,5999.46137943398,20,3
98,4,80.7989365658087,0,29252.0700330643,13.2238385887449,5846.1044921477,21,6
98,5,80.4703530275235,0,30721.4044266019,13.2238385887449,6693.45573434201,24,1
98,6,78.4182210337976,0,31946.2950010054,13.2238385887449,5733.65527958998,20,2
98,7,85.5827537108057,0,33782.8892823372,13.2238385887449,6434.50522219544,27,5
98,8,93.4414702655127,0,33078.4563198364,13.2238385887449,6785.3122556778,22,6
98,9,97.3942689853462,0,35823.409183253,13.2238385887449,7045.5900009508,25,5
98,10,94.0642753490416,0,34050.5945079192,13.2238385887449,6827.34075138353,20,7
98,11,89.9983990451248,0,35879.7854276613,13.2238385887449,8179.35869080002,21,6
98,12,84.2034143502568,0,36181.031280844,13.2238385887449,7635.75291775962,23,12
98,13,93.1274385588282,0,38852.4358248838,13.2238385887449,7035.2732377968,30,12
98,14,100.362553988157,0,39972.9167766562,13.2238385887449,6587.50920453927,23,15
98,15,97.1442214991971,0,39195.09111014,13.2238385887449,8049.99913339462,21,14
99,1,71.1875563427068,0,23378.8968743655,9.41098726197637,5597.76724109254,26,2
99,2,58.1029642221724,0,23540.2751926403,9.41098726197637,5748.06688225966,29,0
99,3,75.502314947462,0,26071.0933865858,9.41098726197637,5613.05729485692,22,3
99,4,76.7597541001595,0,25145.4457567211,9.41098726197637,5611.54214096722,23,3
99,5,73.0006770651567,0,28688.1859765974,9.41098726197637,5838.58084598841,26,3
99,6,84.0423248898601,0,28902.1697930475,9.41098726197637,6599.0398490745,21,3
99,7,81.3187344169422,0,29033.7440963159,9.41098726197637,6229.82977264166,25,5
99,8,83.3213398673144,0,31109.8737426859,9.41098726197637,7392.8933660248,19,8
99,9,94.2593382009219,0,32050.2378942012,9.41098726197637,6534.9711807222,23,7
99,10,99.5525342147066,0,33074.5526098825,9.41098726197637,7972.37539232158,22,11
99,11,95.1507521669956,0,33064.7739570572,9.41098726197637,7382.97130297362,22,13
99,12,84.9883429440005,0,35100.0219572955,9.41098726197637,7435.88263995691,25,10
99,13,99.1295574432787,0,36635.013555084,9.41098726197637,6900.47940578877,23,13
99,14,91.7452956199135,0,36448.1980352653,9.41098726197637,8357.75166893358,24,14
99,15,112.694076320415,0,39356.9206923716,9.41098726197637,7940.88365352823,21,15
100,1,75.9059697512296,1,30727.9277434687,12.9121261050844,4840.80731984956,25,1
100,2,74.7166942414525,1,30930.9597635457,12.9121261050844,4847.76519204722,24,1
100,3,80.989470134506,1,30144.4008114646,12.9121261050844,5596.04972032331,23,0
100,4,84.7779458232595,1,31080.1287576446,12.9121261050844,5568.9664420799,22,5
100,5,84.7860097192397,1,32065.3639260895,12.9121261050844,6488.85000485115,26,7
100,6,82.4577477795332,1,33931.0108017468,12.9121261050844,6391.88073167274,25,5
100,7,86.0285096197437,1,34079.6590548985,12.9121261050844,5888.4827953304,22,9
100,8,86.0584135567428,1,33968.1832951477,12.9121261050844,6362.89812696944,29,8
100,9,92.2711576997603,1,34195.3163931455,12.9121261050844,6781.0993703025,23,4
100,10,95.606484763289,1,37060.6593724986,12.9121261050844,7139.02882423346,28,12
100,11,103.871165425828,1,36251.4599649352,12.9121261050844,6874.84371419783,25,8
100,12,107.681448577614,1,38586.4966935379,12.9121261050844,8029.72290375737,22,9
100,13,99.8628076318979,1,38956.6167424715,12.9121261050844,7352.71375980387,20,12
100,14,104.184250524358,1,40399.3780476233,12.9121261050844,7732.0147646887,21,13
100,15,100.345319423937,1,41565.8397395199,12.9121261050844,8161.73949489002,24,16
101,1,81.4214434828898,1,37608.7044615323,11.5607175364562,5296.92398285337,25,0
101,2,71.9363619148224,1,40966.755977655,11.5607175364562,5014.85599543246,22,3
101,3,73.7864706714094,1,41544.720868112,11.5607175364562,5626.71305136816,24,5
101,4,74.21156650047,1,41461.9043686108,11.5607175364562,6311.62561741287,28,2
101,5,73.5034188087593,1,42662.063671782,11.5607175364562,5311.93937746408,24,0
101,6,81.0620366110892,1,44082.6645821346,11.5607175364562,5837.08027543868,25,4
101,7,86.6844907040366,1,45167.2204758676,11.5607175364562,7086.54727763812,26,7
101,8,84.3920663870953,1,43705.1298072796,11.5607175364562,7489.58188109252,29,6
101,9,100.048778428461,1,47790.4835847821,11.5607175364562,7034.25503450698,19,8
101,10,92.7815584871563,1,45836.1845893915,11.5607175364562,5693.58615120628,21,10
101,11,106.495086439178,1,46075.3694225671,11.5607175364562,7497.07329919168,19,9
101,12,102.233179593214,1,50023.2263965669,11.5607175364562,7363.53190258289,21,11
101,13,102.715685665498,1,48469.848225544,11.5607175364562,8005.01371803754,27,13
101,14,101.928510308787,1,50669.7508150452,11.5607175364562,7679.27808438118,26,15
101,15,104.268906561885,1,50459.818522647,11.5607175364562,7411.54929607765,25,16
102,1,59.7272545105223,0,13043.9452814431,7.69931346026759,4967.61365273769,25,1
102,2,59.0222228645686,0,15176.9330950398,7.69931346026759,5292.65001776016,22,0
102,3,65.4817894908543,0,17046.6766158887,7.69931346026759,5213.61767583659,24,0
102,4,71.3559145824032,0,17495.9814718069,7.69931346026759,6225.15401776319,25,6
102,5,80.7898478404806,0,17318.1257756695,7.69931346026759,5989.52877820265,28,10
102,6,68.1571331433282,0,18725.3600452174,7.69931346026759,6241.99892142952,22,4
102,7,78.1137372214009,0,19422.9394450902,7.69931346026759,6033.78698076174,28,9
102,8,82.1104200567544,0,20278.6276043257,7.69931346026759,6926.46326570813,26,6
102,9,80.8706975926704,0,20636.6312979934,7.69931346026759,6744.68401822383,26,4
102,10,86.555470252988,0,22224.1369960964,7.69931346026759,7498.04315677461,24,8
102,11,96.1834708426436,0,21561.0020827941,7.69931346026759,6993.13284472302,20,10
102,12,84.9373553627615,0,23801.7394898596,7.69931346026759,7211.53100357346,26,10
102,13,82.938565578856,0,23865.3318899053,7.69931346026759,7535.88704369437,22,9
102,14,94.9228824997162,0,24649.6585026557,7.69931346026759,7233.02658804547,24,11
102,15,91.2683712343096,0,26471.5786886173,7.69931346026759,8707.41211455085,30,16
103,1,72.9885879716607,0,27157.4849238789,9.62817664283191,6050.84034409352,19,2
103,2,78.1593671920728,0,27602.9975378999,9.62817664283191,5120.84719393909,25,4
103,3,80.27997601416,0,28388.6004914656,9.62817664283191,5776.67840709507,34,4
103,4,82.9274262579273,0,31263.962619883,9.62817664283191,5912.4841097476,30,1
103,5,88.895329889895,0,29264.9335427197,9.62817664283191,5923.94446756169,18,6
103,6,86.9593948606506,0,32184.5963900361,9.62817664283191,6369.20947867769,22,9
103,7,98.1975442700563,0,33786.2593947853,9.62817664283191,6559.18067003501,18,5
103,8,93.7012152564392,0,33233.1336425281,9.62817664283191,6353.2155440915,25,10
103,9,101.307367327837,0,35618.3480529442,9.62817664283191,6721.68550629209,24,9
103,10,91.1119055070792,0,37284.9161566951,9.62817664283191,7282.95290853244,20,8
103,11,100.713609063979,0,35793.5385939914,9.62817664283191,7438.70424145457,27,11
103,12,100.791360360737,0,37734.0442659854,9.62817664283191,6919.898679606,18,11
103,13,107.445247228384,0,41386.811712366,9.62817664283191,8345.68905910318,24,13
103,14,104.674675403445,0,39973.2158904499,9.62817664283191,7854.75128800447,24,12
103,15,112.293108819441,0,40665.0368955342,9.62817664283191,8503.20206881227,25,18
104,1,76.2479214992626,1,30644.1462280595,14.655337365173,4881.19303860538,26,3
104,2,78.9565770475889,1,31636.3119113778,14.655337365173,5180.34886282046,26,2
104,3,89.3826635666723,1,32825.3177183589,14.655337365173,5681.21154277884,22,6
104,4,94.2324037782766,1,32504.4970863384,14.655337365173,5973.45587239742,25,7
104,5,86.0629586126381,1,33978.6504735693,14.655337365173,6248.697976168,25,3
104,6,93.8141064469748,1,35047.6501428253,14.655337365173,6469.80531701581,29,8
104,7,107.419561302932,1,35250.645428918,14.655337365173,5972.24389666907,23,8
104,8,94.6898647875127,1,36233.0561391413,14.655337365173,7006.61991257864,23,7
104,9,100.939128468162,1,35251.1146238054,14.655337365173,6681.78888745864,21,9
104,10,102.69012285735,1,36498.0220870779,14.655337365173,7165.97867477454,34,9
104,11,110.358280187656,1,37853.8185927913,14.655337365173,6218.98422599948,28,14
104,12,96.9721936750255,1,37813.2544056728,14.655337365173,7438.58452291184,30,9
104,13,99.1483290188266,1,38539.7580774274,14.655337365173,7609.38371055298,22,12
104,14,107.315469166532,1,38946.6902444542,14.655337365173,7600.17899791807,22,16
104,15,105.631233151653,1,39647.5129365517,14.655337365173,8482.17625440223,22,15
105,1,76.5050966148982,0,24093.8385559875,14.7092282578637,4979.56559093193,28,4
105,2,80.0896913488356,0,24283.2925309473,14.7092282578637,6097.3090446763,27,1
105,3,88.0698535931446,0,26820.8549050295,14.7092282578637,5406.47285231321,29,4
105,4,85.7364279654587,0,27455.6608964067,14.7092282578637,5817.49042616986,27,4
105,5,88.4174057064787,0,30610.9785253564,14.7092282578637,5707.61450644656,25,3
105,6,86.0700513985707,0,29909.7815387409,14.7092282578637,6509.71908142302,27,4
105,7,87.3310779724926,0,31855.6951492245,14.7092282578637,6746.58604737967,23,4
105,8,95.0915173515229,0,30994.4544738554,14.7092282578637,6788.68995590594,34,5
105,9,98.7483005408735,0,33573.0090820492,14.7092282578637,6419.05144221532,27,13
105,10,99.9425752834711,0,34667.6072386666,14.7092282578637,6518.8731402151,21,12
105,11,89.0722725557407,0,37991.9354754153,14.7092282578637,7207.06141261363,27,7
105,12,99.8536667796901,0,37873.3180262119,14.7092282578637,7072.56394446058,23,9
105,13,102.718373741699,0,39433.5322966025,14.7092282578637,7330.02766594676,27,10
105,14,98.5698494872503,0,40853.0449787939,14.7092282578637,8352.80027813539,22,12
105,15,101.197840447675,0,41285.8086322792,14.7092282578637,8293.4239728818,28,13
106,1,85.1490095534052,1,33651.2324321202,18.0167198229019,6131.09320795187,23,1
106,2,88.1088514552862,1,35536.4350813983,18.0167198229019,5712.45519840351,28,2
106,3,85.2749545646286,1,35326.0975012776,18.0167198229019,5583.27109804402,23,2
106,4,91.2694885986355,1,36102.7985999662,18.0167198229019,5158.67542003396,29,4
106,5,98.9000214482243,1,35233.1694664536,18.0167198229019,6427.31188105647,25,1
106,6,87.6952274464709,1,36926.0335819246,18.0167198229019,5783.47298369252,24,5
106,7,92.9606829873739,1,37719.6262298055,18.0167198229019,7054.33441997871,23,7
106,8,111.388989901148,1,37450.4719134409,18.0167198229019,7631.11037360277,21,8
106,9,104.345260159873,1,38902.2878423107,18.0167198229019,6334.01253900595,23,10
106,10,121.883093358792,1,41437.6891348165,18.0167198229019,6555.24628821769,18,12
106,11,106.943372059455,1,39168.921562898,18.0167198229019,7625.93389511208,26,12
106,12,107.48904929223,1,41375.6961965096,18.0167198229019,7342.08262111115,24,13
106,13,105.847089145062,1,40428.2211659919,18.0167198229019,8076.06647800385,26,8
106,14,112.154943780346,1,42533.3328154669,18.0167198229019,8201.79024557982,24,13
106,15,113.682569103331,1,41818.8050208878,18.0167198229019,7990.60730349046,23,14
107,1,77.0055566131296,1,34390.0206337242,11.9892590748007,4784.76372649128,36,1
107,2,90.9680341393562,1,33039.4597003519,11.9892590748007,6028.32368264842,25,0
107,3,88.530785008927,1,34836.6073809701,11.9892590748007,5262.96121131364,24,2
107,4,102.560754645189,1,36665.6760921497,11.9892590748007,6278.01630734642,21,4
107,5,88.115464782748,1,35610.1158630383,11.9892590748007,6391.39657732339,23,4
107,6,95.8465943570486,1,36234.4224733965,11.9892590748007,5168.98146029677,25,5
107,7,97.9296247911334,1,38253.2404965023,11.9892590748007,5440.62755248971,26,7
107,8,104.554328586199,1,39393.5768549864,11.9892590748007,6185.4568816035,25,7
107,9,107.069267934985,1,40348.615531644,11.9892590748007,7613.43952961937,18,9
107,10,105.636808740948,1,37980.1152116192,11.9892590748007,6737.87770308276,23,8
107,11,102.4821719145,1,37826.834062503,11.9892590748007,7073.65137623823,31,10
107,12,113.216659031576,1,40041.3551126919,11.9892590748007,7169.68974751327,24,13
107,13,103.136567214999,1,40334.0263316436,11.9892590748007,6279.02084166673,23,15
107,14,111.117026724646,1,41691.8692388658,11.9892590748007,8462.44003222138,25,10
107,15,127.7981000536,1,41065.1044892953,11.9892590748007,8429.60159192541,23,17
108,1,72.6185546902293,1,30626.3465198024,7.51251955805358,5321.00715802627,27,0
108,2,80.0877832078513,1,32709.102229348,7.51251955805358,4760.79694706652,25,0
108,3,80.0228503553031,1,32087.1507994512,7.51251955805358,6272.67738461727,23,3
108,4,82.7181860225579,1,33337.211590982,7.51251955805358,6121.24254947748,20,7
108,5,82.3720694085954,1,33869.3104435976,7.51251955805358,6312.19828183838,23,3
108,6,76.951840329528,1,34070.1374127689,7.51251955805358,6602.50924472992,29,6
108,7,92.7424774300333,1,34309.6146044915,7.51251955805358,6457.13310007842,28,6
108,8,93.0904043186488,1,35236.6943587607,7.51251955805358,6929.36262282977,23,5
108,9,99.8949579251128,1,34355.5316687215,7.51251955805358,6846.70325378909,22,5
108,10,93.4498661312332,1,38312.3300879049,7.51251955805358,7548.16063667197,25,8
108,11,96.4893810843436,1,36168.5806767593,7.51251955805358,7512.58421509697,24,13
108,12,96.611661374536,1,37902.807457219,7.51251955805358,7732.02209048075,19,12
108,13,108.947338506974,1,38852.9933293603,7.51251955805358,7957.343886326,21,15
108,14,99.3652720082783,1,41158.6691663393,7.51251955805358,7632.60822466636,27,15
108,15,98.9277181884927,1,40740.807948461,7.51251955805358,8317.97884000052,25,18
109,1,67.7542461624579,0,12046.3814361255,9.69474891895452,5730.60763773561,25,2
109,2,78.6473668516128,0,11637.2659940852,9.69474891895452,5598.52191596914,25,4
109,3,71.1852488535338,0,14432.2079888469,9.69474891895452,5132.24095248073,21,0
109,4,78.9692910729472,0,14077.1790555927,9.69474891895452,5532.07919799929,26,1
109,5,76.8766424455535,0,14966.8171514329,9.69474891895452,5678.96127034062,24,3
109,6,73.2235865950703,0,16126.3956148628,9.69474891895452,6656.89901986152,30,4
109,7,77.7909298540227,0,14595.9740749938,9.69474891895452,6604.71560067758,26,6
109,8,78.4309605372404,0,16897.0240121508,9.69474891895452,6356.48752908078,26,6
109,9,87.0309578910114,0,17951.3139699244,9.69474891895452,7376.7175331783,25,8
109,10,83.2944666862153,0,17799.502169873,9.69474891895452,7177.36615658074,22,11
109,11,86.6611416386614,0,19407.7436350039,9.69474891895452,7303.30125340248,28,13
109,12,79.5444997455774,0,19503.5744810194,9.69474891895452,7365.47786009332,26,11
109,13,79.4405852009767,0,21274.0039383764,9.69474891895452,6775.68998126789,26,15
109,14,95.5135589510723,0,20098.7699823039,9.69474891895452,9180.01883816027,29,15
109,15,88.1460337124811,0,22997.3494910283,9.69474891895452,7669.40768682798,26,14
110,1,80.5297097200914,0,51060.1159149405,13.2254655145204,5119.8795551112,21,0
110,2,82.813203367639,0,53760.4535474171,13.2254655145204,5064.58374903507,20,2
110,3,92.9021965823777,0,51972.727393388,13.2254655145204,5950.26267390534,25,3
110,4,86.9144083241099,0,55113.0754423831,13.2254655145204,6054.31581755141,30,0
110,5,94.5839342802937,0,55974.3767321509,13.2254655145204,5812.21441379222,23,3
110,6,94.6791122756181,0,58260.5342292778,13.2254655145204,6051.31383105335,25,5
110,7,96.2710373244112,0,56864.7237488726,13.2254655145204,5514.36997509313,25,6
110,8,96.7338129071315,0,59020.7280841565,13.2254655145204,7277.58602990396,27,6
110,9,92.2651186359185,0,61406.0448581194,13.2254655145204,6496.49619422191,27,6
110,10,105.791456055809,0,62431.7812048921,13.2254655145204,6829.9538451265,27,9
110,11,98.195690970333,0,63299.9659314285,13.2254655145204,7509.12323432686,27,10
110,12,98.4076856595298,0,64356.9263726345,13.2254655145204,7115.91456189324,24,9
110,13,108.824355335526,0,63524.5385928741,13.2254655145204,7352.31810980981,24,11
110,14,102.154771807382,0,67168.8667456163,13.2254655145204,6861.06431250512,26,16
110,15,104.976447843752,0,67658.3048534239,13.2254655145204,7839.39510072216,28,14
111,1,84.7680200864144,1,27525.1407903118,17.7004090046842,4519.27353868287,27,2
111,2,85.4317659895977,1,30148.6384808108,17.7004090046842,5800.23912761395,26,0
111,3,96.2558026557664,1,32258.0995075892,17.7004090046842,5546.91635134739,31,4
111,4,95.8218259351659,1,32990.3612661493,17.7004090046842,5824.21595566933,25,5
111,5,91.7583306812144,1,32637.5306666232,17.7004090046842,6833.22693723608,25,2
111,6,93.983913460465,1,35158.6493205899,17.7004090046842,4878.5830275956,26,5
111,7,98.7126804471376,1,34836.3361620006,17.7004090046842,6263.16189457829,28,5
111,8,93.7382289857731,1,36597.500388542,17.7004090046842,6502.0103212482,28,10
111,9,107.254748338227,1,38126.3160595854,17.7004090046842,7191.57239419676,24,8
111,10,110.596850716935,1,38570.6013825652,17.7004090046842,6512.8018352405,29,11
111,11,106.461443638227,1,38509.5646804042,17.7004090046842,6987.0852390664,22,10
111,12,106.289375326021,1,40964.4915313201,17.7004090046842,7092.21390107709,25,12
111,13,118.603599399229,1,42604.1811856432,17.7004090046842,7755.61705366172,20,13
111,14,110.765081153121,1,41179.7966014215,17.7004090046842,7787.38023476907,23,13
111,15,114.164132093366,1,42909.0406373824,17.7004090046842,8230.50167972179,23,14
112,1,80.9020835661132,0,37041.6964107849,12.3300273703192,4925.71835594178,23,1
112,2,86.646731839878,0,36014.537737391,12.3300273703192,5252.77007390297,23,1
112,3,88.5413604212775,0,35975.6455089657,12.3300273703192,5522.99241151134,27,1
112,4,90.1084992272303,0,38028.8139630332,12.3300273703192,5680.95298876623,21,6
112,5,95.5111440497561,0,40418.4944622055,12.3300273703192,5386.66870864032,23,6
112,6,101.206063070145,0,38818.6487384128,12.3300273703192,7072.31598626026,27,6
112,7,95.4233143250871,0,40760.6842269647,12.3300273703192,7051.20796584509,19,8
112,8,89.5682834765088,0,42799.4098221232,12.3300273703192,6531.08032383546,27,7
112,9,89.2286077307319,0,42712.8988846556,12.3300273703192,6825.02015206913,23,8
112,10,96.513998539028,0,44061.3821711279,12.3300273703192,6640.53685111021,27,9
112,11,96.409052909366,0,45946.9349632511,12.3300273703192,7356.16020560934,21,9
112,12,93.6394267902986,0,46052.2177010664,12.3300273703192,6681.46790006772,23,10
112,13,105.757466557682,0,46571.128827493,12.3300273703192,7852.89323432719,24,12
112,14,103.648587510442,0,47299.4162706134,12.3300273703192,6794.08058344368,24,15
112,15,91.5351670831316,0,46478.5049452021,12.3300273703192,7481.72518548744,22,12
113,1,79.8535042107449,0,33551.4321169346,15.4211604753854,6177.28806357288,26,1
113,2,94.6120644616352,0,33776.4451405691,15.4211604753854,5360.97790990541,26,3
113,3,71.0757178227215,0,34160.0625481718,15.4211604753854,5470.8253682221,29,1
113,4,88.5243573999232,0,34335.7454528768,15.4211604753854,5741.52466946769,28,4
113,5,82.200030132604,0,33529.6005212031,15.4211604753854,5740.18227891231,22,0
113,6,78.2739576716365,0,35476.3454514833,15.4211604753854,6674.3819512983,24,8
113,7,87.7224087336529,0,37099.8110899266,15.4211604753854,6281.25513541748,28,6
113,8,94.0145474533862,0,35755.2453300634,15.4211604753854,6957.63515077136,21,6
113,9,91.0817483784688,0,35088.2123376369,15.4211604753854,7712.36070283466,20,11
113,10,96.9882534773603,0,39249.192750502,15.4211604753854,7776.39072633114,26,13
113,11,96.3131561683295,0,37368.9902387322,15.4211604753854,6966.11521194354,22,13
113,12,100.851342186249,0,39595.7280713732,15.4211604753854,7377.41363717217,26,12
113,13,93.5007304232777,0,39601.528236396,15.4211604753854,7999.25785553098,32,11
113,14,98.5313890322028,0,41157.3141613711,15.4211604753854,7401.88906852193,27,12
113,15,97.4966665419624,0,39979.5907717806,15.4211604753854,7510.2250248386,27,13
114,1,91.730492073215,1,38523.7338014394,14.3042439140768,5360.38810165877,24,2
114,2,88.8640005388024,1,41183.2287598297,14.3042439140768,6097.63783128445,29,0
114,3,88.3061017206989,1,42234.293055143,14.3042439140768,5449.25137537356,21,3
114,4,90.8988001657292,1,41023.0745631604,14.3042439140768,5881.65014599717,28,7
114,5,90.2338289304286,1,41501.1951793981,14.3042439140768,5165.11354916855,28,5
114,6,93.2133376113914,1,42700.4900832313,14.3042439140768,6725.63405185743,20,5
114,7,107.313660854246,1,41912.3963455963,14.3042439140768,6112.94691985359,22,6
114,8,98.2339885304454,1,43709.5516394589,14.3042439140768,6820.94943934952,21,9
114,9,101.390320311037,1,42848.9059359963,14.3042439140768,6314.14625320929,26,7
114,10,110.424148049431,1,44167.8307747903,14.3042439140768,6682.64778427684,27,8
114,11,100.9018629238,1,45886.9863740998,14.3042439140768,8306.04044221784,22,8
114,12,109.360458495768,1,44955.9418811584,14.3042439140768,8374.89407516604,28,14
114,13,117.759740660383,1,47196.5483660308,14.3042439140768,7210.7063380167,22,10
114,14,111.747307143665,1,47474.659253151,14.3042439140768,8177.9723972844,19,13
114,15,106.75189212011,1,49033.0151800465,14.3042439140768,7607.99186625938,22,15
115,1,75.9944451064576,1,39474.2815739016,8.495725133648,4996.84792905276,27,2
115,2,77.1419463566882,1,37500.5858405304,8.495725133648,5839.25163030391,25,2
115,3,75.0582830161483,1,39233.9434442585,8.495725133648,5530.88329322627,25,3
115,4,87.7411016659291,1,41169.3114063052,8.495725133648,6564.49253879489,26,0
115,5,85.8286131906615,1,40577.03606649,8.495725133648,6552.03056973932,22,4
115,6,87.4752746101159,1,40491.5206509979,8.495725133648,5455.43932539656,28,5
115,7,95.994816850924,1,40915.1058604564,8.495725133648,6009.13542410381,23,8
115,8,91.7874446945194,1,44080.4639826351,8.495725133648,6139.9848880674,23,6
115,9,95.6940927010229,1,46046.854398664,8.495725133648,7196.26146449894,22,9
115,10,102.05159953105,1,43167.4054235232,8.495725133648,6653.55970336847,23,11
115,11,101.67235491177,1,45092.5860241104,8.495725133648,6711.34755469564,28,10
115,12,102.014783365805,1,44181.3225880281,8.495725133648,7261.95827078103,27,9
115,13,96.4437098257343,1,46586.4059535107,8.495725133648,7182.16266656965,24,9
115,14,107.077462883722,1,46976.8978959984,8.495725133648,7417.57804048667,22,12
115,15,99.4802180636558,1,48039.3674880511,8.495725133648,8601.75572638574,24,15
116,1,84.2160872208461,0,32527.1142436687,11.4866620432054,4685.33063734502,22,1
116,2,77.4294113266702,0,29544.1845970965,11.4866620432054,4552.74661614192,23,1
116,3,87.15056176251,0,32685.5836999547,11.4866620432054,6196.28462412441,22,4
116,4,92.2656408715287,0,35396.7332376518,11.4866620432054,6568.88737310008,24,5
116,5,83.8564751107326,0,34263.6582002167,11.4866620432054,6655.6664027631,23,1
116,6,87.4599440776037,0,35365.9432531645,11.4866620432054,5950.64692126442,24,5
116,7,92.1637039728034,0,37544.2006494626,11.4866620432054,6991.56591424786,26,4
116,8,107.359322221585,0,40107.0477816653,11.4866620432054,6458.97074888705,26,9
116,9,88.0186564122523,0,39773.976793996,11.4866620432054,6956.48177720666,23,4
116,10,92.1187074677196,0,40401.9155863148,11.4866620432054,6469.36240041818,27,9
116,11,99.589293763541,0,42808.8606215778,11.4866620432054,7577.53672765418,19,11
116,12,104.176763098503,0,42031.0980343666,11.4866620432054,6666.34616741265,28,10
116,13,104.834919901082,0,43884.0674041824,11.4866620432054,7012.7467273709,28,13
116,14,101.720079820085,0,47756.5905459526,11.4866620432054,7088.19914037022,27,9
116,15,106.399854172944,0,48439.5485449961,11.4866620432054,8630.83264975086,25,15
117,1,70.7551137430426,1,31279.3002328604,15.9157846090431,4319.59380728744,22,1
117,2,85.3819809874514,1,34498.8674052036,15.9157846090431,5646.86177124099,20,0
117,3,81.1677027493459,1,32004.4102806881,15.9157846090431,6064.78441962877,28,5
117,4,81.2202062988354,1,34290.1914064482,15.9157846090431,6521.75612127205,25,3
117,5,84.7340094128794,1,35464.6052804084,15.9157846090431,6989.33507602939,30,6
117,6,94.2907481199179,1,34164.5945018814,15.9157846090431,5498.06059766826,22,6
117,7,103.372858023045,1,37288.5210577952,15.9157846090431,6914.64422967873,21,8
117,8,100.185600708264,1,37663.4838488639,15.9157846090431,5896.02071023322,22,8
117,9,95.0582459511081,1,36202.0766130321,15.9157846090431,6773.21219036187,24,9
117,10,105.303562683213,1,38425.9089391137,15.9157846090431,7477.83805061505,21,9
117,11,101.573613778951,1,37929.3912909476,15.9157846090431,6920.85947890545,31,8
117,12,105.580052782227,1,38810.9091882111,15.9157846090431,7462.71315810697,20,11
117,13,101.73270825644,1,39259.7546726022,15.9157846090431,8507.55517156572,20,10
117,14,119.606371623446,1,37732.5472047243,15.9157846090431,7881.51840771942,24,14
117,15,111.128673161411,1,37418.5498722233,15.9157846090431,7638.26681458845,22,16
118,1,88.6384329766018,1,25668.2663457489,14.6282883287877,5490.47746549871,21,4
118,2,72.0467173159605,1,24720.5411416584,14.6282883287877,4995.14350674979,32,0
118,3,80.8763744764553,1,25891.0044023013,14.6282883287877,5517.42611637929,22,2
118,4,81.7548936976412,1,25348.6045541876,14.6282883287877,6218.08117950851,28,1
118,5,81.8787289350656,1,28700.333844665,14.6282883287877,5583.05337775299,29,5
118,6,79.8581458035838,1,30433.4717281757,14.6282883287877,6908.16963677118,23,5
118,7,89.2099171059722,1,31148.0759681417,14.6282883287877,6933.70617100112,26,7
118,8,98.5565297812795,1,28622.7897712047,14.6282883287877,6538.45067504918,19,13
118,9,93.4374838356595,1,30632.1197256984,14.6282883287877,7172.12158016659,23,10
118,10,93.4515520134259,1,32796.6302564914,14.6282883287877,7663.99781021195,23,8
118,11,104.511914546169,1,34421.8903844558,14.6282883287877,6505.02656594799,26,10
118,12,101.22536736857,1,34207.3719988292,14.6282883287877,7713.197320996,29,12
118,13,103.697072175285,1,34918.9221438645,14.6282883287877,6914.26452397499,20,12
118,14,105.580480623824,1,37033.4683125136,14.6282883287877,7583.63198711532,29,15
118,15,105.596186460145,1,36887.2501549394,14.6282883287877,8749.95303057895,30,13
119,1,84.6773877441342,1,39593.4415378521,13.3913884247034,5547.82481374468,24,0
119,2,87.7443864517673,1,36418.9949844011,13.3913884247034,6290.07164138719,20,2
119,3,95.2010930639351,1,39447.8357402543,13.3913884247034,5907.62494740637,26,3
119,4,92.9215632875066,1,37637.2694746773,13.3913884247034,6274.67301173027,25,1
119,5,96.5682625205357,1,39833.8269127727,13.3913884247034,4740.1979296909,22,9
119,6,93.3408566340414,1,42507.0402626715,13.3913884247034,5506.47431970188,30,4
119,7,109.530243424485,1,42839.0247013885,13.3913884247034,6538.85004991487,22,9
119,8,109.193363360088,1,41011.9486275204,13.3913884247034,5485.34390823733,25,8
119,9,108.283657486828,1,41630.2643878789,13.3913884247034,6629.34086807745,26,8
119,10,107.814513504553,1,43859.0214124675,13.3913884247034,6687.99167515378,20,12
119,11,116.723317388489,1,43542.4920825337,13.3913884247034,7429.20336782198,29,16
119,12,105.591671576276,1,45595.7919846618,13.3913884247034,7413.98311083557,30,12
119,13,115.592699940705,1,44900.6365344912,13.3913884247034,8072.47000345226,26,14
119,14,115.138208891128,1,44969.0051509697,13.3913884247034,7470.16661441985,28,11
119,15,124.965397600352,1,46843.512547596,13.3913884247034,8044.21438946074,23,16
120,1,87.2183133423488,0,26220.6808361259,13.4313427361306,4572.62962590474,24,0
120,2,94.1550111955725,0,29664.7316162422,13.4313427361306,5718.47905178742,26,5
120,3,80.3625720001209,0,29376.4822485365,13.4313427361306,4994.74043332106,25,0
120,4,87.628680885056,0,30806.6453050151,13.4313427361306,6163.0118754613,22,0
120,5,101.081725699905,0,33358.2755188051,13.4313427361306,7333.45669680625,25,6
120,6,91.4631957376639,0,34968.703611327,13.4313427361306,6180.00878001264,28,5
120,7,95.0660847691659,0,34191.130331095,13.4313427361306,6689.54433636441,22,7
120,8,94.6675142942443,0,35710.614929685,13.4313427361306,7198.0743897733,23,10
120,9,95.6082078471799,0,37819.5745909389,13.4313427361306,7047.45282876633,21,10
120,10,100.905760539436,0,37469.2128440534,13.4313427361306,7650.39632531039,27,8
120,11,90.8256205892837,0,37733.2474037903,13.4313427361306,6722.84193886069,22,7
120,12,103.628202663195,0,40904.2718150565,13.4313427361306,6481.90663588058,26,14
120,13,103.280662854413,0,39518.6350892626,13.4313427361306,7874.30629968018,22,8
120,14,102.907324149635,0,41931.2146797401,13.4313427361306,7732.00965670848,21,14
120,15,112.005955964572,0,42907.510911064,13.4313427361306,7780.31413188965,24,15
121,1,83.733445343726,1,49383.6023659433,10.5257840993718,5289.98675241473,21,0
121,2,85.7139588064842,1,47724.8978201673,10.5257840993718,4865.58415360727,29,0
121,3,92.0216941740037,1,50463.7662041143,10.5257840993718,5031.27497788563,25,1
121,4,96.6546088596871,1,52889.1392490529,10.5257840993718,6348.75020416752,24,2
121,5,107.778705268752,1,51726.115535299,10.5257840993718,6569.89163312227,20,6
121,6,92.2345170287148,1,52148.1028771297,10.5257840993718,6096.89567887399,17,7
121,7,108.990646834321,1,52673.1664516045,10.5257840993718,7037.01100313527,29,7
121,8,100.238767907465,1,53036.7265126474,10.5257840993718,6946.37722746328,30,7
121,9,105.132238872604,1,54629.6473821946,10.5257840993718,6926.88972742834,27,11
121,10,118.576365506588,1,55648.5662584465,10.5257840993718,6114.60234893238,22,13
121,11,105.56576797615,1,57076.6511724708,10.5257840993718,7769.73461734409,29,10
121,12,112.502136302294,1,54634.0140058619,10.5257840993718,8224.02550453252,27,13
121,13,111.161032412485,1,57167.6184970585,10.5257840993718,7701.02768580765,21,15
121,14,113.130341835925,1,57191.1910784169,10.5257840993718,7751.15389939563,30,11
121,15,130.302212411868,1,58201.8709289578,10.5257840993718,8068.41211438066,19,17
122,1,71.5409877432638,0,16588.6162130008,8.04184405996739,5249.15143657639,19,2
122,2,75.684246273484,0,18494.5695459711,8.04184405996739,4702.90671116154,26,2
122,3,70.7312463187729,0,18124.1689881544,8.04184405996739,5202.07182962882,21,2
122,4,74.4032976867965,0,20766.2106986126,8.04184405996739,6409.27919323901,18,5
122,5,81.3268922642405,0,19989.0422524263,8.04184405996739,5958.07001638623,21,5
122,6,74.2730531103597,0,21827.5039946577,8.04184405996739,6050.70801463381,33,3
122,7,90.6396352451472,0,20465.4486860932,8.04184405996739,6734.35882775922,26,9
122,8,80.9577898807934,0,23748.372871048,8.04184405996739,7222.97790550273,20,7
122,9,88.1089915989755,0,25357.853554589,8.04184405996739,6389.33941685106,23,6
122,10,88.2415205583663,0,25845.0181805949,8.04184405996739,7031.46394953647,26,13
122,11,83.7846843191348,0,26961.2529330639,8.04184405996739,6900.37648640729,24,9
122,12,81.7386791671658,0,25380.3617992236,8.04184405996739,7537.29077951639,26,9
122,13,92.5189110692376,0,27395.7278580443,8.04184405996739,8353.41991427828,24,13
122,14,98.8694927400924,0,28324.0529035318,8.04184405996739,8416.33037047519,27,11
122,15,94.353321993131,0,29942.6741871779,8.04184405996739,8128.95276037489,27,12
123,1,79.7445373683006,0,26700.4099913928,15.8862773724939,5140.52817990823,27,3
123,2,73.6774462602267,0,27245.0027635756,15.8862773724939,5121.41189975555,24,0
123,3,87.2584302589649,0,29706.4997413627,15.8862773724939,4617.46507557564,20,2
123,4,87.9151558629352,0,29699.3964309383,15.8862773724939,5281.60854169449,30,5
123,5,86.1008209833039,0,27432.1064848973,15.8862773724939,6097.35721258365,23,0
123,6,90.9621803690445,0,29384.0301332337,15.8862773724939,5478.07411652242,23,7
123,7,86.2915324800046,0,29356.5725504902,15.8862773724939,6628.05751533636,32,6
123,8,92.1239055724121,0,33900.4055828318,15.8862773724939,6845.53515590555,27,7
123,9,95.7847834866428,0,31014.5758298606,15.8862773724939,6405.4654742299,24,6
123,10,103.361638260817,0,33237.0399563055,15.8862773724939,7120.10298050017,27,8
123,11,93.0096539423527,0,32765.3612335717,15.8862773724939,7508.31855536061,26,9
123,12,93.554435137355,0,33358.0100063301,15.8862773724939,6823.70184062806,25,11
123,13,98.2781451077678,0,34324.5065568825,15.8862773724939,6629.15174750573,23,11
123,14,96.7552697223272,0,34266.7159218351,15.8862773724939,8141.25049760716,28,14
123,15,101.154285468364,0,35822.3862272232,15.8862773724939,8602.33894118538,27,12
124,1,67.615078197411,0,38143.5659608301,7.73934152499921,6213.89817753387,24,0
124,2,71.268052550964,0,36879.3495269111,7.73934152499921,5627.26357851896,27,2
124,3,72.3078719297656,0,38989.5364453069,7.73934152499921,4838.00146638652,24,3
124,4,73.7967531159337,0,40002.4989198527,7.73934152499921,5252.2298693595,25,2
124,5,91.7750734135915,0,41000.4510021019,7.73934152499921,5767.47307378434,29,7
124,6,85.6276531140415,0,43552.5434989278,7.73934152499921,6608.13263344583,26,7
124,7,81.2344527954372,0,44954.9889333546,7.73934152499921,6560.86510633602,26,8
124,8,93.2046930486725,0,43526.8642349656,7.73934152499921,6507.79911088805,27,10
124,9,91.0832817357179,0,45970.8039352275,7.73934152499921,6332.68048176102,23,11
124,10,89.8152852650722,0,45240.3038287675,7.73934152499921,7362.60525764729,21,8
124,11,95.0084668978669,0,46833.694663382,7.73934152499921,7641.3262227024,28,11
124,12,97.2277631846414,0,48669.9438689701,7.73934152499921,7889.54345941096,28,12
124,13,88.2191461946766,0,49163.2588214998,7.73934152499921,6925.57901804417,27,12
124,14,92.0536679527518,0,49652.4346927639,7.73934152499921,8241.63952369728,28,13
124,15,92.7126487919485,0,50056.1396394222,7.73934152499921,7365.29244276373,29,13
125,1,76.0992624098447,0,34866.0497360901,9.18331224088251,5410.33551334003,23,0
125,2,71.1165405493927,0,36327.0702162937,9.18331224088251,5986.99188400056,29,0
125,3,89.4118627934367,0,37933.5618807372,9.18331224088251,5272.14608306567,25,4
125,4,87.7930591913363,0,37592.2671426572,9.18331224088251,6248.65302090178,17,0
125,5,82.5864439703938,0,40151.5958265583,9.18331224088251,5796.04283032763,26,6
125,6,94.5488839343084,0,39497.7561906434,9.18331224088251,6356.8801104845,26,3
125,7,98.666157882566,0,41212.2396371828,9.18331224088251,7528.6328589789,14,6
125,8,96.6792225593917,0,43305.4847268788,9.18331224088251,6561.43852976951,21,7
125,9,98.1481780986797,0,43259.3479805727,9.18331224088251,6415.29981100189,21,13
125,10,101.704815056829,0,44269.0232435402,9.18331224088251,6794.52730602629,23,8
125,11,99.1381736467173,0,46098.0425903325,9.18331224088251,6997.10892479548,24,9
125,12,98.2626871712656,0,47277.5657135925,9.18331224088251,7783.05286835011,26,13
125,13,98.8841196101941,0,49273.3690044859,9.18331224088251,7005.2453815233,26,13
125,14,96.6955196692086,0,49202.2569232402,9.18331224088251,7484.81711912381,19,10
125,15,118.608872949311,0,48831.6107582438,9.18331224088251,8405.1126830533,24,13
126,1,68.7808938881615,1,25818.4577943466,13.8868949775595,5264.62060642663,23,0
126,2,88.5063768645282,1,27033.9696260929,13.8868949775595,6636.83257442921,25,2
126,3,83.0733944652753,1,27922.2567064167,13.8868949775595,5723.04059256897,24,5
126,4,98.0989019079638,1,30366.632199211,13.8868949775595,5460.82344884014,21,3
126,5,92.262866706239,1,33736.6377943409,13.8868949775595,5512.86459796469,23,3
126,6,94.6158404990362,1,33219.1843709815,13.8868949775595,6830.98651899635,26,3
126,7,104.288364687224,1,33460.3215411353,13.8868949775595,6009.16340825186,23,9
126,8,86.6228336677606,1,35308.9724862015,13.8868949775595,6676.12062763352,24,6
126,9,98.1731427583931,1,37438.217744169,13.8868949775595,6480.98446012821,20,8
126,10,105.433843701471,1,36876.3265275121,13.8868949775595,7591.74870221013,24,7
126,11,100.920931777484,1,39040.2183764884,13.8868949775595,7543.30422493742,25,10
126,12,100.551455967311,1,40127.7812237021,13.8868949775595,7449.32909142043,21,7
126,13,108.737986984712,1,40633.391482728,13.8868949775595,8337.17650326347,31,13
126,14,97.7004577817441,1,42002.7165164405,13.8868949775595,7021.57224023789,31,10
126,15,115.609071673954,1,43788.2057140959,13.8868949775595,7934.65939057012,25,14
127,1,77.6348858044186,0,22959.0355508612,8.2134163518312,4542.97383885457,27,3
127,2,85.8195005876446,0,23605.2853292524,8.2134163518312,5516.58303123575,20,4
127,3,76.9801090630388,0,24310.3244768125,8.2134163518312,6037.16069634447,24,4
127,4,78.7469119760416,0,26154.7966644483,8.2134163518312,5979.97504300961,26,4
127,5,85.7236460267478,0,26768.3327222224,8.2134163518312,5571.01686326084,23,7
127,6,98.0695584339702,0,27411.1365742538,8.2134163518312,6032.45616676128,17,8
127,7,91.6825905808606,0,28918.9834526245,8.2134163518312,6123.12868323335,24,5
127,8,91.6009030078832,0,28928.8481924931,8.2134163518312,6377.96048643786,24,7
127,9,92.4928912054592,0,29859.0156376519,8.2134163518312,6696.78701874117,24,9
127,10,96.5168525262816,0,32994.521510182,8.2134163518312,7365.07404508579,25,8
127,11,97.2731264954792,0,31699.1194463561,8.2134163518312,6688.57293410257,26,13
127,12,94.5129631009142,0,33855.783701082,8.2134163518312,7172.63828544246,26,10
127,13,97.8655290455133,0,33531.1291934343,8.2134163518312,8309.89477010227,28,11
127,14,116.549870058471,0,35228.426257095,8.2134163518312,8206.33845613052,25,17
127,15,104.464198446498,0,36808.9183172419,8.2134163518312,8414.81960714653,26,16
128,1,66.2315628350165,0,31314.9221044225,10.3443887601816,5859.58416439478,24,0
128,2,79.4167465277527,0,34088.1508106437,10.3443887601816,5538.45695103445,25,0
128,3,69.5435882432219,0,34880.6806190078,10.3443887601816,6067.82260009616,20,1
128,4,72.4833431725724,0,35513.8123507032,10.3443887601816,5531.95375462362,21,2
128,5,75.4846346066791,0,37244.5384346659,10.3443887601816,5430.55776240893,23,5
128,6,83.0864670034187,0,38242.7699784422,10.3443887601816,5724.38747584328,27,8
128,7,83.7224259045372,0,38496.7283603255,10.3443887601816,6007.9227057103,21,7
128,8,82.7333099454934,0,39107.9677248023,10.3443887601816,5813.90289871747,22,7
128,9,84.4793284036807,0,41779.8166647077,10.3443887601816,7320.17069241916,29,8
128,10,89.7348700460615,0,41837.6169767488,10.3443887601816,6655.39068186463,26,9
128,11,91.142157909026,0,43975.7714083921,10.3443887601816,6315.93101297789,21,8
128,12,81.9899884941277,0,43531.5684831886,10.3443887601816,6858.41368382788,26,10
128,13,86.6949045049442,0,45419.2654097004,10.3443887601816,7017.34768088689,26,13
128,14,91.8897930608218,0,47789.0619646971,10.3443887601816,6843.46972918042,26,16
128,15,97.6734812010664,0,49730.9271960094,10.3443887601816,8215.11033674774,28,13
129,1,74.1841715634406,0,31104.1040256123,8.45160147965257,5315.63002056085,26,2
129,2,71.510596587604,0,30989.6752755492,8.45160147965257,4512.35944142921,19,4
129,3,77.1464056055746,0,32618.0576415377,8.45160147965257,6404.75853523192,23,4
129,4,82.4373725344263,0,35176.3159482613,8.45160147965257,5458.87097495129,26,6
129,5,84.6404986528015,0,35650.6488608942,8.45160147965257,5752.06418222214,25,6
129,6,93.0606815627953,0,36968.289724048,8.45160147965257,5964.06540919702,23,5
129,7,81.2629160622969,0,38227.2351205809,8.45160147965257,5112.92816355374,25,5
129,8,88.2230226223118,0,38657.2869257444,8.45160147965257,6757.72154526572,26,5
129,9,86.69307608294,0,40438.4837278921,8.45160147965257,6698.90505021672,30,9
129,10,99.1025510967451,0,39405.1745562524,8.45160147965257,6832.22235555864,26,13
129,11,96.8032189690058,0,41727.3185495261,8.45160147965257,7551.32322181023,22,11
129,12,97.7860245664073,0,42137.4757541262,8.45160147965257,7557.16747838061,29,13
129,13,101.981034482231,0,43727.9817522765,8.45160147965257,7276.61845160177,25,10
129,14,101.613281807462,0,45900.9256098428,8.45160147965257,7641.25850977297,23,15
129,15,102.668162127813,0,46128.6059026725,8.45160147965257,7202.47093606429,27,16
130,1,74.630420520389,1,15821.7384257306,13.8619906731869,6621.49789961244,27,3
130,2,74.5967128463846,1,16874.8460242407,13.8619906731869,4869.12365954318,27,3
130,3,74.932456932424,1,17047.286527985,13.8619906731869,5244.23875901951,26,4
130,4,79.4449285711258,1,18682.4359211793,13.8619906731869,6618.83191568334,18,4
130,5,85.7437847631276,1,19046.2782919848,13.8619906731869,6168.28986742931,27,6
130,6,75.2128801008124,1,21111.0729026621,13.8619906731869,5534.35295288589,26,8
130,7,94.6809548294287,1,20600.3976210402,13.8619906731869,6646.67612190915,20,6
130,8,82.4581108290125,1,22577.064953981,13.8619906731869,6282.13554694224,23,7
130,9,102.690472168224,1,23361.1053944717,13.8619906731869,6677.30810524551,28,7
130,10,101.957623217074,1,22978.6700621748,13.8619906731869,7453.66804358931,20,9
130,11,101.712824843733,1,25614.117038971,13.8619906731869,6695.59360114898,25,11
130,12,94.2497210550508,1,24988.1746188378,13.8619906731869,6956.05747601906,23,10
130,13,96.5584771797164,1,25082.056909099,13.8619906731869,7628.58700467211,29,12
130,14,101.877087406283,1,26582.8996999721,13.8619906731869,7153.50895430638,30,16
130,15,99.9000143935559,1,26291.1628479435,13.8619906731869,7986.71429488603,26,13
131,1,71.1155286429235,1,31822.8092642973,13.3389390499143,4421.68060615229,27,0
131,2,84.0968734506523,1,31172.0554442747,13.3389390499143,5014.47671562665,21,3
131,3,92.2218100938588,1,34255.6238150511,13.3389390499143,6578.48243827003,24,5
131,4,80.4097182817623,1,31783.8317420024,13.3389390499143,6083.62212086329,25,2
131,5,79.8515918200209,1,33640.9856530619,13.3389390499143,5923.61603898883,22,2
131,6,92.8803003600851,1,35310.5073305524,13.3389390499143,5620.21993433674,22,6
131,7,91.9751651611506,1,35843.5631506987,13.3389390499143,6797.29888821406,25,5
131,8,93.4119095441767,1,38786.6132896509,13.3389390499143,6067.06823469573,30,5
131,9,102.581105039365,1,38274.6495940573,13.3389390499143,6543.35396508824,28,10
131,10,105.86847809481,1,39585.287429265,13.3389390499143,6467.04506258902,28,12
131,11,107.396451822764,1,40833.2600186283,13.3389390499143,6878.41210628109,22,14
131,12,93.9982582825461,1,41174.1758603112,13.3389390499143,7808.70702404793,25,6
131,13,105.166466081204,1,42877.7153942468,13.3389390499143,7285.44432947924,19,12
131,14,102.726014232991,1,43251.8290311401,13.3389390499143,8545.53323857726,24,16
131,15,102.523884336414,1,44405.7340561142,13.3389390499143,8116.92490189052,21,14
132,1,71.0333844559391,1,30641.4362188896,13.2656540798211,5196.10029765431,28,0
132,2,84.0734189200243,1,31606.7231068784,13.2656540798211,4742.54159749459,25,4
132,3,81.9287007405306,1,31112.2385126675,13.2656540798211,5767.69288886732,20,3
132,4,94.0028925496123,1,33690.974292615,13.2656540798211,5753.41632644718,17,5
132,5,87.9635293330452,1,35981.6048102618,13.2656540798211,6323.29810689168,29,6
132,6,73.1536978554808,1,34177.0466395525,13.2656540798211,5715.33413391919,25,5
132,7,89.7307732094898,1,36076.1138517217,13.2656540798211,7240.59559359208,26,9
132,8,103.706730159042,1,36807.6079513651,13.2656540798211,6778.65370629353,22,8
132,9,93.6000705327447,1,37210.7793441735,13.2656540798211,6329.90042928557,26,9
132,10,100.161737364957,1,37293.6314881456,13.2656540798211,7029.77801321586,25,13
132,11,95.1461958938708,1,37565.3112176691,13.2656540798211,7249.3232643717,22,7
132,12,96.9709793830786,1,38152.2884573928,13.2656540798211,7562.22111786128,24,10
132,13,95.9299981479157,1,39412.1108228619,13.2656540798211,6892.68340630939,25,14
132,14,105.842235191169,1,41299.8971444949,13.2656540798211,8225.14092531529,25,12
132,15,99.0055211952703,1,39812.3524059679,13.2656540798211,7529.55316375959,26,11
133,1,89.2937205014638,1,32038.2363548615,13.3273943164369,4940.62062462548,24,0
133,2,86.7837389162537,1,33022.9984646951,13.3273943164369,5662.33182353335,18,3
133,3,95.0813190920395,1,34478.1033643209,13.3273943164369,5388.60280820216,24,2
133,4,85.9983382291741,1,34218.3213233096,13.3273943164369,5713.0489877182,28,4
133,5,87.2801361976872,1,35850.3263138791,13.3273943164369,5575.71157408238,21,5
133,6,94.6890310058293,1,34478.8357644988,13.3273943164369,5783.54016039442,23,9
133,7,106.881494130367,1,37456.9277941365,13.3273943164369,6702.27373875077,23,6
133,8,101.57163341555,1,37597.8587125833,13.3273943164369,7087.72093478152,23,7
133,9,100.099795329409,1,37168.8019966044,13.3273943164369,6222.11886069598,21,11
133,10,101.352198090992,1,36697.048200731,13.3273943164369,6643.10049636746,24,10
133,11,104.08445069844,1,39425.0297682413,13.3273943164369,6874.89668498116,26,9
133,12,102.56952760848,1,41222.1867014185,13.3273943164369,6549.8413020542,26,8
133,13,113.746292217888,1,41635.3408313305,13.3273943164369,7491.6959520211,29,14
133,14,107.210948536882,1,41715.0787117465,13.3273943164369,7919.85210561882,23,13
133,15,113.491680371009,1,42892.2700239793,13.3273943164369,7977.04672984954,23,16
134,1,68.9571099689973,1,22760.0470027484,13.6717372391368,5038.73975558221,24,0
134,2,93.7996517337626,1,22895.8386163232,13.6717372391368,5720.48342933424,23,4
134,3,80.7688905953973,1,24746.9969631192,13.6717372391368,6969.6369290046,24,3
134,4,75.8723253601078,1,25848.9031728258,13.6717372391368,4638.80729886719,20,5
134,5,70.7508075509341,1,26057.9959070791,13.6717372391368,5122.07979285872,26,3
134,6,87.6421817152125,1,28023.2156730117,13.6717372391368,6333.11864547002,25,2
134,7,98.4939904923039,1,29179.7731647046,13.6717372391368,7141.14683974132,22,7
134,8,85.3197983651905,1,30439.7291942424,13.6717372391368,5820.45019166358,22,4
134,9,95.510215553216,1,31668.6448562261,13.6717372391368,6747.98476664972,25,8
134,10,100.059162915617,1,32412.1016891356,13.6717372391368,7617.52249563112,23,13
134,11,96.427789633069,1,33347.382744738,13.6717372391368,7642.67678565967,21,10
134,12,93.99995156839,1,33994.7464627535,13.6717372391368,7454.64512023846,23,12
134,13,108.298018179521,1,35583.1296061112,13.6717372391368,7619.16881996997,23,15
134,14,96.9874022358206,1,34909.317000444,13.6717372391368,8106.75368225432,28,13
134,15,101.664205996426,1,37877.0249772665,13.6717372391368,7892.25805632297,23,16
135,1,84.3101611843239,1,34182.4136804871,13.9180694759116,6026.76133936114,24,0
135,2,86.7282905974482,1,37963.1087064967,13.9180694759116,5121.24642265382,20,3
135,3,95.4886116693297,1,35937.4986535856,13.9180694759116,5262.20357351276,27,3
135,4,90.0289210287023,1,34554.463712158,13.9180694759116,6274.07293667149,25,6
135,5,95.4551423115851,1,39722.4356707748,13.9180694759116,6205.22599638607,19,2
135,6,103.180673727606,1,38659.954816921,13.9180694759116,6851.89843067349,23,7
135,7,104.832022745921,1,40759.8149451559,13.9180694759116,5340.47816537946,28,6
135,8,96.4694698434917,1,41300.8629257961,13.9180694759116,6529.29025243627,27,6
135,9,97.1731035386272,1,43079.6897468274,13.9180694759116,6597.45470189729,26,9
135,10,101.510125642643,1,41988.3684894624,13.9180694759116,6813.56705389188,26,8
135,11,111.845378427751,1,42610.8297508343,13.9180694759116,7715.501257699,25,9
135,12,96.0983894054903,1,45773.1171709576,13.9180694759116,6698.08585852629,25,13
135,13,116.139655093072,1,44657.8375319692,13.9180694759116,7663.78015415357,21,10
135,14,114.581534293916,1,44990.9677102985,13.9180694759116,8370.07466530971,29,15
135,15,113.75026197695,1,48210.8881518779,13.9180694759116,8351.07333296148,27,15
136,1,80.654191323369,1,41854.7742864086,6.09401532997734,4289.07747943052,23,2
136,2,72.6421606689425,1,45089.708252713,6.09401532997734,5143.22124086666,24,1
136,3,77.4944502132847,1,44046.5851172838,6.09401532997734,5110.89590401239,25,1
136,4,92.3024847062289,1,44241.3542206129,6.09401532997734,5337.23639985957,23,2
136,5,87.8858064197767,1,44858.7338774044,6.09401532997734,5566.36201207505,19,4
136,6,81.7185117901698,1,48061.998566928,6.09401532997734,6557.84073847995,23,3
136,7,90.3349386968123,1,46053.9334757179,6.09401532997734,5877.97220514717,25,6
136,8,94.0784278331566,1,48777.2948715854,6.09401532997734,6999.80293742207,23,7
136,9,108.036700856445,1,49613.4843078459,6.09401532997734,6814.03469486596,21,13
136,10,103.49184696958,1,49370.469827285,6.09401532997734,6401.31934913222,26,10
136,11,96.8974555173953,1,52370.465105074,6.09401532997734,7323.73809976536,29,7
136,12,98.3490368852327,1,50978.5632271063,6.09401532997734,7969.30355218849,19,12
136,13,113.605383733933,1,52598.2183000438,6.09401532997734,7779.52040643467,23,13
136,14,107.040299555032,1,53896.7900281413,6.09401532997734,8283.02361217781,18,12
136,15,113.704722926451,1,56723.7590640153,6.09401532997734,8189.09270646508,26,14
137,1,86.7981595908735,1,34857.4172558158,11.5535509159204,5264.07492264248,18,0
137,2,81.0043404305829,1,36566.1868386957,11.5535509159204,4327.64365087835,26,3
137,3,85.8882799667949,1,34698.449978424,11.5535509159204,6103.87105043598,26,4
137,4,86.5786968007086,1,34273.9460869052,11.5535509159204,5021.40455316469,24,3
137,5,88.5347745161813,1,37501.1169709339,11.5535509159204,5312.57294541376,27,6
137,6,88.9546049540265,1,35575.6649781277,11.5535509159204,6442.0472967073,28,6
137,7,98.8191004043626,1,36454.2974059818,11.5535509159204,6609.60886149696,26,7
137,8,110.167982151154,1,38999.6517641773,11.5535509159204,6764.54163399423,27,10
137,9,107.97004305935,1,38925.4787273329,11.5535509159204,7641.37624908963,22,8
137,10,103.534580591139,1,40420.6484277238,11.5535509159204,7477.86241003312,28,9
137,11,103.212861340259,1,41599.1776793944,11.5535509159204,6899.70884113724,22,7
137,12,110.62546643399,1,41671.1216128498,11.5535509159204,6854.27207357098,27,11
137,13,112.165563173709,1,41733.0805033587,11.5535509159204,8365.10403352643,24,13
137,14,100.402398473599,1,42495.142927943,11.5535509159204,7665.74648967675,29,12
137,15,106.06610733585,1,42680.324758215,11.5535509159204,7989.45940340857,26,11
138,1,73.7776831273552,1,23302.7818766637,12.3373914376557,5809.56922121449,25,0
138,2,80.9395316750147,1,22325.8763273237,12.3373914376557,5202.36496153548,26,2
138,3,72.5349577085478,1,23759.7281307404,12.3373914376557,5388.24893419609,28,1
138,4,76.6836324037021,1,22691.5653725454,12.3373914376557,5415.33662190631,21,1
138,5,79.8718745429522,1,24350.0212435184,12.3373914376557,6376.80982553723,30,7
138,6,80.0200395533348,1,22992.2490324202,12.3373914376557,5771.6403300561,23,7
138,7,83.0277993123421,1,25807.7033162205,12.3373914376557,5323.46034260087,26,9
138,8,91.0722967260143,1,24859.794302331,12.3373914376557,6065.27695299548,19,6
138,9,88.7434498457414,1,26894.2940379755,12.3373914376557,6741.03344666749,24,9
138,10,86.6683756523591,1,27466.1489020534,12.3373914376557,6528.98296568021,24,12
138,11,94.0705687562209,1,29357.3824078619,12.3373914376557,7340.4362677936,28,9
138,12,84.8001818779544,1,28422.2290333186,12.3373914376557,7556.51153576564,23,8
138,13,88.2325304155639,1,29079.3793949891,12.3373914376557,6794.72649204636,27,11
138,14,89.2941264955527,1,28449.6414812448,12.3373914376557,7670.88026509789,27,15
138,15,93.7476932667772,1,31722.1342467532,12.3373914376557,8451.81010068864,21,15
139,1,82.9142761072252,1,28250.5866579647,14.1740286079433,5393.14160477244,30,1
139,2,88.7882085105101,1,27582.9165980157,14.1740286079433,5453.01521918445,20,2
139,3,86.7708170483399,1,29936.310573726,14.1740286079433,4706.49165693921,20,5
139,4,85.4724389267024,1,28693.3953760203,14.1740286079433,5868.43376197257,32,1
139,5,97.5224523213122,1,28747.9081867272,14.1740286079433,6695.14079986041,21,8
139,6,89.6706770658897,1,30626.4544252342,14.1740286079433,6826.55361539182,23,7
139,7,100.598167892528,1,31730.6723627043,14.1740286079433,6166.40473707926,23,4
139,8,101.716030024513,1,30197.9462478168,14.1740286079433,7055.43270872068,24,5
139,9,94.8720522018519,1,30702.9120160256,14.1740286079433,7241.40864842683,24,9
139,10,108.677752196852,1,33032.0440958582,14.1740286079433,7703.28372511441,27,9
139,11,109.986137501555,1,34113.1382993362,14.1740286079433,7608.80615841979,25,12
139,12,103.412561684324,1,31935.2954350999,14.1740286079433,6693.33121940552,24,14
139,13,112.566535397608,1,33220.673107163,14.1740286079433,7979.62687563177,24,14
139,14,97.9049868658384,1,35881.7093435698,14.1740286079433,6774.00566860962,25,10
139,15,103.045560492969,1,37109.7526584208,14.1740286079433,8560.59316534405,24,10
140,1,80.4585915445506,0,33266.9525410011,8.43754177198415,5841.82950110797,26,4
140,2,80.794539217436,0,35727.3696750204,8.43754177198415,5522.70838327927,24,0
140,3,68.1011912060863,0,34792.2200608087,8.43754177198415,4628.69879807399,27,2
140,4,77.4441393150728,0,36118.3698398316,8.43754177198415,6333.93507333696,24,3
140,5,85.262105604422,0,38513.8675675882,8.43754177198415,6461.03010735645,27,4
140,6,81.3692571162656,0,37961.6266378689,8.43754177198415,6847.90420413358,27,7
140,7,74.9915868769813,0,38948.1162765329,8.43754177198415,6318.451213292,22,4
140,8,83.7315446453699,0,38901.4316413858,8.43754177198415,6574.52188534073,21,6
140,9,85.5923924220357,0,40747.3721268433,8.43754177198415,7473.92432101958,20,10
140,10,95.6407673556926,0,40915.1551117566,8.43754177198415,7292.50350933707,21,7
140,11,81.2711660344417,0,40639.0403535163,8.43754177198415,6657.94128983631,15,10
140,12,94.0397693543468,0,42347.0471724221,8.43754177198415,7715.71592434549,30,11
140,13,90.3830448000629,0,43957.9491278748,8.43754177198415,7811.10634062137,28,13
140,14,96.7005765690087,0,45239.2891384438,8.43754177198415,8146.40661551181,22,15
140,15,109.159633281713,0,47022.7524628138,8.43754177198415,8261.87839947535,23,18
141,1,79.1409623593099,0,25464.0676501826,10.5011994305523,5460.16851285236,30,2
141,2,80.0542749959497,0,25900.0251729381,10.5011994305523,5771.8702869857,20,1
141,3,73.2248410449373,0,27735.463760867,10.5011994305523,5453.64103611954,24,3
141,4,83.9249849011181,0,29646.2852381392,10.5011994305523,6519.06740872227,20,2
141,5,80.578447182847,0,27747.6895693561,10.5011994305523,5551.2411622654,26,4
141,6,75.0000090809866,0,29613.0113834316,10.5011994305523,6460.7914266806,29,5
141,7,75.7087952427705,0,29523.1071316805,10.5011994305523,5393.36621759357,27,6
141,8,79.7197906145976,0,29562.7767623337,10.5011994305523,6637.85890511749,26,8
141,9,90.4256413902528,0,28319.8361646631,10.5011994305523,6777.73288218312,22,8
141,10,82.5803063195871,0,29875.0669430177,10.5011994305523,6742.50927492973,29,11
141,11,86.5183759021089,0,30887.7742301264,10.5011994305523,6414.8123621777,25,15
141,12,92.3308000576008,0,30936.2094525907,10.5011994305523,6427.06933458231,28,12
141,13,89.475958132975,0,31487.0651706344,10.5011994305523,7529.30793481755,26,11
141,14,92.0622566815743,0,32837.2880991974,10.5011994305523,6903.80587978387,23,11
141,15,95.0151157587412,0,34804.0014925346,10.5011994305523,7945.01447882297,26,17
142,1,66.0205633271556,0,12731.0570713961,8.77907102774652,4694.8744752146,25,0
142,2,72.195790214402,0,14681.8209938784,8.77907102774652,5906.91895459722,26,1
142,3,73.9210438617986,0,15273.0613585775,8.77907102774652,5981.51090079918,18,4
142,4,71.6633647266178,0,17181.562231112,8.77907102774652,5518.54527909984,23,3
142,5,79.4943688669805,0,17339.3075514528,8.77907102774652,6475.04343972227,20,5
142,6,81.5886745194277,0,18045.1159961786,8.77907102774652,7218.45248689232,26,6
142,7,86.0433744714469,0,18541.4978570309,8.77907102774652,6762.66955233872,21,9
142,8,87.8586766176833,0,20929.9942105541,8.77907102774652,6828.40561818444,21,3
142,9,85.8662945571967,0,22089.8368981046,8.77907102774652,6473.61315325878,23,11
142,10,93.3046820340855,0,21882.354583544,8.77907102774652,6574.35914108151,22,10
142,11,90.6753230480851,0,26047.1031290372,8.77907102774652,7148.51928922548,23,10
142,12,89.8731098206259,0,23684.735443942,8.77907102774652,7780.50552546879,25,9
142,13,88.0513415439406,0,27523.9608842671,8.77907102774652,7140.91151781535,24,12
142,14,94.7124275878929,0,25378.6656900898,8.77907102774652,7389.1906016286,25,15
142,15,96.9176357312098,0,24854.2464280082,8.77907102774652,7749.72400328642,21,16
143,1,86.4557592891345,0,36225.9566976682,15.171720638129,4856.08567885271,25,2
143,2,95.5070770386277,0,37355.9700523645,15.171720638129,5332.6805185794,22,1
143,3,93.6703949127253,0,40282.5646955081,15.171720638129,5012.10584531199,24,2
143,4,94.0355588888344,0,41084.196732805,15.171720638129,5044.91490201347,21,5
143,5,94.0339845046734,0,40355.1987412535,15.171720638129,6726.21787469257,25,7
143,6,99.1630124966076,0,40842.8021584735,15.171720638129,6493.20602657605,26,8
143,7,109.668715755472,0,40574.0682908807,15.171720638129,6574.85603090371,25,7
143,8,105.180167788641,0,41011.0647047641,15.171720638129,5789.83203073606,25,7
143,9,100.349058997245,0,41546.5539165857,15.171720638129,5400.65091513883,28,10
143,10,99.5037392512121,0,41970.6237414576,15.171720638129,7476.10063121381,26,9
143,11,106.245168220048,0,42877.9680041236,15.171720638129,7543.95706377149,27,11
143,12,108.060826536634,0,43371.9174036265,15.171720638129,7675.1266671674,23,14
143,13,116.285878055906,0,45099.861338761,15.171720638129,7962.75655765172,24,12
143,14,113.697762286198,0,45918.8592785058,15.171720638129,8244.87110267636,27,12
143,15,110.695781946278,0,47327.9380788601,15.171720638129,8025.52822454647,25,16
144,1,68.8137084621013,0,22081.2638450017,15.837217749628,4406.28413962902,26,0
144,2,74.5601619533014,0,26190.7109721573,15.837217749628,5325.45467178288,31,0
144,3,76.3009116823993,0,26542.8289035958,15.837217749628,6396.72353108265,27,2
144,4,85.5895534731642,0,27760.6128709619,15.837217749628,5508.47398254873,27,3
144,5,76.4953204175376,0,27551.005455201,15.837217749628,5462.14690460839,31,6
144,6,88.9052299072935,0,30325.5376019604,15.837217749628,5253.84640344997,22,8
144,7,89.9400425310679,0,30748.1146429027,15.837217749628,6561.67099168392,27,5
144,8,96.7559185617525,0,33045.5872682684,15.837217749628,6958.77467836046,23,10
144,9,88.2060624735926,0,32742.7247474547,15.837217749628,7246.19601484703,26,7
144,10,103.001925147824,0,38467.2320014744,15.837217749628,7300.21349899517,20,10
144,11,101.340747766501,0,35404.8472478937,15.837217749628,7702.58085810004,21,10
144,12,97.8739803080998,0,37070.4488951967,15.837217749628,8057.95218021152,28,9
144,13,106.713210493473,0,37289.5921068443,15.837217749628,7367.78974673774,20,14
144,14,106.945074206532,0,39358.8913932191,15.837217749628,7401.64495486285,21,18
144,15,111.901751112463,0,42984.0250868183,15.837217749628,8392.11186692619,26,16
145,1,83.3903910283349,1,25916.744020818,14.3630301760777,6103.41819577357,23,0
145,2,75.42977115991,1,27805.958231464,14.3630301760777,5447.73420205371,22,3
145,3,80.9925540753996,1,27148.0928684047,14.3630301760777,6046.66635502142,21,2
145,4,81.0524872317776,1,30518.3545014522,14.3630301760777,6295.57201346952,23,0
145,5,80.3376937087227,1,30340.4607814979,14.3630301760777,5768.70637288043,27,1
145,6,86.6155326093576,1,30047.5944255286,14.3630301760777,6272.59616897027,24,4
145,7,84.2177274887843,1,31886.7846679851,14.3630301760777,6618.62362319721,27,5
145,8,101.460495843317,1,32161.6003017049,14.3630301760777,6949.80877217689,21,7
145,9,99.1203230144389,1,33949.2907294222,14.3630301760777,6582.38035768753,25,6
145,10,95.39218552714,1,33523.3039354653,14.3630301760777,6390.51065824096,25,11
145,11,105.878920338508,1,35688.0346623889,14.3630301760777,7535.25781854133,25,11
145,12,103.018650023944,1,37700.1154336052,14.3630301760777,6646.44956530995,22,10
145,13,111.024999096201,1,38271.8169704652,14.3630301760777,7363.67869857108,25,15
145,14,120.448699521562,1,38206.1661251775,14.3630301760777,8306.45436995886,27,16
145,15,115.070506751495,1,39126.9685171023,14.3630301760777,7758.38978381191,24,18
146,1,77.8906767453788,0,43112.5071585243,8.33278985226903,5299.37449368448,26,4
146,2,81.1533143324395,0,44249.1831827776,8.33278985226903,4972.76303335561,27,0
146,3,82.5888413701108,0,44396.5298515459,8.33278985226903,5743.18272418057,29,7
146,4,86.3754598073194,0,45276.492099542,8.33278985226903,6166.79976329863,24,3
146,5,89.3398152159478,0,45968.0127873058,8.33278985226903,6573.19450763474,21,3
146,6,81.9651649924933,0,46217.7943810436,8.33278985226903,6493.97410738866,27,5
146,7,78.656332655414,0,47370.2492389624,8.33278985226903,6338.4888164468,29,4
146,8,86.15020859126,0,47367.4384491557,8.33278985226903,6160.72403080026,25,7
146,9,94.658945710039,0,48980.6847562406,8.33278985226903,6664.60844707987,22,10
146,10,95.5973363012973,0,48200.946274797,8.33278985226903,7359.59068713635,20,12
146,11,96.2043423928152,0,49482.7678673163,8.33278985226903,8068.36041932484,22,9
146,12,103.540863046088,0,49981.2603144846,8.33278985226903,7529.65034987086,25,14
146,13,105.680410575389,0,49534.4409260341,8.33278985226903,7339.70296158798,25,13
146,14,99.1742006362451,0,52467.2207474652,8.33278985226903,7225.17263946527,25,14
146,15,103.135775807097,0,50765.7608218758,8.33278985226903,7831.86753801987,24,14
147,1,82.8825264579551,0,25960.1789708194,13.35585635021,5989.53466879318,23,1
147,2,76.9452475878344,0,24434.7924604397,13.35585635021,4670.02759631308,20,3
147,3,82.7401692226055,0,25369.3846570744,13.35585635021,5097.04027087348,27,0
147,4,77.1517941393009,0,28060.5658002325,13.35585635021,5956.76450177868,26,4
147,5,91.7706511575446,0,27966.1415684901,13.35585635021,4449.59227633328,20,8
147,6,97.5742959576679,0,27050.9048428546,13.35585635021,6892.63880975517,25,9
147,7,87.3306172863125,0,31247.7252507922,13.35585635021,6268.37300439476,24,4
147,8,94.221942899551,0,28103.9866243549,13.35585635021,6482.60614180482,27,7
147,9,89.8327108996669,0,30748.1972203386,13.35585635021,7083.49353425286,20,8
147,10,89.184584674431,0,30768.5930848829,13.35585635021,8376.79645681534,20,11
147,11,98.8582777186092,0,32569.1741125455,13.35585635021,6699.80702114548,24,12
147,12,101.139851154277,0,34074.0319302908,13.35585635021,7064.96622773959,27,13
147,13,99.8559352878011,0,34500.0192121697,13.35585635021,7880.65403835381,24,14
147,14,100.615897356186,0,35102.9150242499,13.35585635021,7012.2388504518,21,16
147,15,101.918233661271,0,36366.1825049312,13.35585635021,7980.12825353511,27,11
148,1,95.5436951061441,0,37764.5270924268,15.4513475591428,5312.46639285544,34,2
148,2,88.1155264197591,0,37369.1114597362,15.4513475591428,5524.09950094953,21,1
148,3,80.3260462866819,0,36879.5241753268,15.4513475591428,5626.97568148993,26,2
148,4,80.1540084613485,0,38758.043897844,15.4513475591428,6150.11286237315,26,7
148,5,88.4902309702556,0,38509.0413310122,15.4513475591428,5811.27000558069,20,2
148,6,91.3474984457379,0,41778.2472163069,15.4513475591428,6317.4517805945,29,3
148,7,104.109060756847,0,43742.5762305246,15.4513475591428,6872.22086164687,23,9
148,8,101.06670654409,0,41456.4652642684,15.4513475591428,6892.36707086021,19,9
148,9,95.9818360236767,0,42446.0011187335,15.4513475591428,6907.53200142205,22,8
148,10,111.549687671569,0,43185.4120223713,15.4513475591428,7050.16360186283,21,10
148,11,102.69967639513,0,45578.8457395545,15.4513475591428,8407.15285412943,28,10
148,12,104.033937088906,0,45551.3093273415,15.4513475591428,7268.85438164235,19,11
148,13,105.023410576159,0,46738.4218194656,15.4513475591428,7479.95576680245,26,12
148,14,107.62316384672,0,47750.4532423673,15.4513475591428,7919.93336759918,28,13
148,15,111.528080150897,0,47956.3273324996,15.4513475591428,8485.98592739836,29,16
149,1,85.5119148359468,0,21236.59819954,12.5038229422094,5195.77281659044,21,3
149,2,72.3721258093237,0,20500.4308881322,12.5038229422094,5420.08046860308,30,2
149,3,70.7580907462865,0,22475.4374632018,12.5038229422094,5215.76482745472,29,1
149,4,81.9775117931831,0,22795.3518726906,12.5038229422094,6496.2814270438,28,1
149,5,78.4182857727325,0,22980.8556255818,12.5038229422094,5797.1303141304,27,5
149,6,80.7577337956651,0,23990.930178135,12.5038229422094,6357.00089325658,20,5
149,7,87.7589983858144,0,26971.7536608306,12.5038229422094,6999.67781497429,23,5
149,8,79.8274707951599,0,25607.8267180293,12.5038229422094,5775.78769620892,25,8
149,9,87.2224729556069,0,27378.2752702555,12.5038229422094,7477.22760276731,29,8
149,10,91.1761066118492,0,29639.3979381944,12.5038229422094,7279.04572118075,25,9
149,11,94.5633136336514,0,29860.3219740724,12.5038229422094,7073.61359198529,25,13
149,12,94.2174995333854,0,31057.6393063274,12.5038229422094,7719.65454221541,23,12
149,13,89.0563747580421,0,31610.9010229397,12.5038229422094,7311.78960842181,27,13
149,14,94.7062432779169,0,32004.8759196038,12.5038229422094,7795.2858470668,26,15
149,15,95.101348056645,0,30828.2632707692,12.5038229422094,7591.70112955649,23,14
150,1,74.1858130976267,1,27403.5288042637,10.3016720013121,5440.5245728253,24,0
150,2,75.1694727969738,1,27482.7658928448,10.3016720013121,5267.98132072559,33,1
150,3,88.8689469566615,1,29331.6961207961,10.3016720013121,5484.88872067421,25,6
150,4,95.3370543917792,1,32612.5940235334,10.3016720013121,6501.85278502339,22,8
150,5,87.4525309730563,1,31545.4188974324,10.3016720013121,6739.55171150085,24,2
150,6,86.9274478436197,1,31536.7537601672,10.3016720013121,5850.62751752298,23,7
150,7,95.743572594377,1,33993.2990223281,10.3016720013121,6830.45583103394,24,6
150,8,103.453577801311,1,34444.6860538994,10.3016720013121,6845.05335619461,22,8
150,9,92.447232989573,1,34721.6696000709,10.3016720013121,7170.23542600989,20,8
150,10,96.4858535944371,1,35423.0949624041,10.3016720013121,7314.52026477943,29,9
150,11,94.2235467474457,1,36353.9471734504,10.3016720013121,6902.58522116021,28,12
150,12,104.423789231266,1,37276.7192748576,10.3016720013121,7401.0457771426,27,11
150,13,99.1532987398551,1,38816.3760888339,10.3016720013121,7271.89583273276,26,11
150,14,109.030981752167,1,39173.2090641839,10.3016720013121,7647.14364397733,23,14
150,15,97.7109476341849,1,39266.8822859911,10.3016720013121,7748.16747904479,23,14
151,1,81.1048441548889,1,30843.1005063138,8.74164527816595,5124.68501977795,20,0
151,2,84.898753008363,1,29907.502229532,8.74164527816595,5800.47027919394,30,1
151,3,79.4720997539131,1,32512.3238255,8.74164527816595,5006.64107587668,29,3
151,4,87.0012386565422,1,30820.0828818906,8.74164527816595,6015.31818186806,22,8
151,5,85.6255038566891,1,33145.4227769922,8.74164527816595,6108.37354722161,25,0
151,6,82.087592686793,1,34252.4114603952,8.74164527816595,6680.64617275872,22,7
151,7,93.9413373905091,1,34813.9753575599,8.74164527816595,5621.71784484538,20,4
151,8,100.893371908168,1,34076.8083279493,8.74164527816595,6872.4219632304,24,7
151,9,105.625319346002,1,35478.3464790517,8.74164527816595,6963.88441120544,22,12
151,10,101.937405555289,1,33245.6820017301,8.74164527816595,6755.59538359799,25,8
151,11,97.0106008713822,1,36424.7366510932,8.74164527816595,7262.03060633704,24,8
151,12,104.737086077955,1,36468.3909581627,8.74164527816595,7213.03094011216,27,10
151,13,108.425870164791,1,37774.6796537708,8.74164527816595,8434.82337408816,25,13
151,14,115.128635608752,1,37880.7912371444,8.74164527816595,7952.20912556778,28,18
151,15,114.186269929335,1,39664.0062275405,8.74164527816595,7935.16937455751,22,15
152,1,71.9196635444982,0,21121.8750731832,10.0040916133195,5169.29719727878,22,0
152,2,63.6367413723953,0,22668.0025717734,10.0040916133195,5097.90814717178,24,0
152,3,66.6740588059937,0,22470.0441956943,10.0040916133195,5734.63112381316,28,4
152,4,65.5714800127766,0,23873.5000735008,10.0040916133195,5315.70843331276,22,2
152,5,75.9282508086826,0,22628.2086324164,10.0040916133195,6095.3287592143,26,3
152,6,71.3898974374915,0,25107.781464061,10.0040916133195,5267.01336950998,21,2
152,7,86.9971894559145,0,24753.358718026,10.0040916133195,6254.42905959457,27,5
152,8,74.9029446903515,0,26179.5014186251,10.0040916133195,7152.65488838758,23,8
152,9,85.3198563628236,0,25551.1050739526,10.0040916133195,6595.82559463323,24,9
152,10,75.0455544700139,0,27609.8017590921,10.0040916133195,7334.82265493496,31,10
152,11,87.2476530212562,0,30701.4233985337,10.0040916133195,8232.64461894038,25,9
152,12,88.9601410466485,0,29892.1558019243,10.0040916133195,7913.31554473422,21,11
152,13,94.6679134679459,0,29973.7513145793,10.0040916133195,7919.1659232106,26,15
152,14,95.3004794739933,0,29016.094775529,10.0040916133195,8189.97751761932,24,13
152,15,88.5382865442041,0,30601.7074344137,10.0040916133195,7317.33024043315,24,14
153,1,86.4878053290067,0,25623.5942867306,14.144545067848,4740.18220922033,21,0
153,2,73.2997406098819,0,24656.7224598176,14.144545067848,6419.24693463839,19,0
153,3,86.1520274500259,0,27261.6021944751,14.144545067848,5336.58559536709,20,3
153,4,72.2166904691563,0,28045.1507822531,14.144545067848,6371.040067694,27,1
153,5,78.7620444235843,0,29131.977249596,14.144545067848,6242.74641243139,26,4
153,6,90.7744269764189,0,29549.5193087092,14.144545067848,5551.21431312087,23,8
153,7,88.9331798916501,0,31593.2739991272,14.144545067848,6766.22821959338,21,9
153,8,91.102010680278,0,33719.9443560149,14.144545067848,6339.49208130563,24,8
153,9,91.39220316414,0,33816.9396646038,14.144545067848,6576.98568829103,21,9
153,10,92.5426198469994,0,34181.3864293763,14.144545067848,6722.29707749203,24,7
153,11,92.1772425824559,0,34436.1890747393,14.144545067848,7706.75510503585,16,13
153,12,88.3424257795371,0,35316.7711043783,14.144545067848,7780.25550239616,29,9
153,13,101.147928668016,0,37258.4800428648,14.144545067848,7857.80303781578,25,15
153,14,92.7688572004643,0,38242.5250973972,14.144545067848,8151.88617520446,30,12
153,15,103.946740754024,0,37228.8480778497,14.144545067848,7064.70984108985,26,12
154,1,87.6271491485957,0,31846.881307827,10.7050166988542,5178.68876414541,22,2
154,2,88.9808048671197,0,30841.7785549998,10.7050166988542,5109.83311951959,22,0
154,3,78.1475997114467,0,31960.0401170457,10.7050166988542,5217.40206627434,26,1
154,4,80.6299461221835,0,35876.292438369,10.7050166988542,5387.15394804715,26,4
154,5,88.0798559182104,0,35445.2587538268,10.7050166988542,5803.93387694662,28,4
154,6,102.965375889268,0,36569.9119665086,10.7050166988542,5792.76762471177,18,4
154,7,89.0156359134361,0,38642.9632685096,10.7050166988542,5875.5155914137,27,4
154,8,94.4827641207713,0,38595.0940444301,10.7050166988542,5850.99843263734,22,6
154,9,104.856022080704,0,39072.8966248438,10.7050166988542,7737.7224999938,20,10
154,10,98.0269837285781,0,41185.7287190628,10.7050166988542,7235.98271584143,27,11
154,11,96.5206526067463,0,40466.5484397972,10.7050166988542,7250.95854007973,25,12
154,12,110.271192244129,0,42830.5260540373,10.7050166988542,8094.25805097318,24,12
154,13,101.943536254291,0,44274.0623783933,10.7050166988542,7089.68547664331,25,13
154,14,111.618914511722,0,44116.0502362823,10.7050166988542,7815.92692417431,18,10
154,15,105.112494719485,0,46871.1876387658,10.7050166988542,8497.31133362344,24,11
155,1,81.4081961758165,0,35649.7580489618,12.6828448198203,4976.78673452234,25,0
155,2,85.3095415250619,0,38513.4920865746,12.6828448198203,4755.23525296053,28,1
155,3,87.1932148687219,0,38135.295918601,12.6828448198203,5309.8283625549,22,1
155,4,87.4644577928627,0,38342.26108016,12.6828448198203,5430.38943598193,25,6
155,5,92.6186927707364,0,40689.4074962796,12.6828448198203,6228.87873486304,21,4
155,6,93.9412001358889,0,41413.890476219,12.6828448198203,6644.00591937262,24,6
155,7,85.3735585478972,0,42524.349444243,12.6828448198203,6409.97856617267,27,7
155,8,104.825597740986,0,43716.4097080911,12.6828448198203,6414.33424542161,29,6
155,9,91.3873797156475,0,44123.8573653432,12.6828448198203,5669.54374835932,18,9
155,10,100.005938560449,0,45208.2108934193,12.6828448198203,6879.78206243687,23,11
155,11,103.50924364681,0,47199.7289873024,12.6828448198203,7538.85844341612,30,12
155,12,106.274078543639,0,49195.3855869787,12.6828448198203,6919.97262979424,22,13
155,13,103.943548250896,0,46659.8781989195,12.6828448198203,7729.57300793566,25,17
155,14,104.198203824059,0,49466.8149616355,12.6828448198203,7910.48802601865,22,11
155,15,108.764298359125,0,51599.101080813,12.6828448198203,7396.13505241705,21,13
156,1,63.2308065431131,0,16291.5022257748,15.8848373870109,5941.70465356489,24,0
156,2,61.2200506874008,0,19312.6140377086,15.8848373870109,5666.63267393827,24,1
156,3,65.297006557437,0,18441.659753131,15.8848373870109,6018.86978298957,28,0
156,4,77.0767245964865,0,20203.725795122,15.8848373870109,5556.53686334806,22,4
156,5,78.6207005538796,0,21644.8259570828,15.8848373870109,6748.31224069701,27,5
156,6,83.6276262804248,0,21744.7235176137,15.8848373870109,5910.31991409798,21,2
156,7,82.981938002749,0,22735.5482125992,15.8848373870109,6497.85503018072,23,10
156,8,82.6960593687645,0,19988.4926364204,15.8848373870109,5952.43201850131,24,6
156,9,77.1240739233319,0,21598.0433964318,15.8848373870109,6406.2719493193,20,8
156,10,84.8837170372348,0,24127.9593632522,15.8848373870109,6935.93841729772,25,13
156,11,85.9675046329454,0,23310.7984124472,15.8848373870109,7566.01488518791,29,10
156,12,81.3366437574742,0,24344.7912204147,15.8848373870109,7154.83905276014,24,14
156,13,88.9218843787733,0,26955.9744678367,15.8848373870109,7282.2310666436,28,14
156,14,83.8940031457799,0,26363.3328501915,15.8848373870109,7789.8486759636,25,11
156,15,90.9707502772646,0,26967.243110228,15.8848373870109,7107.1298455234,22,16
157,1,73.741224999863,1,27921.5650346238,13.7350048214084,4663.08036534088,29,0
157,2,77.5899857625699,1,27534.4397282524,13.7350048214084,4614.54823356197,24,1
157,3,73.6323480172397,1,28216.94586227,13.7350048214084,6163.02374502007,24,2
157,4,76.5783068249601,1,30844.9381637975,13.7350048214084,5736.7099414889,27,4
157,5,87.2734843320049,1,32382.6277828935,13.7350048214084,6026.4204791255,25,5
157,6,92.8896344229935,1,31674.1287871339,13.7350048214084,6141.73594379102,24,7
157,7,97.9952377648031,1,32150.4780514597,13.7350048214084,5707.70695435308,27,8
157,8,89.9490548262691,1,36198.951865865,13.7350048214084,6209.43366148323,26,8
157,9,98.9447601794448,1,36395.6256603945,13.7350048214084,7164.66910482478,29,4
157,10,104.737260721215,1,37335.9067612945,13.7350048214084,7087.55574153279,24,11
157,11,100.872812794791,1,38736.0929677092,13.7350048214084,7627.7665822606,26,10
157,12,104.6467538842,1,39338.9246206872,13.7350048214084,7567.42501048091,25,13
157,13,108.700661276336,1,38693.8629489923,13.7350048214084,7545.73506289277,25,13
157,14,106.82021726911,1,41964.7052665074,13.7350048214084,7575.12693141703,23,12
157,15,108.765222928185,1,40402.3747378455,13.7350048214084,8934.08939197648,30,12
158,1,89.6665922390749,0,36362.9495170923,16.0940183444206,5041.22942153437,21,4
158,2,91.4895186662807,0,37965.4197884954,16.0940183444206,5279.25160520858,24,4
158,3,98.8892209691112,0,38703.1089658613,16.0940183444206,5766.59326595359,21,3
158,4,94.4961564192412,0,39801.7323268737,16.0940183444206,5907.38768881503,21,4
158,5,95.1289139250082,0,40879.2752349968,16.0940183444206,5283.8655620634,21,3
158,6,83.1045326474065,0,39983.2971543203,16.0940183444206,6101.95989098709,23,4
158,7,92.7864404793785,0,40295.8295267223,16.0940183444206,6689.47703522648,23,5
158,8,96.0322175662353,0,41205.8090550018,16.0940183444206,5980.74257232358,22,10
158,9,99.3098379873298,0,43738.3116104417,16.0940183444206,7393.64770429495,22,12
158,10,98.4728169209278,0,43491.3605264503,16.0940183444206,6472.00588736483,24,10
158,11,98.531311041853,0,45157.3132609281,16.0940183444206,6259.1712429928,22,11
158,12,105.583586397526,0,46717.6690724903,16.0940183444206,6733.84264950373,29,13
158,13,101.397826020146,0,45653.2398143216,16.0940183444206,8204.72536650563,26,12
158,14,111.466512896341,0,48039.9590679778,16.0940183444206,8304.8257586739,23,11
158,15,104.98692199128,0,47260.6539341668,16.0940183444206,9037.25917013639,23,14
159,1,72.8830517675678,0,27166.6033354228,6.89526059201878,5141.17643074948,21,2
159,2,61.0585537014655,0,27444.1267789705,6.89526059201878,5174.98081818739,31,1
159,3,78.37789944921,0,27419.8754632228,6.89526059201878,6106.01886607071,24,0
159,4,76.6312455089412,0,30078.4280132841,6.89526059201878,6289.66624851439,27,4
159,5,80.4562143785171,0,30713.4447705649,6.89526059201878,5121.32967474125,24,5
159,6,67.8346236877625,0,29982.4968499184,6.89526059201878,6117.20127411173,29,5
159,7,74.7199903203085,0,31749.0676373301,6.89526059201878,6339.69605164306,24,9
159,8,81.5262204505217,0,35094.0266333569,6.89526059201878,5738.38852978276,23,7
159,9,86.063176370397,0,32680.0285026665,6.89526059201878,6668.44233192869,24,6
159,10,75.4066615796583,0,34125.4411611222,6.89526059201878,6543.48561355757,25,10
159,11,93.0699927244355,0,36555.3098238043,6.89526059201878,7317.56350104531,24,12
159,12,84.095343847118,0,34898.9817575174,6.89526059201878,7813.47765930487,26,11
159,13,98.5999690767936,0,39253.3558511581,6.89526059201878,7237.65567852429,28,15
159,14,87.9011107991071,0,37065.9028002331,6.89526059201878,7920.1132024353,21,13
159,15,88.6349086255969,0,38072.0354790123,6.89526059201878,7855.9729175988,25,12
160,1,89.144488097565,0,32631.8539154104,11.1579711608586,5065.70640845695,24,1
160,2,94.6464661528674,0,34597.1563914528,11.1579711608586,6236.63852756604,23,0
160,3,91.1471296327647,0,37610.0950843688,11.1579711608586,5373.45238451744,24,2
160,4,88.2827143035914,0,35709.9392011549,11.1579711608586,5900.71633976908,26,0
160,5,83.2503580481097,0,36698.3130833246,11.1579711608586,5778.03690360119,25,3
160,6,92.1565933335634,0,35557.2404879743,11.1579711608586,6377.24809857503,24,4
160,7,97.2947050128896,0,37924.083199252,11.1579711608586,7607.462371849,20,9
160,8,94.579543430886,0,36275.1311194911,11.1579711608586,6167.26482637613,26,5
160,9,98.4771060108332,0,39228.7128133786,11.1579711608586,6288.40987515495,26,14
160,10,93.3272406380936,0,41800.4834488476,11.1579711608586,6825.88783587035,26,6
160,11,96.4875016877828,0,40993.0606033118,11.1579711608586,6775.0384397861,26,10
160,12,97.774969323387,0,41985.5603177245,11.1579711608586,7281.49908628113,23,12
160,13,100.082538495683,0,42934.3198906621,11.1579711608586,6862.39470981438,26,10
160,14,92.8493212921282,0,43623.6180578124,11.1579711608586,7835.85608281416,33,13
160,15,100.762912341769,0,44699.4694278392,11.1579711608586,7026.29701462357,23,15
161,1,86.9728911101987,1,33741.6850942478,12.1952040584766,4789.69701840159,26,3
161,2,87.8857957816417,1,36087.1370341145,12.1952040584766,5279.77759871214,24,5
161,3,88.8266407851429,1,37541.5107707417,12.1952040584766,5022.21687622156,24,3
161,4,97.344067270076,1,39767.9617395211,12.1952040584766,5945.98656473936,26,5
161,5,91.6680209463479,1,40720.6549606098,12.1952040584766,5467.17632147275,28,5
161,6,96.5700230213929,1,41069.7758047289,12.1952040584766,6152.15763521031,25,5
161,7,112.525275913951,1,43992.4720746369,12.1952040584766,6535.85432980321,21,10
161,8,103.315331072603,1,45685.1336035782,12.1952040584766,6178.28780758414,22,8
161,9,105.414356395289,1,44494.2204645098,12.1952040584766,6393.21668081713,24,9
161,10,119.046841515246,1,47272.7391986172,12.1952040584766,7501.34997160822,20,10
161,11,106.647679979773,1,47654.7922746474,12.1952040584766,6933.72973029413,30,9
161,12,110.501427150635,1,49110.7594622215,12.1952040584766,7924.90314255584,30,15
161,13,121.05793509806,1,51453.8615709246,12.1952040584766,7109.87060041276,26,13
161,14,115.950104067862,1,53190.9376945751,12.1952040584766,7105.43767909852,23,8
161,15,131.00472898406,1,54044.3347884223,12.1952040584766,8309.10287735065,21,15
162,1,80.7848590075331,0,32170.778030133,13.7357678748255,5228.69194360091,30,2
162,2,75.2484169200382,0,34398.2766077204,13.7357678748255,5440.21231286892,25,1
162,3,80.3259012147825,0,34863.3964681476,13.7357678748255,4946.70189813738,24,5
162,4,86.4376149026643,0,33405.0664986137,13.7357678748255,6495.19299808803,24,3
162,5,91.6046916917764,0,35270.5598376278,13.7357678748255,6011.46694627943,21,4
162,6,85.8981997950262,0,34360.6687795957,13.7357678748255,6217.17102003351,22,5
162,7,84.1126627187467,0,37550.0093269019,13.7357678748255,5990.27457704975,21,6
162,8,85.7419541063317,0,36916.277603742,13.7357678748255,5351.25244783393,21,10
162,9,91.8796698025638,0,38276.2955847835,13.7357678748255,6407.18339124948,26,8
162,10,89.3886196002748,0,38160.2463029851,13.7357678748255,6734.21601236258,27,6
162,11,101.349306203755,0,38226.7743526628,13.7357678748255,7374.95296351118,20,12
162,12,93.1162172761255,0,39648.4755194,13.7357678748255,7122.30861226543,22,14
162,13,108.211804156799,0,38357.6114683692,13.7357678748255,8194.88645491857,22,13
162,14,94.8397214291961,0,38591.1890266116,13.7357678748255,7766.89777194267,23,12
162,15,98.025789758841,0,39955.660052557,13.7357678748255,8197.25292328351,25,15
163,1,76.1787663749704,1,36309.8633586151,8.49238013541309,5457.21554914435,22,4
163,2,77.8656388333028,1,36452.741308871,8.49238013541309,5535.43870589795,26,0
163,3,88.6425684939801,1,37221.4946092833,8.49238013541309,5711.98329464218,22,6
163,4,85.7406735898528,1,39427.6488270271,8.49238013541309,6332.19659782842,24,6
163,5,79.0103249122101,1,38824.7885809054,8.49238013541309,6147.84217604436,27,5
163,6,93.1719817880228,1,41121.6221383932,8.49238013541309,5964.51992411792,27,5
163,7,99.2966433840662,1,40194.4133206617,8.49238013541309,7544.60628045649,22,8
163,8,99.0369000236155,1,41531.0498475149,8.49238013541309,7114.82308240501,26,5
163,9,96.0389108261907,1,41781.4038372157,8.49238013541309,6691.63872030807,20,7
163,10,112.16437040771,1,43001.7018321939,8.49238013541309,7208.18604821897,25,12
163,11,103.7700290341,1,43086.3882572579,8.49238013541309,7832.13546385102,24,10
163,12,103.731956611391,1,45515.2560697346,8.49238013541309,7272.46158212901,25,11
163,13,97.3850425661224,1,47070.7673680397,8.49238013541309,8159.2226343363,24,11
163,14,118.747073732432,1,46991.9957351818,8.49238013541309,8158.88713383973,18,16
163,15,97.9705831477136,1,49241.0888574708,8.49238013541309,7618.18800107441,26,15
164,1,76.085960225756,0,27822.2352498376,14.4185545663419,4355.96589955912,21,3
164,2,84.2586829126924,0,29154.7877230482,14.4185545663419,5935.35485622138,24,5
164,3,84.3455552106505,0,30874.9887420916,14.4185545663419,6959.62123901876,23,0
164,4,84.5151793150329,0,31427.7281701995,14.4185545663419,6553.99081888374,25,4
164,5,85.4577542901837,0,31565.3501432626,14.4185545663419,6076.62299706651,27,2
164,6,102.62975396197,0,33428.042958735,14.4185545663419,6404.22637614174,22,6
164,7,96.7413676313493,0,33801.7520754697,14.4185545663419,7823.07955345906,23,6
164,8,91.5089329235741,0,31111.0626900309,14.4185545663419,7510.61468578558,21,6
164,9,97.1927573851144,0,32596.9673409713,14.4185545663419,7030.78648975334,19,11
164,10,103.167375741167,0,32024.3427655731,14.4185545663419,7093.24685687531,21,9
164,11,87.1738638513831,0,32871.6067063458,14.4185545663419,7748.03531896016,23,6
164,12,87.8201988197938,0,34594.6416152059,14.4185545663419,8036.02079229616,23,9
164,13,101.636841275277,0,35141.7975374323,14.4185545663419,7649.91397546535,27,12
164,14,96.3997738900311,0,34453.9426109361,14.4185545663419,7189.96500339971,23,13
164,15,101.758748329142,0,35979.9992931459,14.4185545663419,7867.85006793541,22,15
165,1,78.4053900414284,0,26880.7196476786,12.922170228487,3721.41450131269,23,0
165,2,77.9208052135053,0,28775.9361293303,12.922170228487,5180.0745562024,24,5
165,3,73.8851882270568,0,29557.6347005604,12.922170228487,5291.32668495468,25,0
165,4,81.7223340013372,0,30078.4440489336,12.922170228487,5808.20828692958,27,3
165,5,94.7465060810387,0,30320.3313512464,12.922170228487,5047.7841766226,27,4
165,6,74.600075130824,0,31733.065938721,12.922170228487,5361.29847217274,27,7
165,7,100.261774152197,0,33607.5043875282,12.922170228487,6872.53352373126,18,6
165,8,96.124747232861,0,33540.14352412,12.922170228487,6410.50287881312,20,12
165,9,86.7305561811128,0,34626.7847609812,12.922170228487,7094.49677588108,24,8
165,10,100.656849404121,0,34800.4990552221,12.922170228487,7409.02943245256,22,10
165,11,96.3227713909459,0,36354.1121249495,12.922170228487,8173.59601685514,21,14
165,12,86.8135662643979,0,37681.3374625628,12.922170228487,7089.02311500839,22,13
165,13,100.266321053499,0,37895.0524454944,12.922170228487,7662.51245899956,26,12
165,14,107.915887636696,0,39159.416136219,12.922170228487,9259.73690065537,26,14
165,15,95.393279524756,0,39359.4015397948,12.922170228487,8231.89078507583,28,11
166,1,81.5233442847671,1,10623.2948353529,12.7914180408142,6009.33498194051,24,0
166,2,71.7536661012223,1,13103.2269503668,12.7914180408142,5927.89285469943,21,0
166,3,76.074718951237,1,11487.543237881,12.7914180408142,5198.70911935967,29,7
166,4,85.4784554881284,1,13398.7614484349,12.7914180408142,6074.08405546768,22,3
166,5,76.952396605616,1,15533.3843025583,12.7914180408142,5236.90396619375,25,3
166,6,88.4617038697184,1,14586.2943873612,12.7914180408142,7060.71862034099,24,7
166,7,83.4428017584866,1,15600.895260093,12.7914180408142,6516.52014721856,26,8
166,8,88.37118876359,1,17656.6570812929,12.7914180408142,6287.68491370005,21,7
166,9,83.8790888759579,1,17076.3578335837,12.7914180408142,6571.40867712565,20,5
166,10,99.2096073832921,1,18874.8888241213,12.7914180408142,7932.20114499328,26,7
166,11,101.277159700795,1,19514.1819462941,12.7914180408142,7362.61657655631,23,13
166,12,101.978209052883,1,20118.8316920829,12.7914180408142,8470.75967006743,19,10
166,13,101.987453201444,1,22526.6863689309,12.7914180408142,7209.81534817391,21,16
166,14,102.614054956855,1,22986.4982114127,12.7914180408142,8310.12864521022,26,15
166,15,101.501160257876,1,26314.1595913455,12.7914180408142,7456.99028199386,24,14
167,1,79.5428786662649,1,27502.5864053504,13.5254543748151,5052.75955616128,22,3
167,2,81.401324122754,1,32080.0186781074,13.5254543748151,6080.74138795816,26,0
167,3,77.7764299783421,1,31702.5474897443,13.5254543748151,5942.05128352641,25,2
167,4,92.6146439303672,1,33326.7724754671,13.5254543748151,6004.06177252545,25,6
167,5,85.8557442822084,1,33613.3331093894,13.5254543748151,6704.52681015447,29,3
167,6,86.5897325131675,1,36369.6670303409,13.5254543748151,7040.60669591348,23,4
167,7,101.978258577895,1,38235.8167589877,13.5254543748151,6563.60900938535,25,5
167,8,107.532294932642,1,38458.6436385293,13.5254543748151,6642.52093544648,29,11
167,9,103.142192057838,1,38146.8073617897,13.5254543748151,6674.55113957767,24,12
167,10,96.3507278770824,1,41762.273803209,13.5254543748151,7049.34295912753,30,7
167,11,95.9533925280269,1,41073.2021170012,13.5254543748151,7011.37426859641,25,11
167,12,98.4089356717373,1,42504.7999325888,13.5254543748151,6702.1961254108,25,13
167,13,94.6880381714293,1,43365.9550501981,13.5254543748151,7430.9010314579,29,13
167,14,107.331696050814,1,44288.525403667,13.5254543748151,7459.45090853588,25,14
167,15,104.04104918694,1,45674.4356585083,13.5254543748151,7977.92346917288,21,15
168,1,78.7635678649232,0,32826.6957839286,11.650924680369,4855.08712674135,20,0
168,2,73.3026572562858,0,35425.4307724679,11.650924680369,4889.1610292864,23,4
168,3,83.0651743584427,0,35333.5193047162,11.650924680369,5392.29530409494,22,3
168,4,78.4524817174132,0,35180.9899247885,11.650924680369,5994.65897103503,22,2
168,5,77.989933922909,0,36462.5380488952,11.650924680369,5794.26002436501,28,1
168,6,82.0047096697606,0,34709.9544779527,11.650924680369,5487.88454125448,28,3
168,7,92.918737892371,0,37432.2031819134,11.650924680369,6770.53015850391,26,9
168,8,87.7046387461106,0,36974.0470414681,11.650924680369,6112.73544457935,25,7
168,9,90.2857291852882,0,37680.2371444846,11.650924680369,5662.99914123072,20,10
168,10,92.4482126447421,0,37136.2750731277,11.650924680369,6934.3785195448,29,7
168,11,95.8831820055204,0,37224.6644302971,11.650924680369,7080.77333828217,25,12
168,12,99.5880116180986,0,37875.7259161003,11.650924680369,7396.47948823111,21,13
168,13,96.4322408982592,0,39873.1529623786,11.650924680369,6046.75778141406,29,16
168,14,86.7458391508743,0,40342.6475207686,11.650924680369,7406.82583953772,29,10
168,15,90.6442387143224,0,41221.7142134753,11.650924680369,6593.16388515193,28,13
169,1,73.9337235334823,0,35103.7474208886,14.7766382954973,4722.17353755576,26,0
169,2,75.7727735499924,0,35292.2420830693,14.7766382954973,5637.49673378932,21,0
169,3,89.7929078088729,0,38403.3185990142,14.7766382954973,6183.10667563474,20,0
169,4,83.203236892365,0,36261.4614296019,14.7766382954973,5928.87021566954,29,7
169,5,80.7375636991412,0,38537.0748458501,14.7766382954973,5599.58558451438,26,5
169,6,93.4950485922551,0,40181.771143367,14.7766382954973,6374.25747874993,23,7
169,7,89.1553299288573,0,39298.7832839373,14.7766382954973,6497.46854169928,22,3
169,8,97.549969234902,0,39783.5261386648,14.7766382954973,6746.84313797502,28,11
169,9,100.870494043442,0,42715.3614075079,14.7766382954973,6136.55577395593,22,9
169,10,100.441057259975,0,44729.78022881,14.7766382954973,6597.85413724271,28,14
169,11,100.241773018827,0,43276.5470923335,14.7766382954973,7079.04890638865,28,12
169,12,104.317683029502,0,44187.1500830442,14.7766382954973,7606.97186139041,24,15
169,13,107.116208780892,0,44814.7876535316,14.7766382954973,8037.97352124199,26,13
169,14,107.037422960196,0,48123.6713180924,14.7766382954973,6633.24373420555,28,12
169,15,102.261059973578,0,46813.5640241566,14.7766382954973,8190.70928849767,26,12
170,1,77.6200841652056,0,25839.0033733444,13.9446893211945,4985.75553346117,25,0
170,2,74.0134224089751,0,26991.091180678,13.9446893211945,5108.4013046141,21,0
170,3,92.3747859554909,0,28325.8911706551,13.9446893211945,5348.96058751554,23,7
170,4,83.0865845283469,0,29434.7512086514,13.9446893211945,5773.01245770882,26,1
170,5,93.1908771897004,0,31757.5906154378,13.9446893211945,5922.40254919523,22,4
170,6,90.6124950805671,0,32571.5452438752,13.9446893211945,6217.15495818938,29,7
170,7,100.751512579065,0,33863.239375456,13.9446893211945,7134.00705048225,30,7
170,8,98.8797041756476,0,33876.9648218249,13.9446893211945,6533.0590477476,24,7
170,9,90.911565529224,0,36350.3534120561,13.9446893211945,6892.32751013009,26,11
170,10,107.217714923659,0,33701.3782496837,13.9446893211945,6660.0483177531,26,12
170,11,95.4632652463294,0,38990.8892539052,13.9446893211945,7719.55044720403,24,10
170,12,86.7470816775127,0,39181.7074561581,13.9446893211945,7023.63033425323,25,12
170,13,98.0355114994345,0,39695.4328768031,13.9446893211945,7586.25730961109,24,13
170,14,114.646885710085,0,41694.7365526138,13.9446893211945,7456.85783757162,21,12
170,15,113.598348624786,0,41114.7609597084,13.9446893211945,8439.23434763989,28,14
171,1,74.5448845438353,1,44320.5065510045,11.5493718774969,5330.94077416867,26,0
171,2,77.9245799211184,1,45779.588550664,11.5493718774969,6513.5185149405,23,1
171,3,68.3158409628713,1,44825.0571762397,11.5493718774969,5289.93325148287,25,1
171,4,80.8773763845744,1,47064.5651549525,11.5493718774969,6366.1975265943,26,2
171,5,93.884173451447,1,47785.6774854402,11.5493718774969,5690.65799461,19,5
171,6,86.146158718343,1,48260.2786610585,11.5493718774969,5780.62163848495,25,4
171,7,88.9503772211827,1,47963.2716205626,11.5493718774969,6058.76996560634,21,7
171,8,90.3165020079889,1,51140.3987034788,11.5493718774969,6164.25705838278,23,7
171,9,88.1692771938988,1,49205.4206776124,11.5493718774969,6524.7327587355,20,6
171,10,94.0561481925164,1,49930.8711417968,11.5493718774969,7205.14709929819,20,9
171,11,94.6694496895191,1,51542.5480232412,11.5493718774969,6689.46114128395,18,11
171,12,103.050454114711,1,54391.6889978119,11.5493718774969,7672.47156912794,26,12
171,13,98.6371272403744,1,53666.4649650562,11.5493718774969,7197.12885041182,30,12
171,14,111.378726337842,1,54536.3455904355,11.5493718774969,8370.23342306943,28,17
171,15,107.645517392099,1,54777.986987187,11.5493718774969,7845.89130265061,22,10
172,1,83.8054628067197,0,33319.8126622653,15.1211310580221,5089.13047382651,22,3
172,2,84.8063735957802,0,34439.7243916017,15.1211310580221,6244.91108501533,28,0
172,3,101.67685548939,0,35271.5743692961,15.1211310580221,6160.49623088982,18,3
172,4,82.6978286811824,0,36692.3563997571,15.1211310580221,6208.7133414117,23,2
172,5,93.459109867272,0,35301.188690871,15.1211310580221,5354.15912187579,24,3
172,6,104.075046673898,0,36678.7011736349,15.1211310580221,6870.98445096892,19,8
172,7,101.96044500705,0,38007.9232753235,15.1211310580221,6778.47300188347,29,6
172,8,99.614575033931,0,39177.0302310281,15.1211310580221,5980.06653556469,26,6
172,9,99.1261827665463,0,38776.5021505064,15.1211310580221,6179.68349362283,28,10
172,10,96.1077750225039,0,40517.8682582771,15.1211310580221,7742.45258013921,23,8
172,11,104.342050015519,0,40076.2115035128,15.1211310580221,7888.50545136205,25,8
172,12,107.091014023508,0,41040.7576273655,15.1211310580221,7588.40066301191,25,13
172,13,103.460431595818,0,43151.947739869,15.1211310580221,7782.07259280163,29,10
172,14,108.669521464306,0,41014.6193653486,15.1211310580221,8603.84828471874,29,12
172,15,114.342937902228,0,43876.490501508,15.1211310580221,7240.1561415738,23,16
173,1,78.4282775932523,1,32729.1594148523,12.8776760548385,5201.97656276789,28,1
173,2,81.3595650938946,1,32251.1349970666,12.8776760548385,5321.26168353377,26,0
173,3,77.7005421856451,1,34013.4602640779,12.8776760548385,5823.83835145793,27,0
173,4,76.8491706069022,1,33474.8007961663,12.8776760548385,5575.40193753183,20,5
173,5,94.0599948964586,1,35145.1970598297,12.8776760548385,6272.00364506664,24,6
173,6,78.1135845984298,1,35776.4609579411,12.8776760548385,6191.96474663087,29,4
173,7,87.184091044352,1,36530.7830384183,12.8776760548385,6184.98904027914,25,3
173,8,88.592057845264,1,36076.2800479979,12.8776760548385,7475.69201493289,25,10
173,9,95.0286168006634,1,37982.1718266319,12.8776760548385,5980.41798301433,23,10
173,10,96.3664142188653,1,38123.4997552442,12.8776760548385,6987.63660671702,28,11
173,11,96.553228971588,1,39370.5376973773,12.8776760548385,6724.16393216184,25,8
173,12,101.046089075703,1,41547.0815296475,12.8776760548385,7138.85676472656,25,12
173,13,105.133357205703,1,40748.9375078819,12.8776760548385,8173.22169392465,22,12
173,14,107.836654746329,1,42075.4934844275,12.8776760548385,8570.50013811863,28,16
173,15,94.3819894172334,1,43003.938822888,12.8776760548385,7386.72321319359,25,15
174,1,83.8252814573423,1,40861.6719516223,14.0062541983184,5486.74965670312,28,2
174,2,76.7935942992691,1,42730.2322268783,14.0062541983184,4317.68902583333,24,1
174,3,81.7106991690191,1,42754.6976627685,14.0062541983184,4200.27975158363,25,6
174,4,88.1681593277822,1,43825.0474625581,14.0062541983184,5318.61942215953,25,1
174,5,90.0992337090767,1,43652.8717866983,14.0062541983184,6086.2273216974,23,2
174,6,92.6781014458823,1,45033.8976612548,14.0062541983184,5638.45714535245,19,3
174,7,97.9560521483452,1,45642.1560557296,14.0062541983184,6300.56402697283,22,7
174,8,92.4820377849451,1,47636.4425300665,14.0062541983184,5700.72671260212,22,5
174,9,100.737855578541,1,49186.6969116199,14.0062541983184,7538.62875760995,24,10
174,10,104.87423648399,1,48447.540244918,14.0062541983184,6076.51903555554,22,9
174,11,105.286608276473,1,47565.9131040551,14.0062541983184,6844.64730672685,24,11
174,12,112.188521729874,1,49808.6664666733,14.0062541983184,7177.37014517869,24,8
174,13,109.695940877573,1,50592.9070948003,14.0062541983184,7118.95601001927,29,13
174,14,114.685351665836,1,53580.9415270183,14.0062541983184,7576.55706217738,24,13
174,15,117.915711044467,1,53416.1841740049,14.0062541983184,7691.19368948805,30,14
175,1,76.145934925004,1,26750.0396639933,10.2174670751273,5052.04748805094,25,3
175,2,75.5154363284438,1,26519.2383072897,10.2174670751273,4574.64588376243,25,0
175,3,68.5142285056361,1,25503.8089341813,10.2174670751273,5871.52747742784,26,1
175,4,92.2096955335711,1,28479.3087483011,10.2174670751273,5088.47143521633,25,6
175,5,85.4740554099925,1,28169.5762103412,10.2174670751273,5708.31294507323,22,6
175,6,84.4346148190939,1,29851.0654397315,10.2174670751273,6710.18626503125,26,4
175,7,81.7105351162119,1,30681.8406843655,10.2174670751273,6203.07905135854,28,8
175,8,82.0611343032143,1,31572.4678880098,10.2174670751273,6559.23367166198,26,9
175,9,94.8432617329959,1,32318.1889490548,10.2174670751273,6696.82192000448,25,8
175,10,92.5556053575571,1,35503.7981355511,10.2174670751273,6908.42870564781,22,11
175,11,96.4096751691516,1,36025.4768140639,10.2174670751273,7913.56375718957,27,12
175,12,97.4231284531598,1,34559.3695331651,10.2174670751273,8368.56856771,26,9
175,13,108.334426123338,1,36580.366113433,10.2174670751273,7059.75000391767,23,11
175,14,100.72685172731,1,38466.0825614886,10.2174670751273,7972.73590583243,23,16
175,15,103.75762478765,1,39350.2754273545,10.2174670751273,7711.87367147369,24,13
176,1,84.115774061973,1,26565.4721392813,16.7412955109578,4965.08456000042,27,1
176,2,88.0783400524769,1,29934.2202609344,16.7412955109578,5195.55366504818,23,0
176,3,94.4478912140941,1,28883.3877417933,16.7412955109578,4967.49734041539,27,3
176,4,99.4423539659707,1,30778.1902488399,16.7412955109578,5788.28282295378,21,5
176,5,96.0951428633599,1,31883.8676961072,16.7412955109578,6245.25832713255,27,3
176,6,93.5644846380598,1,30858.6849445023,16.7412955109578,6459.39893973072,24,4
176,7,100.554981352463,1,33708.9328255647,16.7412955109578,5949.55473521292,29,6
176,8,100.65066810632,1,32805.4178495208,16.7412955109578,6970.48234040908,26,5
176,9,106.466088190298,1,34003.0300951012,16.7412955109578,6003.07828015401,26,10
176,10,109.620563575221,1,37353.4482084425,16.7412955109578,6255.61828802544,20,9
176,11,124.434360905512,1,38437.7403734016,16.7412955109578,7688.18038330919,24,12
176,12,122.59733039414,1,40134.3958302092,16.7412955109578,7748.92423369981,24,12
176,13,116.365698928316,1,40603.1715044715,16.7412955109578,7229.30305158545,20,11
176,14,121.171768628863,1,40613.4201873803,16.7412955109578,7562.69046124224,20,11
176,15,115.600136588723,1,41550.026585633,16.7412955109578,7925.2609279862,25,14
177,1,84.7413521786733,0,50765.0768291013,11.98803316695,4606.55313502143,21,0
177,2,89.7081522685152,0,52192.4604529778,11.98803316695,5110.87861144139,23,0
177,3,90.3968970356349,0,52321.1209971558,11.98803316695,5363.76201263885,27,5
177,4,87.8684432237875,0,52520.1545574218,11.98803316695,5347.92410898227,27,6
177,5,102.199856467681,0,53015.1350536707,11.98803316695,5723.98614034785,23,8
177,6,91.4275734696894,0,55493.4516939716,11.98803316695,5727.13696467648,24,6
177,7,86.7500256072009,0,52154.2502323528,11.98803316695,6181.33597826307,27,6
177,8,97.1864304696809,0,56419.7487966549,11.98803316695,6236.81929190653,22,7
177,9,108.732908062988,0,56040.0468956441,11.98803316695,7280.53739313071,23,8
177,10,95.2014937829112,0,55861.5434798649,11.98803316695,7858.30336628775,28,6
177,11,108.797860481821,0,58606.2091818199,11.98803316695,6846.57004886132,25,10
177,12,103.826279574125,0,57570.1709768467,11.98803316695,8203.2735896881,20,13
177,13,108.048218806014,0,59675.3580934709,11.98803316695,7514.20777136408,24,12
177,14,122.156615256091,0,60297.7891483297,11.98803316695,7000.94394121275,20,11
177,15,114.918101183895,0,61034.3566820584,11.98803316695,7676.33936520544,22,13
178,1,81.8342765709586,1,29076.1917040822,14.5435283066804,5495.36169328509,21,0
178,2,87.0169320159276,1,31929.9647340548,14.5435283066804,5221.82420999951,22,0
178,3,93.0507092269701,1,32113.6213622193,14.5435283066804,6043.50272875252,22,3
178,4,92.7917481144288,1,32742.2708676077,14.5435283066804,5719.27215345196,23,4
178,5,89.6568441014719,1,33101.690836891,14.5435283066804,4997.34326036775,30,5
178,6,87.1723965583769,1,33985.8689703002,14.5435283066804,5357.9378428985,25,8
178,7,109.068329440646,1,35118.2192928977,14.5435283066804,7332.60772766691,19,7
178,8,95.6619498863855,1,38050.0687785981,14.5435283066804,7112.98947561529,19,7
178,9,95.0397649118202,1,38337.4989915073,14.5435283066804,6934.70023682345,22,9
178,10,99.8684078558833,1,38756.4220690201,14.5435283066804,6572.60954941652,29,8
178,11,105.512994476127,1,41037.3304704564,14.5435283066804,7503.70604324754,30,8
178,12,100.472216133274,1,41772.1820042661,14.5435283066804,6587.47871440415,22,11
178,13,104.047330496667,1,41902.3171840964,14.5435283066804,8111.27753009091,27,11
178,14,109.655944351312,1,40655.1700388482,14.5435283066804,7994.63007442247,28,15
178,15,108.508198433032,1,44110.9476580939,14.5435283066804,7705.68660758067,21,13
179,1,95.4269857296071,1,44164.0203112264,11.6996504223219,5001.40255481767,19,0
179,2,90.9374070134433,1,45421.0752242375,11.6996504223219,4933.2972945992,22,7
179,3,83.1610737177646,1,47198.886217195,11.6996504223219,5821.55514750565,22,0
179,4,80.3603060279343,1,48321.8833885859,11.6996504223219,5348.86013108357,23,5
179,5,102.324796312275,1,49062.665194933,11.6996504223219,5319.16549345835,30,6
179,6,104.678689653411,1,51539.0142989738,11.6996504223219,6511.45333009804,25,8
179,7,107.908922759093,1,51669.7019089456,11.6996504223219,6361.59738304529,25,8
179,8,107.669977958564,1,52884.5488074691,11.6996504223219,6770.63392058665,24,7
179,9,111.10032092961,1,54492.6501427604,11.6996504223219,6104.7882452254,22,9
179,10,100.098164982043,1,55284.8602544525,11.6996504223219,7218.72144118748,22,6
179,11,115.838786936204,1,57495.824707514,11.6996504223219,7552.59268671082,29,12
179,12,124.453979399248,1,58542.488778184,11.6996504223219,7505.94354439365,24,10
179,13,111.699503544938,1,59641.441275671,11.6996504223219,6986.6928541705,26,12
179,14,130.783819031069,1,61698.7328090495,11.6996504223219,8370.39940020708,21,19
179,15,126.701359298441,1,60707.7100645477,11.6996504223219,7806.20532247959,27,15
180,1,69.6250951945903,1,19630.6085382362,11.1611102790582,5753.75873664821,23,4
180,2,72.9727575949706,1,21165.6346664106,11.1611102790582,6194.02680554877,25,0
180,3,65.4557339270919,1,22031.0468874091,11.1611102790582,5712.77928527715,24,0
180,4,79.7228553605405,1,24268.5960820057,11.1611102790582,5851.04842869617,18,0
180,5,78.3472270861804,1,22283.21093843,11.1611102790582,6770.81597734152,28,5
180,6,71.8087845844628,1,22829.1618999306,11.1611102790582,5785.1721364043,28,7
180,7,90.107077073003,1,25021.5833160343,11.1611102790582,6795.13448190408,22,5
180,8,89.3741128914739,1,23896.4427306345,11.1611102790582,6788.70715549845,25,12
180,9,96.5842367441498,1,27678.6164832764,11.1611102790582,6651.49447115737,21,9
180,10,102.307770832391,1,26307.0311062864,11.1611102790582,6185.43655125028,27,9
180,11,97.2336460270281,1,28678.9112582377,11.1611102790582,7715.14161235835,27,10
180,12,98.49498825341,1,28788.7790797473,11.1611102790582,7777.13079745611,18,16
180,13,85.766171688142,1,27633.327668039,11.1611102790582,7511.16942521243,20,13
180,14,95.3518863801182,1,31158.3687318089,11.1611102790582,8014.43814628967,22,11
180,15,102.760801670193,1,30682.2389422511,11.1611102790582,7519.66731402195,25,13
181,1,76.5917770772812,1,30235.9172646307,14.35331473584,5347.92020611651,21,0
181,2,83.0353384639474,1,27699.8758177447,14.35331473584,5206.15246488892,26,3
181,3,80.9124180839897,1,30858.1136300298,14.35331473584,5604.36666059861,24,2
181,4,87.5304198182873,1,30773.4710607539,14.35331473584,5779.0599999872,25,5
181,5,79.4250622962181,1,33791.7845943008,14.35331473584,5567.48199049698,22,0
181,6,91.5843331004865,1,32774.5346756239,14.35331473584,6375.17558257069,26,7
181,7,99.388011380009,1,35275.4605259267,14.35331473584,6170.80171644116,25,10
181,8,108.318657905759,1,34709.5784547488,14.35331473584,7028.36353430389,25,8
181,9,107.426669324655,1,36145.4422492187,14.35331473584,7788.64468559028,24,5
181,10,101.37641569975,1,38315.7246435109,14.35331473584,6895.50867070368,23,7
181,11,99.8537234486069,1,37008.9530485394,14.35331473584,7038.4665102317,21,11
181,12,101.757691161422,1,40347.4914327891,14.35331473584,7246.78577622542,22,11
181,13,108.349908713099,1,40352.7820361616,14.35331473584,7955.29139309315,18,11
181,14,100.702694646591,1,41488.9756115472,14.35331473584,7668.74270193684,26,11
181,15,103.331111629759,1,38795.724342246,14.35331473584,8147.59259805902,27,15
182,1,84.2989591348024,0,33390.4259724497,7.24615006622648,4695.59791247769,21,0
182,2,66.9255708315798,0,32623.8773514656,7.24615006622648,5654.59369945116,27,2
182,3,85.9520245907685,0,35381.3203899138,7.24615006622648,5548.13296440334,22,5
182,4,76.9051195721871,0,36376.3737580979,7.24615006622648,5317.74932229649,24,5
182,5,78.9785772031775,0,35067.6127146696,7.24615006622648,5666.23353240546,23,7
182,6,82.7641513395906,0,35704.925536531,7.24615006622648,6465.46960344737,17,5
182,7,91.2090054274017,0,35126.6706607134,7.24615006622648,5823.87521222322,26,5
182,8,83.906263374369,0,38070.7398639757,7.24615006622648,6060.05243699624,24,7
182,9,92.5639440406708,0,39272.875558803,7.24615006622648,7069.69769556137,25,9
182,10,91.9312143143474,0,36642.9727628143,7.24615006622648,6781.88597963633,32,12
182,11,85.6586614441439,0,37061.9416082254,7.24615006622648,6269.1583472197,25,11
182,12,95.1688951729219,0,40550.1488258358,7.24615006622648,7851.83290109771,31,10
182,13,105.690063618413,0,41286.1009605941,7.24615006622648,7386.84943270355,26,13
182,14,87.5071121337677,0,40840.6669333743,7.24615006622648,7298.57098942446,27,12
182,15,100.687679469315,0,41242.9108855465,7.24615006622648,8771.60000067858,22,11
183,1,76.4143426840364,1,32579.6210230727,13.4350984433821,4202.11942601878,26,0
183,2,89.7291153084973,1,34340.4888512491,13.4350984433821,4916.35074837096,22,4
183,3,84.0260741823203,1,34349.881864188,13.4350984433821,5921.32531956607,23,3
183,4,89.8013214410536,1,37645.8264122701,13.4350984433821,4668.04254318125,23,2
183,5,84.5378925509829,1,35953.8267241929,13.4350984433821,6502.10317598407,25,5
183,6,86.4379542028991,1,34066.3510907977,13.4350984433821,6135.53295171416,23,5
183,7,103.483138367826,1,38504.2690373936,13.4350984433821,6234.07221584354,23,9
183,8,101.394970717511,1,37547.7364481598,13.4350984433821,6570.01647823843,29,9
183,9,103.41248020122,1,40428.2106755263,13.4350984433821,6144.39280827983,24,14
183,10,102.487271067401,1,38859.9243755384,13.4350984433821,6671.17620452586,20,6
183,11,110.294616457181,1,40947.810907427,13.4350984433821,6611.91371619384,21,10
183,12,109.202598144519,1,42397.5702530638,13.4350984433821,7341.84189746595,21,12
183,13,105.593898768607,1,42610.4638823844,13.4350984433821,7341.5750891632,26,12
183,14,110.030541513989,1,41661.3558155167,13.4350984433821,7735.68660532102,25,12
183,15,112.041125469149,1,42981.238331096,13.4350984433821,7958.19670566879,21,15
184,1,73.6199468487482,0,21860.2266510223,13.1806991189844,4759.81303061487,23,2
184,2,69.3721281707493,0,25090.8485556244,13.1806991189844,4049.2996691843,24,0
184,3,67.0736802276534,0,24095.4760706145,13.1806991189844,5983.29575531433,27,0
184,4,83.464200879072,0,26253.4510288578,13.1806991189844,7002.76782825276,30,3
184,5,82.0777325197308,0,25913.0799474623,13.1806991189844,6230.05981572485,27,5
184,6,72.5265062637312,0,25995.1446607394,13.1806991189844,6205.07394647075,22,3
184,7,81.4594845804149,0,28372.6467756487,13.1806991189844,7181.06906018913,24,7
184,8,93.8199810003013,0,26853.8385302619,13.1806991189844,6806.42302273069,18,11
184,9,93.3115594532354,0,30237.5414452989,13.1806991189844,6205.56890405836,19,13
184,10,83.9589177710761,0,30428.4488300379,13.1806991189844,7357.27496604987,21,7
184,11,90.6212073380398,0,30603.1234040509,13.1806991189844,7492.53808693107,20,12
184,12,84.8757417864287,0,31598.4024847872,13.1806991189844,6774.0194155405,24,14
184,13,95.2946487406925,0,31983.0815875661,13.1806991189844,6660.21672545538,29,11
184,14,95.5225639747072,0,32088.1555030245,13.1806991189844,7806.04153371585,23,13
184,15,95.6930612503045,0,32947.4055368572,13.1806991189844,7645.94555286121,27,15
185,1,71.1462496819744,1,30348.0292345703,3.91401189262645,5390.04824054654,27,1
185,2,62.3503378036938,1,32988.3283835514,3.91401189262645,5433.15414739194,28,0
185,3,86.061496847964,1,33146.9387524237,3.91401189262645,6470.05835147214,21,6
185,4,74.7198135360261,1,33236.5037755592,3.91401189262645,6614.78705628087,21,5
185,5,83.7825627735952,1,33004.1714024407,3.91401189262645,6277.40503623096,30,4
185,6,74.8796124902216,1,35260.6745397901,3.91401189262645,5866.61101361656,29,5
185,7,77.4444285982915,1,34732.0619012406,3.91401189262645,5680.72337700345,24,5
185,8,93.1842187206392,1,35684.788826478,3.91401189262645,6333.93881070505,25,8
185,9,96.5055056458806,1,39372.9777480455,3.91401189262645,6190.89190411685,23,9
185,10,100.693618570264,1,36736.0003137998,3.91401189262645,7422.77123287831,21,13
185,11,86.6118761260951,1,38046.7783740199,3.91401189262645,6871.10172398363,27,10
185,12,88.8192999283514,1,39146.7580755602,3.91401189262645,7532.60010184101,20,11
185,13,103.391615055406,1,39929.5993527335,3.91401189262645,7907.02483940064,23,13
185,14,98.1073950351853,1,40197.6204915439,3.91401189262645,8338.80925087026,20,11
185,15,96.9622222718057,1,41933.2112187815,3.91401189262645,8505.04770405429,27,20
186,1,70.4139254719442,0,21027.5092036988,13.1051319855998,5136.69244437991,19,0
186,2,68.8324265127736,0,24092.9282651693,13.1051319855998,5473.91650889899,21,0
186,3,67.993295708657,0,23558.8971156278,13.1051319855998,5353.75951475927,25,0
186,4,71.575169967893,0,24978.4484522409,13.1051319855998,5852.9167112477,27,3
186,5,81.418022701266,0,23399.7892104403,13.1051319855998,5186.4348028874,19,3
186,6,74.8910402779403,0,25475.676508178,13.1051319855998,5471.58641163464,29,5
186,7,79.4575569972251,0,26720.6257581896,13.1051319855998,6647.87449991313,29,10
186,8,73.2308071485951,0,26958.078638088,13.1051319855998,6630.23789821928,27,3
186,9,86.612348977955,0,27562.4796499953,13.1051319855998,6896.0113826173,25,9
186,10,74.8325933512484,0,27195.5193724921,13.1051319855998,6420.55759303809,23,10
186,11,86.0643226086441,0,28285.9988346781,13.1051319855998,7343.0973943329,25,9
186,12,96.1376701781948,0,29194.7310287836,13.1051319855998,8588.63281305559,23,10
186,13,89.1420705202252,0,29482.1776915393,13.1051319855998,8255.93425501862,24,15
186,14,96.2996549499822,0,31733.272535701,13.1051319855998,7533.78456653254,28,12
186,15,95.8030691380179,0,33413.9947871607,13.1051319855998,7532.65339999268,23,11
187,1,69.7979231961159,0,37679.4435532117,5.49474675795898,5945.2268546194,22,0
187,2,71.8609408612378,0,37449.7405697505,5.49474675795898,5513.78063341485,27,3
187,3,81.5770672305831,0,37571.2295202338,5.49474675795898,5325.80303878537,20,0
187,4,73.065992255468,0,38928.1798083082,5.49474675795898,4963.40220383994,25,2
187,5,80.6317379986432,0,38226.1967421209,5.49474675795898,5766.43898535304,27,6
187,6,87.6384287341795,0,39942.3649315184,5.49474675795898,5666.33072637012,26,6
187,7,82.6355266522949,0,40506.5508865556,5.49474675795898,5598.36656498039,25,9
187,8,79.7981417983942,0,38657.6983436934,5.49474675795898,6927.57669179287,25,8
187,9,82.7200883950321,0,43561.9954471642,5.49474675795898,7172.72920207968,25,7
187,10,93.8174784590797,0,40996.4338622302,5.49474675795898,7261.24659723215,25,9
187,11,81.4419443354754,0,40364.7545270214,5.49474675795898,7317.53245828281,26,9
187,12,81.6931767988696,0,43652.9265639446,5.49474675795898,6958.02904390769,23,8
187,13,90.8302155991364,0,44423.3182002909,5.49474675795898,7801.89949446288,17,12
187,14,99.9422881713149,0,44970.5373438844,5.49474675795898,8185.20083860505,20,13
187,15,97.0944989451831,0,45781.7442584743,5.49474675795898,8098.87905732695,25,13
188,1,100.864012950063,1,38149.1186545398,13.9794131306782,6263.98199292991,24,0
188,2,93.1286036875647,1,40582.388370314,13.9794131306782,5055.50252020163,30,1
188,3,99.3127537088297,1,42026.4241211362,13.9794131306782,5925.58333895706,21,6
188,4,98.913133917659,1,40462.8532298785,13.9794131306782,4928.79418400267,23,6
188,5,99.8147723983045,1,42263.3013233578,13.9794131306782,7346.22051197233,20,4
188,6,96.1326346065816,1,42342.3720430538,13.9794131306782,5794.8450956119,25,6
188,7,98.5593662505488,1,43208.3317297861,13.9794131306782,5762.89989498328,23,7
188,8,100.056116849681,1,44900.6713628332,13.9794131306782,6131.20337011311,25,7
188,9,107.885050995128,1,44858.5763910493,13.9794131306782,6923.19796930884,30,11
188,10,111.744190192664,1,47168.4945211253,13.9794131306782,6484.72044132655,23,9
188,11,110.322279442787,1,45560.2081224061,13.9794131306782,6933.60740741415,24,14
188,12,104.057593246398,1,48030.2872956816,13.9794131306782,7520.1913292896,24,11
188,13,100.851575988276,1,46748.5337120309,13.9794131306782,7478.12776702761,30,9
188,14,122.486835434016,1,47628.7121481264,13.9794131306782,7829.3232611696,22,12
188,15,117.914092196342,1,48188.7621962101,13.9794131306782,7535.8092908989,27,17
189,1,60.6488254047121,1,13245.0995549999,10.6382587998564,4934.60066286817,26,0
189,2,50.471036250433,1,14180.830848748,10.6382587998564,5156.32349701624,25,3
189,3,68.6974605138606,1,14616.5568056625,10.6382587998564,6417.87464847945,25,0
189,4,63.5400461861121,1,15827.8201498968,10.6382587998564,5627.24802088498,30,5
189,5,52.1567973753076,1,15203.661570302,10.6382587998564,5675.95694964861,30,2
189,6,73.4723271905989,1,16503.8144934337,10.6382587998564,6543.08842338599,27,7
189,7,86.9698631175379,1,18151.927453784,10.6382587998564,6819.17472753571,18,10
189,8,74.4256187903396,1,19294.9697745793,10.6382587998564,6617.24190476597,26,8
189,9,79.8272231980863,1,19352.3314031461,10.6382587998564,7279.56689029806,26,10
189,10,79.3815775549293,1,20480.479222817,10.6382587998564,6643.21820875757,26,11
189,11,82.3672206510673,1,21368.2496526858,10.6382587998564,7877.03620986532,25,9
189,12,83.1311271640241,1,21894.5965862099,10.6382587998564,6991.25141790135,26,9
189,13,86.279205295797,1,21818.6690205837,10.6382587998564,7984.40413885236,29,16
189,14,94.7726861911471,1,22635.1418666767,10.6382587998564,7445.17717133337,25,13
189,15,84.5807830828196,1,24178.5787142876,10.6382587998564,8655.83576444603,26,13
190,1,82.4018938226524,1,40503.7904043863,9.91518952429532,5189.94669033516,21,3
190,2,81.2010735619081,1,41900.817000385,9.91518952429532,4875.91761708415,25,2
190,3,71.2780170317159,1,43014.6202790141,9.91518952429532,5380.12722420679,27,1
190,4,74.9809682128529,1,42593.2448100331,9.91518952429532,5938.65738028359,28,2
190,5,82.1455152320495,1,45587.8692444367,9.91518952429532,6012.98152600779,24,1
190,6,78.9052465063074,1,46897.3137186117,9.91518952429532,5362.16022213491,24,7
190,7,86.2722037882646,1,47339.8300386031,9.91518952429532,7051.82972133862,18,4
190,8,92.4285217699167,1,50268.6271351913,9.91518952429532,6550.24602085999,28,5
190,9,92.8635545195909,1,49372.4040956834,9.91518952429532,5929.33638342724,27,11
190,10,94.6150302408443,1,51200.6122312427,9.91518952429532,7319.01554591124,24,10
190,11,95.5600519382339,1,52228.0376523024,9.91518952429532,6960.87367084601,26,9
190,12,97.3029498356012,1,53553.7451115201,9.91518952429532,7736.9729367516,25,12
190,13,105.799010945391,1,54260.404670092,9.91518952429532,7923.99199213733,25,12
190,14,98.9098136505273,1,54725.0385324172,9.91518952429532,6944.99433858671,30,12
190,15,110.404724591958,1,56553.2988916475,9.91518952429532,8299.44157372229,21,15
191,1,75.3667817488802,0,21334.9836916571,11.979461090482,4931.21965399245,22,3
191,2,82.0824145772477,0,22334.8008163238,11.979461090482,5200.99850599841,26,5
191,3,85.1483242501527,0,23820.6862513828,11.979461090482,5606.75994316214,25,1
191,4,88.6142458146761,0,24883.6463070146,11.979461090482,5919.42263111158,23,5
191,5,89.1534969259048,0,25112.2077878152,11.979461090482,5943.34081651443,28,3
191,6,89.8637011254301,0,25741.4788224215,11.979461090482,6568.11443909551,27,4
191,7,84.9211349469569,0,28468.5986568428,11.979461090482,5713.49794380766,28,3
191,8,92.1102445129993,0,28203.1951802892,11.979461090482,6325.87260763294,22,9
191,9,81.8784193606236,0,28783.7347953732,11.979461090482,6932.40137094001,19,7
191,10,86.8258865447318,0,29223.5789317725,11.979461090482,7024.32643866314,24,9
191,11,92.1819087240064,0,31449.6240872721,11.979461090482,7921.14061400764,23,8
191,12,91.7216668007992,0,32576.602516599,11.979461090482,7414.14198693629,19,12
191,13,106.657513888044,0,32061.216653415,11.979461090482,8189.62539585498,22,16
191,14,103.9561248591,0,32860.7320903636,11.979461090482,6965.26425383571,24,14
191,15,100.904352303667,0,35403.1010247487,11.979461090482,7973.17525820005,18,14
192,1,84.8178134000738,0,33547.2594729414,16.119156134952,5236.4595101949,18,1
192,2,90.3725639128964,0,36442.7794046669,16.119156134952,4872.40010486025,27,3
192,3,88.0710625781111,0,34714.9696770222,16.119156134952,6389.41323155256,21,2
192,4,85.7255029252591,0,35001.2709430035,16.119156134952,5492.17002232594,22,3
192,5,86.8128028934062,0,37208.3310938076,16.119156134952,6256.55527989787,26,2
192,6,99.703806644942,0,38474.1891007509,16.119156134952,6704.18297013332,20,11
192,7,92.362309507505,0,38891.0701324905,16.119156134952,7340.06726033701,22,8
192,8,93.1304669597786,0,39341.3343258674,16.119156134952,6849.46281579866,27,9
192,9,100.065720986886,0,40568.9997648903,16.119156134952,6589.68459354418,22,8
192,10,101.983496194057,0,40149.8182720312,16.119156134952,5743.04787806286,27,8
192,11,104.831693291448,0,41873.2008258291,16.119156134952,7236.42436344714,17,12
192,12,101.702599123756,0,41540.5266020254,16.119156134952,7213.34305336115,20,9
192,13,108.997921542074,0,42297.8239904831,16.119156134952,8028.46886763411,27,14
192,14,103.430615443988,0,43936.9392902124,16.119156134952,8554.99857638686,26,16
192,15,112.427587809579,0,44969.693706547,16.119156134952,7188.76284293164,25,15
193,1,83.492504879246,1,34872.9162491889,10.0940307683463,5270.11334745954,23,2
193,2,80.1602166593019,1,34653.8769708459,10.0940307683463,4912.8555898412,23,3
193,3,75.0836426539203,1,35641.321254742,10.0940307683463,6150.65497053906,24,3
193,4,81.2020388703953,1,35130.2849536543,10.0940307683463,5802.7305125428,28,2
193,5,91.9509101035107,1,37722.3218359352,10.0940307683463,6244.3985288227,23,4
193,6,92.258915904105,1,38640.8901299575,10.0940307683463,6031.04630205248,28,4
193,7,103.743400285347,1,40320.8672139601,10.0940307683463,7116.79829071766,19,4
193,8,100.28665754931,1,38087.0263964917,10.0940307683463,5904.92782573007,25,10
193,9,104.998341483044,1,38972.0336741796,10.0940307683463,7355.11964488538,30,11
193,10,105.61013948953,1,39798.8793952435,10.0940307683463,8045.19244029856,26,10
193,11,101.04719040646,1,40607.7879398619,10.0940307683463,7585.53537030439,20,7
193,12,107.277489419001,1,40034.6732998672,10.0940307683463,7309.70804465518,29,10
193,13,108.45691290841,1,42225.1705030036,10.0940307683463,7410.32161414977,22,12
193,14,107.983334252058,1,41378.9658722967,10.0940307683463,7718.20905669745,25,16
193,15,99.9996379952628,1,43206.6423160133,10.0940307683463,8039.79132635926,28,10
194,1,85.5354656153133,1,27402.7463822537,13.6743098818463,5388.76550363134,22,5
194,2,75.7774463214638,1,29500.8133384445,13.6743098818463,6190.42515502431,24,2
194,3,84.8246543887846,1,30639.9060489892,13.6743098818463,5804.55734185078,21,2
194,4,84.406302085156,1,30433.0237079844,13.6743098818463,5948.17168566288,27,6
194,5,92.1549224103547,1,31077.6111768313,13.6743098818463,6218.3364215683,25,3
194,6,86.050648216783,1,31549.6470008353,13.6743098818463,6822.61456496101,26,6
194,7,100.814997862635,1,32921.8852820795,13.6743098818463,6969.97578244135,22,6
194,8,90.1829889104349,1,34711.8462487927,13.6743098818463,6315.89209694378,22,8
194,9,100.379139157764,1,33056.3320924573,13.6743098818463,6858.00955191652,24,9
194,10,100.698217568456,1,34612.7110590676,13.6743098818463,6860.69074347948,23,6
194,11,108.654349821574,1,34860.2309677741,13.6743098818463,6814.02537577937,23,12
194,12,101.047986570355,1,37387.0843681769,13.6743098818463,7172.62062350257,23,14
194,13,106.98673597891,1,38532.692643397,13.6743098818463,7631.35049129418,26,15
194,14,106.977777157798,1,37736.7809031269,13.6743098818463,6920.18534649458,23,16
194,15,111.937793052081,1,37933.4419646934,13.6743098818463,8056.57208898935,23,13
195,1,70.6318431767616,1,26913.7860414618,13.0234736052656,4327.66959155979,20,0
195,2,76.2327290607001,1,25794.3690001873,13.0234736052656,5397.14437775971,28,3
195,3,88.0809429341894,1,26907.611643707,13.0234736052656,5240.38567612196,18,4
195,4,85.6978969528882,1,28723.1084976747,13.0234736052656,5487.91677018278,24,5
195,5,75.2652084530847,1,28487.0415472787,13.0234736052656,5617.07908607951,23,4
195,6,83.1931719259574,1,28614.362858595,13.0234736052656,5770.2624021393,26,5
195,7,99.6720521932232,1,29983.2099504304,13.0234736052656,6877.80386245305,22,9
195,8,101.317772357122,1,30059.0376664299,13.0234736052656,6368.11724985852,23,6
195,9,97.8015600536991,1,33085.0378081755,13.0234736052656,6825.72593156753,28,9
195,10,103.105784012429,1,31540.343671548,13.0234736052656,7495.37399893018,22,9
195,11,100.723826284161,1,33572.7777543482,13.0234736052656,7283.78335344335,19,12
195,12,102.149933817866,1,33341.6034447425,13.0234736052656,7448.01871229542,29,12
195,13,103.787582393281,1,35379.261995431,13.0234736052656,7071.46574095805,26,10
195,14,109.961439639984,1,35688.0831993596,13.0234736052656,8182.87397880616,23,12
195,15,106.755949595186,1,34817.049817845,13.0234736052656,8686.73865921084,22,12
196,1,81.2003595844096,0,32425.3533662542,8.46144411257533,5452.06386077244,17,0
196,2,83.9570403629227,0,32818.2069434982,8.46144411257533,5198.69508273,27,1
196,3,75.3933050109537,0,34287.5338306267,8.46144411257533,5953.5643100955,23,4
196,4,95.0704114818072,0,34559.1176627026,8.46144411257533,4527.17128811205,18,3
196,5,80.0070198609673,0,35896.5408274231,8.46144411257533,5675.58124439412,25,4
196,6,85.4702094713765,0,36129.9546709299,8.46144411257533,6239.46670954026,26,3
196,7,91.1072076940703,0,38023.3037784579,8.46144411257533,7435.09509954606,25,8
196,8,101.578186246827,0,38201.5559199296,8.46144411257533,6022.12759206557,26,11
196,9,93.5714939857638,0,37393.2511506925,8.46144411257533,6435.13925927656,24,10
196,10,91.9928351816102,0,39509.1144989555,8.46144411257533,6746.24429007221,28,12
196,11,98.3099801565273,0,40013.9088745053,8.46144411257533,6951.30330415201,26,9
196,12,99.5668295261254,0,42287.7361187271,8.46144411257533,7511.99087646904,27,10
196,13,101.519017003517,0,40840.3576440693,8.46144411257533,7805.84345082419,23,13
196,14,98.6350792759799,0,40767.7596140738,8.46144411257533,7541.37133752067,23,15
196,15,102.360859883932,0,44101.1575122687,8.46144411257533,8049.41578787669,27,14
197,1,67.8501126754311,0,35119.9902146981,6.77693394799809,5257.09771035411,25,2
197,2,75.3285372529137,0,35298.417051552,6.77693394799809,4909.78786269514,24,2
197,3,67.0690811438716,0,36865.76789081,6.77693394799809,4881.96079285591,26,5
197,4,76.7689943819902,0,37082.41947286,6.77693394799809,5912.1486425151,23,3
197,5,78.0798146641537,0,35917.632198434,6.77693394799809,5945.82293193102,29,7
197,6,78.6153509184465,0,38445.9458692215,6.77693394799809,6137.06009889535,21,4
197,7,80.066386441518,0,37594.1227788955,6.77693394799809,7201.72167199008,25,5
197,8,90.5301566326204,0,39955.4655226397,6.77693394799809,7110.71051542045,25,11
197,9,81.8639442814736,0,40510.7384170865,6.77693394799809,7044.52536184664,27,7
197,10,80.7778867066325,0,40135.5470141683,6.77693394799809,6298.08907628081,27,11
197,11,89.1929330893736,0,41920.7507575204,6.77693394799809,6722.61799201336,24,10
197,12,88.1481097299576,0,41252.3946218428,6.77693394799809,8128.30183096228,21,11
197,13,87.8368457337673,0,43198.7762879758,6.77693394799809,8230.98357371019,26,11
197,14,89.9396573896464,0,40548.814683563,6.77693394799809,7045.58728022183,27,11
197,15,96.9330481659655,0,42471.3354994749,6.77693394799809,8413.76732264816,25,13
198,1,69.6706407351723,1,38415.3161223079,6.02224268628257,4796.05850056166,22,2
198,2,77.1021635365699,1,38958.4351661942,6.02224268628257,6163.15924208577,25,3
198,3,69.2190403475529,1,38002.4727374966,6.02224268628257,5524.77661861325,20,2
198,4,84.049254306343,1,41036.5364878776,6.02224268628257,6059.46212861695,25,8
198,5,94.3724045677184,1,44687.061836215,6.02224268628257,6675.4158143048,24,5
198,6,76.3274855801114,1,43065.6604985155,6.02224268628257,6772.31829395967,27,6
198,7,95.7784424553561,1,45642.7135679144,6.02224268628257,6358.11255097908,23,10
198,8,98.0375681203782,1,46183.2130196969,6.02224268628257,7187.97869902376,17,8
198,9,96.7845307461047,1,47896.7638048462,6.02224268628257,6482.42227886563,25,8
198,10,100.602277989598,1,48902.4189935565,6.02224268628257,7155.61724937066,22,8
198,11,108.737351648742,1,50145.2058412781,6.02224268628257,6928.62702858607,26,10
198,12,92.9094271317499,1,51359.9480624164,6.02224268628257,7601.89963936809,22,13
198,13,92.1142254156711,1,50506.7987663276,6.02224268628257,6941.31180978376,21,11
198,14,103.066130318213,1,53885.6880785441,6.02224268628257,8099.17760717978,24,14
198,15,106.518813287473,1,55214.8165969338,6.02224268628257,8619.00685037524,20,15
199,1,70.3887300739122,0,14739.1873094853,13.6538226344037,5839.07445994912,22,4
199,2,78.1845894715942,0,16439.6362879435,13.6538226344037,5332.91807541327,24,4
199,3,73.6784962434877,0,15854.7037483322,13.6538226344037,6779.93311534813,22,0
199,4,73.5456265539974,0,16834.2619972416,13.6538226344037,5517.3031850566,25,5
199,5,78.4933518646365,0,15881.3802845914,13.6538226344037,6171.54689220643,24,7
199,6,83.3570737195077,0,18154.157768408,13.6538226344037,5538.47552769614,23,6
199,7,72.3500503538743,0,17244.677702241,13.6538226344037,6581.81586738004,28,4
199,8,75.2485395015096,0,21544.1653787384,13.6538226344037,6725.64791772995,23,9
199,9,88.6848273508607,0,19934.1999979835,13.6538226344037,6063.75696084749,24,8
199,10,97.849508753419,0,21388.929949974,13.6538226344037,7019.39676177078,26,13
199,11,85.5920657518375,0,22223.651351494,13.6538226344037,7359.63463868664,28,8
199,12,90.8988176308044,0,21220.3690644256,13.6538226344037,7646.22444295147,20,11
199,13,95.6661834509509,0,23740.2893966963,13.6538226344037,7698.47858200305,21,9
199,14,96.6502423333278,0,22946.0550874472,13.6538226344037,7435.65009296088,22,15
199,15,84.2743802330592,0,25223.0071930225,13.6538226344037,7314.34875845915,25,12
200,1,78.6838417431926,1,16847.3718705972,11.8957738154061,5938.98654752532,24,0
200,2,82.947995111974,1,17343.4506759074,11.8957738154061,5241.0021711139,28,2
200,3,91.1005393947458,1,18994.8053554815,11.8957738154061,6219.82057993022,21,3
200,4,86.3783896984756,1,19504.2375650831,11.8957738154061,4803.57041935923,24,5
200,5,86.4273374538018,1,19446.1147207929,11.8957738154061,7010.48872768679,25,5
200,6,88.6511454850564,1,19515.9030667177,11.8957738154061,5660.97388654204,18,5
200,7,96.8802046644954,1,21003.4493526274,11.8957738154061,6261.33574847343,23,9
200,8,91.2818360262395,1,21317.9009212645,11.8957738154061,7000.75647690661,30,5
200,9,86.8225339941045,1,22883.3662889696,11.8957738154061,6926.64083207111,24,4
200,10,109.391375579673,1,21848.9929791413,11.8957738154061,6639.80840552417,23,10
200,11,102.438885015194,1,22915.2205469835,11.8957738154061,6020.79235073673,27,7
200,12,105.375084356235,1,25866.2823437552,11.8957738154061,7420.3037792416,27,11
200,13,92.2789828454721,1,22868.7938072752,11.8957738154061,7158.01933523945,27,11
200,14,109.042862743603,1,25027.1727612174,11.8957738154061,6317.14070509205,25,14
200,15,97.2921811170396,1,25677.7829590404,11.8957738154061,7795.4792629674,24,14
201,1,90.2415544038926,0,41766.0758781606,17.5517151108319,5404.02804403374,26,0
201,2,90.1776145643177,0,42277.0379635637,17.5517151108319,5081.20171398323,26,3
201,3,93.845114476584,0,42301.2576140954,17.5517151108319,5585.87597589844,26,0
201,4,92.5070188394031,0,43112.6128736754,17.5517151108319,5996.8580119995,28,2
201,5,97.8788238599002,0,45037.9362817022,17.5517151108319,5122.29705822532,23,3
201,6,100.311225319291,0,47326.4914298123,17.5517151108319,6830.94184550713,19,4
201,7,103.942307740019,0,46899.1599534086,17.5517151108319,6362.11163178348,18,8
201,8,105.710686185347,0,49162.9196249779,17.5517151108319,7994.72161011134,29,9
201,9,105.306565205658,0,47786.7112776324,17.5517151108319,7416.93638242956,24,7
201,10,108.609893955403,0,49739.2978151718,17.5517151108319,7919.67568046566,22,9
201,11,108.707641854181,0,50056.8414693198,17.5517151108319,7052.76756782115,21,7
201,12,101.604435336237,0,51066.8406029497,17.5517151108319,7116.37814723865,22,9
201,13,109.619879383027,0,51681.3396984799,17.5517151108319,7820.48678667449,24,14
201,14,119.767369427901,0,53025.4133827351,17.5517151108319,7899.38416825054,23,15
201,15,118.79323327129,0,53011.7016262176,17.5517151108319,7281.48185354695,21,16
202,1,88.3324747942334,1,39940.4576096967,13.7210253247891,5661.88829028126,24,5
202,2,92.9209655919123,1,40061.0646616872,13.7210253247891,5698.04813979888,26,4
202,3,95.2910406444932,1,40160.2669076027,13.7210253247891,5789.90234326992,20,3
202,4,80.4728800376884,1,40655.9187240799,13.7210253247891,5784.27981050406,32,1
202,5,91.997748236671,1,40090.9819841049,13.7210253247891,5651.00208011824,24,2
202,6,90.671954212962,1,41317.9770799611,13.7210253247891,5730.04220129513,27,6
202,7,95.2390449637836,1,42302.194599682,13.7210253247891,5919.04255170031,25,7
202,8,96.8781744852474,1,44100.0609554122,13.7210253247891,5422.55707077675,27,7
202,9,110.130691742032,1,44554.6701490707,13.7210253247891,7759.34757524625,28,13
202,10,99.8716584209492,1,43556.000600929,13.7210253247891,7530.91414060303,30,9
202,11,108.84473400938,1,44484.8773740957,13.7210253247891,6723.33375872501,22,11
202,12,103.806464246324,1,47297.2639800951,13.7210253247891,7336.88875258125,31,9
202,13,106.456522383544,1,44746.5319700533,13.7210253247891,7450.69271100838,25,12
202,14,107.087719780915,1,46937.3256116076,13.7210253247891,7669.52919304012,23,13
202,15,119.432724081364,1,47634.5539916867,13.7210253247891,7886.06808035882,16,16
203,1,82.1227367269154,1,33811.8395093088,14.5490876732478,5543.87109459539,19,2
203,2,81.1711440141973,1,33772.2834150924,14.5490876732478,5319.39815804083,24,2
203,3,82.7394169981913,1,35582.4875645005,14.5490876732478,5739.25860504882,26,3
203,4,84.0032737763125,1,39495.7604876511,14.5490876732478,6170.43605048543,23,2
203,5,88.16266271352,1,37528.7005210137,14.5490876732478,6233.7649984877,24,5
203,6,93.537421397131,1,38246.5774737867,14.5490876732478,6140.6568540807,21,6
203,7,97.8848371238738,1,39480.2965097347,14.5490876732478,6603.02638818512,30,7
203,8,101.080684474305,1,38963.3447826942,14.5490876732478,5403.91771326275,21,6
203,9,102.847191120534,1,41714.5883915569,14.5490876732478,6547.33685886341,26,9
203,10,103.559355059775,1,42514.019108795,14.5490876732478,7743.73890472482,25,10
203,11,102.424659306043,1,42277.7089718627,14.5490876732478,7354.84848786742,25,11
203,12,98.1384309603894,1,43516.4191346567,14.5490876732478,8121.48652498728,26,6
203,13,109.219052928266,1,43783.2779520931,14.5490876732478,7436.93096266242,23,15
203,14,110.604032790948,1,45809.4393030597,14.5490876732478,7293.17975874005,25,18
203,15,103.677566545606,1,44291.9999397651,14.5490876732478,7529.46051001679,29,16
204,1,88.1377866836065,1,36345.9029814727,16.0031507560049,5224.82487165104,24,3
204,2,83.9136255327215,1,38038.3023576901,16.0031507560049,4740.83497486808,28,4
204,3,85.0395206807098,1,39948.9438636869,16.0031507560049,6198.82247218267,23,1
204,4,83.3207822322291,1,38199.8326466523,16.0031507560049,5935.72055012153,24,5
204,5,95.8353781707517,1,38836.4387746185,16.0031507560049,5832.35761912625,25,0
204,6,105.335293600604,1,40693.576583731,16.0031507560049,6827.20467158215,23,7
204,7,100.710034218307,1,41590.9950810857,16.0031507560049,6520.49677449127,24,8
204,8,92.2000188300526,1,43253.2832913477,16.0031507560049,6451.22846644725,25,10
204,9,106.645624318908,1,43227.5796552366,16.0031507560049,5937.13724318826,19,8
204,10,113.372040182515,1,43614.6762016387,16.0031507560049,6308.16341554742,30,10
204,11,107.945838922123,1,46925.3604531501,16.0031507560049,6940.74475807518,24,14
204,12,115.64444006649,1,45552.9948907127,16.0031507560049,7180.34953639822,26,14
204,13,101.898446818447,1,47609.7524967035,16.0031507560049,7719.486644052,26,11
204,14,120.433849962821,1,48320.0177139994,16.0031507560049,7168.37380077042,27,14
204,15,123.376225494075,1,47982.5853915703,16.0031507560049,7160.48993864787,20,15
205,1,86.7368133711889,0,39870.9532218294,10.4978427061051,4845.67705432714,25,0
205,2,81.4405372557649,0,37923.8357390304,10.4978427061051,6110.42232007015,26,1
205,3,87.6378908222638,0,39013.0131693248,10.4978427061051,5250.40629671122,26,7
205,4,91.6260736014874,0,41988.9912294755,10.4978427061051,5891.35492254798,25,4
205,5,89.6509770247398,0,40135.5287133144,10.4978427061051,5952.91769886762,21,2
205,6,96.413882949448,0,43201.4616739663,10.4978427061051,5855.66991067481,24,7
205,7,97.1796127966164,0,43632.6715128743,10.4978427061051,5891.42009205795,17,6
205,8,93.5135219853637,0,45045.8128404962,10.4978427061051,6252.66481376415,24,8
205,9,96.8571277902974,0,45958.8929343793,10.4978427061051,6227.23025449804,26,8
205,10,107.964075385262,0,45383.0236453992,10.4978427061051,7429.40942676173,23,9
205,11,100.781503828167,0,46235.2697773075,10.4978427061051,7191.09278129328,29,9
205,12,102.40534846215,0,48605.1052226158,10.4978427061051,7472.65371547799,22,13
205,13,104.033899942459,0,49550.3111576956,10.4978427061051,7562.31467153341,24,11
205,14,105.201146241324,0,48419.3729202009,10.4978427061051,7682.72343803319,28,11
205,15,111.076246594642,0,49172.2704816977,10.4978427061051,8095.85570739127,25,16
206,1,74.6208400152741,1,8113.58613946039,13.5302937846855,5240.82264955148,18,1
206,2,61.2071415508467,1,9649.09524833543,13.5302937846855,5192.81518872032,25,0
206,3,75.1151918133622,1,10118.4422929135,13.5302937846855,6200.59783838846,25,7
206,4,77.5489236312285,1,12942.7228892533,13.5302937846855,6310.46102203497,23,1
206,5,73.7662429019148,1,11628.33797092,13.5302937846855,5846.98054547711,25,1
206,6,73.2390718032615,1,11415.4539386658,13.5302937846855,6210.72940155782,28,4
206,7,95.7932633076471,1,11514.0758500012,13.5302937846855,6383.57803617433,25,8
206,8,86.431630465289,1,11982.587923975,13.5302937846855,6831.6730516785,22,3
206,9,77.3052420249107,1,12373.4014927562,13.5302937846855,7324.1289119657,29,8
206,10,85.7802179930286,1,12374.7539394417,13.5302937846855,6449.48068234682,30,9
206,11,87.5616874297262,1,14119.2938531856,13.5302937846855,7047.24379888369,27,10
206,12,91.896176528105,1,11230.9716839414,13.5302937846855,6670.19697486963,26,12
206,13,88.858423542354,1,13726.3418966848,13.5302937846855,7362.22961383852,24,13
206,14,102.152915757254,1,16362.9779865735,13.5302937846855,7948.29327902933,21,15
206,15,91.5813127716381,1,15996.2397632365,13.5302937846855,7882.10764173993,25,13
207,1,88.3785735859351,0,40280.990101728,14.6063798107325,4724.09340516961,21,0
207,2,80.2844187162598,0,39980.8105870152,14.6063798107325,5396.13810383393,26,1
207,3,97.4326448750233,0,42824.2081008994,14.6063798107325,5343.39892939283,27,1
207,4,83.535186341379,0,41961.3421284669,14.6063798107325,5736.70647980062,27,2
207,5,97.6163880402382,0,43690.2828771308,14.6063798107325,5812.81258857726,27,5
207,6,95.8924117217834,0,43960.743598994,14.6063798107325,5870.73934833177,25,3
207,7,96.0337542690321,0,45270.307097346,14.6063798107325,7010.16012088872,26,5
207,8,94.9747140177258,0,45193.9009861355,14.6063798107325,5557.37182734005,29,6
207,9,102.46694552749,0,47723.5049023537,14.6063798107325,6787.70217240406,25,9
207,10,100.456835920093,0,46806.0056206213,14.6063798107325,7179.06889772687,30,9
207,11,104.040722594601,0,51027.7182470855,14.6063798107325,6985.46738205238,24,11
207,12,99.7521026839902,0,48850.1951363766,14.6063798107325,7331.77039909825,30,10
207,13,116.123419567636,0,49982.19262344,14.6063798107325,7616.82526608141,25,15
207,14,96.9726149558416,0,50080.0647850763,14.6063798107325,7844.38811662579,27,9
207,15,109.998653471434,0,52277.3792710296,14.6063798107325,7991.73667333047,23,13
208,1,86.7278243729971,0,27171.0687237049,16.1080550640091,4465.77031603115,22,2
208,2,85.3067186388311,0,28479.6105849564,16.1080550640091,6304.19331662282,23,0
208,3,81.583215768151,0,29419.5399851215,16.1080550640091,5679.89766621585,26,1
208,4,85.8075250779062,0,28799.5715504855,16.1080550640091,5625.21361476755,23,6
208,5,88.2757083232053,0,31256.4156850162,16.1080550640091,5499.37787902387,29,5
208,6,82.0508700575476,0,30102.7519463499,16.1080550640091,6665.57149177309,28,5
208,7,99.2359877306119,0,32308.0923687303,16.1080550640091,6496.21464468754,26,9
208,8,94.4046164885305,0,33929.4415237251,16.1080550640091,6845.32796391759,23,8
208,9,97.4229522881722,0,32287.4449473664,16.1080550640091,6946.1338193519,26,12
208,10,97.5673362102778,0,34299.599779992,16.1080550640091,7509.21614320629,24,7
208,11,94.1617658948556,0,35200.1284519453,16.1080550640091,7435.19791881242,29,12
208,12,98.4744394887781,0,34402.8767026385,16.1080550640091,7387.96166931529,22,12
208,13,108.400542185359,0,37124.7045607114,16.1080550640091,7572.34863454201,25,14
208,14,98.3672563848178,0,39596.9481425885,16.1080550640091,8188.78435549048,23,14
208,15,101.856610143494,0,37644.0554001311,16.1080550640091,8101.15450906651,26,16
209,1,75.6607971844827,0,31261.2612513812,14.2879534389791,4982.28356352752,33,1
209,2,79.1206440491487,0,32483.4157729905,14.2879534389791,5747.29098487418,25,4
209,3,84.052821923123,0,33332.8065321595,14.2879534389791,5418.34456652073,25,1
209,4,83.7580643495194,0,34012.9732943033,14.2879534389791,5111.15754708446,26,6
209,5,79.4879001943529,0,34612.8214156434,14.2879534389791,7111.48294528024,24,1
209,6,86.7973393686599,0,34661.4020564965,14.2879534389791,6095.57533552666,29,8
209,7,91.4525917168756,0,37814.5797358981,14.2879534389791,6229.77588391991,24,4
209,8,92.4372617101723,0,35523.5265901923,14.2879534389791,7538.07718996391,24,7
209,9,85.698324577446,0,35151.5827397527,14.2879534389791,7588.66589571512,26,5
209,10,95.8253778644479,0,35437.9362640264,14.2879534389791,6060.33709908919,25,10
209,11,100.058224853217,0,37319.0165034326,14.2879534389791,7076.45706463293,23,14
209,12,90.361581925445,0,37494.5906544716,14.2879534389791,6229.43524071246,22,10
209,13,104.539039039358,0,39599.6214018926,14.2879534389791,7311.62771775138,28,14
209,14,98.4751985655349,0,38878.6395604551,14.2879534389791,7704.25422760328,26,13
209,15,96.3279570666488,0,39660.8113622158,14.2879534389791,7895.16661307774,22,16
210,1,82.5762679630949,0,27012.1577219013,13.263441519112,4550.46874313545,26,0
210,2,82.5224976780363,0,29380.945865508,13.263441519112,5178.60883758957,22,2
210,3,88.3170464125423,0,30340.0700531666,13.263441519112,5510.8353549087,26,0
210,4,85.9844257436062,0,30199.9935956922,13.263441519112,5321.3260291772,23,8
210,5,96.0663350444839,0,31681.1515826333,13.263441519112,5868.26334684969,24,6
210,6,96.1864346792985,0,32711.9848059186,13.263441519112,5618.29412043123,25,7
210,7,92.7306100517265,0,35403.4426663967,13.263441519112,5006.43562087584,22,9
210,8,105.163651172044,0,36125.3494990142,13.263441519112,6533.11239004962,28,8
210,9,95.4674797354309,0,37252.8206944212,13.263441519112,6719.24092326226,26,5
210,10,102.801593200442,0,38955.2904031262,13.263441519112,6212.82384745185,23,10
210,11,116.87910547415,0,38219.1474098325,13.263441519112,7460.10484803831,30,10
210,12,106.574016933435,0,40714.6720384356,13.263441519112,7899.99802907311,22,10
210,13,103.162477407364,0,40256.9535826289,13.263441519112,7710.83920550425,30,15
210,14,112.151977962573,0,42669.9412526185,13.263441519112,7970.36888668619,27,15
210,15,118.248559763332,0,41251.7884880276,13.263441519112,7940.76418633168,23,14
211,1,75.1289155032141,0,37328.3508476051,9.39532785818633,5055.79671192195,24,0
211,2,80.8788197481007,0,39802.8039450339,9.39532785818633,5628.7410451832,23,3
211,3,72.6429945641211,0,41503.6785079594,9.39532785818633,5317.04868287093,28,2
211,4,87.0445208665817,0,40764.1787520709,9.39532785818633,6210.86604540816,25,6
211,5,78.2270269978429,0,41428.5990595402,9.39532785818633,5841.70699914782,26,5
211,6,90.1332460982822,0,43342.791528365,9.39532785818633,6530.25176704883,31,8
211,7,90.5010489799713,0,43552.9152787602,9.39532785818633,7447.94651581009,17,10
211,8,87.7040590065604,0,44644.0187375654,9.39532785818633,6601.85757175501,22,7
211,9,81.8006736437749,0,45839.4406994466,9.39532785818633,6465.29805335363,26,8
211,10,100.116210638567,0,47633.5675307664,9.39532785818633,7484.4494734589,21,11
211,11,89.4283322253373,0,46435.3296664713,9.39532785818633,6944.24804935477,30,13
211,12,89.0676343749212,0,48016.4749336263,9.39532785818633,7720.92304834005,26,8
211,13,89.2542101657104,0,50014.8835646872,9.39532785818633,7331.94973039819,29,10
211,14,97.7805676566615,0,48227.6401938161,9.39532785818633,7806.86285542595,26,15
211,15,95.5600849695332,0,52623.675423596,9.39532785818633,8094.26747750799,21,13
212,1,93.9183296209922,0,27823.5445795728,14.1886810828731,5009.26896400894,26,1
212,2,87.4690929659831,0,28687.7056797271,14.1886810828731,6270.13778507785,21,4
212,3,85.603019190747,0,31159.568362286,14.1886810828731,5445.97895124091,29,5
212,4,84.1466350985055,0,34485.6933108702,14.1886810828731,5798.66686504396,28,3
212,5,87.0505876901617,0,32839.5578365447,14.1886810828731,6339.67173405585,29,7
212,6,102.464703686577,0,33277.1473226954,14.1886810828731,6554.52367840279,26,8
212,7,94.1391511581198,0,35898.5274155071,14.1886810828731,6466.69439554584,26,7
212,8,97.8104441162322,0,38461.8451700679,14.1886810828731,6529.66550269348,21,9
212,9,100.365388142394,0,38274.424970534,14.1886810828731,7307.45052489743,25,9
212,10,98.1111365152589,0,40411.194775334,14.1886810828731,7174.70457078245,28,9
212,11,103.52345196281,0,42227.9920679927,14.1886810828731,7699.23325073808,20,14
212,12,106.515783696263,0,40617.470035369,14.1886810828731,7168.87278215564,26,10
212,13,107.991955558567,0,44191.3047227012,14.1886810828731,8652.90364552512,19,12
212,14,109.760452952047,0,44334.0823654593,14.1886810828731,8619.72450863494,29,14
212,15,116.18101341328,0,46051.4860309508,14.1886810828731,7538.18081470566,22,14
213,1,83.1777049762122,0,37224.3809372241,13.5007976172549,5044.99751165607,26,0
213,2,82.1023676622519,0,36062.979650919,13.5007976172549,5037.23785550236,22,0
213,3,86.086549984042,0,37452.8308200188,13.5007976172549,6239.81997814649,24,1
213,4,84.1482017799489,0,36483.7347637108,13.5007976172549,5954.54516604451,20,4
213,5,93.6925397037603,0,38734.9108394196,13.5007976172549,6092.44466420473,17,6
213,6,82.5108592022678,0,39012.5056037482,13.5007976172549,5814.26076391437,27,5
213,7,93.0448746882516,0,39735.484971728,13.5007976172549,7282.90863835848,26,5
213,8,91.3574697023138,0,41356.7025639024,13.5007976172549,7184.69849552862,28,6
213,9,96.1623169868993,0,40125.800134661,13.5007976172549,7009.62178072449,28,6
213,10,104.910409202818,0,43851.9638708864,13.5007976172549,7848.60728242167,23,13
213,11,95.2705549375345,0,45575.4127056008,13.5007976172549,7281.66975179066,23,11
213,12,97.0957249370265,0,43682.9167160278,13.5007976172549,7202.44957633211,27,11
213,13,100.425887051415,0,45474.2624681218,13.5007976172549,6337.75539738817,28,14
213,14,110.608107286541,0,47840.659643526,13.5007976172549,7335.7311974848,26,14
213,15,101.65708397775,0,45736.0799919336,13.5007976172549,7120.37461307057,25,14
214,1,82.9571874913862,1,27730.9933558024,13.9027507611207,4027.90233498532,23,0
214,2,88.3274943804047,1,30801.848218125,13.9027507611207,4092.05442719034,27,3
214,3,91.4372588756108,1,28377.2998180279,13.9027507611207,5315.47418225591,27,4
214,4,83.3040227271236,1,31067.3858144264,13.9027507611207,5974.387893082,26,1
214,5,87.7380165591813,1,31394.7547086596,13.9027507611207,5555.9906638034,32,2
214,6,91.2480075814321,1,31367.4709469717,13.9027507611207,6310.19547261779,21,5
214,7,89.9195691481663,1,32901.8007878948,13.9027507611207,5842.27195127361,23,8
214,8,95.7358925210214,1,33017.101723023,13.9027507611207,7235.53106249338,25,3
214,9,100.102799676294,1,34919.0251794852,13.9027507611207,6173.34787758263,21,7
214,10,102.773716086275,1,34458.4177407092,13.9027507611207,7547.52143636859,23,10
214,11,103.520313883039,1,34020.1816102603,13.9027507611207,7088.94802928856,21,10
214,12,109.169618348739,1,37399.8783547375,13.9027507611207,6750.29880582805,30,13
214,13,102.072967655071,1,38528.3546633188,13.9027507611207,7849.19142372341,23,11
214,14,113.519327520929,1,38316.9130114182,13.9027507611207,8509.88048436379,26,14
214,15,106.707423125223,1,38184.5941144786,13.9027507611207,7887.84536435184,31,15
215,1,60.3944408885219,0,21594.4294812825,13.2709351367168,5488.36302687029,26,2
215,2,72.5618180701572,0,21579.1523473279,13.2709351367168,5399.77648317331,22,4
215,3,70.1650449631064,0,22328.2778128956,13.2709351367168,5712.42876717458,27,2
215,4,82.316570736875,0,25667.3644479067,13.2709351367168,5650.25481541499,25,3
215,5,76.9711653666303,0,23295.7736344084,13.2709351367168,5760.34764310642,23,2
215,6,84.0939801254739,0,26732.2988271677,13.2709351367168,5764.63630046039,19,4
215,7,84.9226270441503,0,26608.7474668459,13.2709351367168,6427.46418984611,31,6
215,8,85.4406445921554,0,26486.5841065279,13.2709351367168,6142.74948179928,22,8
215,9,88.0816351878482,0,28399.0493189576,13.2709351367168,7036.15422831778,24,5
215,10,79.8724890595576,0,29261.8226960152,13.2709351367168,6962.69854874412,24,12
215,11,80.0147587199099,0,31472.4928390197,13.2709351367168,6112.2458121147,23,11
215,12,79.3815680758468,0,33488.3415619359,13.2709351367168,5902.97816880931,28,10
215,13,85.8871200734553,0,33731.7344874015,13.2709351367168,6698.4533477204,25,13
215,14,88.8811741762728,0,34355.1341268474,13.2709351367168,7193.0149014041,21,12
215,15,96.9114062082913,0,35163.3461888231,13.2709351367168,7720.48263376282,25,16
216,1,74.7840637538405,1,41422.7727264085,11.39448586587,5390.00353066466,34,0
216,2,96.5850863508864,1,40853.4741585475,11.39448586587,4753.54888106814,25,4
216,3,86.997666044519,1,42293.1167466759,11.39448586587,4567.57043161159,26,3
216,4,80.5545251559915,1,41405.3018091372,11.39448586587,5949.99386132751,28,6
216,5,90.3643045874098,1,42972.0176385694,11.39448586587,6095.66496961945,23,5
216,6,92.4302407660637,1,43690.7690458091,11.39448586587,5814.74679630123,28,6
216,7,87.5626656048507,1,44287.5855043982,11.39448586587,6513.97825691408,30,5
216,8,104.311966170871,1,47604.3659446143,11.39448586587,6426.22172506763,25,10
216,9,96.4524290738429,1,47505.7112617519,11.39448586587,7609.53378207413,28,9
216,10,108.82405348237,1,48084.1236000539,11.39448586587,6906.7926928183,24,12
216,11,105.163435127659,1,48622.2431635204,11.39448586587,6641.55140688424,27,11
216,12,110.44491113394,1,50433.4583293394,11.39448586587,7823.23919482969,20,13
216,13,112.924005971929,1,51146.1140524613,11.39448586587,8039.30204480319,22,14
216,14,116.734087072128,1,50170.5676664638,11.39448586587,8240.25967363265,26,15
216,15,115.667061194895,1,49885.5584247886,11.39448586587,8389.63530160407,26,13
217,1,81.3184692258002,0,35179.0310980737,11.769402304698,4508.56713473659,29,2
217,2,89.9782122468412,0,36292.9398610303,11.769402304698,5578.02897649979,26,5
217,3,93.0014294928684,0,37214.8734931256,11.769402304698,4996.51986967175,29,4
217,4,90.6017854126569,0,39151.8276967877,11.769402304698,5799.5350388467,30,5
217,5,96.4396818146317,0,38713.4966497316,11.769402304698,6008.56346355682,29,5
217,6,95.4208052503632,0,39194.4774283965,11.769402304698,6194.94849964413,28,1
217,7,92.1075674563044,0,39749.8165042919,11.769402304698,6026.85011163916,27,8
217,8,107.850827535454,0,39239.2178826435,11.769402304698,6261.10646899076,19,9
217,9,104.521063484284,0,38725.8659277273,11.769402304698,6434.86450849051,24,11
217,10,100.513639714996,0,39332.711284813,11.769402304698,7600.52029031693,22,9
217,11,91.8368755914613,0,39303.3293520876,11.769402304698,6494.96502992464,30,13
217,12,87.0909757441001,0,39798.1676231989,11.769402304698,6539.36751512659,26,10
217,13,104.344449050206,0,40003.9635679868,11.769402304698,7932.72245837972,24,13
217,14,106.434810218485,0,42810.6523499925,11.769402304698,7584.59664112598,23,11
217,15,104.455784481243,0,41167.1642304047,11.769402304698,7835.48064058683,23,18
218,1,83.0924688359642,0,44878.9278821869,14.0620923398446,5981.65473284606,27,0
218,2,80.5486965823174,0,47071.027020474,14.0620923398446,4102.06323267298,22,3
218,3,76.4703167816435,0,44993.3937655811,14.0620923398446,5128.7651576694,29,0
218,4,81.9752538372397,0,45473.1885952615,14.0620923398446,5774.18924215956,20,4
218,5,90.6600913018288,0,46961.7083823654,14.0620923398446,6319.47727304824,25,4
218,6,94.3150741479871,0,46574.2378968924,14.0620923398446,6714.57116972016,18,4
218,7,91.0438770066653,0,46290.6867995471,14.0620923398446,7090.4911896017,25,7
218,8,97.6386244666292,0,46100.7562770731,14.0620923398446,6726.81999927912,20,8
218,9,91.7589441409043,0,48079.3810771869,14.0620923398446,7082.43696234465,22,8
218,10,107.922499853008,0,48024.6932929343,14.0620923398446,7283.92059486322,19,12
218,11,104.797824810052,0,49309.9858522487,14.0620923398446,7841.51412088215,26,12
218,12,102.8524780068,0,49665.4068107468,14.0620923398446,7473.8763992692,23,12
218,13,107.01308628494,0,51147.1959566017,14.0620923398446,7862.26958360395,25,14
218,14,110.701443273814,0,50915.1609882584,14.0620923398446,7809.80672514727,22,15
218,15,106.413904401459,0,51917.1280297753,14.0620923398446,8292.70220230881,21,13
219,1,74.370249812713,1,31375.3980798417,12.5148945207736,5692.51848356777,20,2
219,2,71.6179836613914,1,32906.1345749036,12.5148945207736,5398.15383152699,22,4
219,3,72.024834165272,1,32627.393296142,12.5148945207736,5309.31131165014,24,2
219,4,85.0029778996196,1,33505.5633805128,12.5148945207736,5258.42885217371,17,4
219,5,86.9459309484166,1,34518.3734355348,12.5148945207736,5370.77366954956,21,4
219,6,82.2555482770443,1,34117.9210832887,12.5148945207736,5637.88646749533,20,5
219,7,93.1124701285071,1,34807.0924224017,12.5148945207736,6387.37528816883,23,7
219,8,97.1424309008303,1,36506.5078892031,12.5148945207736,5968.74754653338,19,7
219,9,98.0177752224814,1,36180.0157770318,12.5148945207736,5366.72043344504,24,11
219,10,90.4233963435615,1,38461.8361155599,12.5148945207736,7821.79947354265,29,9
219,11,104.349213582945,1,39948.9623321902,12.5148945207736,7741.31371799813,23,9
219,12,103.906548092726,1,39052.6918144381,12.5148945207736,7403.62642414406,26,14
219,13,102.391479377117,1,40771.6192056998,12.5148945207736,7762.79013973464,24,13
219,14,102.190744373829,1,39963.1400598162,12.5148945207736,7841.00478542013,24,14
219,15,111.373857031414,1,43223.4902859271,12.5148945207736,8150.27796039751,19,16
220,1,73.3431217624653,1,39326.6339881956,9.50967427701903,5097.9752242763,28,2
220,2,74.5022985758931,1,41898.1136266589,9.50967427701903,5750.85528696263,30,1
220,3,83.7378313731506,1,41093.1909743517,9.50967427701903,5934.69253814091,27,2
220,4,92.8052317226015,1,43595.0278099695,9.50967427701903,6808.70474343339,23,6
220,5,91.3674542946662,1,42753.8412731899,9.50967427701903,6368.27938856728,25,6
220,6,93.2809780741611,1,42913.0762357358,9.50967427701903,7373.47901241169,20,6
220,7,96.0597679351027,1,44798.5926292281,9.50967427701903,6821.7500457489,25,6
220,8,109.012934465045,1,45000.263471723,9.50967427701903,7458.85419739645,23,7
220,9,107.000880479597,1,44598.580708191,9.50967427701903,7035.38479167568,21,11
220,10,103.199984694954,1,46540.1372297683,9.50967427701903,7052.21875293804,24,11
220,11,97.5496628097258,1,47152.5474371591,9.50967427701903,7401.80987173706,27,12
220,12,107.326903671621,1,47578.3779269775,9.50967427701903,8147.62193104232,28,9
220,13,105.100396528394,1,47532.7831962274,9.50967427701903,7875.64518303435,24,11
220,14,108.08086519,1,48522.8067004658,9.50967427701903,8217.81621970708,29,14
220,15,106.474407630957,1,50135.6826338339,9.50967427701903,6963.6496752074,28,15
221,1,93.9626826112464,0,47738.9872224028,11.129522640583,5053.63586591958,23,1
221,2,91.7852712675109,0,47723.1382865212,11.129522640583,5588.4177778319,20,2
221,3,88.4960098159616,0,47429.319491552,11.129522640583,5447.6695321408,21,5
221,4,88.9832698731461,0,49800.95453983,11.129522640583,5950.99084557308,28,4
221,5,101.9273037626,0,50007.9823103127,11.129522640583,6518.91870229587,26,7
221,6,96.1247998289163,0,51806.4078940006,11.129522640583,6584.81498540245,22,5
221,7,104.151264034815,0,49878.5575172261,11.129522640583,6422.46704750998,19,6
221,8,91.9314675817189,0,51546.7707187284,11.129522640583,6994.10076649214,22,5
221,9,105.998035742793,0,53634.5346185938,11.129522640583,6832.94983842262,26,9
221,10,101.744848213221,0,52559.8904992383,11.129522640583,7713.70696400633,25,7
221,11,101.192483043087,0,57472.4639568719,11.129522640583,6644.1278912448,22,14
221,12,101.379951507904,0,54682.9230338791,11.129522640583,8469.51159000318,26,6
221,13,111.160725698662,0,56792.8781079294,11.129522640583,6825.8777884641,22,8
221,14,105.970204443217,0,55428.6404473069,11.129522640583,7477.34468051811,26,13
221,15,119.078925319182,0,60172.6134524485,11.129522640583,8230.02083706069,22,14
222,1,74.9456361093707,1,28851.7168363185,8.04262282747047,6212.71607684012,24,0
222,2,63.9818856459665,1,27989.7526315899,8.04262282747047,5265.72687444441,29,1
222,3,64.648910756457,1,29142.5497703334,8.04262282747047,5877.20637660541,23,0
222,4,67.9676129225278,1,28548.6992166283,8.04262282747047,5500.4250329136,23,3
222,5,71.2370991844705,1,27917.486192475,8.04262282747047,6600.82106267288,28,5
222,6,80.4905112425168,1,28925.2342290237,8.04262282747047,5494.82817504831,21,9
222,7,85.6342998731217,1,29481.0320687821,8.04262282747047,6673.84873129897,25,6
222,8,78.2960519620522,1,31911.5545787945,8.04262282747047,7316.45510325362,31,5
222,9,95.1101109021587,1,31614.1767960663,8.04262282747047,7309.68744486025,27,10
222,10,94.1615248030924,1,31155.3380251328,8.04262282747047,7478.96310552212,22,10
222,11,89.8028139871184,1,31647.2267970398,8.04262282747047,7314.96416255237,26,11
222,12,78.9969396680164,1,33353.5084492125,8.04262282747047,6927.97868969916,28,12
222,13,92.0779143788659,1,31654.7980547309,8.04262282747047,8285.60204635897,24,13
222,14,100.118174225733,1,33636.1629372546,8.04262282747047,7412.33540795367,25,12
222,15,104.652331297577,1,32480.1525481803,8.04262282747047,8434.41899340432,21,13
223,1,66.8948822544439,1,20633.3052430839,9.09890429199326,4829.87598933477,28,0
223,2,70.1535238358936,1,21673.8520591373,9.09890429199326,5340.55763452005,28,2
223,3,69.858090852202,1,20479.7959487406,9.09890429199326,5256.62023584623,20,2
223,4,74.9330054486639,1,21874.2621819832,9.09890429199326,4936.75074967015,21,2
223,5,73.7286502286258,1,19712.135953874,9.09890429199326,6132.0826915614,23,7
223,6,77.7510369796769,1,22741.7985261176,9.09890429199326,6720.78417157512,22,7
223,7,90.1279215763469,1,23232.6130571823,9.09890429199326,6608.43271741563,22,10
223,8,87.3374093913643,1,23844.1072697608,9.09890429199326,6774.59091287954,21,9
223,9,88.5916381576489,1,25135.0683734049,9.09890429199326,6454.57537077847,22,11
223,10,95.9471184426439,1,23465.4321644384,9.09890429199326,7842.2514829919,29,13
223,11,99.9325777870874,1,26318.6305447625,9.09890429199326,6802.18183354283,18,7
223,12,99.2947496040243,1,24458.8383751665,9.09890429199326,8010.24473120726,18,11
223,13,82.0442032590473,1,24284.8110766772,9.09890429199326,8419.46210292447,26,10
223,14,94.4708025602042,1,28625.9482566421,9.09890429199326,8293.30244900656,26,15
223,15,94.7078879247494,1,27736.7345900819,9.09890429199326,7203.08246340682,21,11
224,1,73.3221308997544,1,29428.3656805532,11.5661667895934,5178.22622726183,28,0
224,2,85.9575956801715,1,29875.8110439601,11.5661667895934,5377.98789570793,23,1
224,3,78.2899865696395,1,29615.5857443447,11.5661667895934,6260.06511655347,19,3
224,4,89.6247829612726,1,31412.6785226449,11.5661667895934,5475.70001240331,22,5
224,5,102.565189244094,1,32419.67172812,11.5661667895934,6167.10999118356,20,4
224,6,90.936162476689,1,30001.7182839991,11.5661667895934,6188.36604859861,19,8
224,7,93.6923090346876,1,31000.0842873268,11.5661667895934,6396.12447657794,25,1
224,8,95.6783424722012,1,32000.2173673326,11.5661667895934,6713.90129160317,27,9
224,9,103.146635497178,1,33828.3489070623,11.5661667895934,6860.97239977182,20,7
224,10,98.3873690230079,1,31538.0769960491,11.5661667895934,7422.47643280679,25,8
224,11,98.907009625279,1,34304.4944166904,11.5661667895934,6944.42961195894,24,7
224,12,105.201837555759,1,33590.7764011561,11.5661667895934,8382.52307795694,29,15
224,13,109.298925573876,1,35276.1388211813,11.5661667895934,8214.15637322259,21,11
224,14,117.617145217996,1,34594.0433604632,11.5661667895934,7805.12618717361,21,14
224,15,114.478286558532,1,37951.1891992453,11.5661667895934,7507.67370456475,20,16
225,1,67.0932434158489,0,29008.8466227184,6.60560233087522,5186.31663313021,26,0
225,2,65.3141510558354,0,30087.3875065449,6.60560233087522,5418.36636008551,26,2
225,3,69.0360137535367,0,32771.4002067955,6.60560233087522,5846.60849381311,23,4
225,4,67.8524969872577,0,31411.7017598944,6.60560233087522,5770.85102790351,23,3
225,5,66.0119676470647,0,31727.1676965564,6.60560233087522,5367.70399295543,21,7
225,6,83.4710940910811,0,33651.5751941822,6.60560233087522,7018.81299024664,25,4
225,7,73.358612918514,0,34615.4296671359,6.60560233087522,6071.77842217071,29,5
225,8,78.8330143332912,0,36615.7198482219,6.60560233087522,6127.84196959203,23,3
225,9,84.0555271141398,0,36946.7930053626,6.60560233087522,5813.24710583088,27,9
225,10,88.0316725912691,0,36848.5933970401,6.60560233087522,6278.0076285913,23,13
225,11,86.4223017624793,0,39073.018115535,6.60560233087522,6620.67794918867,26,12
225,12,87.4246305306645,0,40850.756392645,6.60560233087522,7331.43981046278,30,11
225,13,93.4211328543884,0,39908.0013582243,6.60560233087522,8327.48247297884,23,17
225,14,90.8337448631371,0,43249.6082532736,6.60560233087522,7710.50504053309,28,11
225,15,98.8213869168796,0,43953.374824978,6.60560233087522,8165.29585806797,21,15
226,1,74.1192721924864,0,33294.2266544218,6.93437257622526,5169.38533733473,26,0
226,2,75.0819471942904,0,32046.1891127885,6.93437257622526,6322.28666874693,23,4
226,3,68.7761242960373,0,33376.9584827864,6.93437257622526,5676.4159574869,24,0
226,4,76.1469284527265,0,32661.4594585153,6.93437257622526,6071.72866769732,24,2
226,5,83.1302604134369,0,33858.3497763625,6.93437257622526,6071.48746909856,25,1
226,6,88.3922371220945,0,33641.3839526367,6.93437257622526,5686.84870926406,27,7
226,7,77.5888148606328,0,36351.0374685925,6.93437257622526,6456.59112969921,22,5
226,8,73.3318713720667,0,34407.6000403214,6.93437257622526,6381.27365385714,26,7
226,9,88.9478409757372,0,37050.8497388737,6.93437257622526,7478.02464048204,28,7
226,10,90.2856000765256,0,36332.8183554558,6.93437257622526,6622.45055579058,25,8
226,11,89.4989812511284,0,36548.8251175162,6.93437257622526,7252.7893503676,19,9
226,12,96.8377120510483,0,39637.9856906743,6.93437257622526,7743.86315845277,20,13
226,13,86.4748384459437,0,38864.3282477401,6.93437257622526,7760.319555226,21,9
226,14,88.747905809503,0,39670.9823862275,6.93437257622526,7536.70937704279,26,10
226,15,102.711482065554,0,40112.4832849149,6.93437257622526,7810.94797771671,18,14
227,1,81.6686049995158,0,44991.1158427865,15.3076955983083,5782.67260749897,27,2
227,2,103.93304130187,0,46453.5526168397,15.3076955983083,5165.30505978033,25,3
227,3,88.4721602595577,0,45680.7578325983,15.3076955983083,5832.01318775419,28,1
227,4,92.386741080241,0,47479.7398503526,15.3076955983083,6292.05310806672,26,2
227,5,99.144585984938,0,44551.5433762065,15.3076955983083,6173.64115083187,24,3
227,6,101.101255146972,0,48169.1387006289,15.3076955983083,5387.00778465689,22,6
227,7,100.462053378296,0,48601.968481311,15.3076955983083,6810.70358125179,24,11
227,8,105.087703873562,0,49000.1050577326,15.3076955983083,7411.81836474408,18,9
227,9,108.212751952824,0,49586.4141394793,15.3076955983083,6984.55906215244,29,9
227,10,105.397978793452,0,49641.7865206781,15.3076955983083,7123.63596824198,26,10
227,11,109.247808574148,0,50116.4330527812,15.3076955983083,7471.54392864385,29,12
227,12,110.489474617294,0,52475.2538766758,15.3076955983083,6798.29398959478,30,13
227,13,114.422384186271,0,51833.0467639067,15.3076955983083,7511.85981405252,21,14
227,14,112.907825807051,0,53841.2815580637,15.3076955983083,7560.62491024812,28,18
227,15,107.034282383417,0,52912.9591627533,15.3076955983083,8929.92639056391,29,16
228,1,80.5871002275697,1,27193.3424399929,10.2701432273657,5903.33233474895,24,3
228,2,76.5396926293571,1,30469.3605232011,10.2701432273657,5826.67457857399,23,3
228,3,77.5994604941871,1,29740.2830251561,10.2701432273657,5354.42768202695,29,5
228,4,78.797639755547,1,31872.028647833,10.2701432273657,6074.1902098229,27,5
228,5,70.0697912052901,1,30238.7191989232,10.2701432273657,5192.55115331345,25,7
228,6,76.3144353477287,1,32644.6154764133,10.2701432273657,6684.5982952633,24,5
228,7,83.2943247169017,1,32786.9721519304,10.2701432273657,6685.96726882294,23,6
228,8,84.179238827922,1,35872.6990256691,10.2701432273657,6848.88588256134,21,7
228,9,88.8223424491019,1,36042.3117271334,10.2701432273657,6722.15818487786,27,8
228,10,96.206599760558,1,36110.8813417104,10.2701432273657,7485.85369497981,24,9
228,11,96.8931800986329,1,35859.6605383587,10.2701432273657,8038.50787946063,22,10
228,12,91.6720549198432,1,38166.0468145012,10.2701432273657,6573.65451605884,28,10
228,13,99.1119337647781,1,38720.2176452207,10.2701432273657,7728.96058491456,24,13
228,14,97.6542377930268,1,37367.749494123,10.2701432273657,8089.07922911681,22,12
228,15,101.796397826987,1,40818.441519217,10.2701432273657,7452.17584736059,24,16
229,1,78.0850708716945,1,34576.4938792049,6.44492481134554,5701.56933142091,27,2
229,2,68.5797356669055,1,34267.3684443756,6.44492481134554,6201.86017877901,25,0
229,3,89.4029224418181,1,37502.3708880822,6.44492481134554,6348.96302356404,23,8
229,4,79.7063910345223,1,36878.6886304806,6.44492481134554,5994.6721983084,26,2
229,5,85.094961819194,1,36147.3610425407,6.44492481134554,6858.20611004295,26,7
229,6,77.8649764003727,1,38327.8824160735,6.44492481134554,6402.05831715786,25,7
229,7,85.2904141302987,1,38541.4907692434,6.44492481134554,6268.77159767171,27,5
229,8,83.1374763128878,1,38692.6974730734,6.44492481134554,6486.56792809219,26,9
229,9,89.9798525478174,1,36340.9444607627,6.44492481134554,7172.2788738597,24,8
229,10,93.0320728968141,1,39906.9517410307,6.44492481134554,7531.5575658418,22,9
229,11,93.0430462978979,1,41098.28494177,6.44492481134554,6673.51613869329,24,12
229,12,89.5994420940155,1,42532.840983609,6.44492481134554,7616.4492152506,25,12
229,13,98.8248364646087,1,42897.5286559341,6.44492481134554,7360.57886158444,21,15
229,14,94.6373763451809,1,43507.093207001,6.44492481134554,7948.10380560108,29,14
229,15,100.456164015978,1,45529.0086792341,6.44492481134554,7538.30009980655,26,14
230,1,79.7153011024905,1,28954.9195426976,11.6614102817131,4816.31573771476,18,2
230,2,82.1358074457821,1,28781.4133775294,11.6614102817131,5425.02977012969,22,4
230,3,81.3699723904509,1,30162.8504402143,11.6614102817131,4862.66469270237,23,4
230,4,88.3130842308609,1,31311.3923093961,11.6614102817131,5480.46835587654,25,3
230,5,94.0742467551126,1,31750.2596349553,11.6614102817131,4377.74348444805,27,4
230,6,85.5389120696279,1,31289.6110484734,11.6614102817131,6150.52996977295,16,7
230,7,91.6435160683629,1,34578.9693944146,11.6614102817131,7327.46428740233,25,8
230,8,87.0111309479088,1,35604.3267148908,11.6614102817131,6090.46416199916,25,9
230,9,98.7326381987177,1,34905.9209863596,11.6614102817131,6868.9250609866,23,6
230,10,94.2896297602947,1,36907.5856398819,11.6614102817131,6597.39214722131,23,6
230,11,87.4139056390616,1,36984.9733013373,11.6614102817131,7438.09674644404,30,8
230,12,93.2218044323474,1,37834.5419448577,11.6614102817131,7619.91548860632,22,11
230,13,106.803469107468,1,39563.3308859348,11.6614102817131,7795.24383350541,23,13
230,14,106.267745150851,1,40206.6104861777,11.6614102817131,7907.02824721568,22,11
230,15,109.876394430189,1,40034.1383477016,11.6614102817131,8468.46985416297,19,12
231,1,78.9771676214248,1,30692.7242322046,15.9632078016645,4417.40178453348,17,0
231,2,90.8310573055665,1,33228.9434821617,15.9632078016645,5270.77705700928,21,2
231,3,81.3130130684655,1,32947.5728557505,15.9632078016645,5553.16791059255,31,3
231,4,90.5612555673246,1,34503.3680286906,15.9632078016645,5069.64728177073,23,0
231,5,85.6342104468854,1,37851.7796103043,15.9632078016645,6123.55362463876,24,3
231,6,93.6265552167588,1,37889.984249887,15.9632078016645,6434.32348161162,26,5
231,7,108.142622030094,1,38546.9035839661,15.9632078016645,6252.03172222821,27,9
231,8,120.982174146839,1,39073.8134772543,15.9632078016645,6389.33922318847,26,10
231,9,109.404734193526,1,42230.0276482251,15.9632078016645,7654.58141353976,21,8
231,10,104.343515383989,1,42219.9344207102,15.9632078016645,7511.35778895618,24,9
231,11,113.499695826535,1,44131.6236099468,15.9632078016645,6346.24800004854,30,8
231,12,114.855528292191,1,46485.8787080646,15.9632078016645,7243.31286966193,25,10
231,13,105.211455996356,1,46337.2512336061,15.9632078016645,7465.82374168138,30,10
231,14,111.32293037312,1,48848.9284726397,15.9632078016645,7911.56603964041,25,13
231,15,108.337072187101,1,47932.6965706474,15.9632078016645,7994.97513558416,22,14
232,1,88.2461341137716,0,31324.6332752589,13.9867628908039,5361.39185917835,25,0
232,2,90.2033671368556,0,33989.8698092921,13.9867628908039,5381.54647857253,25,1
232,3,96.829652845915,0,35428.0774902731,13.9867628908039,6052.24216351579,26,2
232,4,87.5421080271905,0,34286.4299696028,13.9867628908039,6355.693896428,30,2
232,5,93.8176362141204,0,35132.7236427151,13.9867628908039,4889.24591666639,20,5
232,6,91.0146808312372,0,36889.0468032613,13.9867628908039,6996.63966635061,29,9
232,7,93.3039910152178,0,36083.4051274992,13.9867628908039,6008.09988744529,24,7
232,8,100.771376691844,0,35992.8739160118,13.9867628908039,5489.45266320708,28,7
232,9,99.0087973595738,0,36862.4098451236,13.9867628908039,7447.21175346085,26,7
232,10,106.668803503594,0,38090.2603313327,13.9867628908039,6945.57525034753,22,14
232,11,108.541155159234,0,37289.5167201257,13.9867628908039,7895.84954992263,23,11
232,12,102.531045353571,0,40222.1655407963,13.9867628908039,7222.08749959566,26,9
232,13,99.6796344076868,0,40562.4858671179,13.9867628908039,8105.32552668276,29,9
232,14,98.2310558159836,0,41406.201692394,13.9867628908039,6922.39836709809,22,15
232,15,121.767688201853,0,42684.1894683722,13.9867628908039,8278.50034994601,27,16
233,1,76.989515746198,1,42352.0894650805,13.3241495950609,4604.41131123934,27,2
233,2,86.4504924539171,1,43551.5286057191,13.3241495950609,5878.3105956429,26,2
233,3,92.0479311937567,1,42492.1822915958,13.3241495950609,5513.22174579192,27,3
233,4,96.8318403534262,1,44741.8100270449,13.3241495950609,6087.63141043011,25,2
233,5,88.6772786642201,1,42970.1347014737,13.3241495950609,6044.42222034073,28,8
233,6,93.0189678310738,1,45672.6452428943,13.3241495950609,5571.08966359764,26,4
233,7,96.891017046369,1,47456.0001314212,13.3241495950609,6493.84097136081,27,6
233,8,96.6763603016277,1,48594.3861158168,13.3241495950609,6691.18581598003,21,8
233,9,96.7170978556808,1,47566.8281782259,13.3241495950609,6279.70969591946,23,10
233,10,100.010096523518,1,48779.2896030969,13.3241495950609,6796.40953881002,21,11
233,11,98.8840056795691,1,47675.0653644942,13.3241495950609,7239.00293770742,27,9
233,12,102.773940330065,1,47958.8304149619,13.3241495950609,8800.55183834059,24,13
233,13,103.814752909696,1,50219.155648988,13.3241495950609,7519.97772483754,29,13
233,14,101.963987736729,1,51263.3033791402,13.3241495950609,6971.90188982602,23,12
233,15,106.999573155831,1,51576.8576360061,13.3241495950609,8032.12489075919,25,15
234,1,81.3864432794477,0,30864.8052878023,15.5512377368395,5082.28942088005,23,0
234,2,79.2708967975839,0,31141.6278709134,15.5512377368395,5158.27619362603,26,3
234,3,81.2592255439328,0,34001.7355431179,15.5512377368395,5958.25621654638,25,0
234,4,84.6464574102888,0,34763.1193702476,15.5512377368395,5973.78305338369,22,3
234,5,75.9081576626765,0,34294.64963043,15.5512377368395,6116.829349283,27,2
234,6,87.5075843112688,0,36831.5303723799,15.5512377368395,6572.78073948361,22,4
234,7,92.3581208472014,0,35862.4067994175,15.5512377368395,6138.91419788691,27,10
234,8,92.301621217886,0,37520.8506941682,15.5512377368395,6718.93956199182,27,10
234,9,86.5181433484236,0,36568.9764521333,15.5512377368395,7674.48472348499,28,12
234,10,94.8714125118909,0,38542.794250868,15.5512377368395,7233.47204054791,25,11
234,11,108.399341936936,0,39293.8288068501,15.5512377368395,6183.89935450733,28,12
234,12,98.8948418242727,0,39620.0036263877,15.5512377368395,7782.68950701056,23,11
234,13,102.90106232289,0,41117.9237955158,15.5512377368395,6636.58242979739,25,14
234,14,87.8713935675644,0,40590.2185944074,15.5512377368395,6869.50194004941,28,10
234,15,98.3656318218565,0,39414.190361025,15.5512377368395,7758.79654896467,24,18
235,1,80.1755537192727,0,36468.4824004267,9.68549567669732,5776.64233596018,27,1
235,2,72.9084396836186,0,38666.9653722818,9.68549567669732,5320.04592584053,30,0
235,3,79.9147246787712,0,37136.0712057061,9.68549567669732,5649.47549323003,24,2
235,4,89.5272980100898,0,38397.5410973893,9.68549567669732,5482.23232253777,25,2
235,5,88.488831703289,0,41237.9284102266,9.68549567669732,5617.0659768739,27,3
235,6,87.1331728097855,0,42438.2319128543,9.68549567669732,6860.94440707274,23,2
235,7,80.1549433717458,0,44639.1432851658,9.68549567669732,6071.92479861474,24,4
235,8,93.7501478607643,0,44461.1067881351,9.68549567669732,6489.38510575896,25,10
235,9,92.8582578228462,0,46133.0180197134,9.68549567669732,6168.77754208973,27,6
235,10,107.575996072524,0,47000.8127681113,9.68549567669732,7041.07871854376,25,9
235,11,96.6265401742441,0,48574.5072868639,9.68549567669732,7124.80526606151,24,9
235,12,97.8083246924682,0,49848.6404236795,9.68549567669732,7911.34973098661,19,13
235,13,109.766125124936,0,48701.2636560554,9.68549567669732,6961.98860745896,23,16
235,14,99.5081316104537,0,50453.9502821312,9.68549567669732,7413.56992872797,27,13
235,15,108.283721711012,0,53158.5954707423,9.68549567669732,8500.8471949137,25,17
236,1,71.7541803279614,0,34709.9914466386,14.1890675740561,4701.91645097146,25,0
236,2,83.4685071606957,0,34954.2215739335,14.1890675740561,5595.20161672294,24,2
236,3,92.6317861578899,0,38305.4037974259,14.1890675740561,6118.77174343374,17,4
236,4,89.1771806595327,0,38848.8292954418,14.1890675740561,6196.15530028851,23,3
236,5,88.4606741398833,0,39113.9711891931,14.1890675740561,4922.39514038993,23,7
236,6,93.6414291212181,0,40955.7826975086,14.1890675740561,6882.0449239078,25,8
236,7,95.2878788188042,0,41945.8646615628,14.1890675740561,5711.83662432536,29,9
236,8,88.875935965424,0,42393.2431770162,14.1890675740561,7142.17620120394,19,5
236,9,93.263533825112,0,41869.1989245308,14.1890675740561,7294.55062577438,26,11
236,10,95.5874870585323,0,42664.7935907643,14.1890675740561,6183.39552063569,22,9
236,11,104.019245213743,0,43642.9767823843,14.1890675740561,7032.25855564807,23,10
236,12,98.1373955251952,0,41857.9076482997,14.1890675740561,7792.3039102897,27,13
236,13,94.9273224969421,0,43626.0385530956,14.1890675740561,6805.05482902981,25,15
236,14,102.293209954779,0,46073.1855773553,14.1890675740561,7676.79704781079,23,11
236,15,109.540597259359,0,46169.5450327749,14.1890675740561,7452.20116999805,21,16
237,1,84.7426893588337,0,36799.0945021404,10.2387431526634,6128.29584497329,27,2
237,2,83.7374884141559,0,40174.3299034967,10.2387431526634,5689.21733593402,22,1
237,3,80.3902003749196,0,40158.7146506386,10.2387431526634,6344.40343259547,24,2
237,4,85.3383590438353,0,39850.1631896476,10.2387431526634,5457.1082429327,24,1
237,5,91.9652088620574,0,41247.3912916308,10.2387431526634,7263.30913517488,27,5
237,6,86.1966196452468,0,42086.5136179198,10.2387431526634,5821.08130714736,22,0
237,7,95.593502185174,0,42505.395230293,10.2387431526634,6826.98925827184,23,6
237,8,89.9070034666041,0,43404.0138885032,10.2387431526634,6324.27096777758,28,6
237,9,90.6451241988276,0,44222.1395665156,10.2387431526634,5974.87992570513,21,11
237,10,99.0867381880384,0,45814.1058186123,10.2387431526634,7707.49644030248,29,9
237,11,103.871680840642,0,46937.2494148492,10.2387431526634,7035.37027706136,22,13
237,12,94.6903905777627,0,47273.2870602594,10.2387431526634,7016.06256584299,27,9
237,13,100.903306093507,0,49250.6451959637,10.2387431526634,7554.20445564138,23,14
237,14,101.768126135706,0,48908.8268505719,10.2387431526634,7487.60581326472,25,14
237,15,96.2449732144089,0,49394.5492176755,10.2387431526634,8265.11000579028,25,16
238,1,83.8077377639265,1,27202.7156747509,12.0022925590875,6028.24455981533,29,1
238,2,84.9049973415889,1,27183.9854642331,12.0022925590875,4777.39493983015,26,2
238,3,81.8085746543568,1,29009.429838833,12.0022925590875,4791.65970292061,26,2
238,4,84.5944383823444,1,31239.7225520356,12.0022925590875,5881.986844116,28,1
238,5,90.2767955117792,1,29983.8885839739,12.0022925590875,6227.4931742038,26,5
238,6,88.8374642151921,1,32183.870984478,12.0022925590875,6003.36496987292,28,3
238,7,99.3921226760347,1,32131.6678249236,12.0022925590875,5989.04862039346,24,8
238,8,100.612414574275,1,32316.3639866806,12.0022925590875,6785.69284008281,21,6
238,9,93.9988182905221,1,35155.374383346,12.0022925590875,7190.52031317112,25,11
238,10,94.3048448296259,1,35438.2745954382,12.0022925590875,6656.45207360321,29,8
238,11,110.702153358436,1,35619.7271655334,12.0022925590875,6684.46025618087,26,13
238,12,106.673290895506,1,38655.5561112271,12.0022925590875,7696.89306960254,24,13
238,13,104.909430540433,1,35994.8091214976,12.0022925590875,7259.0805151446,26,9
238,14,112.525212615362,1,38745.9623366523,12.0022925590875,7887.78219813723,22,9
238,15,112.725742563848,1,39557.8193178599,12.0022925590875,8200.24555548649,21,14
239,1,89.6891573042778,0,43472.4969712548,18.6433959580204,5446.72961397477,27,0
239,2,92.0375057058533,0,44312.8356183673,18.6433959580204,5170.59581182867,26,2
239,3,94.0653103311862,0,46641.6317370828,18.6433959580204,5544.62366848731,23,6
239,4,102.380556595786,0,43292.6802386744,18.6433959580204,5504.10664157,23,3
239,5,103.178930342378,0,46993.6599229486,18.6433959580204,5287.36064418659,26,4
239,6,97.7292118854009,0,45784.4003699768,18.6433959580204,5917.52433603686,24,9
239,7,109.012586531046,0,48075.194644167,18.6433959580204,6863.08981198688,21,8
239,8,101.946090470237,0,47273.8960369018,18.6433959580204,6722.12244198477,20,9
239,9,103.808092790698,0,49171.2949065487,18.6433959580204,6665.93712119792,26,7
239,10,99.5103591905908,0,48675.9440389282,18.6433959580204,6953.70825407379,20,8
239,11,111.808403932002,0,48875.6987867497,18.6433959580204,7852.41185473465,24,8
239,12,106.924737269894,0,48846.2046181514,18.6433959580204,8230.78267871666,28,15
239,13,117.625725978562,0,49665.1099481717,18.6433959580204,7693.3696854062,21,13
239,14,111.23632948309,0,50888.1115899855,18.6433959580204,7666.05014981829,30,14
239,15,121.052973793437,0,51798.9288358397,18.6433959580204,8739.22084140301,25,15
240,1,84.573834628433,1,28597.7128981269,14.9083031871278,4956.73704084574,24,0
240,2,96.9773266217538,1,29138.16616115,14.9083031871278,5471.08941759565,25,2
240,3,92.0001293921084,1,31577.8725527819,14.9083031871278,5256.98022061067,24,3
240,4,77.4685174571426,1,30236.6200736403,14.9083031871278,5294.411676756,26,2
240,5,93.9634711732041,1,33162.3972374833,14.9083031871278,5439.86278567391,24,7
240,6,91.1954879772568,1,34655.2238865931,14.9083031871278,6547.13006504394,28,5
240,7,101.944088606151,1,35379.8573764685,14.9083031871278,6644.89668980643,24,7
240,8,98.2119475403377,1,35871.59025613,14.9083031871278,6182.63725716055,22,8
240,9,101.391735593202,1,36626.2926662332,14.9083031871278,6452.60230389433,26,12
240,10,103.354271473833,1,36853.0867916497,14.9083031871278,7288.29281703177,29,10
240,11,96.5122364873276,1,37850.0741772144,14.9083031871278,7051.67483594547,26,11
240,12,99.6709454083239,1,41223.3882686201,14.9083031871278,7247.76542797667,28,9
240,13,106.775573403639,1,41337.677135447,14.9083031871278,7926.69634509902,22,15
240,14,119.425121854826,1,41272.5436419023,14.9083031871278,7828.96523208827,25,13
240,15,110.645463045768,1,44433.2529186299,14.9083031871278,8315.57847598259,26,14
241,1,74.8195583305982,1,30878.4859384166,14.3040231411516,4483.3673400327,27,0
241,2,68.8781454250803,1,28873.0284496879,14.3040231411516,5548.2073645929,27,0
241,3,74.4660414693612,1,33797.4028944144,14.3040231411516,5781.80672401673,25,3
241,4,84.9587790316396,1,34129.4220888031,14.3040231411516,6110.83370895218,23,2
241,5,92.504151495539,1,32563.2294423222,14.3040231411516,5857.43665254127,24,4
241,6,82.4682965289737,1,33960.4205393219,14.3040231411516,7164.32125211737,25,6
241,7,96.3607005922251,1,35908.1435238127,14.3040231411516,7147.38105114775,27,6
241,8,90.2415560336063,1,36999.3584802418,14.3040231411516,6421.70854982976,19,4
241,9,96.955182164755,1,36379.565793347,14.3040231411516,6485.78282028609,21,9
241,10,99.1725228782016,1,37868.1465090401,14.3040231411516,7568.96876112989,27,9
241,11,101.902493827108,1,42524.1435117569,14.3040231411516,6983.25402844083,23,10
241,12,103.05295888193,1,41313.0546277725,14.3040231411516,7541.23134995647,21,13
241,13,109.358871173236,1,42701.2469258608,14.3040231411516,7316.20180351102,21,11
241,14,104.68956030248,1,41452.4365886099,14.3040231411516,7687.60755323311,21,19
241,15,110.56201519602,1,42873.3811819295,14.3040231411516,7836.55570748409,22,15
242,1,87.3371210302039,1,40466.1829776643,8.67501626454552,5748.27011232239,20,4
242,2,84.5256138641913,1,42765.1567794406,8.67501626454552,4606.75782617547,25,1
242,3,87.6880077416392,1,42937.6291992306,8.67501626454552,4980.14882793773,23,6
242,4,92.1098363753813,1,45884.8563000275,8.67501626454552,5971.92331340189,21,2
242,5,91.5239998922391,1,43840.0322011892,8.67501626454552,6459.28574073903,23,6
242,6,106.040886382668,1,44754.0585854468,8.67501626454552,6205.50479568157,25,7
242,7,103.861134840255,1,44387.327099195,8.67501626454552,6543.75378743374,21,10
242,8,102.326621494795,1,46144.0134770754,8.67501626454552,7457.87561881546,22,5
242,9,98.7185435834065,1,45714.9792934358,8.67501626454552,6935.69541616986,23,12
242,10,107.973403429286,1,46045.539601044,8.67501626454552,7682.90655210081,22,8
242,11,113.344714792077,1,47564.9528521358,8.67501626454552,6760.46233453928,21,9
242,12,96.7214870091029,1,47351.0036682027,8.67501626454552,7722.31731888698,26,8
242,13,105.321181809927,1,47976.9757771601,8.67501626454552,7043.22993238149,28,12
242,14,112.551549157597,1,49934.3877198037,8.67501626454552,7915.70549583429,21,13
242,15,118.440986495241,1,51098.662280228,8.67501626454552,7869.11882616209,23,15
243,1,84.6392966082115,0,42112.5703125165,9.64129224001586,5020.20732233136,23,3
243,2,80.2145113048526,0,42129.3291204941,9.64129224001586,5905.58405684941,26,0
243,3,89.1505012489006,0,43116.4584742532,9.64129224001586,5592.76213382644,24,3
243,4,81.8153759566557,0,43158.7878232067,9.64129224001586,5480.41069003549,24,6
243,5,93.2048369884493,0,45102.3960622846,9.64129224001586,6999.07897267391,18,7
243,6,86.8881049461751,0,46696.8692038708,9.64129224001586,7251.91395915911,23,6
243,7,86.8115008513679,0,45617.1889242232,9.64129224001586,5925.39392106453,21,6
243,8,92.7698375487642,0,48479.2420431312,9.64129224001586,7101.71195564352,25,7
243,9,94.6639773185044,0,47721.214523113,9.64129224001586,7182.57254073052,24,8
243,10,97.2340279484452,0,49692.0294780085,9.64129224001586,7174.45274524351,23,6
243,11,104.099653286908,0,48764.3004895829,9.64129224001586,7403.29294314321,27,13
243,12,98.7698492182695,0,51214.8040450721,9.64129224001586,7986.24037904227,17,10
243,13,108.894804980264,0,53245.2750206236,9.64129224001586,8357.64190586335,23,16
243,14,111.719983896658,0,52747.2426272044,9.64129224001586,7088.81480171053,26,14
243,15,95.4370007202301,0,52133.6412086425,9.64129224001586,7931.94613609358,24,11
244,1,78.8610700994642,1,23668.7700319317,18.8523494407848,5176.45144909303,26,0
244,2,65.8372855777295,1,21972.8213440859,18.8523494407848,6334.47288905607,27,1
244,3,75.2638759541081,1,22571.5773856184,18.8523494407848,5950.4206297182,27,0
244,4,79.6538526241753,1,23693.9148889674,18.8523494407848,5314.8226140808,26,3
244,5,85.9036522777639,1,24071.193474214,18.8523494407848,6302.10051607659,26,4
244,6,88.7446206688962,1,26021.3302527195,18.8523494407848,5323.37169573613,18,1
244,7,99.4608103176681,1,26914.6043013635,18.8523494407848,6686.20973388262,25,8
244,8,104.245987014169,1,26977.6692076586,18.8523494407848,6881.67699070769,25,10
244,9,101.390860557592,1,28918.4372191937,18.8523494407848,7705.90861639674,24,7
244,10,100.88551671838,1,29299.2443173594,18.8523494407848,6994.48886555473,19,7
244,11,98.9699031174644,1,28331.6483600713,18.8523494407848,7517.54699824885,22,11
244,12,108.257580016424,1,31027.7456075995,18.8523494407848,7536.50775547591,22,11
244,13,100.413416399568,1,29826.4700229053,18.8523494407848,7263.4054339774,27,13
244,14,100.563720843129,1,31799.0256878238,18.8523494407848,7536.21248873655,24,8
244,15,114.296700001125,1,32366.6691143264,18.8523494407848,7435.07122904406,27,15
245,1,73.4350417949624,0,23079.21447289,8.72009770808007,5490.05236089185,25,3
245,2,70.1917412347746,0,25866.9215469972,8.72009770808007,5527.62615484303,22,1
245,3,71.1180363687252,0,25629.1724676944,8.72009770808007,5212.40604292962,24,5
245,4,71.5268211418493,0,26984.5821113527,8.72009770808007,5247.48866448144,25,6
245,5,81.4361192108132,0,27283.4654917212,8.72009770808007,5569.14811573345,22,5
245,6,73.572808154915,0,27307.0010907024,8.72009770808007,5989.0167359387,26,7
245,7,75.7344082728758,0,29635.1470943316,8.72009770808007,5220.49906779526,28,4
245,8,72.2607974810835,0,29119.7446085241,8.72009770808007,6613.23587497385,29,8
245,9,82.8674524087593,0,31628.7947353846,8.72009770808007,7252.50220727967,31,7
245,10,86.3347647902799,0,34058.9601518121,8.72009770808007,7016.4392443592,22,11
245,11,87.6836524236418,0,32847.7056047917,8.72009770808007,7762.26678885903,23,7
245,12,85.8195465802059,0,34041.9285397317,8.72009770808007,7233.82804074945,23,9
245,13,88.9566908816154,0,34667.0404562733,8.72009770808007,7673.06363490023,22,14
245,14,89.0431568751539,0,36343.4225921415,8.72009770808007,7483.39361133386,26,13
245,15,90.707021850402,0,34705.9358635834,8.72009770808007,7135.95163081194,19,16
246,1,64.6393460082897,1,18960.7856630907,12.6434381258552,5359.38477012922,29,0
246,2,76.9570139127228,1,20773.2972800453,12.6434381258552,5658.75519346367,20,4
246,3,83.4911214998152,1,21421.6478616348,12.6434381258552,5786.53254761275,20,5
246,4,75.5117016581422,1,21112.519661045,12.6434381258552,5118.63880849615,25,0
246,5,85.5500600269145,1,21291.5950632673,12.6434381258552,5692.01595042921,22,8
246,6,88.7094922399072,1,23355.764796946,12.6434381258552,5675.88422585858,22,5
246,7,89.5845889760204,1,26254.5776271535,12.6434381258552,6015.5647993205,26,6
246,8,88.3307706422919,1,27635.5708402011,12.6434381258552,6486.02756656432,24,8
246,9,89.4605938658432,1,27008.6175167105,12.6434381258552,6456.2630766441,27,5
246,10,91.2352331870132,1,25335.0898973616,12.6434381258552,7380.37438226642,25,9
246,11,92.2018504888341,1,28487.037025661,12.6434381258552,7041.93620834556,24,7
246,12,96.6719856831254,1,27979.2434365125,12.6434381258552,7042.80795904818,27,16
246,13,97.5055357743873,1,29429.4345168436,12.6434381258552,7245.79827150096,31,14
246,14,95.2006232463181,1,30760.9468259654,12.6434381258552,8190.90690183321,23,13
246,15,99.9822865482979,1,32525.374716804,12.6434381258552,7631.56395592281,24,13
247,1,74.5332443573875,0,32603.2653513416,14.6777131789112,5255.04925653008,27,1
247,2,84.5898070302935,0,32779.562687434,14.6777131789112,5539.54436904684,24,4
247,3,86.4120710667437,0,35262.0296215747,14.6777131789112,5103.77472454203,26,4
247,4,91.2166268183291,0,36330.9541917331,14.6777131789112,6453.16904219034,30,5
247,5,95.9638687103884,0,37429.1372501523,14.6777131789112,5774.92341794042,29,4
247,6,92.2898915589749,0,38683.1878699907,14.6777131789112,6496.02663792483,24,4
247,7,89.8526745223862,0,38842.2535942679,14.6777131789112,5481.35029465371,27,3
247,8,98.6083703583238,0,38624.3393571616,14.6777131789112,6196.17393028861,26,8
247,9,100.872006733882,0,40714.9246682822,14.6777131789112,7519.25558674951,24,11
247,10,94.2227517284274,0,39833.6726558969,14.6777131789112,6558.9178241,21,8
247,11,105.373837505506,0,43760.7174612571,14.6777131789112,7920.47960841399,23,11
247,12,97.8285215819846,0,44129.6832559256,14.6777131789112,7496.95889106628,26,9
247,13,107.168681097795,0,45340.8150755968,14.6777131789112,7360.07929926863,27,17
247,14,106.415008890801,0,45813.3107004607,14.6777131789112,7792.191640822,23,16
247,15,107.515261877551,0,44275.1016623214,14.6777131789112,7451.36256082163,24,16
248,1,80.8416408550943,1,31238.820253157,15.0562739170268,4950.58072334237,23,4
248,2,84.6097695064619,1,33322.6103605534,15.0562739170268,5889.44389443694,19,3
248,3,90.810591538419,1,32634.3723517686,15.0562739170268,5071.00053929424,22,2
248,4,98.4482755165535,1,34274.8824603094,15.0562739170268,6051.05120058314,25,3
248,5,94.4146369833241,1,33030.0025685244,15.0562739170268,5772.84823582693,24,1
248,6,88.8879855755367,1,34755.5272991349,15.0562739170268,6208.59295476919,23,5
248,7,106.453732815044,1,34479.1596917401,15.0562739170268,5926.82418720805,23,7
248,8,108.468664760751,1,34907.8109636773,15.0562739170268,7008.21020381007,21,10
248,9,101.591526922171,1,35900.9107047001,15.0562739170268,7320.95533902589,27,9
248,10,104.71617261084,1,38331.2873903174,15.0562739170268,7060.14357513079,25,10
248,11,98.7424835668054,1,37318.5212543034,15.0562739170268,7371.21550084568,20,10
248,12,117.725750043998,1,37898.5244781926,15.0562739170268,6777.78123608023,22,14
248,13,104.626324463895,1,39797.7070310094,15.0562739170268,8342.93985498168,25,10
248,14,104.618195837764,1,38447.9509574555,15.0562739170268,7854.38251561049,22,12
248,15,109.784091704649,1,39783.151040828,15.0562739170268,8504.87616514188,23,10
249,1,81.1396078130075,1,32885.3033071469,15.2673360327577,6097.62826390213,25,0
249,2,84.7398528781345,1,35152.226395332,15.2673360327577,4790.287331746,26,4
249,3,91.1629638711115,1,33652.3662721512,15.2673360327577,5035.93372588084,25,3
249,4,84.8222500876706,1,35638.9980753802,15.2673360327577,6196.07257219986,28,2
249,5,97.8636948715827,1,37518.0187811429,15.2673360327577,6454.74864952673,23,1
249,6,93.3522836414226,1,38424.2169847312,15.2673360327577,5594.86114773629,21,5
249,7,100.705500328506,1,37694.7828506552,15.2673360327577,6342.530835095,26,5
249,8,100.506738653468,1,36086.9871467084,15.2673360327577,6951.93475332096,24,8
249,9,102.04025151496,1,40817.4563174857,15.2673360327577,6980.7638393368,23,11
249,10,113.18632280058,1,39245.1423999696,15.2673360327577,6822.71831263993,24,12
249,11,105.648951563976,1,41281.3379154224,15.2673360327577,6687.79060858894,33,8
249,12,105.087477670017,1,39561.9945836641,15.2673360327577,8320.37546621192,18,12
249,13,111.999788085316,1,41507.9601102755,15.2673360327577,6377.04306634184,25,16
249,14,108.499334288163,1,44280.6514790949,15.2673360327577,7191.44741650433,23,14
249,15,104.957914458921,1,43688.0036061232,15.2673360327577,8354.55713653764,23,14
250,1,81.5413687528624,1,35510.9778937461,11.5106130303444,5893.86622115287,24,0
250,2,84.9697124248242,1,36815.5696924189,11.5106130303444,5759.57193917218,22,2
250,3,79.2535300164139,1,35303.0136740503,11.5106130303444,5965.83424550336,20,0
250,4,90.1200604732959,1,37449.6860448611,11.5106130303444,5603.15101120073,20,7
250,5,88.9216304973753,1,38642.9456648865,11.5106130303444,6057.04955730167,25,6
250,6,91.0681506115003,1,40051.0724781675,11.5106130303444,7108.68936703906,29,7
250,7,92.6494824972397,1,38858.9959866538,11.5106130303444,7119.33371657404,24,8
250,8,89.4027811058776,1,40652.7965608492,11.5106130303444,7201.65308808099,27,9
250,9,92.6219562245671,1,41834.9725048466,11.5106130303444,6612.00149686183,26,7
250,10,113.262007396106,1,45634.6010841172,11.5106130303444,5931.27465982873,24,12
250,11,96.6023878071786,1,44258.910060762,11.5106130303444,6438.84761719442,30,9
250,12,105.697943511444,1,41048.6174528148,11.5106130303444,8412.80757451138,28,11
250,13,112.202763171187,1,44186.5933644488,11.5106130303444,7388.45704336846,23,13
250,14,107.428227794398,1,45110.6098897963,11.5106130303444,7710.12451355679,27,15
250,15,104.851721343646,1,46487.8518983849,11.5106130303444,8031.44003754298,25,14
251,1,70.1001405808182,0,25086.4693810055,9.53703990864001,4624.91363543495,21,0
251,2,75.6057316685743,0,27382.9892718457,9.53703990864001,5331.37838952541,21,0
251,3,66.3778361097775,0,26294.6326436407,9.53703990864001,5390.24816829371,28,3
251,4,77.4540298883128,0,27484.7352054001,9.53703990864001,6181.25474073645,21,6
251,5,83.5813259172626,0,28792.9245715873,9.53703990864001,6008.36597063476,23,5
251,6,74.9523312269933,0,28181.8537789388,9.53703990864001,5583.15656433195,23,6
251,7,83.7235237566976,0,29475.605137848,9.53703990864001,6189.72530222352,24,6
251,8,76.0939712866761,0,31569.5694711052,9.53703990864001,6050.22832222589,24,6
251,9,80.5970659368422,0,30128.7657836819,9.53703990864001,7256.1458177736,24,12
251,10,82.3734542283862,0,30034.7327765202,9.53703990864001,6937.89628854388,25,9
251,11,86.4998643123917,0,32517.7856784249,9.53703990864001,7649.28814824329,22,7
251,12,83.0800259738368,0,31610.3996312934,9.53703990864001,7485.97307208741,25,10
251,13,82.688829316701,0,32727.3805219861,9.53703990864001,7442.35945715769,25,11
251,14,90.5259083930103,0,34104.4200683602,9.53703990864001,6731.12019781298,25,13
251,15,95.6153354594932,0,34658.7920614675,9.53703990864001,8366.37494328596,23,16
252,1,71.2869798016458,0,23821.8698480211,11.0782283010341,5224.65208050228,26,0
252,2,81.1119655385229,0,22555.0329202896,11.0782283010341,5308.67977292987,20,1
252,3,72.226217305087,0,23507.8266749843,11.0782283010341,5473.41876571524,25,4
252,4,79.0080282280287,0,23760.4279423328,11.0782283010341,5831.38674668208,27,4
252,5,77.7285467405778,0,24847.8402471685,11.0782283010341,6384.7816661529,27,6
252,6,92.2431914023406,0,27591.814338424,11.0782283010341,6359.57550297203,26,6
252,7,80.5062268041093,0,26133.4222688407,11.0782283010341,5696.28450336718,25,8
252,8,94.4418568852578,0,26758.6732172661,11.0782283010341,6799.39649403245,22,5
252,9,86.0877103122645,0,27890.0180857323,11.0782283010341,7200.37941428815,21,6
252,10,72.6980410523978,0,26753.7478004044,11.0782283010341,7231.9102370192,25,8
252,11,81.2021042916468,0,29516.1112020048,11.0782283010341,7668.43710122302,28,12
252,12,86.0014349719478,0,29096.1551209812,11.0782283010341,6485.83357402647,28,5
252,13,99.1679106170319,0,29041.5819853397,11.0782283010341,7545.1307080836,21,13
252,14,96.5371602619176,0,30712.8529705303,11.0782283010341,8127.8434491891,24,15
252,15,104.420865267831,0,30747.3788227535,11.0782283010341,8037.85613249769,20,13
253,1,86.6776566581446,1,38859.069630656,9.29370597438161,5279.85612031118,24,3
253,2,67.8530964913308,1,39692.2137136519,9.29370597438161,5705.18972052189,25,1
253,3,86.6357180689786,1,42150.6975184729,9.29370597438161,6071.78114212302,27,3
253,4,83.5163433735421,1,40846.9863912061,9.29370597438161,5349.39534076965,24,4
253,5,81.7471672769767,1,43150.559885268,9.29370597438161,5653.11410326929,24,2
253,6,80.8327112636105,1,43157.124267386,9.29370597438161,5904.05097223718,26,4
253,7,91.5940671133355,1,43511.3827009629,9.29370597438161,6769.32500803715,20,2
253,8,95.8991136950206,1,43941.0924444527,9.29370597438161,6569.88793920198,23,3
253,9,93.2330344653142,1,45014.810005824,9.29370597438161,7153.47405884624,21,9
253,10,94.0598443657087,1,45902.4066435495,9.29370597438161,6913.64058802033,32,8
253,11,106.786449770401,1,48065.3454228403,9.29370597438161,6783.64080278243,25,8
253,12,97.970470933832,1,46989.7549500791,9.29370597438161,8249.5249371862,22,11
253,13,96.6633533244619,1,50210.8555568643,9.29370597438161,8580.94609248652,29,10
253,14,108.638470547633,1,49193.1505489336,9.29370597438161,7793.92110970526,28,13
253,15,98.461127778335,1,49506.6978167623,9.29370597438161,7362.32885566278,26,11
254,1,77.7912566762942,0,36074.1458637403,13.881206229345,5992.20801987772,27,0
254,2,81.0750704690558,0,37743.7258540646,13.881206229345,5359.93094933438,26,1
254,3,80.8658219653848,0,40077.2201383592,13.881206229345,5838.30162130625,30,3
254,4,84.7137730086702,0,38878.4894754104,13.881206229345,5064.72524291578,25,2
254,5,93.1631726673089,0,39780.5997398106,13.881206229345,6865.94625475404,33,6
254,6,101.789518658746,0,40854.9526663016,13.881206229345,7044.5307419437,27,8
254,7,100.379327224786,0,41486.8569329239,13.881206229345,6484.90254885179,25,9
254,8,92.7246102519972,0,41455.3457776735,13.881206229345,6301.61325805382,24,6
254,9,103.820187237201,0,43958.8663808398,13.881206229345,5695.56460437734,26,8
254,10,106.763260111314,0,42513.6159225721,13.881206229345,6809.64057075017,17,12
254,11,104.576404200578,0,43537.6247667006,13.881206229345,7567.40117699626,26,9
254,12,117.867407136578,0,44875.8387691146,13.881206229345,7784.36183391668,20,14
254,13,106.307869071629,0,45786.3941349233,13.881206229345,7292.30136785046,22,12
254,14,108.722898472257,0,47892.4993963948,13.881206229345,8618.32947780615,22,13
254,15,100.802532892879,0,46988.9060703966,13.881206229345,8277.46395705895,30,13
255,1,83.8140259327723,1,18038.6073241627,15.3610650852783,5218.47557280307,20,2
255,2,66.797636160027,1,18174.5448861919,15.3610650852783,5301.30882254059,31,0
255,3,78.3141914123679,1,20400.9458673014,15.3610650852783,5318.19383028146,23,4
255,4,81.3191880308041,1,20536.0149423572,15.3610650852783,5596.89878461774,29,4
255,5,94.6297427661238,1,18318.9252765836,15.3610650852783,6123.42523854829,26,7
255,6,85.1328165812048,1,20103.9707100154,15.3610650852783,6174.75151535379,22,6
255,7,87.1091688288232,1,18660.3863428374,15.3610650852783,7167.19382056259,27,5
255,8,88.0353549607241,1,19418.6458314962,15.3610650852783,6586.04428832093,30,8
255,9,89.6466465663965,1,19956.2394644482,15.3610650852783,6434.84271803744,25,9
255,10,94.2706657165996,1,19980.6803429376,15.3610650852783,6041.82465358995,24,8
255,11,95.1357264095031,1,21346.7068888995,15.3610650852783,7792.5163596189,28,12
255,12,88.8317840483111,1,21095.0593755249,15.3610650852783,7255.11928193696,24,9
255,13,96.3835930037003,1,22004.5786151419,15.3610650852783,6897.61881338993,22,10
255,14,99.3995921012899,1,23218.1454892701,15.3610650852783,7360.283662609,26,14
255,15,99.128220257361,1,23449.7423018318,15.3610650852783,9271.494004418,24,14
256,1,78.6506230569771,1,28175.6464392532,18.3816406574806,4557.33238344609,24,2
256,2,72.6409322656359,1,31000.6380651917,18.3816406574806,5546.10182997643,27,2
256,3,90.6824090168137,1,32739.5610067394,18.3816406574806,4678.6658520322,27,1
256,4,95.4700458333251,1,34436.1150701614,18.3816406574806,5679.48870296798,17,5
256,5,94.6947345149056,1,33708.8784047407,18.3816406574806,6160.36967978039,27,4
256,6,88.6360093898278,1,35415.3364687089,18.3816406574806,6078.939337283,28,5
256,7,106.777797376922,1,37927.6818611019,18.3816406574806,6404.0098190605,23,8
256,8,88.8729337073843,1,37502.7317920327,18.3816406574806,6482.33539215062,26,6
256,9,107.193891003566,1,40187.7556813088,18.3816406574806,7258.88902772215,26,8
256,10,98.7539035485121,1,37103.2121697053,18.3816406574806,6961.61667202253,25,11
256,11,105.850271078279,1,42361.959797849,18.3816406574806,8005.98306206384,25,9
256,12,102.527676184613,1,38961.2105453226,18.3816406574806,7769.8649143514,26,10
256,13,107.346488678887,1,43477.394087687,18.3816406574806,7550.68406099277,29,11
256,14,105.31735674845,1,44415.649230097,18.3816406574806,8351.41317893772,27,13
256,15,112.44173126131,1,43980.6334778086,18.3816406574806,8018.57858902305,26,16
257,1,64.8687239499551,0,23351.3619710682,13.0983431487952,5363.79672407012,29,0
257,2,76.9501991307006,0,24887.85579426,13.0983431487952,5267.21202574281,26,3
257,3,62.5447602295158,0,25552.1414585746,13.0983431487952,4094.44238994903,25,0
257,4,79.4098541009807,0,26471.4366005609,13.0983431487952,5553.66752857457,26,5
257,5,76.8832781827914,0,28396.1497155101,13.0983431487952,5255.73548490618,23,1
257,6,72.7978150836186,0,28161.3632779216,13.0983431487952,6209.97247009252,26,4
257,7,81.5809357272222,0,26717.7780772966,13.0983431487952,6466.78088296208,28,10
257,8,79.7696699671139,0,30048.2527850467,13.0983431487952,6803.97706037533,24,7
257,9,90.267365795444,0,30159.1931399535,13.0983431487952,6934.51897008284,26,8
257,10,96.3620942505511,0,32174.7824191959,13.0983431487952,8104.4393857799,22,11
257,11,90.4625081161611,0,31306.8754886002,13.0983431487952,7211.41562591131,23,9
257,12,87.2361070234246,0,32781.1889705233,13.0983431487952,7746.66223865612,22,12
257,13,103.294170499676,0,32343.8206097624,13.0983431487952,7633.91794294667,22,16
257,14,87.680250293655,0,33248.1156664892,13.0983431487952,8715.93423194014,24,10
257,15,103.391478432483,0,33836.8564989109,13.0983431487952,8367.55963303266,22,16
258,1,69.2919971904343,0,14741.4685886668,9.37565586841894,5758.64826768444,25,3
258,2,60.8062498298265,0,13258.8605047718,9.37565586841894,4389.55586569402,24,0
258,3,73.9686165332395,0,18538.2245522927,9.37565586841894,5865.59486709428,24,3
258,4,76.1654523285865,0,17916.3361366299,9.37565586841894,5397.44277795444,26,3
258,5,79.953063542318,0,19864.8685650246,9.37565586841894,6459.93416264824,29,4
258,6,79.0120847518572,0,22331.5418325611,9.37565586841894,6126.43550773108,19,4
258,7,67.7034324355008,0,22717.9008147557,9.37565586841894,6741.82498188497,22,6
258,8,86.3918692127938,0,24121.6120118206,9.37565586841894,6819.05116821149,23,7
258,9,80.3650447483321,0,24346.5545044971,9.37565586841894,5812.65911304768,20,7
258,10,79.6923098653475,0,24972.1477892533,9.37565586841894,6528.46731993731,27,10
258,11,75.9442988776483,0,28191.2209085729,9.37565586841894,6935.32975183096,28,11
258,12,85.658656516991,0,28629.8833515658,9.37565586841894,7807.90997491355,26,14
258,13,90.3962900309072,0,30116.0921218229,9.37565586841894,7415.01268660493,23,13
258,14,88.2086836831306,0,30574.7774386849,9.37565586841894,7704.13176037885,26,14
258,15,88.9973014469968,0,32125.9041546749,9.37565586841894,8166.67403772005,22,14
259,1,80.1571399035008,0,29846.5731943526,15.0734245889797,5158.48142801279,26,0
259,2,85.5135490057521,0,31422.6705679165,15.0734245889797,4836.20184759501,25,0
259,3,88.9120510665165,0,32440.829290696,15.0734245889797,6495.18247692672,29,3
259,4,91.7729901547619,0,34768.8145153446,15.0734245889797,5459.36940769565,23,0
259,5,96.9396092723064,0,34819.7596230336,15.0734245889797,5974.31709332041,28,1
259,6,98.9964052587297,0,37212.2894674635,15.0734245889797,5973.85034825884,25,9
259,7,94.7307859866853,0,37795.4721814516,15.0734245889797,6038.85671436495,20,8
259,8,105.27940172568,0,38198.8237149411,15.0734245889797,6312.90762014411,20,4
259,9,105.70984448647,0,38028.8861635274,15.0734245889797,6692.86412391022,24,9
259,10,90.647581635583,0,39900.4251222539,15.0734245889797,6416.4041791496,21,9
259,11,107.991502744809,0,42401.1230732029,15.0734245889797,8133.05790074476,24,10
259,12,106.095115928444,0,42922.2362639808,15.0734245889797,7268.10742349766,22,9
259,13,115.029058862431,0,43070.6090311347,15.0734245889797,6903.33240054803,27,14
259,14,111.14435341852,0,42075.1572484196,15.0734245889797,8304.64291849693,25,15
259,15,115.07636894067,0,44770.3550317167,15.0734245889797,7934.38549690792,29,15
260,1,80.1546031865483,1,27152.6233319551,14.7142766810859,4888.93370074811,23,1
260,2,83.056718204872,1,32561.3652839551,14.7142766810859,5111.8569952126,26,2
260,3,92.8296603787813,1,31531.8431795314,14.7142766810859,5539.81386446471,19,4
260,4,78.8532839865755,1,33469.8048310604,14.7142766810859,4971.54657234188,27,6
260,5,85.4796956484921,1,32745.3861258817,14.7142766810859,5943.10369173162,22,3
260,6,99.6164131549353,1,35705.5043316286,14.7142766810859,7156.1822259635,23,8
260,7,91.4340863394161,1,33441.9214573871,14.7142766810859,5304.58968806892,26,6
260,8,106.812071528881,1,35889.1617530937,14.7142766810859,6925.11743639258,23,7
260,9,92.741248382584,1,35750.8359378108,14.7142766810859,6960.95534803436,34,8
260,10,105.16160830183,1,37199.5176161931,14.7142766810859,8305.97625935604,22,11
260,11,99.529923166202,1,35857.7645800822,14.7142766810859,6919.81905212753,26,10
260,12,105.657146260937,1,40131.7672112611,14.7142766810859,7163.95959092331,20,8
260,13,108.256017366765,1,38906.6483965073,14.7142766810859,7479.6770637681,18,10
260,14,98.8981566042159,1,38818.1072851996,14.7142766810859,7744.21478263646,30,14
260,15,111.336887757862,1,38839.2033894821,14.7142766810859,7623.63424876831,27,14
261,1,76.7101350094341,1,29055.1824538648,11.2852539122915,5258.64009015597,23,3
261,2,75.4363954394479,1,30123.665222872,11.2852539122915,6400.53502329852,29,0
261,3,75.7964615199669,1,31581.9406231683,11.2852539122915,5772.73968541461,22,5
261,4,79.7638518658323,1,34698.6708271877,11.2852539122915,6246.82112461588,18,2
261,5,86.3061181315279,1,37139.9934762264,11.2852539122915,5995.87801907723,21,9
261,6,83.1131131711888,1,37731.8308971952,11.2852539122915,6863.43328622979,28,4
261,7,82.5815583757942,1,36805.2984933581,11.2852539122915,6294.77416083682,20,3
261,8,90.2027850145423,1,40182.6249199834,11.2852539122915,6612.20901429505,26,13
261,9,102.408346939642,1,42956.4178738397,11.2852539122915,6333.56387020308,23,8
261,10,97.7095565503476,1,43830.5160819437,11.2852539122915,6937.83843647961,27,10
261,11,101.172569924581,1,46019.2157126301,11.2852539122915,6982.03882231325,25,9
261,12,103.404951308327,1,45954.3670748552,11.2852539122915,7476.43262644015,23,13
261,13,95.1254291608813,1,43604.8869934288,11.2852539122915,7911.69002566247,17,14
261,14,103.371202362063,1,48896.1241384922,11.2852539122915,8295.92158588311,30,16
261,15,107.516513110405,1,49826.3129403028,11.2852539122915,8107.70139489202,24,12
262,1,79.7133128506668,1,31377.3767752022,7.32643528838306,6126.15002719153,27,0
262,2,77.0853725889175,1,34330.6585093105,7.32643528838306,5465.55231443182,19,0
262,3,80.6828234811568,1,35156.6764774316,7.32643528838306,5435.47987268992,25,4
262,4,78.0958622812232,1,36751.5362592994,7.32643528838306,6173.02598845493,25,1
262,5,90.2265130786726,1,39032.7171264167,7.32643528838306,5718.54457667774,28,2
262,6,92.4873853170981,1,39336.0276765088,7.32643528838306,6286.82915154862,16,9
262,7,98.073370211988,1,40642.420880572,7.32643528838306,6272.70301856429,26,4
262,8,95.5834420657434,1,41204.0181199227,7.32643528838306,6016.34315924216,24,11
262,9,99.5345011744341,1,44199.5117778975,7.32643528838306,6999.05362191869,18,6
262,10,93.1203159494804,1,45944.6378982182,7.32643528838306,6754.98899391707,23,7
262,11,107.020882629431,1,47331.8396276136,7.32643528838306,7005.428997093,24,13
262,12,103.85045069872,1,49315.7421395375,7.32643528838306,7145.38612132982,26,12
262,13,103.394389073655,1,47127.6741815436,7.32643528838306,7696.24997763543,23,12
262,14,111.490399365501,1,50892.6772425524,7.32643528838306,6816.38782496852,27,15
262,15,102.200836859086,1,50891.6007252636,7.32643528838306,6807.04580068453,21,16
263,1,79.4299457376985,1,38224.7647446586,14.2839296861817,5596.92767294878,31,0
263,2,88.3780307588903,1,38252.2614733838,14.2839296861817,6092.10514217824,26,2
263,3,83.4749516770448,1,37659.7662029106,14.2839296861817,5781.95367889126,26,0
263,4,84.4296633884643,1,38907.1981979454,14.2839296861817,5930.47776854919,28,6
263,5,99.7447480825643,1,41243.8901741258,14.2839296861817,6455.12775468023,21,1
263,6,104.256924080335,1,39855.8251892115,14.2839296861817,5678.28412347454,27,7
263,7,109.257646777023,1,39228.6035246446,14.2839296861817,5938.88431029225,21,8
263,8,94.4597853837663,1,42598.9772466424,14.2839296861817,6569.99559719093,27,5
263,9,103.488274789982,1,43235.8036509343,14.2839296861817,7631.27967970128,25,10
263,10,119.937958190615,1,42015.1409524909,14.2839296861817,7262.26754197881,24,12
263,11,113.588177037491,1,44832.6781745631,14.2839296861817,7628.22459591086,24,13
263,12,105.844919779967,1,43568.7323896855,14.2839296861817,8534.24018938807,25,10
263,13,105.071383954664,1,43017.0516014264,14.2839296861817,6937.95899286931,25,11
263,14,101.209651560264,1,44541.2873718064,14.2839296861817,7755.58838390302,27,12
263,15,110.665011356032,1,45657.9262914803,14.2839296861817,7032.99345391419,29,14
264,1,82.3151572793012,1,33101.0575295599,15.3874331869249,4904.56767232457,23,1
264,2,95.0845632866669,1,33817.5313449799,15.3874331869249,4965.07184138785,24,1
264,3,91.7159096001628,1,35562.3783639652,15.3874331869249,5983.98131674804,25,0
264,4,80.4644144217607,1,35450.9376053614,15.3874331869249,5492.06974136257,25,2
264,5,96.642193822065,1,36630.5871497717,15.3874331869249,5783.98309002252,26,6
264,6,88.3248701833563,1,38033.197520533,15.3874331869249,6145.63251579554,20,5
264,7,94.6917204567743,1,37735.1111953546,15.3874331869249,6905.15507337396,21,6
264,8,101.922716907242,1,38003.6640859554,15.3874331869249,7434.22282296877,29,6
264,9,104.804095318748,1,39406.8852769613,15.3874331869249,6617.40262914261,23,10
264,10,112.01355049603,1,39249.4780420781,15.3874331869249,7244.3924189547,21,11
264,11,102.759415102817,1,41526.3473519544,15.3874331869249,6585.29411157348,27,12
264,12,101.521580547986,1,42874.2542619853,15.3874331869249,6638.28951133665,25,6
264,13,120.013263427679,1,42217.1352865801,15.3874331869249,7905.21417205713,21,14
264,14,114.230830116019,1,43288.5990083406,15.3874331869249,6726.39473143533,20,14
264,15,109.515751938153,1,43943.4572028909,15.3874331869249,8365.6293433713,19,12
265,1,65.0038903778356,1,25785.8179150305,11.1146765078822,5511.82796039228,27,1
265,2,82.2576004024311,1,28000.5892650662,11.1146765078822,5568.18285183499,24,0
265,3,84.3352915084987,1,26709.0712343813,11.1146765078822,5574.53065671534,24,8
265,4,78.2848332748255,1,27470.9575279169,11.1146765078822,5897.34268917524,25,4
265,5,78.5477027434147,1,28831.9401777452,11.1146765078822,5598.17609457482,19,3
265,6,83.0319919015378,1,28639.5406189402,11.1146765078822,5707.69710793247,25,8
265,7,94.4820648180438,1,31387.7398311334,11.1146765078822,6769.89182818314,26,6
265,8,95.373574104223,1,30828.6108805422,11.1146765078822,6588.73869819912,24,7
265,9,86.4339032620826,1,33019.3231708984,11.1146765078822,5335.97534450134,27,8
265,10,90.1004087972293,1,33285.4709978729,11.1146765078822,6194.45193048447,22,8
265,11,102.43217244107,1,34198.7288207374,11.1146765078822,7657.10506502447,22,9
265,12,89.5378841797184,1,32682.3831967979,11.1146765078822,7397.42002078379,24,11
265,13,97.051498355257,1,33238.5905496918,11.1146765078822,8382.62107609397,25,17
265,14,101.2486311885,1,35735.997359757,11.1146765078822,7490.74456705658,18,12
265,15,105.12893584681,1,36076.4684815827,11.1146765078822,8849.46480910193,25,14
266,1,81.3971841186173,1,24619.7663596865,13.6087284550741,5174.08323045977,28,0
266,2,89.4330341253582,1,25694.2285302481,13.6087284550741,4688.23466467398,21,1
266,3,92.9989758096996,1,28234.4208118749,13.6087284550741,5408.57377934573,24,4
266,4,87.0233743372359,1,27009.4438664814,13.6087284550741,5498.14124993907,23,8
266,5,82.6144983398648,1,27691.033590942,13.6087284550741,5105.15654177189,22,3
266,6,92.6104692147601,1,30773.4063955901,13.6087284550741,6150.00504913609,26,6
266,7,95.2675246487353,1,30207.1330665788,13.6087284550741,7137.19913914239,26,7
266,8,100.600767114416,1,31063.3080270336,13.6087284550741,6812.58608313169,22,6
266,9,100.427464812557,1,30363.2653474303,13.6087284550741,6643.81308586349,25,11
266,10,109.042290925983,1,33244.9499294623,13.6087284550741,6778.25600031286,20,7
266,11,105.259732910903,1,34501.7738935799,13.6087284550741,7788.51441050731,23,7
266,12,106.480944909223,1,34884.8221632952,13.6087284550741,7693.18013692504,23,11
266,13,97.3445892357482,1,33858.3715761662,13.6087284550741,7188.59381932059,21,9
266,14,111.373478242656,1,37295.723946472,13.6087284550741,8166.43199824006,26,13
266,15,108.293848146718,1,36384.9761495951,13.6087284550741,8334.22515380173,28,15
267,1,63.7157043909955,0,31627.6973456237,11.1723285757485,4859.209047845,24,0
267,2,77.2183517573591,0,31101.335177046,11.1723285757485,5320.54527000867,28,4
267,3,84.3975511782111,0,31898.382543236,11.1723285757485,5974.41161158815,27,4
267,4,75.3150185413514,0,34335.28585585,11.1723285757485,4998.92204986966,24,4
267,5,93.159375100204,0,34381.4547158537,11.1723285757485,6085.45332922702,25,8
267,6,90.5815101675332,0,34479.318945367,11.1723285757485,5585.14239989213,26,9
267,7,82.2255831383822,0,34078.0739157358,11.1723285757485,5791.50878486507,22,11
267,8,84.2908573483621,0,36611.2800622525,11.1723285757485,6943.88875548251,25,4
267,9,87.4713848510425,0,37323.8701490452,11.1723285757485,6602.25338922284,27,8
267,10,93.6521773746163,0,36887.5051303091,11.1723285757485,7212.77530328699,29,11
267,11,94.9667783825583,0,38027.0110046222,11.1723285757485,7689.01755051502,20,10
267,12,89.1282563790219,0,38816.5367532643,11.1723285757485,7998.26750042451,22,11
267,13,95.6520543075999,0,38293.4172428801,11.1723285757485,6880.15216854608,21,15
267,14,100.272246241276,0,41460.9635461524,11.1723285757485,7457.81164194419,24,15
267,15,88.3493718676406,0,40139.5963503458,11.1723285757485,7609.11882240159,20,14
268,1,89.6824681307667,0,33373.2138050361,14.0469457354125,5043.53631852684,23,1
268,2,83.5430556978084,0,32028.8282119463,14.0469457354125,6098.67581257142,25,3
268,3,80.9250625563054,0,35079.409244037,14.0469457354125,5530.68924139162,30,0
268,4,86.4970463114991,0,35492.9942730042,14.0469457354125,4899.12187033168,27,0
268,5,84.3779340554327,0,37090.693604727,14.0469457354125,5592.53195073135,20,4
268,6,88.2797342809588,0,34580.0264513875,14.0469457354125,6449.45928164825,23,7
268,7,99.4212961054084,0,37268.3750416034,14.0469457354125,5874.39339090514,25,9
268,8,97.4830682502223,0,36645.6702942526,14.0469457354125,6194.40270654558,24,7
268,9,95.4623315358855,0,37624.6734536233,14.0469457354125,7567.66204105516,31,8
268,10,94.9753866732238,0,37542.1706334152,14.0469457354125,6522.4950279725,23,6
268,11,96.9155010709768,0,38919.0011431699,14.0469457354125,6785.97664507106,28,9
268,12,96.4458823522957,0,37940.229958059,14.0469457354125,7582.7967087538,26,13
268,13,106.042774261189,0,38697.0635768949,14.0469457354125,8076.35794751242,21,11
268,14,112.224376540168,0,40967.4215501659,14.0469457354125,7680.57448497752,22,13
268,15,102.949858030236,0,37808.2853790396,14.0469457354125,8022.46107008721,25,15
269,1,61.8599416442967,0,22266.9020298677,11.6481278558555,5852.29003345917,31,0
269,2,70.3034734510099,0,22952.762503966,11.6481278558555,5155.53504353997,23,0
269,3,79.0763979797083,0,25000.4220366844,11.6481278558555,5296.06365927617,26,4
269,4,76.8361488206016,0,25541.6501672468,11.6481278558555,5969.94048034157,19,4
269,5,79.815304414442,0,24613.8889126188,11.6481278558555,6693.34922998321,24,3
269,6,82.2082311392635,0,28308.1450341156,11.6481278558555,5770.31368629428,23,6
269,7,86.7477362243811,0,28738.1108346074,11.6481278558555,7046.86645751227,22,11
269,8,80.4831586210786,0,29977.2356577439,11.6481278558555,6497.55343408842,19,8
269,9,82.7331367828702,0,28423.7186098088,11.6481278558555,6651.28004670794,24,12
269,10,77.2552030969746,0,32158.3540315623,11.6481278558555,7537.92967192594,21,8
269,11,92.2286999350255,0,32316.4762512341,11.6481278558555,7874.42196135006,22,11
269,12,92.2838420473913,0,33124.7697747452,11.6481278558555,6928.31236370541,25,10
269,13,93.9026278614379,0,31614.9169032521,11.6481278558555,7210.32374053239,24,15
269,14,92.5504631929325,0,33614.1787713148,11.6481278558555,7660.60913151312,21,12
269,15,96.0300179232839,0,34727.6045381557,11.6481278558555,7508.32659545315,29,14
270,1,74.752175973311,1,28306.8705523257,10.9659724082398,4661.75026297139,26,0
270,2,75.1124029382457,1,30623.7575322198,10.9659724082398,5675.58142599916,20,2
270,3,83.6419477133762,1,32752.5787144953,10.9659724082398,5731.70563038634,23,3
270,4,84.4998786175675,1,33439.8301781856,10.9659724082398,5825.44592224882,23,3
270,5,86.4837654291723,1,34516.041188809,10.9659724082398,6025.38896999976,23,6
270,6,83.4107266532861,1,36871.4318198688,10.9659724082398,6848.13691125926,24,5
270,7,93.9450577592463,1,35819.8509043602,10.9659724082398,6428.02548213273,26,4
270,8,97.5186547768567,1,38517.4152079922,10.9659724082398,6962.92098967435,23,6
270,9,101.923917528253,1,39941.8035432663,10.9659724082398,6878.64396025041,22,9
270,10,104.795315017653,1,38716.9031038704,10.9659724082398,6759.30945942972,26,8
270,11,105.309689927362,1,39183.1854032176,10.9659724082398,7380.13082365664,21,11
270,12,100.071298649891,1,43284.2975258784,10.9659724082398,8036.8034087309,21,11
270,13,101.738547476774,1,43222.8562802961,10.9659724082398,7280.66480232846,24,10
270,14,112.630960933714,1,47018.6229913112,10.9659724082398,8127.89933041837,24,12
270,15,111.0894355872,1,46091.9055022385,10.9659724082398,7528.43035588625,23,12
271,1,82.0390498309916,1,38477.7850471058,12.3348614945916,4857.40750752153,24,2
271,2,79.7488841226709,1,37541.584041052,12.3348614945916,5514.36729234473,25,0
271,3,87.5931866102452,1,39230.2866330805,12.3348614945916,5848.91194576598,30,4
271,4,94.2965885377745,1,39428.1662123981,12.3348614945916,6740.92566214054,25,6
271,5,91.5874779156901,1,44422.7921105049,12.3348614945916,5799.20342066132,23,6
271,6,93.3343701493319,1,41061.5997960766,12.3348614945916,5550.21020861063,19,7
271,7,112.917715627293,1,43729.8051707821,12.3348614945916,6712.55661494121,21,10
271,8,96.8686545914034,1,45217.0883171685,12.3348614945916,5883.92190970402,28,6
271,9,105.780901368067,1,44318.9643517893,12.3348614945916,6640.43259497595,23,8
271,10,105.823742880062,1,45554.3415439408,12.3348614945916,7299.97591474126,22,9
271,11,112.636844062191,1,45095.287288316,12.3348614945916,6843.36049015971,22,11
271,12,109.768536695097,1,46938.3447293463,12.3348614945916,7946.90009952687,21,13
271,13,95.6683751322034,1,47350.4983865036,12.3348614945916,6770.95944630773,26,13
271,14,105.357669165541,1,47725.3415315625,12.3348614945916,6428.28992004517,32,14
271,15,109.718727773287,1,49842.8451554259,12.3348614945916,8887.95860766872,17,14
272,1,81.4620312431582,0,29068.4345572984,11.1497840550531,5558.6765094478,28,0
272,2,83.6319851232491,0,29123.5639101264,11.1497840550531,6291.02953174377,23,0
272,3,85.1767035737386,0,32258.9934810562,11.1497840550531,5803.74897170897,26,0
272,4,91.0876977467792,0,32405.4158066588,11.1497840550531,5798.15588744467,22,6
272,5,82.7891338732517,0,31347.9842728578,11.1497840550531,6177.48047560954,31,2
272,6,85.679260478087,0,33034.4243396555,11.1497840550531,5859.49450871092,26,4
272,7,98.8387881493683,0,35356.9079750418,11.1497840550531,7086.2536045632,22,9
272,8,79.0698014377718,0,34275.5642312372,11.1497840550531,6355.58907018107,28,7
272,9,99.1420569598687,0,36815.3859857998,11.1497840550531,6635.25485581237,25,8
272,10,97.8243984649831,0,36480.43125138,11.1497840550531,6586.63171399702,24,9
272,11,100.09462479054,0,36157.363465764,11.1497840550531,7395.39713876445,19,8
272,12,97.7339660544561,0,38813.5355266473,11.1497840550531,6775.84270536485,26,10
272,13,100.615893229296,0,36621.2462084023,11.1497840550531,7509.6464467758,26,14
272,14,107.077898420213,0,39230.7246286168,11.1497840550531,6631.25727906446,27,15
272,15,106.568706071426,0,40558.9949371148,11.1497840550531,8124.93257847585,22,14
273,1,88.5375260190025,0,25743.2709710014,10.2269485066371,5470.27308877959,27,2
273,2,84.4830791087833,0,26829.0671415353,10.2269485066371,5929.98731778898,20,0
273,3,86.307178203677,0,27766.3527253426,10.2269485066371,5237.41746233078,25,1
273,4,79.0764340818659,0,30116.4525230643,10.2269485066371,4994.51143113367,24,4
273,5,86.7805448037011,0,31525.8374813042,10.2269485066371,6837.10063824176,29,5
273,6,90.4545763302679,0,32722.8659881653,10.2269485066371,5327.13633594033,22,3
273,7,85.5025597987781,0,30659.3226040606,10.2269485066371,7187.39851705307,36,8
273,8,90.6071671626072,0,32243.8885685917,10.2269485066371,6064.36610701854,27,5
273,9,81.7776989260823,0,32871.3824254379,10.2269485066371,7048.66091709845,29,8
273,10,92.1570168058676,0,34791.3330008108,10.2269485066371,7038.39082628975,23,7
273,11,101.455367562714,0,36594.8336544085,10.2269485066371,7145.44689850031,23,8
273,12,97.8193420248353,0,37556.269271224,10.2269485066371,6963.63811074175,24,7
273,13,106.488543921749,0,38217.7294665582,10.2269485066371,7271.3576063102,30,13
273,14,106.195364220896,0,39373.3348503063,10.2269485066371,7454.81594690928,23,15
273,15,102.305931603939,0,40190.2669378341,10.2269485066371,8305.45894005373,17,15
274,1,79.1851030150398,0,27911.4682920837,11.0521892062728,5437.15557576835,23,0
274,2,85.2158779299161,0,29018.1500809638,11.0521892062728,5217.45010521549,22,3
274,3,86.3973918054095,0,29902.4251056993,11.0521892062728,5726.42465592908,30,4
274,4,80.6606286565224,0,31203.9445671877,11.0521892062728,6021.11669496481,28,2
274,5,96.6622230719089,0,31296.2938990522,11.0521892062728,5839.41004717178,24,9
274,6,78.4231617633052,0,34903.3900095384,11.0521892062728,6000.78222335211,25,7
274,7,97.8700278485056,0,36601.3103800447,11.0521892062728,7080.67244701149,17,7
274,8,82.491568798035,0,34320.9882808448,11.0521892062728,5500.09036444841,23,7
274,9,95.208375970166,0,37865.0728207027,11.0521892062728,6912.28129511086,26,9
274,10,96.2105981218496,0,37702.4752779136,11.0521892062728,7840.02747286615,23,12
274,11,94.8134869428811,0,38595.6649279163,11.0521892062728,6912.41450884818,27,12
274,12,95.7170900997577,0,39607.0465956526,11.0521892062728,7015.26027909653,24,11
274,13,102.600206616868,0,40985.4225288215,11.0521892062728,7953.3176585817,25,16
274,14,102.905338933524,0,41610.6617818723,11.0521892062728,8342.48674878576,20,13
274,15,106.877070041346,0,41626.7105089785,11.0521892062728,7637.72290571904,22,15
275,1,81.2465790330601,1,39525.589332462,11.9755435430234,5734.68626225021,27,0
275,2,84.2644947086038,1,40732.3300626055,11.9755435430234,4882.40121201054,27,3
275,3,83.0957205090171,1,40092.181932261,11.9755435430234,5302.40434447155,26,3
275,4,87.2074013347163,1,39573.9718528335,11.9755435430234,6142.95966840236,24,3
275,5,95.6243626034118,1,39617.3908583689,11.9755435430234,6342.68495955655,27,5
275,6,87.3309900863221,1,42361.700215968,11.9755435430234,6445.44566543386,29,4
275,7,94.3515271761915,1,42145.3743128328,11.9755435430234,5913.95625653779,24,7
275,8,90.073253849219,1,42086.3535403992,11.9755435430234,7077.46035048158,25,5
275,9,105.039825640745,1,43375.5010533321,11.9755435430234,6982.45493335957,23,7
275,10,104.478461909835,1,42924.2057236304,11.9755435430234,7834.61721764282,25,7
275,11,100.356288139523,1,44008.131174882,11.9755435430234,6909.51897687796,22,10
275,12,101.23004850619,1,44846.6768818562,11.9755435430234,8350.85255095739,24,10
275,13,96.5351924035828,1,42992.2088606112,11.9755435430234,7661.53611242313,25,13
275,14,116.65819763892,1,44517.0823433141,11.9755435430234,8858.90329609987,20,13
275,15,107.090979591624,1,44650.0671301758,11.9755435430234,7555.25052472851,23,15
276,1,72.086068907199,1,34008.7532274439,12.6224854221554,4863.6681406033,31,1
276,2,85.3906930408986,1,37644.2765507228,12.6224854221554,5473.67712918843,21,4
276,3,82.5975142996948,1,38121.0899239709,12.6224854221554,5386.59002840577,29,5
276,4,93.5090789959465,1,38547.5327917442,12.6224854221554,5530.34985117834,23,4
276,5,90.4772548478187,1,38258.1253187125,12.6224854221554,6738.58949332654,25,7
276,6,77.4656740273574,1,40659.1486707319,12.6224854221554,5749.30823554571,20,4
276,7,88.4879780983124,1,39099.1875708867,12.6224854221554,7274.85831838381,29,5
276,8,98.3880055366104,1,39170.068799937,12.6224854221554,6635.24305937583,24,10
276,9,82.6876405971821,1,38984.708522821,12.6224854221554,6769.7880828646,30,6
276,10,96.8344701536467,1,43084.7791806185,12.6224854221554,6396.54110889755,30,10
276,11,95.8331729342614,1,43739.6476399565,12.6224854221554,7245.57356766489,24,9
276,12,104.101533025715,1,43758.7969588984,12.6224854221554,6995.657250691,18,9
276,13,107.095420383143,1,45883.7583202748,12.6224854221554,8803.67451725371,28,16
276,14,97.670427564749,1,46282.6785147035,12.6224854221554,7517.55240847829,28,11
276,15,101.423838848192,1,46783.4640576727,12.6224854221554,8159.86534947435,31,16
277,1,81.4914154288435,1,42298.3374709762,16.5972708648775,5249.21619578228,32,0
277,2,94.839433806276,1,43594.7740655861,16.5972708648775,5657.26574261881,26,2
277,3,101.775448857866,1,44327.9601091694,16.5972708648775,5049.48246773185,27,6
277,4,87.3017443885907,1,45012.8348692606,16.5972708648775,5002.54503125231,32,0
277,5,100.770363596968,1,44545.488283204,16.5972708648775,6558.6098285317,22,7
277,6,91.7440456776257,1,46429.3365658687,16.5972708648775,6522.60831318341,26,7
277,7,104.394904217224,1,47763.9669559122,16.5972708648775,7270.23021330367,23,8
277,8,101.423203208423,1,49088.6677595921,16.5972708648775,6895.93436505379,26,8
277,9,114.28742377551,1,51187.7048051115,16.5972708648775,7263.83743212255,18,11
277,10,108.489510484888,1,49781.0303575676,16.5972708648775,7820.42312362172,27,10
277,11,108.485069009067,1,50975.5912522596,16.5972708648775,7623.26459018494,27,11
277,12,122.715123435355,1,53401.8738038748,16.5972708648775,7645.07236591161,27,14
277,13,118.393274873747,1,53121.7216187548,16.5972708648775,7133.01554934245,31,10
277,14,118.555409933324,1,56840.0446215957,16.5972708648775,7872.24315821803,27,14
277,15,114.152549765143,1,56685.9014949316,16.5972708648775,8309.1439235934,26,14
278,1,77.3158343857924,0,29503.036878051,7.92600650713955,5425.89197925916,27,1
278,2,72.3489240482021,0,33040.4143064472,7.92600650713955,5073.50323182133,26,3
278,3,65.8416111552372,0,34573.3597997605,7.92600650713955,5032.97856965796,28,5
278,4,75.595004340085,0,34673.7533391364,7.92600650713955,6148.92231116152,25,6
278,5,74.8339169939703,0,35262.2495504212,7.92600650713955,5970.75200077359,24,6
278,6,76.7688648577645,0,37624.1406659442,7.92600650713955,6263.62045946072,27,3
278,7,94.5249627254995,0,39918.055232824,7.92600650713955,6730.96292491872,18,8
278,8,92.2609315249201,0,39297.7627948087,7.92600650713955,6466.4860133479,23,10
278,9,92.261233668998,0,41970.5892758173,7.92600650713955,7357.08062292588,27,12
278,10,90.5217389527407,0,43344.5391090374,7.92600650713955,6698.22904971568,30,11
278,11,98.4506422908499,0,41762.3281996653,7.92600650713955,7115.36346273522,20,9
278,12,97.9407218022092,0,44975.0592494376,7.92600650713955,8230.96231917869,28,10
278,13,99.9678359665422,0,45084.5208021387,7.92600650713955,7733.15633575086,27,15
278,14,98.4043365061113,0,46521.3185403235,7.92600650713955,7805.63834214862,29,14
278,15,97.5718005856553,0,49113.8081637129,7.92600650713955,7626.71967241464,27,11
279,1,84.1889340136409,0,35146.6861674965,11.4011428483412,4581.41699538507,21,0
279,2,82.009470708401,0,34567.7242885737,11.4011428483412,5517.57001954875,26,0
279,3,87.4697158112145,0,34433.3399992797,11.4011428483412,5709.23083798248,24,5
279,4,94.591995124744,0,37181.2759649743,11.4011428483412,6549.90226763059,24,5
279,5,96.8861932615368,0,38229.7250372413,11.4011428483412,5803.91486661703,22,6
279,6,98.5611419053187,0,39799.7171091539,11.4011428483412,6326.02782823345,27,10
279,7,93.3866854079066,0,40899.5313507229,11.4011428483412,6350.14686726821,24,9
279,8,97.7722474588201,0,40569.5821908219,11.4011428483412,7281.78689039195,25,12
279,9,101.037889531748,0,41405.666656772,11.4011428483412,6533.29305498602,21,8
279,10,105.299265512849,0,42562.8279202235,11.4011428483412,7200.56026092214,24,10
279,11,101.50763799245,0,44089.5405632705,11.4011428483412,7889.59391882809,31,8
279,12,100.014956832992,0,44057.4896676686,11.4011428483412,7787.44451618984,18,11
279,13,109.201025458585,0,44385.0223453065,11.4011428483412,7986.83445196527,30,12
279,14,100.271690474721,0,44603.8835314893,11.4011428483412,7612.94976667615,23,14
279,15,114.287099830422,0,46555.6948161679,11.4011428483412,8244.28022097645,25,16
280,1,82.6797060359603,1,26461.3118610043,13.8945693833425,4658.24406518643,22,2
280,2,76.2637600373938,1,27421.2517482353,13.8945693833425,5647.36723089803,24,3
280,3,80.890986108693,1,27970.9142138792,13.8945693833425,5794.57061754587,21,3
280,4,89.199370781483,1,28718.3188624694,13.8945693833425,6103.19604871283,22,4
280,5,90.649317937544,1,31179.5381990246,13.8945693833425,6458.48454003496,19,1
280,6,75.7433706203648,1,31054.3393101822,13.8945693833425,6639.22506311604,30,4
280,7,96.8267007725041,1,33700.5912350134,13.8945693833425,7021.14916007035,27,5
280,8,96.2158594983297,1,32303.3536751334,13.8945693833425,6315.62589874302,23,8
280,9,95.6108936952984,1,32186.5948805492,13.8945693833425,6568.23381535874,24,7
280,10,97.5110097472459,1,34814.813742059,13.8945693833425,7298.04954028851,27,11
280,11,98.1298700954009,1,36830.9744509073,13.8945693833425,7629.4464276351,19,11
280,12,99.9840191188691,1,36709.7945662129,13.8945693833425,6831.98063925328,26,9
280,13,99.5083786718819,1,36228.6571086254,13.8945693833425,7538.3506335234,26,12
280,14,104.721940921937,1,38169.0925597632,13.8945693833425,7164.78324957514,28,15
280,15,116.168996277456,1,39656.968517224,13.8945693833425,7974.90115179061,22,13
281,1,83.83811022221,1,36707.8847957793,17.2860627103286,5735.0041781325,25,0
281,2,86.7703291473333,1,37087.4937045408,17.2860627103286,5387.02428632525,26,3
281,3,89.0830093764815,1,37335.9203469112,17.2860627103286,5044.46978081073,28,1
281,4,85.1959954226582,1,37556.7992993742,17.2860627103286,4991.31791744319,23,4
281,5,93.0009160256091,1,36832.4297782392,17.2860627103286,6999.16423887311,29,2
281,6,103.351376354248,1,39017.7953083675,17.2860627103286,5188.33930753247,28,8
281,7,94.1505844573952,1,39985.6571400047,17.2860627103286,6053.20199110347,25,6
281,8,97.9132965293161,1,40070.0691125868,17.2860627103286,6283.67386438732,19,7
281,9,102.826356982052,1,41065.0250915548,17.2860627103286,6674.41514022751,20,11
281,10,102.146634742855,1,40753.2022270481,17.2860627103286,7013.92056289136,22,10
281,11,109.994497883975,1,42028.259329661,17.2860627103286,6971.42314975886,26,10
281,12,102.316529495288,1,42973.8894199527,17.2860627103286,7782.27150978274,26,9
281,13,108.973677720312,1,41162.6501982865,17.2860627103286,8271.3693437027,25,14
281,14,101.265300140168,1,44210.6786780308,17.2860627103286,7436.8073643954,28,10
281,15,114.646365741117,1,44017.0280144325,17.2860627103286,8357.1623448763,27,15
282,1,72.7277277822347,0,27514.7297362049,13.2780430878465,5158.67486975017,28,0
282,2,86.7068526893251,0,27742.9320591666,13.2780430878465,4782.06606993976,27,2
282,3,78.8934936654247,0,27574.3980766326,13.2780430878465,4850.45533639516,23,1
282,4,78.9867371530736,0,28139.3471110803,13.2780430878465,5298.32057297056,25,0
282,5,87.5966947408562,0,30552.160270985,13.2780430878465,5542.10938362448,23,3
282,6,85.2949890030681,0,30965.1539061705,13.2780430878465,7094.35257505349,21,5
282,7,83.4672015812695,0,33034.5456281939,13.2780430878465,5987.20946774863,27,6
282,8,89.7158921563229,0,32813.2216337271,13.2780430878465,6278.73369161313,22,9
282,9,90.1043255609119,0,33318.4819806393,13.2780430878465,7592.04776055604,26,6
282,10,95.9635706394589,0,36060.9659116401,13.2780430878465,6454.40605121628,25,11
282,11,101.115359861498,0,35144.2783763294,13.2780430878465,7308.12464579071,22,11
282,12,94.9002838726938,0,35595.187311878,13.2780430878465,6578.13497405007,27,12
282,13,99.7720999972077,0,37801.2330138929,13.2780430878465,6859.52659392262,24,15
282,14,91.1462229781582,0,39492.9202136786,13.2780430878465,6956.01736509084,25,11
282,15,108.410392352671,0,37872.8527481974,13.2780430878465,8069.36974664573,22,15
283,1,74.3143803820428,0,18971.3692199671,11.9587397505738,5005.21222143112,24,0
283,2,78.4973587488725,0,19508.3628080708,11.9587397505738,5457.09787854506,26,0
283,3,75.6082471074006,0,20495.6013698979,11.9587397505738,5675.4572423725,26,0
283,4,68.7250862200102,0,21403.0951534953,11.9587397505738,6131.02600986341,22,0
283,5,88.3562672304731,0,22411.095651962,11.9587397505738,5747.01721134841,22,7
283,6,79.4894075036755,0,23337.2021751003,11.9587397505738,7254.24459300145,28,10
283,7,85.5459381093018,0,22169.6052828901,11.9587397505738,7137.13969286042,23,8
283,8,84.651395064882,0,23494.397326906,11.9587397505738,6319.65344836876,25,6
283,9,84.1948862210574,0,24905.0739227568,11.9587397505738,6506.14444386059,22,9
283,10,83.8377311339085,0,24132.1006090481,11.9587397505738,6691.50785463849,22,9
283,11,91.7828753619277,0,25792.0071340975,11.9587397505738,8485.29396988255,26,8
283,12,95.4823209144575,0,27688.9826121083,11.9587397505738,6438.61733181483,23,13
283,13,96.9976284811918,0,25211.3980500791,11.9587397505738,7771.00725768501,25,14
283,14,96.3500329569711,0,27887.2281107217,11.9587397505738,7162.11013348542,27,16
283,15,92.1118811324556,0,27699.9023641316,11.9587397505738,7478.57214279458,26,16
284,1,82.5810914513416,0,30731.1567356596,11.0773292712109,5607.28831408449,24,2
284,2,89.0495170814989,0,32704.0493863038,11.0773292712109,5891.61990273172,23,5
284,3,79.4090155551542,0,33099.6655209582,11.0773292712109,5427.92318278729,28,2
284,4,87.3721300824941,0,32833.7661158553,11.0773292712109,5949.32406833566,29,4
284,5,83.8096160612892,0,34585.8014412759,11.0773292712109,5823.89738182913,26,3
284,6,100.894747186264,0,35858.7698746282,11.0773292712109,5744.96941500637,19,3
284,7,91.5030708457024,0,35785.1906060785,11.0773292712109,6540.33133377943,30,4
284,8,97.1676115003266,0,38488.6083637422,11.0773292712109,6082.16480171016,21,7
284,9,103.105216446029,0,38962.3246328016,11.0773292712109,6936.52437183559,25,11
284,10,93.1829281517512,0,37356.6451240878,11.0773292712109,7268.89907482301,31,11
284,11,100.696301549811,0,40194.7148025886,11.0773292712109,7450.19658822986,24,11
284,12,91.4150208224536,0,40786.1688387515,11.0773292712109,8338.64520218585,27,11
284,13,104.685175560376,0,39585.6897186564,11.0773292712109,7326.68818461804,20,14
284,14,111.123068658402,0,42510.3833145497,11.0773292712109,7904.15805624051,26,15
284,15,93.6393065784389,0,43315.647424711,11.0773292712109,7676.92704921256,24,14
285,1,85.7411891221003,0,47180.1135869239,13.2429244923249,5410.89511832179,17,3
285,2,82.2030078021438,0,48433.1755776406,13.2429244923249,5419.34864526061,25,2
285,3,74.8161788502784,0,47515.5568558481,13.2429244923249,5437.0297724958,20,0
285,4,91.7157610311346,0,51379.4108268077,13.2429244923249,6763.64828654651,24,2
285,5,106.237834586439,0,49908.7502341349,13.2429244923249,5359.68143651203,27,7
285,6,88.117985758151,0,51128.9755430571,13.2429244923249,5775.22286234566,28,6
285,7,92.135890817141,0,52988.225674432,13.2429244923249,5876.46871978664,24,4
285,8,101.158402602267,0,53566.9174535829,13.2429244923249,7650.2411822853,24,11
285,9,103.40047755473,0,56133.9804543558,13.2429244923249,6942.60926438166,23,12
285,10,105.237310396687,0,54703.1504037694,13.2429244923249,7395.59260696216,22,15
285,11,108.69561372194,0,55887.3808580779,13.2429244923249,7652.8355572199,22,9
285,12,105.613658085523,0,57675.5237752182,13.2429244923249,7264.76365572015,22,9
285,13,106.36749684432,0,58962.9663979868,13.2429244923249,7366.38016584865,19,14
285,14,102.621174653619,0,62315.400794089,13.2429244923249,8019.06360525585,23,13
285,15,110.453655032416,0,59073.5941123047,13.2429244923249,8639.11279853986,24,15
286,1,83.5140961598026,0,38096.6847824168,14.9671737605892,3948.38185078778,26,0
286,2,84.7164496262282,0,38442.1367468666,14.9671737605892,6014.74453598266,25,3
286,3,91.2746712413515,0,39227.9127126721,14.9671737605892,5362.77329278386,28,3
286,4,83.8719631895294,0,37428.7540662889,14.9671737605892,5522.1843279677,19,7
286,5,91.3789438270873,0,39634.3148140213,14.9671737605892,6238.51972112349,26,3
286,6,92.0926734557401,0,39347.2526880937,14.9671737605892,6545.34380807294,23,4
286,7,91.891222649013,0,38662.5177936225,14.9671737605892,7034.88136766557,23,7
286,8,86.7950120130862,0,40086.0702853153,14.9671737605892,6884.0179627227,25,8
286,9,96.4508131995099,0,40516.9243504052,14.9671737605892,7427.03606094341,24,7
286,10,101.917248372517,0,43771.2432953273,14.9671737605892,7136.47052290999,25,7
286,11,102.793167355269,0,41998.4130223114,14.9671737605892,7497.7123741453,25,11
286,12,97.7168887517852,0,44176.7470590518,14.9671737605892,7613.03829945604,23,9
286,13,104.598947693048,0,44457.3178037021,14.9671737605892,7152.41544516933,22,12
286,14,101.302008444114,0,43629.2976559027,14.9671737605892,7510.62743168464,26,11
286,15,98.9711722175229,0,45534.8073556266,14.9671737605892,8083.16900830286,26,14
287,1,80.9204115472592,0,40731.7842439788,11.4484250683618,4613.83373504011,25,0
287,2,86.4530923945823,0,39876.2650008925,11.4484250683618,5658.28425579362,26,0
287,3,97.1759537957185,0,42607.298724783,11.4484250683618,5879.04793306147,25,1
287,4,77.0547688681106,0,42730.1222124187,11.4484250683618,5935.46468611346,21,1
287,5,91.0573293340792,0,43349.5154310325,11.4484250683618,6309.0863553702,26,3
287,6,88.8637188084254,0,43557.0074939607,11.4484250683618,6496.7449374832,29,3
287,7,85.5751897740895,0,45121.6516274969,11.4484250683618,5819.75761401346,25,2
287,8,97.175060966608,0,45064.2447653136,11.4484250683618,6602.4525212851,22,7
287,9,100.881052898698,0,46978.4904950757,11.4484250683618,7158.35275040724,21,10
287,10,102.13295720957,0,47723.110253278,11.4484250683618,6843.24937465242,22,10
287,11,100.803055124548,0,48463.9573244371,11.4484250683618,7545.5370907621,27,8
287,12,106.541802163217,0,50676.3315271014,11.4484250683618,7582.25253804506,23,7
287,13,103.26055083937,0,49796.9067894659,11.4484250683618,6809.95301875987,23,12
287,14,104.849140776697,0,51137.0734190131,11.4484250683618,7977.76567294623,27,15
287,15,100.977407137226,0,52986.6298481469,11.4484250683618,8366.36040307416,24,14
288,1,88.6941140744758,0,35077.4871914943,12.4912842205397,5844.81127181643,27,2
288,2,84.1010782634202,0,34537.9398456395,12.4912842205397,5010.27934297208,22,0
288,3,92.4712510279084,0,35593.0986831649,12.4912842205397,5577.82286035671,23,3
288,4,79.5675794287422,0,37512.6458326815,12.4912842205397,5150.20478393482,30,2
288,5,96.1913109126734,0,37619.0133850834,12.4912842205397,6236.20156322811,21,7
288,6,89.8707403287366,0,38516.6711864165,12.4912842205397,6342.29685149477,27,8
288,7,87.9617122471861,0,38810.4723496493,12.4912842205397,6140.6234259322,24,4
288,8,97.3063738800967,0,40055.9963018383,12.4912842205397,6106.23136875316,26,8
288,9,91.1829586524725,0,40849.0841726748,12.4912842205397,6630.46562728452,30,9
288,10,112.357387388602,0,42303.5219948703,12.4912842205397,7191.71206058281,25,11
288,11,101.399048815051,0,42467.8550209533,12.4912842205397,5948.1046769732,24,11
288,12,104.269872274196,0,43191.6538415584,12.4912842205397,7883.38043538796,22,9
288,13,112.857907556414,0,44309.5294138093,12.4912842205397,7750.83937804025,23,12
288,14,101.412425148955,0,44810.9555941907,12.4912842205397,7715.17641756322,25,16
288,15,109.257273186502,0,47703.948051709,12.4912842205397,8040.15756409758,24,12
289,1,75.6355475815597,0,24882.7209941884,12.6508090324332,6494.44298802064,20,2
289,2,83.95938093788,0,27966.1120435954,12.6508090324332,5149.40800662511,26,2
289,3,82.385709373032,0,27554.0439657431,12.6508090324332,4675.38928633457,25,3
289,4,84.4703640712684,0,26354.9150916178,12.6508090324332,5115.73001872652,24,2
289,5,89.6256188503699,0,28641.5784442599,12.6508090324332,6001.09322224133,28,5
289,6,86.868333138397,0,31153.4186120254,12.6508090324332,6234.52898540909,23,8
289,7,91.6534344256486,0,29515.4995554989,12.6508090324332,5922.64297945276,27,9
289,8,94.4805055582373,0,31751.9161867892,12.6508090324332,6887.35301317703,27,3
289,9,92.371809515261,0,31202.4118986707,12.6508090324332,6522.67635181771,27,9
289,10,96.6225328729706,0,33322.4136189649,12.6508090324332,6972.26582022829,27,12
289,11,108.704086382435,0,35076.0702684588,12.6508090324332,7521.98165394032,23,12
289,12,102.864829818364,0,34658.0932825396,12.6508090324332,7515.12300761039,25,11
289,13,98.9519507761119,0,36631.3121139292,12.6508090324332,7278.79467878804,25,12
289,14,93.7402669755614,0,37214.2508844428,12.6508090324332,7487.33200477851,28,13
289,15,114.167808390137,0,38505.7227527534,12.6508090324332,8833.1346826785,24,18
290,1,74.315535273701,1,30879.1955532493,14.187832902629,4927.21593075918,22,0
290,2,95.1936586968309,1,31711.3591451605,14.187832902629,6344.53710225385,27,1
290,3,76.0281773427901,1,32265.8629875888,14.187832902629,5634.0153149718,26,1
290,4,80.4220539386608,1,33102.1124023822,14.187832902629,5986.66812656948,25,3
290,5,97.0703404301769,1,34341.9007933383,14.187832902629,6418.24861159397,22,6
290,6,91.1562173477146,1,35732.0143334061,14.187832902629,6227.50355580048,26,4
290,7,90.2391067060616,1,35632.6613232475,14.187832902629,6236.00840143171,22,9
290,8,82.9755003758237,1,37103.2776236193,14.187832902629,7196.9840611031,28,7
290,9,97.6389579735687,1,38363.9812193094,14.187832902629,6156.71577939356,29,9
290,10,108.52243507473,1,39502.2720051689,14.187832902629,7855.9601206096,27,8
290,11,91.7755699285185,1,40909.358784993,14.187832902629,7830.0685135903,26,13
290,12,108.544671620575,1,42299.8237628897,14.187832902629,7978.38959592503,25,10
290,13,105.544605448492,1,42724.9654098386,14.187832902629,8167.0220851301,23,10
290,14,115.703022857918,1,42449.8768620698,14.187832902629,9351.21011022981,23,14
290,15,103.482339825779,1,47866.1628450984,14.187832902629,7643.07219767238,24,14
291,1,84.4706348270286,0,27593.0722777025,15.3341412210741,6011.88440369634,30,1
291,2,74.4745988447014,0,30027.1373855887,15.3341412210741,5486.69998497654,29,1
291,3,79.7653215137414,0,28982.9590735739,15.3341412210741,5167.23557985432,29,4
291,4,98.1834329509216,0,30695.8529288835,15.3341412210741,5518.62907410968,25,2
291,5,84.6402407731669,0,30654.8203378068,15.3341412210741,5173.71233879647,24,1
291,6,93.1252862211986,0,31988.5731563172,15.3341412210741,6738.68674739367,24,4
291,7,85.4636681020113,0,30133.7665114028,15.3341412210741,7025.11239623092,23,8
291,8,90.6003109772562,0,32815.9366345823,15.3341412210741,7166.35000094391,28,11
291,9,95.2336962965877,0,33024.4805576536,15.3341412210741,7784.78184316584,23,13
291,10,101.399696915278,0,35156.6550775259,15.3341412210741,6942.95008001692,25,10
291,11,96.4497391010218,0,34033.5298181844,15.3341412210741,7623.9191144252,26,11
291,12,92.0658496881462,0,34572.3208868763,15.3341412210741,7410.68729952962,26,9
291,13,97.6347584056135,0,33716.9591667191,15.3341412210741,7431.18570638179,25,14
291,14,104.512389369365,0,36315.6767567756,15.3341412210741,7559.86268756817,22,10
291,15,106.580488504167,0,37365.8791339462,15.3341412210741,7389.08393811496,25,19
292,1,87.3309360922096,0,26937.034109634,12.8374824508189,5412.70975373866,21,0
292,2,86.4488889033325,0,27509.5419557178,12.8374824508189,4874.73134926025,23,5
292,3,77.8789333067306,0,29374.4119956152,12.8374824508189,5846.85275041758,30,4
292,4,75.0650592479513,0,28738.9632275909,12.8374824508189,5762.1752333587,24,2
292,5,96.1826747981415,0,31171.2564133503,12.8374824508189,6575.92615373141,22,5
292,6,98.2496915826055,0,32790.1454704804,12.8374824508189,6418.58505623394,24,5
292,7,96.8111920817407,0,32534.5771229151,12.8374824508189,5862.28468886372,21,8
292,8,91.2442825388317,0,33231.9186563308,12.8374824508189,6629.65165911369,27,7
292,9,103.98841315317,0,34192.2892931892,12.8374824508189,5826.88647069852,25,7
292,10,102.807088108428,0,35948.5859526773,12.8374824508189,6334.76949105112,21,11
292,11,96.7643107918583,0,35110.9398326884,12.8374824508189,7643.07783383683,25,9
292,12,95.9079891652082,0,36462.7631417347,12.8374824508189,8045.57094684346,24,12
292,13,97.0582213772847,0,36733.1228035594,12.8374824508189,7410.21006199095,26,11
292,14,109.214674084864,0,38880.6435856332,12.8374824508189,7587.28783161867,25,17
292,15,103.886290555773,0,40030.9904176556,12.8374824508189,7757.22748189626,19,15
293,1,81.6692185623238,0,36501.6461253416,11.7714879853585,5344.18831258955,19,1
293,2,76.657784340457,0,37029.8522605921,11.7714879853585,6272.63538075752,25,0
293,3,80.3410745941757,0,36150.7090397952,11.7714879853585,5115.09220889695,26,3
293,4,88.2928856212437,0,37485.1500810625,11.7714879853585,6811.29322446572,19,8
293,5,93.4913619502264,0,39248.4878672119,11.7714879853585,6499.5674758776,22,4
293,6,74.5864128959865,0,40602.4276404137,11.7714879853585,6053.20302718741,23,2
293,7,86.2733519217868,0,41296.8002213039,11.7714879853585,5579.46123758255,28,7
293,8,74.0675200693591,0,40842.3345420543,11.7714879853585,6776.23541219926,30,7
293,9,95.2717987784493,0,43694.9407513443,11.7714879853585,7422.11439595466,17,13
293,10,90.8206151087818,0,43500.8402364879,11.7714879853585,7374.82223794151,24,7
293,11,86.2852313378692,0,43888.4614621471,11.7714879853585,7582.59615848712,29,11
293,12,88.3411737074524,0,45288.5684337707,11.7714879853585,6966.5517548931,25,14
293,13,104.624947614842,0,46654.9083353008,11.7714879853585,7116.195292029,25,12
293,14,91.7033362980982,0,47186.3876473586,11.7714879853585,8458.93064089845,28,13
293,15,97.4566677552394,0,46970.5912074505,11.7714879853585,8113.91907941239,25,14
294,1,66.3210156774106,1,19987.8565091792,16.1839893966257,4603.49381601716,26,0
294,2,88.1324234780599,1,22779.6930548744,16.1839893966257,5944.76870450095,20,1
294,3,74.7913579108328,1,21619.4473623535,16.1839893966257,4814.40264591408,25,0
294,4,78.9457362588328,1,22725.9783357214,16.1839893966257,6209.91786674494,29,0
294,5,78.115460191345,1,25305.670351164,16.1839893966257,5117.81886153044,29,3
294,6,87.2343517414474,1,24380.9322491073,16.1839893966257,6101.35023069226,23,4
294,7,92.2526738216051,1,25400.1422981876,16.1839893966257,5670.39021386628,23,8
294,8,88.3684239370371,1,26876.8358898429,16.1839893966257,6648.87455831922,25,9
294,9,95.9635662174396,1,28486.7637553918,16.1839893966257,6654.5626033923,26,5
294,10,102.208066588529,1,26915.2834183642,16.1839893966257,6272.73163441811,25,12
294,11,89.6337321137911,1,29390.444171072,16.1839893966257,7476.74202282802,26,9
294,12,103.711577758657,1,29366.449534789,16.1839893966257,8353.6639784003,25,10
294,13,108.389027232474,1,31564.0168373286,16.1839893966257,6745.71180279279,25,12
294,14,111.90170219798,1,31851.3606179446,16.1839893966257,7484.07480338822,27,17
294,15,103.039229389948,1,31592.1836437311,16.1839893966257,7602.02441599573,26,12
295,1,82.6876830747105,1,37069.0070620345,12.4936023528168,5678.68325292401,26,1
295,2,79.3955747079209,1,37418.2761206953,12.4936023528168,5154.8893414893,24,2
295,3,92.8160451521991,1,38599.4357905347,12.4936023528168,4786.18968320924,26,7
295,4,95.4431842349975,1,40059.946687361,12.4936023528168,5527.94404830895,23,7
295,5,79.9287758201716,1,40187.454230748,12.4936023528168,5289.31999073849,24,1
295,6,97.6899109951282,1,42144.3902120844,12.4936023528168,5970.55219058262,25,8
295,7,96.182453209105,1,42644.9146882001,12.4936023528168,5939.3439778396,26,8
295,8,108.875575537313,1,46051.5406432016,12.4936023528168,6237.82868475208,26,6
295,9,97.4237188886191,1,46066.0396177196,12.4936023528168,6623.07645213434,27,6
295,10,102.393508772229,1,46367.3910309562,12.4936023528168,6594.58149484193,23,8
295,11,111.233350191348,1,46193.4374156245,12.4936023528168,6588.04140428348,22,8
295,12,112.026296388692,1,49661.6019709898,12.4936023528168,7271.99213351471,24,13
295,13,112.674141513148,1,48258.8914282989,12.4936023528168,7307.56060564623,26,12
295,14,114.025317958846,1,49393.5207919925,12.4936023528168,8039.08105729325,22,12
295,15,102.947400844981,1,48392.9773799673,12.4936023528168,7761.6872042748,28,12
296,1,96.5254622531143,1,38603.7060274092,16.7335559363804,5344.34701296597,21,3
296,2,87.6287781295186,1,38050.2878468344,16.7335559363804,5212.11445830589,26,1
296,3,101.729627073718,1,37685.4532359058,16.7335559363804,5463.3204405617,20,2
296,4,91.8618574452981,1,39289.1707517715,16.7335559363804,6253.92787516593,21,5
296,5,98.0683437171009,1,40970.0921917402,16.7335559363804,6452.54807879171,30,5
296,6,93.7750479494885,1,40570.399852931,16.7335559363804,6845.9048149818,24,3
296,7,97.9817200172909,1,41388.0593263031,16.7335559363804,5971.88892808932,23,4
296,8,82.4753885109358,1,42740.3724254431,16.7335559363804,6429.0675002591,22,7
296,9,91.8250565125912,1,41359.5711807608,16.7335559363804,6910.7371560919,25,9
296,10,111.117840021441,1,42623.1366306251,16.7335559363804,6885.78125264939,23,8
296,11,104.027313214995,1,44158.647671242,16.7335559363804,7038.24794881437,26,7
296,12,101.173318633586,1,42669.1271224388,16.7335559363804,7605.33378922098,22,7
296,13,105.392051903238,1,45857.4393196013,16.7335559363804,8204.88935286323,23,13
296,14,113.518296804987,1,44178.2300523422,16.7335559363804,8505.38473027846,19,12
296,15,113.88573880838,1,46120.7438414473,16.7335559363804,7405.20272032735,19,16
297,1,64.1020743167831,1,21125.6349945997,11.8142320271414,5834.61283280662,22,0
297,2,66.7893833026853,1,20891.3444908427,11.8142320271414,5844.01890484449,27,0
297,3,81.1621755746645,1,22239.311853351,11.8142320271414,6217.50888372737,27,2
297,4,71.357548431517,1,22368.0210328036,11.8142320271414,5977.94955626926,25,4
297,5,82.9984054839069,1,23991.5147176261,11.8142320271414,4847.1148446977,24,5
297,6,84.8171554299564,1,22289.6354608583,11.8142320271414,5463.0873297931,29,8
297,7,87.2945871426951,1,25469.8816831114,11.8142320271414,6882.4381209239,23,5
297,8,81.8486082279103,1,24456.6707944984,11.8142320271414,6365.99343648998,27,5
297,9,98.722537275378,1,24505.0284714011,11.8142320271414,7429.46063455245,25,10
297,10,80.5812622628715,1,24721.1700517435,11.8142320271414,6990.81472832118,26,7
297,11,89.5736452930217,1,27401.3447503475,11.8142320271414,6607.4458938892,26,11
297,12,92.732579720702,1,25320.1632561815,11.8142320271414,7369.7278134647,30,9
297,13,100.770061048418,1,27534.0139221353,11.8142320271414,7198.36066234458,26,10
297,14,103.421264403457,1,27337.1888763384,11.8142320271414,7912.28726356085,26,10
297,15,107.331315694833,1,27702.1551796685,11.8142320271414,7348.57575033731,26,14
298,1,80.0335562458938,0,35656.2912094491,13.8417688925811,5455.8599595401,24,3
298,2,97.1283499176606,0,36576.9243188436,13.8417688925811,5374.62779099689,22,2
298,3,77.3394621931707,0,36850.2220654543,13.8417688925811,6067.59144985439,23,3
298,4,89.1716801831855,0,37172.6765257382,13.8417688925811,6908.31323164105,23,5
298,5,90.4763468546903,0,39350.5044087735,13.8417688925811,5855.71719840081,24,5
298,6,92.3735653577911,0,39983.6775425423,13.8417688925811,6601.75578366844,26,4
298,7,86.6526295696301,0,41672.4821183469,13.8417688925811,6652.75213316005,25,4
298,8,91.728655130565,0,39736.0201725498,13.8417688925811,5592.4158433701,26,6
298,9,85.8475847620469,0,40417.7458871139,13.8417688925811,6058.3652577643,25,9
298,10,111.260143478485,0,41311.7684835999,13.8417688925811,6723.49330582289,19,10
298,11,99.1625703156716,0,41680.7133345116,13.8417688925811,7032.13261375814,24,11
298,12,104.052127877451,0,45513.3138192128,13.8417688925811,7604.39889859629,24,13
298,13,101.400279026546,0,41720.7428123688,13.8417688925811,7646.27516698281,27,9
298,14,106.188480921097,0,43519.5851867923,13.8417688925811,7771.97326050428,26,13
298,15,113.809620080401,0,44873.1593881452,13.8417688925811,8328.04138862559,22,15
299,1,83.7985497489082,0,50352.5304855765,7.36173421726428,5560.56305639538,21,3
299,2,85.9206702882449,0,51594.5710679978,7.36173421726428,5124.03981703068,24,3
299,3,86.5000513417833,0,53907.6789935757,7.36173421726428,5096.18322474411,28,1
299,4,86.511861848064,0,55324.0116329751,7.36173421726428,5625.38502452571,25,4
299,5,82.6235484966092,0,54152.0292984132,7.36173421726428,5673.201550717,23,3
299,6,80.4367656518559,0,56569.0182581047,7.36173421726428,5722.19113292467,32,9
299,7,102.081518826148,0,55806.2692180969,7.36173421726428,6321.3086818263,22,8
299,8,97.038204842909,0,59536.1452395439,7.36173421726428,6455.92451508156,25,8
299,9,98.008051606852,0,58920.6889225458,7.36173421726428,6917.93268020481,24,9
299,10,92.1998060092356,0,61390.1715373389,7.36173421726428,7205.22401070882,22,10
299,11,99.4706650157987,0,61100.7150849319,7.36173421726428,8085.18248042327,23,12
299,12,96.9534118308074,0,63262.923260283,7.36173421726428,8358.19725587123,28,11
299,13,105.514499930948,0,64388.9572274382,7.36173421726428,8008.14621478505,26,10
299,14,106.44166431627,0,64473.9645994107,7.36173421726428,8376.52820262197,28,13
299,15,100.899314475012,0,67076.6973734448,7.36173421726428,7590.85310315192,25,13
300,1,70.4805787265194,1,29629.3373983585,11.6628241159878,4236.02225862384,30,2
300,2,78.8274145862167,1,27184.9393550558,11.6628241159878,6063.55401848437,23,0
300,3,76.8151504041715,1,27559.5156055191,11.6628241159878,5226.08668699028,25,8
300,4,74.7935335925177,1,28271.7011364245,11.6628241159878,5740.38854761148,26,2
300,5,75.9668162655519,1,29237.5394476931,11.6628241159878,5557.81396348863,22,3
300,6,80.980490333689,1,30578.0006119655,11.6628241159878,6485.95844091074,22,5
300,7,85.636273445401,1,30348.594747443,11.6628241159878,6233.56520959638,30,7
300,8,77.6329541162563,1,33553.1375275702,11.6628241159878,6613.99045430282,28,6
300,9,84.2798537748328,1,33445.0370922238,11.6628241159878,6678.12924523325,30,9
300,10,89.506186015567,1,34577.2183328472,11.6628241159878,6342.3436970255,27,11
300,11,92.6314260174011,1,35848.6162496748,11.6628241159878,6886.82718076756,25,12
300,12,102.153596151096,1,34186.7654367468,11.6628241159878,8649.73584263155,25,14
300,13,97.956876212703,1,35150.3422493331,11.6628241159878,7722.01422102209,23,12
300,14,99.7044570237424,1,37226.9455734537,11.6628241159878,7473.19691822197,23,13
300,15,105.770493918384,1,37229.6764400026,11.6628241159878,7862.57831429103,26,12
301,1,86.9915915829224,1,38136.6813833444,11.9346163801173,5301.30755222232,22,7
301,2,78.6289277172869,1,38422.0468818352,11.9346163801173,5543.46319018971,25,0
301,3,84.7280772036603,1,40064.0346549481,11.9346163801173,5980.42114015185,31,2
301,4,85.9918628680424,1,38617.3098693955,11.9346163801173,5155.2061409352,21,3
301,5,93.2920027246097,1,41793.4206647968,11.9346163801173,6473.02569674858,26,7
301,6,83.7021595589565,1,40111.4228229726,11.9346163801173,6059.01341615052,24,6
301,7,92.6595896880157,1,42804.9097249056,11.9346163801173,6338.02574418554,28,7
301,8,108.454199106493,1,44160.0288421983,11.9346163801173,6493.95974983177,23,4
301,9,100.409762171494,1,43760.9592745084,11.9346163801173,6575.79208158385,21,11
301,10,106.491995680289,1,46922.8026276239,11.9346163801173,7248.01590062351,22,9
301,11,107.6039574369,1,46506.5170490251,11.9346163801173,7099.66328025653,27,10
301,12,101.21115427143,1,45544.9178872877,11.9346163801173,7887.87473250554,30,13
301,13,112.589694630375,1,49582.9045480863,11.9346163801173,7363.32122092883,23,15
301,14,112.747998483326,1,49197.8417345592,11.9346163801173,7865.87772191008,23,14
301,15,115.827188546342,1,49477.371423858,11.9346163801173,8007.34790254245,24,17
302,1,83.1411446882336,0,25229.4156160856,9.72496374775036,5376.43929052033,24,4
302,2,75.0614567006888,0,24016.2311523716,9.72496374775036,5531.33604013088,21,0
302,3,73.4190334806721,0,26030.1478765409,9.72496374775036,5924.4817235481,26,0
302,4,68.1557434954727,0,27073.6403962284,9.72496374775036,6124.1862095359,24,4
302,5,81.0936833062252,0,24631.2425818819,9.72496374775036,5883.81249828155,20,5
302,6,73.9014860481383,0,27904.4804838984,9.72496374775036,4867.08959914493,28,5
302,7,90.7983336279779,0,28385.9804457976,9.72496374775036,6556.26802783377,25,8
302,8,79.0583047654569,0,30194.1578824086,9.72496374775036,7024.30300181042,24,7
302,9,89.7714370919778,0,31713.8546420076,9.72496374775036,7307.93912438655,29,8
302,10,84.2092292448278,0,31510.3480766068,9.72496374775036,7187.01136893085,26,8
302,11,95.7833228691649,0,31322.5561310856,9.72496374775036,7171.27796814828,21,14
302,12,94.3950246993625,0,32809.9648545813,9.72496374775036,7421.79832482678,27,13
302,13,95.0927318216506,0,32638.5557437556,9.72496374775036,7325.36977049249,26,15
302,14,92.7718071267074,0,33402.3118930795,9.72496374775036,6946.87063473871,28,14
302,15,92.6453912446738,0,32669.4388127948,9.72496374775036,7337.91852997603,18,16
303,1,78.3365471908006,1,39518.8227836136,8.8923213467331,5416.95474333883,22,0
303,2,84.0944399872196,1,41261.6835026031,8.8923213467331,5440.05293620479,22,1
303,3,87.1627893093735,1,41839.4325695203,8.8923213467331,6025.84683320688,25,0
303,4,81.1985142913666,1,41413.5040428021,8.8923213467331,5628.15517969675,25,1
303,5,82.4972909445719,1,42887.736700149,8.8923213467331,6059.83869836898,22,3
303,6,88.2615681062359,1,45380.9748740207,8.8923213467331,5953.27359488207,24,4
303,7,89.2651520408896,1,45883.7181365263,8.8923213467331,5771.09042368723,26,6
303,8,95.2413774330805,1,46577.9776990926,8.8923213467331,7565.1018456294,25,8
303,9,106.400659164474,1,46611.4141402977,8.8923213467331,6595.88425515571,26,11
303,10,103.315308761544,1,47773.9752566064,8.8923213467331,7163.00925584487,27,8
303,11,113.061011134549,1,47606.5273048155,8.8923213467331,7378.48703916354,24,10
303,12,96.8566618002978,1,49653.7938984808,8.8923213467331,8037.33545986584,24,14
303,13,110.902690763049,1,50913.5477927666,8.8923213467331,7404.22513920947,23,14
303,14,111.497431604166,1,51457.8821889681,8.8923213467331,7688.2938582698,23,18
303,15,115.137336429681,1,52511.8197529938,8.8923213467331,7830.64584258303,27,14
304,1,89.1910358688547,1,30203.6130043219,14.8444779076554,5670.19043978997,24,5
304,2,90.1539018592715,1,33504.382946834,14.8444779076554,5097.16603481049,24,0
304,3,90.4995678240677,1,33500.3208549554,14.8444779076554,5165.12073770752,23,3
304,4,88.1358020302564,1,33175.7329917173,14.8444779076554,5616.17501441135,30,6
304,5,90.7711781013282,1,34745.4823562969,14.8444779076554,6272.66826210561,19,3
304,6,91.7353341597601,1,35846.5328599671,14.8444779076554,6256.27147071703,24,4
304,7,102.747428260343,1,35310.8103823546,14.8444779076554,6921.00467060584,22,8
304,8,105.281583627656,1,36897.234694194,14.8444779076554,6630.12156735028,26,8
304,9,109.421462723254,1,36306.7404091352,14.8444779076554,6341.27588594554,24,6
304,10,101.645338852264,1,37013.5633764282,14.8444779076554,7550.89066074624,21,6
304,11,114.270689321304,1,40519.0488641318,14.8444779076554,7658.71107199093,26,12
304,12,100.464490923162,1,40088.6223333305,14.8444779076554,6798.53951894932,23,11
304,13,116.819352271247,1,38344.9059721198,14.8444779076554,7751.35937556623,25,14
304,14,115.334672170895,1,40296.2461314099,14.8444779076554,7601.77575863,29,17
304,15,107.267620543676,1,41274.7154066731,14.8444779076554,9281.33493731195,22,13
305,1,88.9699625842879,1,43939.4387695337,14.7424762017832,4576.99216335237,22,0
305,2,96.2040054796454,1,46373.6962613873,14.7424762017832,3726.54875348248,24,0
305,3,97.9202952370191,1,48568.8609690764,14.7424762017832,5692.5516632791,29,4
305,4,96.9238873339937,1,46762.63590031,14.7424762017832,5968.48382831026,25,8
305,5,91.3241207875743,1,49217.966713069,14.7424762017832,6133.47094752798,19,4
305,6,100.860455795848,1,50523.1072879792,14.7424762017832,5596.28216826788,21,10
305,7,105.866763678663,1,50842.5498621187,14.7424762017832,6082.48504309723,30,8
305,8,112.679905995028,1,51938.3288750966,14.7424762017832,6635.33124028901,21,8
305,9,109.127080091476,1,53725.7424300184,14.7424762017832,6414.87739611434,19,8
305,10,108.572577840305,1,53652.0778116611,14.7424762017832,7064.78839919722,21,7
305,11,105.480974258151,1,52584.4618301812,14.7424762017832,6741.84474909441,23,11
305,12,113.366318074184,1,56041.5568281338,14.7424762017832,7337.51275446382,24,12
305,13,118.224184525843,1,55338.1246202745,14.7424762017832,7621.03609688479,24,17
305,14,116.574592074822,1,57045.3006926701,14.7424762017832,7360.45605417587,24,18
305,15,104.771014019792,1,58449.5362591781,14.7424762017832,8269.26888386883,27,10
306,1,65.7757589424507,0,17123.0631232962,8.10380401546062,4663.86750186977,23,4
306,2,69.0179139568364,0,19978.5212367506,8.10380401546062,6101.696774854,25,1
306,3,74.2611581198584,0,21966.1643050069,8.10380401546062,6810.27048964437,27,3
306,4,74.6712846949714,0,21373.1910913861,8.10380401546062,6597.41092415887,22,1
306,5,78.0387533848235,0,21426.4480035851,8.10380401546062,6760.78940034564,24,7
306,6,84.7251866419895,0,23527.9487160329,8.10380401546062,5729.05685707189,27,7
306,7,85.1900073545034,0,24173.3562323133,8.10380401546062,6303.04275207939,19,8
306,8,85.8259685237824,0,25974.6362100143,8.10380401546062,5547.04094129731,25,8
306,9,85.3879609793763,0,25959.1429358083,8.10380401546062,7163.99367485468,27,9
306,10,79.354790469901,0,26796.3813497933,8.10380401546062,6435.65208979113,27,9
306,11,90.5411424957333,0,28772.2767046484,8.10380401546062,7197.72971460837,24,12
306,12,87.8928338245518,0,29827.3718540754,8.10380401546062,7438.92206665838,23,10
306,13,89.0931524676328,0,31393.4728554249,8.10380401546062,8144.52993503991,25,9
306,14,91.8572864389182,0,32230.8008952929,8.10380401546062,8786.67627196108,24,13
306,15,90.9401587697974,0,31426.7765775768,8.10380401546062,8416.39476371174,24,15
307,1,86.6125634648816,0,31133.9222486431,13.273136384803,5285.38283155126,30,0
307,2,73.6544734301209,0,29542.2973113133,13.273136384803,5127.1025451167,24,1
307,3,88.8260958142657,0,31665.7886250261,13.273136384803,5588.64251249376,20,0
307,4,86.5055469511874,0,30157.1926799372,13.273136384803,6949.92572369737,19,3
307,5,90.9883985081711,0,33187.8684116754,13.273136384803,5663.66969293392,21,5
307,6,94.3420846771058,0,32348.4448499901,13.273136384803,6224.64850773864,19,6
307,7,86.5335664006945,0,33986.7681922363,13.273136384803,6189.23078820372,23,5
307,8,101.647275081467,0,34973.3254520084,13.273136384803,5912.7491573698,24,7
307,9,97.6321938434232,0,33838.1317712537,13.273136384803,8106.53393010064,28,9
307,10,89.9345251267058,0,36874.5164863563,13.273136384803,6367.48528818359,24,9
307,11,95.4418517286889,0,37711.908083505,13.273136384803,7718.67952538798,25,10
307,12,95.068370263057,0,37531.4914132009,13.273136384803,7485.22490364715,25,9
307,13,97.151066569424,0,36657.6640809583,13.273136384803,7366.50761298506,28,14
307,14,91.3024074909166,0,37046.8721726364,13.273136384803,7766.21410433691,26,12
307,15,104.684374767545,0,37666.7319597369,13.273136384803,7801.85956339597,28,13
308,1,76.6201980840102,0,26149.1867369055,8.66236404013474,5546.87875254624,22,2
308,2,79.6640910820749,0,27299.6783068564,8.66236404013474,5439.26400384207,32,0
308,3,74.5260319414418,0,28570.4543033357,8.66236404013474,4948.27610708659,26,1
308,4,77.0890747015311,0,29823.9521789128,8.66236404013474,5580.08171617616,26,4
308,5,86.4697580844596,0,29320.669959613,8.66236404013474,5913.71175643583,24,4
308,6,86.2704702092388,0,31751.1539538016,8.66236404013474,6452.56546732532,24,5
308,7,90.7323270367985,0,31091.2050492614,8.66236404013474,6722.85788766855,22,9
308,8,92.032690030457,0,30771.1269962956,8.66236404013474,7316.92445003718,28,9
308,9,90.3365432986443,0,33796.2842212622,8.66236404013474,6758.00354393859,21,7
308,10,88.9835126888071,0,34450.6844637943,8.66236404013474,6596.60446429833,20,8
308,11,92.3472080394997,0,34822.5668968585,8.66236404013474,7449.93022508258,28,9
308,12,90.1513832299838,0,36006.7254788352,8.66236404013474,7101.70477699212,29,12
308,13,89.2663594406891,0,37756.540343999,8.66236404013474,8652.61449514788,26,12
308,14,100.186729002178,0,36807.2364530002,8.66236404013474,6705.18466528565,30,12
308,15,104.409879310394,0,38958.2597405959,8.66236404013474,7785.41790140615,25,15
309,1,74.4662785811957,0,28814.2900496824,8.84678032145533,4703.29206230268,25,0
309,2,73.1760020043602,0,31693.2302064013,8.84678032145533,5670.16608235045,23,3
309,3,80.1938131967315,0,31086.0825229432,8.84678032145533,4771.61740177175,23,0
309,4,80.9071528876542,0,31962.1419995945,8.84678032145533,5769.01256143678,22,5
309,5,79.5101565924919,0,33758.4510672146,8.84678032145533,5899.68894929596,33,7
309,6,83.6219769434185,0,34688.7635141841,8.84678032145533,5608.73027790028,27,5
309,7,87.346229793626,0,36465.8102313062,8.84678032145533,6092.80692910242,23,10
309,8,82.3141265946693,0,36437.9945557559,8.84678032145533,7121.72300258836,24,6
309,9,90.3695828601258,0,37919.1044624536,8.84678032145533,6605.18660920214,27,6
309,10,89.3547910849725,0,38538.5560879178,8.84678032145533,6930.51369494607,26,8
309,11,85.3305755568219,0,38317.8362954655,8.84678032145533,7225.20792977321,27,11
309,12,86.5222612277896,0,41008.3654727776,8.84678032145533,6776.63545497074,19,13
309,13,95.4372668873258,0,39716.1147473607,8.84678032145533,7837.69782209954,21,15
309,14,94.4468598922671,0,42648.9743555167,8.84678032145533,7637.15098794126,27,13
309,15,109.217855164633,0,41675.7089100511,8.84678032145533,9012.08523253189,21,17
310,1,82.4452615012912,0,26853.8548901732,13.5762373447991,5044.41312424389,20,0
310,2,81.1801058233986,0,26674.4662003763,13.5762373447991,6159.48414052907,28,1
310,3,77.7784650840736,0,27733.103918618,13.5762373447991,5978.21739591356,27,2
310,4,76.6173471032673,0,30540.9934716352,13.5762373447991,5787.39277580266,24,1
310,5,90.021035558845,0,28760.8838979484,13.5762373447991,5561.171767098,24,5
310,6,86.4616761302152,0,31480.0978303154,13.5762373447991,6950.27913417302,19,5
310,7,96.1438580858893,0,30665.0362545863,13.5762373447991,5956.28214108756,25,6
310,8,97.9509646874461,0,32280.673954974,13.5762373447991,7226.63242622661,25,8
310,9,102.994769163997,0,33043.9221071349,13.5762373447991,6809.23836662876,24,13
310,10,92.990163988663,0,36020.2342824236,13.5762373447991,6288.84485846141,25,10
310,11,99.9681936903745,0,36262.5728474221,13.5762373447991,7138.12246563641,24,14
310,12,102.213020884731,0,35977.3013164812,13.5762373447991,8719.00033667212,29,13
310,13,107.110988418679,0,36947.744840175,13.5762373447991,8806.18094475963,22,13
310,14,90.853240543304,0,37806.7316920483,13.5762373447991,8296.83174908237,22,12
310,15,110.049781565791,0,37258.247666541,13.5762373447991,7901.75201227723,22,16
311,1,71.6230203081671,0,22741.5672768485,9.94192799972084,4996.96413932585,23,0
311,2,80.571757799119,0,25334.8786338232,9.94192799972084,4958.37341739988,23,0
311,3,71.1063338119263,0,26413.1337298079,9.94192799972084,5410.71539031493,29,1
311,4,83.7859119791519,0,26988.3131615888,9.94192799972084,6160.92696805479,20,2
311,5,76.1929712362369,0,27918.8679274253,9.94192799972084,6103.46858935211,23,2
311,6,88.1503564901142,0,29854.9111435511,9.94192799972084,5302.64950613481,17,8
311,7,98.1064950328602,0,32787.7409784296,9.94192799972084,7344.26957392093,28,7
311,8,85.3840067780537,0,31749.338711283,9.94192799972084,6379.08365654218,25,8
311,9,87.8011740931252,0,34324.0675943912,9.94192799972084,7409.55487622792,23,7
311,10,92.0986805354768,0,34046.7302755907,9.94192799972084,7130.33400408851,26,11
311,11,89.2375232527512,0,35699.023602647,9.94192799972084,6902.0135480113,23,9
311,12,94.7895515728513,0,38659.7713607871,9.94192799972084,7244.07489296522,25,13
311,13,105.239596956172,0,37877.2214619486,9.94192799972084,8482.96741818644,21,13
311,14,97.0600699634635,0,38030.2679822467,9.94192799972084,7861.0505158808,28,14
311,15,107.377494418892,0,38068.5237812663,9.94192799972084,8553.94690902246,23,16
312,1,78.3828461785819,0,34794.0932536506,14.9804399463666,5595.65031943692,24,1
312,2,90.2287380530792,0,36982.4511663955,14.9804399463666,4862.40806584916,26,2
312,3,76.4772004592805,0,36196.5802492169,14.9804399463666,5316.25604167351,21,0
312,4,90.8738423038247,0,38154.7453379871,14.9804399463666,5687.36073589398,21,4
312,5,84.8974545679171,0,37776.3875872053,14.9804399463666,5450.28290297484,30,10
312,6,88.0263860453426,0,37291.7423674443,14.9804399463666,5803.30140895686,27,3
312,7,82.8614500434987,0,37475.4996893134,14.9804399463666,7270.70714698386,21,4
312,8,90.4194038890341,0,39038.763059072,14.9804399463666,6786.74554779693,24,7
312,9,94.8987391134142,0,40733.8163917195,14.9804399463666,6931.23053833927,27,7
312,10,95.0137282309984,0,40907.0377999298,14.9804399463666,7736.09044863744,23,7
312,11,98.0913985100064,0,41293.9422013478,14.9804399463666,7815.39133338409,25,14
312,12,95.003877181669,0,42848.2490122324,14.9804399463666,7227.37374076941,24,11
312,13,102.923598136053,0,42343.206390145,14.9804399463666,7447.22333303782,26,10
312,14,103.339004754386,0,45081.9560623866,14.9804399463666,6955.86532997361,30,9
312,15,108.32556342137,0,44192.9412088344,14.9804399463666,7192.27317665793,24,16
313,1,74.7057314852684,1,22148.4332604673,12.115570797226,5752.12392696676,31,1
313,2,75.9471286086009,1,22442.1876412007,12.115570797226,5528.24072002175,17,2
313,3,86.2274803438653,1,24916.5942675758,12.115570797226,5715.72370941841,25,2
313,4,77.0666614168273,1,25767.0554287087,12.115570797226,5195.85302856288,23,4
313,5,86.9757228151762,1,25970.5545389701,12.115570797226,5597.32404333685,16,3
313,6,87.3753967653101,1,25469.3702416754,12.115570797226,6140.09420302297,25,4
313,7,95.9791858881036,1,28621.9042065953,12.115570797226,6318.73951668078,26,6
313,8,86.6840885961429,1,29911.0009561826,12.115570797226,7008.21230553497,25,5
313,9,100.520399927896,1,30999.3562209375,12.115570797226,7358.48410314163,27,10
313,10,105.219758514633,1,32581.1077446876,12.115570797226,7706.93635076674,25,10
313,11,107.804505421219,1,31735.0574082831,12.115570797226,7058.53009442222,23,11
313,12,97.3705740417144,1,32839.7006938617,12.115570797226,7615.76645509414,26,8
313,13,104.945632162781,1,33322.1588041577,12.115570797226,7856.55472476183,21,11
313,14,112.343001677847,1,36482.0844859362,12.115570797226,7641.06263708765,22,16
313,15,115.705381769839,1,36188.183040811,12.115570797226,8445.95192117469,21,14
314,1,87.0473519354604,0,42081.8142651421,13.6084469273572,5329.43111786627,24,2
314,2,87.3186710429118,0,43840.7124226143,13.6084469273572,5900.28408957418,26,0
314,3,93.7923526719542,0,44703.2005097199,13.6084469273572,5917.94645558511,17,3
314,4,97.7878404339352,0,45266.1499873362,13.6084469273572,6154.77544221054,23,4
314,5,96.749272136041,0,48875.240363295,13.6084469273572,5096.14309394123,23,6
314,6,101.72263906342,0,47175.5968582625,13.6084469273572,6433.22734951697,17,6
314,7,96.4628167946042,0,50064.814713784,13.6084469273572,6225.94061734989,27,7
314,8,105.364892973808,0,50530.754807335,13.6084469273572,6198.98250740746,26,8
314,9,107.103342846702,0,52754.3981285308,13.6084469273572,7604.52233423926,26,10
314,10,91.6781088996038,0,52055.2157514637,13.6084469273572,6368.23605941694,26,7
314,11,96.8321858951158,0,52961.6811410094,13.6084469273572,7861.3235818671,25,10
314,12,105.414861664806,0,53343.7743192989,13.6084469273572,7445.45578956983,23,11
314,13,110.421634880217,0,53765.4652780129,13.6084469273572,6642.78495364573,30,15
314,14,118.027741806692,0,55672.9388354258,13.6084469273572,7968.25561222824,22,14
314,15,111.275748499194,0,56388.7627214528,13.6084469273572,6873.27545667809,23,17
315,1,75.6315819382322,0,20761.8573995363,10.4291199063415,5493.22874418427,28,0
315,2,73.4976082730927,0,22418.1898473737,10.4291199063415,6016.95966777832,28,0
315,3,74.2542531407084,0,22365.687438648,10.4291199063415,5563.8232286401,26,2
315,4,68.984891765913,0,20166.5728065688,10.4291199063415,6011.58189444215,26,5
315,5,90.4788872507365,0,24138.8663073993,10.4291199063415,6838.5192580909,21,6
315,6,81.8825968537175,0,25303.6051780548,10.4291199063415,5791.45759666856,26,5
315,7,78.4318178224827,0,25812.1992101175,10.4291199063415,6531.09947873235,25,4
315,8,92.7367554169565,0,26851.3854568126,10.4291199063415,7285.2936636756,23,8
315,9,84.796879005672,0,26967.5326089825,10.4291199063415,7108.03694058275,23,7
315,10,97.8371750327704,0,29137.7532391067,10.4291199063415,7093.43535350886,27,8
315,11,87.4661743000347,0,28613.944691843,10.4291199063415,6773.17285261386,22,13
315,12,85.8825833009317,0,29261.6443333164,10.4291199063415,6777.7285015889,25,8
315,13,87.620076298664,0,31412.6336900845,10.4291199063415,7272.61945567156,21,13
315,14,99.6300088663333,0,32448.1811061227,10.4291199063415,8246.89848805292,18,12
315,15,96.5345738885695,0,31603.9900966813,10.4291199063415,8255.52266518633,26,13
316,1,74.9781167532006,1,31286.8089918463,8.54633599516922,5778.28559023263,26,2
316,2,80.0270566414874,1,31308.1011790171,8.54633599516922,5028.76251830595,24,3
316,3,72.3842559085743,1,32752.9449194188,8.54633599516922,5124.82959132023,27,3
316,4,86.2009266106478,1,34971.3839306431,8.54633599516922,6173.99764117562,26,7
316,5,82.8894956738175,1,34708.9436199866,8.54633599516922,6303.96896840939,25,1
316,6,74.4104523138591,1,35083.161946027,8.54633599516922,5694.18995339955,23,5
316,7,84.853922400443,1,35508.9588962184,8.54633599516922,6668.03849912751,23,10
316,8,90.1153234961749,1,35435.5430563642,8.54633599516922,5822.22597582725,27,8
316,9,91.0122767131365,1,34585.9872825686,8.54633599516922,6659.67178785812,20,11
316,10,95.9636848662902,1,37605.8102607803,8.54633599516922,6325.24934328079,23,12
316,11,95.5469555129203,1,37606.4797480172,8.54633599516922,6632.71439757716,19,15
316,12,94.6478229439951,1,37547.6259774249,8.54633599516922,7014.16236747226,24,10
316,13,97.3946100763789,1,39982.5054174213,8.54633599516922,7612.54945324711,27,14
316,14,99.4494475062611,1,40121.6520507381,8.54633599516922,8497.12522022369,26,14
316,15,106.946897739438,1,41090.8136440981,8.54633599516922,8191.70799362752,22,14
317,1,83.5798623871249,1,35593.5132778468,14.7442567230083,4780.11364393842,26,0
317,2,91.3901379426207,1,34666.1236631805,14.7442567230083,5141.13945516787,27,1
317,3,80.5262438960567,1,35755.4727292418,14.7442567230083,6265.1815425284,24,1
317,4,92.305681009522,1,34682.1525203528,14.7442567230083,5100.77374599946,27,6
317,5,81.9095763586217,1,36973.5609573144,14.7442567230083,5909.25738269801,23,4
317,6,86.29959259982,1,35978.9842817921,14.7442567230083,5067.57314944144,22,3
317,7,103.068427956677,1,38451.3404089583,14.7442567230083,6336.53891047597,25,7
317,8,103.007233249326,1,39075.6364123732,14.7442567230083,6981.88772990519,21,6
317,9,95.8905263274095,1,38885.1657096286,14.7442567230083,6613.66359070479,23,6
317,10,98.0374886909876,1,40062.3773968492,14.7442567230083,6952.77153283759,21,9
317,11,105.621247679713,1,39049.7581716889,14.7442567230083,7085.63273140558,15,9
317,12,104.164946585021,1,41629.1469887224,14.7442567230083,7596.96873919373,25,13
317,13,107.128439689366,1,43734.3872788185,14.7442567230083,7664.16324341658,20,11
317,14,97.7580283291016,1,43016.1820270826,14.7442567230083,8030.39149467236,22,14
317,15,108.002952190411,1,44728.828422363,14.7442567230083,8015.86589564177,24,12
318,1,81.7562045025754,0,35438.5705509501,12.7142144746881,5834.67528388101,26,0
318,2,89.1932201764075,0,36204.1292544914,12.7142144746881,5233.44658224642,27,0
318,3,92.6462028777164,0,38516.0444994586,12.7142144746881,6146.40752191606,25,0
318,4,90.7133419026374,0,38765.5119491594,12.7142144746881,5928.70905160486,24,3
318,5,87.3434386093682,0,39952.7071456734,12.7142144746881,5823.53305963909,23,3
318,6,88.9065990177878,0,39907.9657707126,12.7142144746881,7173.63781230224,24,5
318,7,99.8010346395913,0,40887.1541285381,12.7142144746881,6811.78308114675,23,9
318,8,108.394653263658,0,42076.4445259025,12.7142144746881,7245.46278711301,25,6
318,9,93.9530849156218,0,42761.4536019741,12.7142144746881,6381.16938356077,24,9
318,10,97.1636472785467,0,44400.9022774616,12.7142144746881,7151.32212676628,28,10
318,11,96.2650485912661,0,44133.0658379291,12.7142144746881,7507.14739356473,22,8
318,12,106.183597840551,0,44472.38597482,12.7142144746881,7459.64954718276,19,10
318,13,105.50087404315,0,47763.7143406057,12.7142144746881,7809.92787883585,31,11
318,14,110.997508681158,0,46437.8299897947,12.7142144746881,7282.02590798599,21,12
318,15,115.773700270928,0,48355.5878595433,12.7142144746881,8094.47157760352,25,15
319,1,73.7912254436707,0,26510.9914923107,11.2827967216359,5509.49942843365,23,2
319,2,65.6016334506953,0,28513.8740719403,11.2827967216359,5210.86529619601,29,1
319,3,73.4905434816608,0,32364.7307632864,11.2827967216359,5736.79043769953,28,2
319,4,68.7620617868618,0,30820.597718343,11.2827967216359,5389.90099169483,22,1
319,5,78.7336120974417,0,32331.3410679496,11.2827967216359,5129.8514091028,21,7
319,6,73.9790074694427,0,32843.8177909385,11.2827967216359,5733.01388778601,21,4
319,7,66.9843876404762,0,31666.7420810625,11.2827967216359,6088.00988787173,28,9
319,8,80.6726106728987,0,34731.5843804925,11.2827967216359,6742.08382307847,19,10
319,9,83.3451598289879,0,33636.3065021316,11.2827967216359,6385.02468993792,28,9
319,10,89.6254408192762,0,36156.6636136852,11.2827967216359,7903.12194347045,24,10
319,11,82.7155548892766,0,35023.9336248175,11.2827967216359,7169.40940769561,22,12
319,12,90.1571372979595,0,36983.763324022,11.2827967216359,7942.90538241923,25,13
319,13,94.0906911451472,0,38331.3622066394,11.2827967216359,7706.43178372036,19,11
319,14,99.0085836319244,0,38260.7870033507,11.2827967216359,8026.28779457992,22,16
319,15,103.3786120815,0,39227.9211387899,11.2827967216359,7915.8679117721,25,16
320,1,76.232032356027,1,32364.7895494903,12.2077059796372,5623.6445476068,23,2
320,2,79.6096976732703,1,33667.8808555057,12.2077059796372,4606.44379187941,25,0
320,3,81.0274387500612,1,35621.365687717,12.2077059796372,5466.41261418183,28,3
320,4,84.9970253667799,1,38084.0168604549,12.2077059796372,6022.89646769713,28,3
320,5,85.6378149249394,1,36302.3801996396,12.2077059796372,6093.49707922656,24,5
320,6,82.6902712600081,1,38900.4003429865,12.2077059796372,6032.00926510718,27,8
320,7,88.2649738541291,1,39419.4188107754,12.2077059796372,6020.81120610031,25,4
320,8,88.1209086123271,1,39952.5240894586,12.2077059796372,5551.40181155901,26,9
320,9,98.3068075114135,1,40985.5629187146,12.2077059796372,6931.06235114643,25,10
320,10,102.916972852987,1,41197.6197061858,12.2077059796372,6587.23664181859,23,6
320,11,101.906774134955,1,44341.0757719028,12.2077059796372,6655.88351881409,28,12
320,12,110.777415333764,1,45542.9037187496,12.2077059796372,8306.85586749733,21,14
320,13,98.4778670639401,1,45159.7293083774,12.2077059796372,7187.20566147046,23,13
320,14,110.448703575851,1,45616.2522078162,12.2077059796372,7661.27393522714,25,14
320,15,114.051929422343,1,48003.6123155781,12.2077059796372,7606.72458905497,28,15
321,1,89.8983051911503,1,39714.2041858631,15.9777250277977,5958.1809944224,25,0
321,2,86.3830048547919,1,41244.8469082189,15.9777250277977,5592.48836071568,24,4
321,3,86.0916154680803,1,39854.6644495633,15.9777250277977,5287.51892804144,20,1
321,4,103.758052044694,1,41198.0417525809,15.9777250277977,6299.76770678755,26,8
321,5,103.052868144031,1,43938.4837545893,15.9777250277977,6051.74456028946,26,5
321,6,96.6321379067931,1,42729.3175203732,15.9777250277977,5652.39994608018,22,6
321,7,96.9753664931285,1,43029.0283225772,15.9777250277977,6237.88039630714,19,6
321,8,108.558106988062,1,45295.1316344461,15.9777250277977,6906.60669849826,22,9
321,9,102.074900049913,1,48231.0893603281,15.9777250277977,7161.35526480653,18,6
321,10,105.029603194914,1,46008.2258256051,15.9777250277977,7179.16488609393,28,12
321,11,115.45643471434,1,47194.3310763597,15.9777250277977,7433.04656045546,19,9
321,12,127.301507805165,1,48470.5568084333,15.9777250277977,7897.63024209501,23,14
321,13,114.213308559389,1,49540.5499078,15.9777250277977,7855.97198475751,29,10
321,14,119.996978064709,1,49999.649645064,15.9777250277977,8001.10720952455,28,12
321,15,121.832335259964,1,51773.8872008323,15.9777250277977,8132.8357930347,24,11
322,1,77.2040104575955,0,18417.7938778865,9.90550009613978,4604.32415442458,23,1
322,2,73.7599878042163,0,19664.8432412407,9.90550009613978,5159.63948970295,26,4
322,3,72.7485318147767,0,21201.063433848,9.90550009613978,5652.62309577483,30,3
322,4,77.4088797063612,0,21382.626800135,9.90550009613978,5520.73685636595,27,6
322,5,77.3281908101767,0,22666.1365444631,9.90550009613978,6463.13135633116,24,3
322,6,76.7094981606258,0,21311.2947192032,9.90550009613978,6582.02965018595,21,3
322,7,79.8966787393807,0,22597.3165540827,9.90550009613978,6984.81426143791,27,7
322,8,72.9416787249936,0,23998.3589323526,9.90550009613978,7146.7927815423,28,9
322,9,92.8920890160528,0,23304.3092219748,9.90550009613978,6374.72523741792,24,8
322,10,84.0997464200383,0,25794.9320347983,9.90550009613978,6505.37826642764,21,8
322,11,85.609227008022,0,27251.5226032937,9.90550009613978,6468.33916819023,21,7
322,12,85.0480186153257,0,26924.3454411112,9.90550009613978,7601.76257341298,19,12
322,13,81.2001801896616,0,26140.8194110759,9.90550009613978,6974.47396286976,22,14
322,14,87.681449567484,0,28258.9097115496,9.90550009613978,6907.73091141841,22,13
322,15,97.0579991875698,0,27932.3464303325,9.90550009613978,8975.29282729218,23,18
323,1,74.0818167522186,0,24075.6381010832,9.75177466661046,5194.20464489008,22,1
323,2,71.2943204283611,0,23535.0733788287,9.75177466661046,6559.96859079191,22,1
323,3,74.5847651467352,0,23488.0538737636,9.75177466661046,5673.54899005799,22,4
323,4,68.8364934952146,0,26977.4271972162,9.75177466661046,5901.57436354666,28,2
323,5,69.0882491720896,0,26980.2712098543,9.75177466661046,5395.57250091408,25,4
323,6,79.6273249631371,0,26151.2238986186,9.75177466661046,6741.98127353743,21,3
323,7,78.8471940763849,0,26498.263791993,9.75177466661046,6545.50471755674,27,7
323,8,81.6731821519393,0,27276.9115117178,9.75177466661046,7071.29779873936,25,10
323,9,78.1641856495296,0,28563.2420224214,9.75177466661046,7048.822968983,26,8
323,10,84.158257441134,0,30896.4031263409,9.75177466661046,7616.41911151745,25,6
323,11,88.0338902143556,0,30669.4311080922,9.75177466661046,7322.92784786906,27,13
323,12,87.5661752268547,0,29927.3785537007,9.75177466661046,6824.60381306895,24,11
323,13,93.7237709720808,0,32457.4638781127,9.75177466661046,7665.11705471635,24,15
323,14,91.4823173608797,0,30683.2789741523,9.75177466661046,7336.77727602279,27,16
323,15,97.4386542624458,0,34346.8616151301,9.75177466661046,7965.37930853292,29,15
324,1,78.5873339271396,1,32996.2561610115,10.1411548418779,4861.14382750012,24,0
324,2,87.5169829387717,1,35362.6416700888,10.1411548418779,4141.99874485266,24,2
324,3,78.6149208659183,1,33596.9938859586,10.1411548418779,5089.14603703903,26,3
324,4,82.0683920654513,1,35266.8668928866,10.1411548418779,6674.00890405806,28,1
324,5,92.6539382071533,1,35470.4212023104,10.1411548418779,6223.6654289371,28,6
324,6,81.2307177899828,1,37005.2084610613,10.1411548418779,6034.90873900632,24,3
324,7,97.1017749984775,1,36377.5215048153,10.1411548418779,6127.20934998138,20,6
324,8,87.9435599303035,1,36806.5834682332,10.1411548418779,6694.84525211947,33,6
324,9,85.0962792857581,1,37765.1953863376,10.1411548418779,6272.63208888475,26,6
324,10,97.9802369493311,1,41164.3033203521,10.1411548418779,6997.76977067618,25,14
324,11,93.1091986549612,1,40322.0957417066,10.1411548418779,7303.08070444912,27,14
324,12,105.129384435893,1,41794.0312057181,10.1411548418779,7625.69718635391,27,12
324,13,101.159912976078,1,40686.7126726851,10.1411548418779,7981.94434917805,30,12
324,14,99.7858702845415,1,42021.1334392859,10.1411548418779,7618.76735382918,21,16
324,15,106.652725102046,1,42723.9309180891,10.1411548418779,8083.64213961363,23,12
325,1,64.0243078244167,0,27034.6480073607,7.2450261953704,5450.70179930723,21,0
325,2,72.8513907858081,0,28040.2109382713,7.2450261953704,5337.83661384725,17,3
325,3,70.4051988628581,0,29343.3235915758,7.2450261953704,5408.13951409057,24,1
325,4,74.267202047649,0,29123.6448698639,7.2450261953704,5788.72566186706,23,2
325,5,75.5813262491042,0,31554.9165300014,7.2450261953704,5561.55554575765,29,5
325,6,80.0045509884584,0,33448.4134556472,7.2450261953704,6299.39480567202,28,3
325,7,80.3664895703999,0,32461.3388342048,7.2450261953704,6936.04478224092,24,4
325,8,80.570179685925,0,33910.2530387108,7.2450261953704,6602.04388537454,24,9
325,9,79.7321278626512,0,34469.4166117237,7.2450261953704,6817.83674553468,30,8
325,10,83.152156508179,0,35090.6812953346,7.2450261953704,6593.80285068297,27,11
325,11,87.1087106563056,0,36444.0046955327,7.2450261953704,7174.26767207445,29,6
325,12,94.6433826888158,0,36807.3320888677,7.2450261953704,7055.3310383465,25,13
325,13,107.529016352222,0,36863.8193836868,7.2450261953704,7759.40163687941,24,19
325,14,93.258988556883,0,38512.921521198,7.2450261953704,8378.8079036751,24,13
325,15,94.620049351645,0,40687.3768008934,7.2450261953704,7853.15937915891,27,14
326,1,77.638285058092,0,42239.7782292113,14.4588844125112,4935.81986452838,30,0
326,2,78.7345969339474,0,42775.037984168,14.4588844125112,5290.95161689798,25,2
326,3,94.2156307894068,0,42975.6277103487,14.4588844125112,6180.70433029553,21,3
326,4,79.7842790507797,0,44352.1901402322,14.4588844125112,5764.58091866827,29,2
326,5,82.5345092669058,0,42479.537238762,14.4588844125112,4839.34155191162,24,5
326,6,80.6083312592981,0,45150.2156776083,14.4588844125112,5969.37363884676,23,5
326,7,91.0864497309852,0,44431.0516046509,14.4588844125112,6719.90739916092,20,8
326,8,89.080081434817,0,46233.0808218692,14.4588844125112,6827.39136300349,26,9
326,9,95.2345278448404,0,45948.0582339863,14.4588844125112,6474.87132621699,21,8
326,10,85.5040908503591,0,49325.6708112932,14.4588844125112,6002.99268631023,26,8
326,11,102.957330554614,0,48079.2638683054,14.4588844125112,7101.04437182639,23,12
326,12,113.389999985307,0,48989.1364983401,14.4588844125112,7981.97619403001,24,13
326,13,92.5059056458379,0,51422.9112764349,14.4588844125112,8312.16388529405,23,11
326,14,104.857739249081,0,51710.6651853483,14.4588844125112,8666.49266661405,25,16
326,15,109.096545898235,0,51264.6596538078,14.4588844125112,8250.21740124985,25,15
327,1,86.4883498460645,1,34269.0435446492,12.5771089402327,4798.21431704084,28,0
327,2,82.4353009865891,1,38028.7331458774,12.5771089402327,5394.97131403166,28,5
327,3,91.2079947237429,1,37721.2211050215,12.5771089402327,4830.8114091411,18,2
327,4,83.4917885819811,1,38291.5013200578,12.5771089402327,5431.78549583745,25,3
327,5,81.4288347376708,1,39361.0113621235,12.5771089402327,4919.91298932001,27,2
327,6,98.8574512443546,1,39683.6225668517,12.5771089402327,5229.49028616948,22,5
327,7,93.5842210586224,1,40287.0642419846,12.5771089402327,6886.72032313271,22,6
327,8,105.292991353008,1,41596.5464501697,12.5771089402327,5797.2676163115,22,8
327,9,107.357754383489,1,44594.7836569276,12.5771089402327,6544.19422115991,25,7
327,10,107.773381768321,1,43369.1908737765,12.5771089402327,7408.40444365743,21,10
327,11,106.422480621837,1,44993.4724377856,12.5771089402327,7332.55665046826,20,12
327,12,107.937475595556,1,46744.6213811486,12.5771089402327,7735.40267829048,27,13
327,13,104.640203443323,1,47568.6871097895,12.5771089402327,7492.97059067335,22,11
327,14,122.0225433596,1,46076.8655456958,12.5771089402327,7783.68149554274,18,13
327,15,110.688493659006,1,50390.4451448279,12.5771089402327,7310.25678414345,25,10
328,1,77.0764517034561,0,31488.4070890782,12.6215159226538,5164.53890365636,20,0
328,2,70.7459067370597,0,33043.2947179968,12.6215159226538,5798.33599379201,25,1
328,3,71.4403898076292,0,31839.4389408395,12.6215159226538,5600.48126296084,28,1
328,4,68.7738606718938,0,33061.6335371284,12.6215159226538,6701.94985827578,21,5
328,5,79.1110761015719,0,33974.0620448306,12.6215159226538,5861.06776772494,26,5
328,6,84.8897786187392,0,35628.2634137475,12.6215159226538,6531.58054447441,29,10
328,7,82.5214728442135,0,34488.1711233294,12.6215159226538,5872.92591500362,29,6
328,8,86.2364220484891,0,35963.2152229982,12.6215159226538,6158.27464579199,28,10
328,9,90.7321670999281,0,37800.690404746,12.6215159226538,5985.22303567536,25,6
328,10,87.0598429342946,0,39002.8624105912,12.6215159226538,7478.9536200824,22,9
328,11,99.3152897759662,0,37736.5116422015,12.6215159226538,6395.17998454782,23,14
328,12,99.3254208055218,0,40787.0366474342,12.6215159226538,6833.19645784174,22,16
328,13,90.399237854315,0,39975.4463021487,12.6215159226538,7428.18679671833,25,13
328,14,93.8667620183594,0,40648.7378985564,12.6215159226538,6308.33220488369,26,13
328,15,96.0815122795882,0,42247.5729171418,12.6215159226538,7866.5792977691,24,13
329,1,84.2045157855177,0,19592.9930462437,11.8699579369569,4347.83711441779,26,1
329,2,71.8968245431573,0,18737.3709990485,11.8699579369569,6209.365308409,24,1
329,3,72.6374122643336,0,21139.1852863324,11.8699579369569,5583.30938381635,22,0
329,4,75.0785723785414,0,20104.5301333704,11.8699579369569,5850.20248016446,28,4
329,5,76.9642650680968,0,22670.9499621814,11.8699579369569,6651.6919575676,25,6
329,6,75.5563906787817,0,22080.854034095,11.8699579369569,5868.86647406608,24,5
329,7,81.3352913312832,0,22603.2490387906,11.8699579369569,6713.60198083008,28,6
329,8,89.7176323120939,0,25228.0644046598,11.8699579369569,6635.06836763712,24,9
329,9,89.7118764694824,0,25418.2116860634,11.8699579369569,7010.29773570216,21,8
329,10,95.1009602007876,0,24508.8467856374,11.8699579369569,6047.89513654766,29,14
329,11,92.4811504046316,0,27375.939251784,11.8699579369569,7716.1408498402,23,12
329,12,91.507724499766,0,27017.1713199806,11.8699579369569,7857.90783720032,19,9
329,13,87.3420487908333,0,28631.9147354075,11.8699579369569,8667.03855964779,25,12
329,14,87.8444376267448,0,29299.5195342233,11.8699579369569,7717.18289763778,22,14
329,15,94.8826004501389,0,28651.3017915452,11.8699579369569,8147.27911946619,27,13
330,1,74.9407272273075,1,30747.8748290624,10.4695186757277,5210.55831122962,24,2
330,2,79.5736576358192,1,31493.1506591254,10.4695186757277,6250.02947647092,24,5
330,3,72.6945867568385,1,31736.351299751,10.4695186757277,4874.20044361029,23,3
330,4,81.8451283609286,1,30830.0600622313,10.4695186757277,5381.18759784105,26,3
330,5,84.8741545029593,1,32970.6246601735,10.4695186757277,5959.14023343629,23,2
330,6,85.4979399021709,1,34622.4667609673,10.4695186757277,5252.40894584103,27,5
330,7,98.4047002452481,1,35752.192995588,10.4695186757277,6339.63707510272,22,5
330,8,93.0308872137696,1,36585.1393463655,10.4695186757277,6687.69348516792,22,10
330,9,98.7085452438734,1,36807.6540573053,10.4695186757277,7264.74083229899,23,9
330,10,98.7348519946545,1,36546.1036312203,10.4695186757277,7619.97876482541,24,11
330,11,91.8107875540023,1,37055.9293390725,10.4695186757277,6352.90844922556,18,11
330,12,98.6635084859778,1,37474.8179510367,10.4695186757277,8202.59236332766,21,12
330,13,98.4584581467785,1,39648.2428696725,10.4695186757277,7362.40631260291,27,12
330,14,105.015485990929,1,38759.9042239087,10.4695186757277,8359.22861276177,19,14
330,15,106.24316253443,1,40220.7864725552,10.4695186757277,7644.049077442,25,17
331,1,68.9322286018358,1,29577.9147766444,9.52974415867133,5509.13300168232,23,0
331,2,62.1428661885057,1,30189.7809506282,9.52974415867133,5284.3805684458,29,2
331,3,72.1785764399322,1,31198.4565434208,9.52974415867133,5761.55060466113,24,5
331,4,82.739226297359,1,31772.8624826062,9.52974415867133,5506.76950788423,30,6
331,5,88.4261977176444,1,32207.7363714743,9.52974415867133,5866.56102740231,23,3
331,6,80.7849108164529,1,34277.9875304751,9.52974415867133,6784.63342326286,28,5
331,7,80.5637647619091,1,34879.4762405982,9.52974415867133,6340.00948446789,22,5
331,8,89.4861776958699,1,37056.1670956507,9.52974415867133,6391.4581229844,27,7
331,9,84.7099535316815,1,38129.2760601971,9.52974415867133,6652.70296043826,22,11
331,10,89.7813614595224,1,38942.2388866805,9.52974415867133,7119.44890451445,25,6
331,11,99.5299404427195,1,41039.7050146599,9.52974415867133,6689.56663647584,25,16
331,12,94.4540392436008,1,43095.400191596,9.52974415867133,7963.57115345868,25,12
331,13,103.092605186055,1,42877.2959180516,9.52974415867133,7420.03534778803,25,12
331,14,111.29548835756,1,44543.8252566455,9.52974415867133,7597.00149445245,24,16
331,15,101.724987813657,1,44157.7032268092,9.52974415867133,7868.51112728159,26,16
332,1,71.5335131081782,0,29947.7494110205,14.555569209878,4631.76250640589,22,1
332,2,76.1750670188667,0,30945.2496168752,14.555569209878,5777.30788048118,31,1
332,3,71.1509460989247,0,32239.2125850585,14.555569209878,5122.52773448329,23,4
332,4,81.2179092393015,0,33031.9187526037,14.555569209878,6334.38108431074,22,3
332,5,82.7432220550082,0,33687.802213618,14.555569209878,5411.38879352536,20,3
332,6,84.3554860870161,0,34771.8659278934,14.555569209878,5257.37349065499,29,5
332,7,85.1052431313527,0,34360.3734223703,14.555569209878,6284.07216574781,22,8
332,8,88.5177563298529,0,36304.354747984,14.555569209878,6419.32819781341,17,6
332,9,102.776568942095,0,35352.3588462429,14.555569209878,6751.23590818472,26,9
332,10,98.7380053518551,0,38756.4977081966,14.555569209878,6904.31414211919,20,10
332,11,88.3786834498698,0,39397.0429183338,14.555569209878,6392.36955648677,24,9
332,12,101.329263016327,0,39530.000063756,14.555569209878,8340.146326867,23,14
332,13,98.9106039518664,0,42133.9773957054,14.555569209878,7309.34400538257,22,10
332,14,96.6352223516576,0,40764.3342155466,14.555569209878,8242.69680376441,23,15
332,15,108.225670299258,0,43451.4441033827,14.555569209878,8389.95962486916,24,14
333,1,64.3629599879779,1,22094.793031198,7.72144598123954,4695.81695107863,22,0
333,2,69.6157431304551,1,24429.4298522075,7.72144598123954,5327.21113958662,17,0
333,3,63.4295488296122,1,24354.9367390075,7.72144598123954,5936.95013066011,28,0
333,4,65.5654860755101,1,24693.498095625,7.72144598123954,5934.75157230776,26,2
333,5,69.8466395876692,1,25360.9168641537,7.72144598123954,5468.20477431568,23,2
333,6,75.0439121293414,1,26158.2723878705,7.72144598123954,5551.21969299507,28,4
333,7,87.3415348511896,1,27333.9240704613,7.72144598123954,6650.82008693912,23,8
333,8,88.5592488149137,1,28079.8641592588,7.72144598123954,6623.62341559997,20,12
333,9,94.0416212717798,1,29363.041358994,7.72144598123954,7184.74343484861,24,10
333,10,85.2124739660924,1,28868.4020464112,7.72144598123954,7463.25794873887,26,8
333,11,88.399122126813,1,31624.9982583716,7.72144598123954,7042.81036134808,26,11
333,12,86.2114196927644,1,30675.396190089,7.72144598123954,7673.03305264879,27,11
333,13,101.96257564651,1,30241.3795470777,7.72144598123954,7766.73388960864,23,13
333,14,99.045637587166,1,33668.4976718013,7.72144598123954,7126.19539657256,24,13
333,15,89.6780110226362,1,31816.9137944666,7.72144598123954,8529.77967330643,27,16
334,1,77.5846396648295,1,34489.217567551,13.3208968258962,4845.49862347386,22,2
334,2,78.8580159597743,1,34064.1294933355,13.3208968258962,5974.78578298988,28,1
334,3,85.1479647900182,1,36681.7159222283,13.3208968258962,4704.70799982746,25,5
334,4,91.0174562419971,1,36500.9975838065,13.3208968258962,5894.15007648895,27,3
334,5,84.5267117009104,1,35614.6953299918,13.3208968258962,6503.71546186687,25,4
334,6,98.0452356118184,1,37825.1321371552,13.3208968258962,5758.09705296188,21,5
334,7,93.8007453382268,1,37438.583879714,13.3208968258962,5711.28919349219,23,6
334,8,95.694707289978,1,38380.0847083454,13.3208968258962,6325.42191121893,25,8
334,9,92.7763988559644,1,39055.5494837986,13.3208968258962,7670.80439362955,28,5
334,10,101.511566126124,1,38098.4046240307,13.3208968258962,6823.71217143776,28,13
334,11,98.8866033287409,1,39334.5522385811,13.3208968258962,7399.70320274452,19,9
334,12,97.0136466288269,1,37001.8743031472,13.3208968258962,6651.92733650747,25,15
334,13,92.6409101172245,1,39639.1992391047,13.3208968258962,7932.76263245586,27,12
334,14,110.294920140784,1,41298.3850646753,13.3208968258962,8039.66131874313,25,14
334,15,112.658045707609,1,41932.5255809775,13.3208968258962,8269.43891764122,27,16
335,1,66.4493298981883,0,23214.8526879355,9.62216504772695,4814.285304935,20,2
335,2,73.5082363555739,0,23799.1220348108,9.62216504772695,4741.86158167266,29,1
335,3,68.4719893266476,0,25232.8103891869,9.62216504772695,5738.01056552983,26,1
335,4,73.2548935761612,0,24488.2336524966,9.62216504772695,6139.19181004818,28,6
335,5,85.2254960620662,0,25673.7009764365,9.62216504772695,6344.92591688632,27,6
335,6,80.7461700555824,0,26367.5642425528,9.62216504772695,6570.79013051836,24,6
335,7,83.5089438695322,0,28563.9499023144,9.62216504772695,7141.85190885792,16,6
335,8,86.4129077214979,0,29206.7961212935,9.62216504772695,7059.60959557728,24,8
335,9,86.2198529022991,0,30469.8909412909,9.62216504772695,6590.52304184451,20,7
335,10,92.2519927087227,0,31398.8338507537,9.62216504772695,6754.38681974959,24,11
335,11,93.7327657325195,0,33101.1665758674,9.62216504772695,6188.96950401852,28,14
335,12,98.1905339226805,0,34613.828013085,9.62216504772695,7104.61289581685,25,14
335,13,93.2694942838979,0,32494.6727514854,9.62216504772695,7979.33354452255,24,13
335,14,91.1383229137855,0,35170.5232499783,9.62216504772695,7750.49529564258,26,15
335,15,89.6937639776623,0,35059.6313751086,9.62216504772695,8378.93574916325,24,13
336,1,72.5993630177856,0,30196.2776843466,12.8469306436364,5701.39881850994,23,0
336,2,75.5350623850471,0,30080.1324637891,12.8469306436364,5860.59819907552,20,3
336,3,77.8547435509611,0,31167.6619077549,12.8469306436364,6638.97621476664,25,3
336,4,72.9589566439917,0,29335.0296217313,12.8469306436364,6213.10410706506,21,2
336,5,84.9509096752312,0,31248.9013873125,12.8469306436364,5739.41895181259,24,5
336,6,80.3060536866622,0,33374.720477033,12.8469306436364,5869.51837016441,29,5
336,7,81.5976401218239,0,31491.7163661095,12.8469306436364,7193.26919885193,20,6
336,8,85.8721827833719,0,31957.2366398511,12.8469306436364,6594.2960840668,20,9
336,9,93.5815389210029,0,33404.301750481,12.8469306436364,7348.56407665691,28,11
336,10,88.2743895367717,0,33474.7043691722,12.8469306436364,6851.29884113404,25,11
336,11,83.3013013600854,0,35571.480238343,12.8469306436364,6862.17026058437,27,9
336,12,93.5168948221974,0,34911.3958485585,12.8469306436364,7805.03057641725,22,12
336,13,87.8487457255466,0,35720.1521428971,12.8469306436364,6702.48772041205,23,14
336,14,88.3088640655919,0,35175.2126692685,12.8469306436364,7775.52364738234,23,12
336,15,101.417721649864,0,37473.3023815166,12.8469306436364,7003.82857164914,23,16
337,1,72.2398241578262,1,34347.3483942669,9.77792843342954,5744.01538794911,31,6
337,2,76.8557730280394,1,33011.1137190608,9.77792843342954,5115.23476880188,23,1
337,3,73.5710877875186,1,36366.078226094,9.77792843342954,5376.91343571321,22,0
337,4,79.3545305214868,1,34609.48254346,9.77792843342954,6191.60569907818,32,6
337,5,79.8540242137218,1,36615.6486554393,9.77792843342954,5264.42811252396,23,3
337,6,81.4806049432506,1,36955.2362252247,9.77792843342954,5472.03209548662,20,3
337,7,87.6400912707188,1,36528.856198477,9.77792843342954,6453.35025866425,24,6
337,8,96.5613492578313,1,37472.7828164626,9.77792843342954,6384.45952555828,23,7
337,9,95.9234209106197,1,39595.6676597306,9.77792843342954,7141.48172289714,21,9
337,10,86.3118132622299,1,39202.468674958,9.77792843342954,7176.15201485711,27,9
337,11,96.3593710788274,1,39727.6064924113,9.77792843342954,7430.58898295699,23,10
337,12,101.910179378036,1,41440.3716884076,9.77792843342954,6681.95347684044,21,12
337,13,102.577603160221,1,41514.1518339265,9.77792843342954,8450.57342563244,23,11
337,14,92.65954588232,1,41518.9267737505,9.77792843342954,6790.9660095026,28,13
337,15,103.781980226991,1,42567.4031554176,9.77792843342954,8367.48871135832,26,11
338,1,77.1416799994627,1,23383.6049525569,10.4299749519479,4626.77646848943,23,3
338,2,75.2657323850583,1,25960.1103605072,10.4299749519479,4774.40532443508,26,3
338,3,80.6049164211994,1,28873.5534501786,10.4299749519479,5780.67369893025,25,5
338,4,93.469926972762,1,27442.995885565,10.4299749519479,5707.24751835696,21,5
338,5,88.7815119363493,1,28091.9866855799,10.4299749519479,5631.54961649922,27,8
338,6,88.819797309716,1,31008.7421240878,10.4299749519479,5587.33006009379,25,7
338,7,91.8252716693016,1,31452.0311770349,10.4299749519479,6559.05602018611,22,9
338,8,94.1046069431169,1,33019.4773463178,10.4299749519479,6982.68701261125,19,11
338,9,86.5223281713574,1,33177.2908170559,10.4299749519479,6875.34167934362,21,6
338,10,89.1130070054113,1,33978.2267366143,10.4299749519479,7142.72136234283,22,9
338,11,101.37175483938,1,35241.0801921756,10.4299749519479,7435.57626463108,29,14
338,12,94.9894097452627,1,34680.0009628014,10.4299749519479,7426.07154522319,23,13
338,13,103.729346319902,1,36788.6850337434,10.4299749519479,7381.13201189781,28,15
338,14,100.489953714913,1,37943.5408585862,10.4299749519479,7411.0499895639,27,12
338,15,107.496313933673,1,40353.498729465,10.4299749519479,8702.87706590012,22,14
339,1,81.0755248883298,1,36230.5232064543,17.308097751081,5977.57514607945,25,1
339,2,76.7797327661181,1,37719.5337571204,17.308097751081,5826.36711406406,25,1
339,3,79.2365180661252,1,36850.9941629771,17.308097751081,4848.25668863923,25,1
339,4,88.6739181711411,1,36660.484542092,17.308097751081,6036.07799896734,24,4
339,5,97.9143188927517,1,37397.0752850759,17.308097751081,6468.46229917496,26,3
339,6,88.4029167025278,1,37631.697783371,17.308097751081,6013.16191881782,22,5
339,7,95.1650417502294,1,37833.9105209367,17.308097751081,5428.5654341498,25,2
339,8,107.846785500506,1,39962.4564144189,17.308097751081,7154.88266833765,23,12
339,9,113.927509102666,1,40568.2205092748,17.308097751081,6647.39747218284,26,11
339,10,106.255544435525,1,43175.7061618192,17.308097751081,7103.48980569093,23,6
339,11,100.58003495371,1,40841.7955485162,17.308097751081,7372.79927814439,31,7
339,12,108.276800619908,1,43336.4068587086,17.308097751081,7016.67852656518,25,10
339,13,99.744535921239,1,43458.9414666079,17.308097751081,8119.84625983049,23,11
339,14,106.356678127362,1,45253.6288595467,17.308097751081,9006.56740303441,27,17
339,15,110.992735793852,1,46078.7656840687,17.308097751081,8742.86439387948,25,16
340,1,66.9173952102138,1,19078.4420734596,14.0048478568005,5434.19058595013,31,0
340,2,73.2194470196715,1,20198.6076573016,14.0048478568005,4451.39036871319,19,2
340,3,75.1036570876043,1,20602.9394845415,14.0048478568005,4434.50549848968,21,3
340,4,79.3110112627483,1,20217.0416813585,14.0048478568005,5988.53320871124,28,0
340,5,84.3448347888769,1,21837.3073431809,14.0048478568005,6042.73025743024,24,5
340,6,79.2258134445246,1,21805.203627589,14.0048478568005,6011.75609763637,30,7
340,7,96.7956356776615,1,21970.4946307564,14.0048478568005,6574.99176545109,30,9
340,8,91.544914547066,1,22052.9424538578,14.0048478568005,6781.19477511346,28,10
340,9,85.2496260685672,1,23579.0230380893,14.0048478568005,6831.90357348127,24,6
340,10,100.319538276791,1,24050.0049569061,14.0048478568005,7211.6750812471,20,10
340,11,90.306631241573,1,23777.3576404824,14.0048478568005,8202.72177715656,26,8
340,12,90.475083828037,1,26471.744311108,14.0048478568005,6929.57066842071,21,11
340,13,96.1536074086541,1,24161.1651069715,14.0048478568005,7162.2174696404,23,13
340,14,98.2468449963054,1,25583.1587050141,14.0048478568005,7062.05300320991,25,13
340,15,103.344098000451,1,25495.5221050024,14.0048478568005,7879.83223787671,28,18
341,1,66.1719456842977,0,9531.81410097663,5.56530892717302,5349.33185100031,25,4
341,2,53.8796724426665,0,10945.5275284027,5.56530892717302,5596.08168672537,27,0
341,3,65.3943156329953,0,8522.54067144877,5.56530892717302,5723.94992752435,28,1
341,4,55.2476954176893,0,11557.5021229484,5.56530892717302,4400.78554136811,30,3
341,5,76.112312733141,0,11388.2799777555,5.56530892717302,6084.44043945346,25,7
341,6,67.0250779410915,0,16282.3784244353,5.56530892717302,5673.66611051721,24,3
341,7,67.5403674270394,0,15738.9343693556,5.56530892717302,5568.76681003005,28,4
341,8,81.0088131518766,0,17192.489831323,5.56530892717302,6988.32435691787,25,6
341,9,76.3554535089265,0,17924.2970024626,5.56530892717302,7250.77607047625,22,4
341,10,75.9643783449497,0,17504.714755854,5.56530892717302,7227.10357933281,26,12
341,11,75.1535047715692,0,18630.9507261912,5.56530892717302,7293.58479484885,24,12
341,12,78.5254825288634,0,22250.9930917654,5.56530892717302,7046.71251483612,23,12
341,13,80.9199106881217,0,22885.5883349471,5.56530892717302,8159.86333510163,25,9
341,14,85.5474729958598,0,22947.6767942147,5.56530892717302,9228.39591604571,27,14
341,15,87.3909865603138,0,23402.8247306,5.56530892717302,8280.33100166838,36,14
342,1,75.4639910744423,0,34736.666875548,12.379237248301,4857.56749251409,22,1
342,2,79.6471906599708,0,33462.9895640469,12.379237248301,5674.17302669115,24,2
342,3,85.8034425573735,0,34394.4075152228,12.379237248301,5342.06842504266,19,2
342,4,83.9923894062606,0,35806.1388305194,12.379237248301,5503.26661608425,22,4
342,5,86.3251860445156,0,34458.727314964,12.379237248301,5851.46531847963,22,6
342,6,82.214231848837,0,34342.6521219794,12.379237248301,5789.35411543245,24,4
342,7,94.7597924653966,0,37924.0397368107,12.379237248301,6596.71992707747,23,8
342,8,95.4097748281207,0,35793.1330380236,12.379237248301,7102.26488111409,25,8
342,9,94.5056799926693,0,38432.7544434041,12.379237248301,6958.34617846408,22,9
342,10,88.3693027219471,0,36498.7322605474,12.379237248301,7325.01498702475,30,7
342,11,92.9972109403442,0,37716.6109013806,12.379237248301,7210.49317735014,21,12
342,12,92.7308528455658,0,38137.1510651666,12.379237248301,7387.92679305599,26,10
342,13,99.1573379886495,0,36761.3156700661,12.379237248301,7990.97612058414,27,16
342,14,102.735365329029,0,37525.8658426661,12.379237248301,7218.17213952663,24,10
342,15,100.145791542802,0,40453.9272267102,12.379237248301,8667.74725462242,31,15
343,1,68.8397585947914,1,37615.2048326346,10.6445611912283,4944.38140114882,25,1
343,2,82.8901583136819,1,39613.9920696381,10.6445611912283,5125.12123684276,23,1
343,3,81.5934921814452,1,37828.4922673156,10.6445611912283,5647.18984512252,22,1
343,4,81.7477439471202,1,41315.6550500702,10.6445611912283,5506.27877102918,21,3
343,5,75.6847404624007,1,40994.1975225755,10.6445611912283,5705.96191712014,22,3
343,6,82.3022492996616,1,42035.6996234837,10.6445611912283,5869.72957821011,27,4
343,7,95.9499889700205,1,42589.0247310478,10.6445611912283,6565.09606364098,21,4
343,8,95.6536656763421,1,43968.1623451351,10.6445611912283,7325.89037945438,26,10
343,9,110.566138203729,1,45147.1373622433,10.6445611912283,6518.35637778621,28,8
343,10,86.2525647960698,1,44136.6901510815,10.6445611912283,6109.55952239291,26,10
343,11,101.98964615222,1,45982.8853083745,10.6445611912283,7000.41624455995,26,15
343,12,95.2463419660429,1,48150.8786995273,10.6445611912283,7617.1369855471,28,12
343,13,107.448290041607,1,48491.69644721,10.6445611912283,7336.69371873762,26,14
343,14,105.90275031052,1,49632.4602512662,10.6445611912283,7455.73887618381,26,17
343,15,102.68262779766,1,50143.8398159603,10.6445611912283,8700.57850236662,25,13
344,1,63.1487604754874,0,29934.9312129375,8.59012143666699,5004.47177336684,27,0
344,2,81.0210763964332,0,29722.1171964998,8.59012143666699,5596.90030917469,24,2
344,3,71.5567604251473,0,30644.2524995445,8.59012143666699,5381.75022748909,20,4
344,4,80.5684494403233,0,32417.148483234,8.59012143666699,6537.81082424219,27,4
344,5,86.1081903439511,0,35026.7168381392,8.59012143666699,6036.39836761403,26,9
344,6,85.1238026875373,0,34278.5875427408,8.59012143666699,6275.9683101483,24,3
344,7,95.0069036281236,0,35897.0060055485,8.59012143666699,5708.81991386769,23,7
344,8,85.2399044607138,0,34915.1151791048,8.59012143666699,6229.21074130958,25,10
344,9,83.3965090077313,0,36818.0332844807,8.59012143666699,7647.96052955855,27,10
344,10,78.4062012351574,0,37254.5190643793,8.59012143666699,7475.48851113412,30,10
344,11,97.0025400470057,0,39645.8832827769,8.59012143666699,7899.85921764797,18,9
344,12,92.6403219664205,0,39898.8310720387,8.59012143666699,7417.78124307018,23,10
344,13,84.9609651898258,0,41400.0713510951,8.59012143666699,7298.11112144864,24,12
344,14,96.0946118809563,0,44443.3093585833,8.59012143666699,7655.22322197401,28,11
344,15,100.294108305013,0,42107.0651531522,8.59012143666699,8594.17303460021,21,16
345,1,79.1244211166538,0,35260.0851184095,12.6293576712936,5560.91159170182,22,0
345,2,84.6762705503343,0,34351.7083790259,12.6293576712936,5022.50253187404,23,0
345,3,77.752011367626,0,35323.6386115669,12.6293576712936,5827.47085125072,26,5
345,4,87.7613983416428,0,37835.1560367661,12.6293576712936,5960.85474904904,25,8
345,5,85.7455030754064,0,37318.8138012928,12.6293576712936,5984.32252774531,27,6
345,6,95.0517626707326,0,38428.8422135852,12.6293576712936,6127.31879651583,18,7
345,7,90.1399379969569,0,38033.3210512913,12.6293576712936,6476.4186910926,23,9
345,8,101.698602993799,0,39293.374957615,12.6293576712936,7154.16419276805,27,10
345,9,102.238815164394,0,39109.510836083,12.6293576712936,7366.96335641378,29,12
345,10,100.458431270879,0,41364.5199902385,12.6293576712936,6970.70954963633,27,12
345,11,101.977883352058,0,40529.6079065592,12.6293576712936,7650.36618779843,22,14
345,12,98.8583441527472,0,41799.4031404892,12.6293576712936,7052.91562396849,22,9
345,13,97.5319764847098,0,42361.1457264905,12.6293576712936,6820.05392139649,19,12
345,14,106.584286542788,0,43621.5011968768,12.6293576712936,7490.36407343652,20,13
345,15,114.3351895912,0,43737.1616352898,12.6293576712936,7236.54184487574,19,15
346,1,68.9215006241808,0,20346.3919562154,12.3898965480581,5748.86573207633,23,1
346,2,88.7292845808947,0,22810.4817685554,12.3898965480581,5770.17480000271,24,3
346,3,74.3786358975975,0,24182.1505314046,12.3898965480581,5473.21029662702,30,2
346,4,83.9704048509566,0,25978.595445869,12.3898965480581,6359.51880779938,23,4
346,5,78.2797847418748,0,23744.1496874464,12.3898965480581,6206.11781007328,23,6
346,6,85.7916716813945,0,27510.8892063942,12.3898965480581,6543.91263262195,26,5
346,7,82.0305421822569,0,25950.5784982757,12.3898965480581,6832.30607339474,24,5
346,8,90.67412727992,0,27676.7216047229,12.3898965480581,6361.86854035761,22,10
346,9,83.9582324798309,0,27541.319617704,12.3898965480581,7184.11665717082,23,9
346,10,90.3369811180585,0,31169.8005835225,12.3898965480581,7079.70874349546,25,13
346,11,95.7281628509723,0,30669.7418387745,12.3898965480581,6926.9639275548,21,10
346,12,88.1991313374526,0,31376.2434877569,12.3898965480581,8014.10969118403,24,9
346,13,98.4999182733917,0,32744.654076394,12.3898965480581,8720.64836999839,20,12
346,14,94.6308517209552,0,36052.8024311155,12.3898965480581,8548.32443973325,25,13
346,15,108.958105889762,0,33429.0549282679,12.3898965480581,7502.52242647488,27,14
347,1,72.2595800900914,1,30318.4703108951,11.0144802822958,5121.96494389699,27,0
347,2,72.3106949969061,1,30855.5432348772,11.0144802822958,5660.64080899136,26,1
347,3,83.6445301004159,1,31817.2715010581,11.0144802822958,6711.8182025238,21,6
347,4,81.3360992032854,1,33649.1497099922,11.0144802822958,5153.46293106634,26,7
347,5,72.7589285784234,1,33624.7958492843,11.0144802822958,6265.65983485854,32,1
347,6,88.3619011126195,1,34230.978236716,11.0144802822958,6622.97923237312,20,5
347,7,81.105128938651,1,35513.2171405019,11.0144802822958,6990.67674293723,31,7
347,8,88.603234067028,1,35371.6732104472,11.0144802822958,7740.56316599921,22,7
347,9,96.70468246094,1,38848.2609146593,11.0144802822958,6771.1682409081,26,8
347,10,92.0088561192498,1,39720.8239109725,11.0144802822958,6582.23190867445,23,5
347,11,94.8237375665288,1,37952.3728258641,11.0144802822958,6979.28080918248,23,10
347,12,97.7654377191782,1,37748.4448317342,11.0144802822958,7262.15961363703,26,15
347,13,102.042161630497,1,42476.2464799978,11.0144802822958,6880.84948073039,19,16
347,14,105.321129461927,1,41904.721247807,11.0144802822958,7009.39509447718,25,14
347,15,102.269160312209,1,40893.6328856966,11.0144802822958,7677.09208204292,23,15
348,1,80.7237063026165,0,14665.1131476478,17.9181107020124,4931.41621201006,19,0
348,2,76.3410054618947,0,15454.5649261088,17.9181107020124,4887.78212164992,26,1
348,3,88.1635948439294,0,17623.6576794718,17.9181107020124,5760.96204579084,24,4
348,4,84.3596753334975,0,18225.0101397065,17.9181107020124,5131.97882616763,24,3
348,5,87.0424639428163,0,20883.2711480925,17.9181107020124,5478.45573211905,22,8
348,6,87.1202458487648,0,22378.2432747027,17.9181107020124,5930.19354715778,25,3
348,7,94.9595274134978,0,22434.3067299776,17.9181107020124,7252.95904841153,29,9
348,8,90.2259180995871,0,22511.6255812043,17.9181107020124,6625.09052426329,24,8
348,9,95.4675891340539,0,24658.6437835584,17.9181107020124,7309.81497794449,24,9
348,10,93.2574146866418,0,23801.4868233205,17.9181107020124,6499.47253351493,25,10
348,11,101.093264295316,0,24907.5254270877,17.9181107020124,7302.35989101408,24,14
348,12,92.7200148288909,0,26589.7696578245,17.9181107020124,6492.31837908067,25,14
348,13,109.137239867019,0,27387.9657379145,17.9181107020124,8521.45255802133,27,14
348,14,96.7376800209332,0,27806.2780759338,17.9181107020124,8106.38886491083,30,16
348,15,103.527835107117,0,29960.9361982003,17.9181107020124,7058.96210852997,23,17
349,1,86.6691915296371,0,39721.3236100574,5.25392979955033,5977.91688482281,24,0
349,2,86.2447430003644,0,42377.3253034533,5.25392979955033,6133.80708429561,30,3
349,3,82.5005940520122,0,41788.607296978,5.25392979955033,5616.73159355718,24,2
349,4,76.8826870400958,0,42675.7965929932,5.25392979955033,5179.35843546687,28,5
349,5,92.5634296400588,0,43869.6433044256,5.25392979955033,6108.94188003655,24,3
349,6,76.4879032455745,0,46192.2882377156,5.25392979955033,6221.1812741756,28,7
349,7,96.467955786876,0,46338.261146844,5.25392979955033,7411.78084491008,20,7
349,8,95.8195573485268,0,46988.2192185955,5.25392979955033,6647.83912011996,24,10
349,9,87.6859225747519,0,48545.9047872925,5.25392979955033,6016.02861088127,21,7
349,10,93.4583545474478,0,47333.3809629365,5.25392979955033,7197.91680992244,24,10
349,11,94.7832825201105,0,50461.1977212811,5.25392979955033,7581.04854641519,24,8
349,12,108.663884145491,0,50220.0396427388,5.25392979955033,7811.74372641028,21,13
349,13,108.862006367304,0,49664.6016646808,5.25392979955033,8164.22959257684,26,12
349,14,94.4821363285328,0,51416.7675406811,5.25392979955033,7701.30183401266,26,12
349,15,96.0149573257075,0,52536.0949931608,5.25392979955033,8244.62125530215,26,11
350,1,89.82391467622,1,47149.9479602324,14.5146581618355,5533.40754720821,22,0
350,2,96.674348605817,1,44383.8942955283,14.5146581618355,4994.54862930176,24,2
350,3,93.5596065512649,1,46785.443264435,14.5146581618355,5313.87122113306,23,0
350,4,98.2785127058095,1,46918.4910364947,14.5146581618355,5147.21623984956,25,5
350,5,92.6008996977003,1,48903.9955565873,14.5146581618355,5845.19351935126,20,2
350,6,102.430879296274,1,49403.6152479922,14.5146581618355,6558.50557376187,24,4
350,7,96.9943142386866,1,51192.041465784,14.5146581618355,6080.19443267192,29,5
350,8,104.196029832381,1,51878.5223277371,14.5146581618355,6061.12427657984,24,6
350,9,108.715357841281,1,52351.1661503583,14.5146581618355,6637.01066703184,27,10
350,10,111.283642094963,1,54185.1640569226,14.5146581618355,7390.88044047749,22,8
350,11,109.155236477886,1,52058.8558326181,14.5146581618355,6823.73270968237,25,12
350,12,115.678572130514,1,53399.0320470543,14.5146581618355,7911.71745293064,19,14
350,13,118.68478928159,1,55607.1864597099,14.5146581618355,7354.40358256424,24,12
350,14,110.797474919359,1,54810.5484485094,14.5146581618355,8287.49295827403,24,13
350,15,111.742302944872,1,54895.3950449545,14.5146581618355,7212.03379988888,27,14
351,1,82.2589409208259,0,39925.2990149082,11.1329301886123,4523.07556628723,25,0
351,2,79.1499170947848,0,41372.9366147215,11.1329301886123,5110.31137408313,26,2
351,3,90.4611769100649,0,41025.0271901958,11.1329301886123,5169.47790122417,25,1
351,4,86.2701246153911,0,39832.6273256478,11.1329301886123,6286.33917123251,27,1
351,5,78.3410428632455,0,42411.135499515,11.1329301886123,6309.57288564791,29,6
351,6,91.4905014929777,0,43235.8134765464,11.1329301886123,6892.72283620473,24,5
351,7,86.7870875761005,0,44837.2761856825,11.1329301886123,5656.36481501077,26,7
351,8,94.2402503805867,0,46066.7692230329,11.1329301886123,6919.59633804442,25,9
351,9,97.7924785651847,0,48435.3057585947,11.1329301886123,6987.36743635592,23,9
351,10,97.9354261868875,0,47001.0625348471,11.1329301886123,7185.09393369631,24,10
351,11,103.823022557508,0,48796.2712720665,11.1329301886123,7515.88554912809,21,9
351,12,93.5996241760279,0,49651.662277346,11.1329301886123,6644.696807695,32,12
351,13,103.435423745143,0,52802.7490735033,11.1329301886123,7886.70640550383,24,10
351,14,109.71299078362,0,50865.2911485685,11.1329301886123,7706.26100699441,22,14
351,15,106.123146427266,0,51794.3458466666,11.1329301886123,8080.16675213054,27,17
352,1,76.2364717217111,1,31780.9049911791,13.9695402317381,5011.93786483872,21,0
352,2,74.5992315053614,1,31735.6205720068,13.9695402317381,5761.74611379667,26,0
352,3,85.8532807768296,1,32079.1052296466,13.9695402317381,6080.20201639276,27,2
352,4,94.7347679353003,1,32900.3544099836,13.9695402317381,5697.12632229411,25,1
352,5,92.6780257291424,1,31996.9511107633,13.9695402317381,6128.0806259429,23,5
352,6,89.3689820136931,1,35813.2002697575,13.9695402317381,7019.28555525411,19,6
352,7,93.70204874958,1,36360.1026164958,13.9695402317381,5338.15134325611,24,9
352,8,96.1086223088816,1,38566.1373506557,13.9695402317381,6643.89231982227,28,7
352,9,90.6131148011528,1,37946.2488518889,13.9695402317381,7685.2964869544,28,9
352,10,98.922029852798,1,40391.518489129,13.9695402317381,6800.40338347587,27,9
352,11,103.820384462817,1,40595.0492381324,13.9695402317381,6791.9567501077,27,13
352,12,95.8284816092846,1,42043.7679401936,13.9695402317381,7504.15095078423,25,11
352,13,105.115941181183,1,40466.8682481833,13.9695402317381,7178.18861083379,29,13
352,14,117.147836828432,1,44214.679599239,13.9695402317381,6977.65301287482,22,14
352,15,121.486871070719,1,44966.0790770379,13.9695402317381,7749.73471631775,27,19
353,1,84.8707424902153,1,31659.5953176788,10.638006898084,4040.33340019265,20,1
353,2,82.3313483919183,1,30902.9680513761,10.638006898084,4937.71067959172,32,4
353,3,81.0018357527645,1,30486.5791255467,10.638006898084,5785.20137652393,23,0
353,4,91.1699444656912,1,32042.127349051,10.638006898084,6171.27946804337,22,4
353,5,82.5409275097524,1,33551.5315627964,10.638006898084,5998.49551041224,27,3
353,6,97.713196712297,1,34291.0429026816,10.638006898084,6156.67838127885,29,6
353,7,97.3568025285022,1,35351.8185150615,10.638006898084,6354.49979017086,21,8
353,8,92.7331090793913,1,34568.4829059982,10.638006898084,6866.75841117324,27,7
353,9,90.4609100919189,1,36826.1310716458,10.638006898084,6032.57005185398,27,6
353,10,113.367944436784,1,35071.8058622368,10.638006898084,6834.52704794603,24,10
353,11,96.3186093804666,1,33793.468374317,10.638006898084,7625.30255417265,25,10
353,12,98.6922694537918,1,37314.4051056858,10.638006898084,7120.37981579096,27,15
353,13,106.358284631223,1,37662.8005639179,10.638006898084,7048.31541359375,21,13
353,14,104.333420877572,1,37006.9314460552,10.638006898084,7883.05521287256,19,15
353,15,109.665596639662,1,39061.5364997748,10.638006898084,8223.50025326086,25,11
354,1,68.3163735916184,0,17155.2047431587,10.2184063126647,5345.91998491286,24,5
354,2,71.2834058100281,0,18075.7130880747,10.2184063126647,5711.62665145548,26,0
354,3,67.8657622255913,0,20830.2513278169,10.2184063126647,5082.59621589668,21,1
354,4,79.1719226149873,0,16892.7063212112,10.2184063126647,6235.54338614429,19,7
354,5,67.2917035610526,0,20790.5096721691,10.2184063126647,6344.6314522393,24,5
354,6,81.2233218792366,0,20533.6584559873,10.2184063126647,6338.86988648362,24,3
354,7,85.2358555415175,0,20888.1996781293,10.2184063126647,6651.09608403582,26,11
354,8,81.6074609515371,0,22160.8126760381,10.2184063126647,5865.41941613322,22,7
354,9,74.5470657469166,0,22067.3414560314,10.2184063126647,7780.47038288458,23,3
354,10,95.8459032257375,0,22535.9494765335,10.2184063126647,6684.45690595046,23,12
354,11,82.6051724227367,0,22202.3546471432,10.2184063126647,7781.32781319189,30,11
354,12,86.7718412025001,0,25708.7930884884,10.2184063126647,8011.89868539247,27,12
354,13,90.2811699035111,0,25534.7914283426,10.2184063126647,6914.42747061786,28,11
354,14,90.1831045875393,0,23880.6728863638,10.2184063126647,7567.68961055588,22,14
354,15,98.5353321496454,0,25355.4756133133,10.2184063126647,7985.18850621247,27,15
355,1,85.5745077407095,1,37814.5277511107,6.86886100081612,4745.1508449079,21,0
355,2,82.1254967927407,1,37423.8078632684,6.86886100081612,5577.85665221786,25,3
355,3,74.3741385319302,1,38864.1165405887,6.86886100081612,5536.30870896554,25,5
355,4,84.1268269246499,1,39768.385719716,6.86886100081612,5522.95138383604,29,5
355,5,84.834440835408,1,42113.923986629,6.86886100081612,5617.89223728273,30,6
355,6,85.6336693967505,1,40530.4239323273,6.86886100081612,6641.73063002154,24,8
355,7,93.9195983781689,1,42914.4455818696,6.86886100081612,6570.01951248643,28,4
355,8,89.2919838205478,1,42386.1055647703,6.86886100081612,5978.08019831849,26,9
355,9,90.6444886733397,1,43535.0977132039,6.86886100081612,7631.73966895406,27,8
355,10,92.9597955985649,1,44593.8463008514,6.86886100081612,7563.82865810256,23,6
355,11,92.3904367290668,1,45787.8561956825,6.86886100081612,7193.97152286092,26,10
355,12,101.673935241849,1,46414.7395221834,6.86886100081612,8383.92020696292,20,9
355,13,95.8555758046938,1,46658.3821722005,6.86886100081612,7028.02978862409,20,12
355,14,103.688821559909,1,47959.1499942273,6.86886100081612,6980.38567267622,28,11
355,15,104.04267687618,1,49057.049892902,6.86886100081612,6746.37996427997,26,13
356,1,71.8432241862438,1,29477.3839128969,11.3716547151818,4877.02203778537,25,1
356,2,71.5579330724242,1,28462.9242101027,11.3716547151818,5111.76744077357,27,6
356,3,72.9800115116498,1,30328.8760501331,11.3716547151818,6053.26070454388,26,3
356,4,93.3151033979402,1,33096.5500117399,11.3716547151818,6430.68131531326,24,6
356,5,85.2672252521634,1,31471.9458195454,11.3716547151818,6079.7772341923,29,6
356,6,89.1584548052355,1,32837.3729396297,11.3716547151818,6077.64204803469,25,3
356,7,78.0492858363703,1,34526.3055167986,11.3716547151818,6139.85425378559,28,5
356,8,85.098091815293,1,33055.8661479517,11.3716547151818,7053.47192258102,28,10
356,9,93.192898539123,1,33701.765808042,11.3716547151818,6431.48729056964,21,9
356,10,98.3945131629742,1,36936.3893270431,11.3716547151818,6917.96781159598,26,10
356,11,92.5736422214205,1,37139.7125995938,11.3716547151818,6924.56560677211,26,15
356,12,91.3969175113084,1,36151.7277111776,11.3716547151818,7141.35041746321,25,9
356,13,106.472558163977,1,39479.5491188792,11.3716547151818,7569.6336737685,20,15
356,14,97.1779600478328,1,39754.9866536136,11.3716547151818,7889.87035422247,21,13
356,15,106.025832251329,1,41241.7677583171,11.3716547151818,8189.36204592436,30,16
357,1,79.5567548087217,1,24139.3319998131,19.4362374040713,4866.20715933876,27,3
357,2,90.1281534605259,1,26993.5513531744,19.4362374040713,4682.39822121738,23,5
357,3,84.4834356210725,1,26652.8947456921,19.4362374040713,6510.0458303615,19,3
357,4,86.5506932136254,1,25245.0086606897,19.4362374040713,6122.51519854778,20,4
357,5,95.3616260543536,1,26915.12388778,19.4362374040713,6488.64570358647,20,2
357,6,104.398586654733,1,29102.150402637,19.4362374040713,5736.76623617362,22,9
357,7,86.8270128330584,1,29733.4712836977,19.4362374040713,5818.05268482578,26,7
357,8,95.0372636978339,1,28094.6384751244,19.4362374040713,6704.76693689095,27,8
357,9,101.220595451279,1,30184.7680190986,19.4362374040713,6321.25754035758,25,8
357,10,94.1637451291126,1,28910.9261320247,19.4362374040713,7346.43223098538,18,5
357,11,98.9474310664908,1,32263.1686784472,19.4362374040713,7507.62785622738,27,12
357,12,112.274788025907,1,32473.192991807,19.4362374040713,7954.97421005286,20,13
357,13,113.119842925516,1,34330.7289131303,19.4362374040713,7560.08559903856,21,12
357,14,111.36228297115,1,32924.5477963533,19.4362374040713,7605.90170432522,29,15
357,15,115.40037630663,1,34289.1938381375,19.4362374040713,7317.19558346122,22,14
358,1,72.6819162756356,0,18831.6810259357,14.9691066243881,5257.67449505031,22,3
358,2,69.5244663060566,0,19354.7859620668,14.9691066243881,6491.39158934934,28,1
358,3,80.2910290124789,0,22134.8525624892,14.9691066243881,5521.32890239074,29,5
358,4,85.5067331887862,0,22894.2546820085,14.9691066243881,5531.55960979435,25,6
358,5,77.8358103148171,0,23118.4116235158,14.9691066243881,5266.09692711887,28,2
358,6,80.8803201945102,0,24061.1730017097,14.9691066243881,6116.15930696959,28,9
358,7,96.5357825005699,0,24738.2384502339,14.9691066243881,5548.40083663314,26,6
358,8,88.117113294008,0,25647.2296724879,14.9691066243881,6960.58663210419,26,9
358,9,98.3216889669876,0,26244.2106788982,14.9691066243881,6858.7465776397,26,9
358,10,97.2998028791255,0,25552.2456305655,14.9691066243881,8431.49241314828,30,13
358,11,96.4732777346308,0,25687.2311441263,14.9691066243881,7348.69262924416,26,14
358,12,95.017541560097,0,27187.0752398545,14.9691066243881,7804.80569469955,30,11
358,13,95.276798934793,0,30568.5623813081,14.9691066243881,8886.6416324042,21,9
358,14,98.2840950895801,0,29019.0166478289,14.9691066243881,7387.62736057439,21,14
358,15,98.6335593322918,0,31555.6987944352,14.9691066243881,7756.13416248802,31,14
359,1,84.7130011208012,0,28936.1224806285,17.0267164674805,4627.60290499536,23,1
359,2,85.5931644335196,0,28857.7822038983,17.0267164674805,5014.87145669729,24,0
359,3,77.7322563674793,0,29533.7050835146,17.0267164674805,5562.55562531422,25,4
359,4,90.2290817488854,0,30396.3972301816,17.0267164674805,5329.22308745603,25,4
359,5,106.234458690213,0,31864.8830427175,17.0267164674805,5959.37354863727,25,8
359,6,89.9356499532451,0,30815.951071391,17.0267164674805,6457.13527560432,31,7
359,7,93.5605208133301,0,31045.0831027207,17.0267164674805,7051.26041505567,23,7
359,8,89.6098785639683,0,31266.7828998949,17.0267164674805,5427.14313568602,22,5
359,9,92.9510624392727,0,33364.0621712834,17.0267164674805,6179.45499439698,22,9
359,10,95.2701501894854,0,33064.5860332678,17.0267164674805,7266.35878438953,28,11
359,11,102.874973853945,0,34585.8877437254,17.0267164674805,8435.95986404064,31,11
359,12,99.5917350996603,0,32682.7083677527,17.0267164674805,6817.16762472608,26,12
359,13,110.768254623145,0,34114.1280243538,17.0267164674805,7101.96639756222,20,13
359,14,109.434695279683,0,34855.0741283236,17.0267164674805,8572.15740495848,22,17
359,15,107.573827836018,0,36147.25755134,17.0267164674805,7274.35924115521,26,11
360,1,79.4469509338449,1,24693.7784769231,14.7448959549421,5841.01210792625,24,1
360,2,76.6067722784071,1,24656.6391500265,14.7448959549421,4779.80794115995,21,3
360,3,76.5434256127233,1,25930.9890587961,14.7448959549421,4476.42449644451,27,1
360,4,93.3854386582123,1,25379.1528933464,14.7448959549421,5506.39332312985,20,6
360,5,85.6162642930991,1,29401.5375501498,14.7448959549421,6716.38392205427,27,6
360,6,92.3441787066236,1,27942.361993504,14.7448959549421,6232.78300618539,21,9
360,7,92.0378387174791,1,28935.0476886143,14.7448959549421,6369.30010345328,32,8
360,8,88.4227276938623,1,29512.3118278555,14.7448959549421,6768.71636277867,27,6
360,9,98.5945249521812,1,29704.6129177417,14.7448959549421,6728.39161768029,26,9
360,10,113.187347893191,1,32398.8867721217,14.7448959549421,8147.44747553792,23,14
360,11,107.696951194944,1,30545.8246336447,14.7448959549421,7550.25078588517,27,14
360,12,99.7243934208558,1,32875.6063808714,14.7448959549421,7550.6916822101,23,13
360,13,111.330087913651,1,34151.5402373058,14.7448959549421,7054.65769952665,25,16
360,14,101.012019095791,1,33389.9527473995,14.7448959549421,7617.85623107634,18,14
360,15,110.921553938307,1,36759.6985760083,14.7448959549421,7331.17008031191,24,13
361,1,71.6577478851094,0,27016.5903318126,15.4327881238856,4815.42086993414,30,0
361,2,82.6872564877368,0,28833.3999342935,15.4327881238856,5034.97503020969,28,4
361,3,90.4291885610405,0,27031.1630170156,15.4327881238856,5125.25024161469,24,1
361,4,88.633088297889,0,29245.2300058061,15.4327881238856,5409.64332989733,29,5
361,5,82.7875980749495,0,30266.5627048308,15.4327881238856,5918.8410926952,29,4
361,6,88.0399398937138,0,29523.1510021786,15.4327881238856,6713.02286116424,28,5
361,7,82.3758488235394,0,32468.330457252,15.4327881238856,7123.29138176815,30,6
361,8,98.8085059740911,0,32496.3981616599,15.4327881238856,6436.14882874688,28,8
361,9,87.5523325172289,0,32804.2685452598,15.4327881238856,7565.66313250604,20,6
361,10,83.8415756914704,0,33752.2028288634,15.4327881238856,7578.00652318791,31,7
361,11,97.547603218284,0,34195.0029366149,15.4327881238856,7933.38063167201,25,8
361,12,100.302142836631,0,35594.2139504534,15.4327881238856,8020.72241268327,24,9
361,13,106.68801040457,0,35781.0803621198,15.4327881238856,7693.42725676394,25,16
361,14,114.439967798257,0,37812.5676718446,15.4327881238856,6594.89446924746,23,13
361,15,97.4759578578951,0,36532.4181124208,15.4327881238856,8167.82931963638,21,17
362,1,76.3161973604087,0,22124.950118797,14.7086292434973,4659.97256125101,16,0
362,2,73.2560226229932,0,22383.0494474242,14.7086292434973,5378.14642813241,20,1
362,3,76.7033175091794,0,25395.2859288827,14.7086292434973,6126.02844088245,28,1
362,4,84.6319762881832,0,24252.5507521029,14.7086292434973,5884.8490831528,21,4
362,5,86.7145760394641,0,25344.7072354137,14.7086292434973,6150.0635285673,26,6
362,6,84.9844166867695,0,25855.1949725141,14.7086292434973,6754.62871235144,25,4
362,7,75.4802423818345,0,25112.3520923542,14.7086292434973,6040.08497278867,27,6
362,8,88.9552181567171,0,26216.7974248438,14.7086292434973,7539.79628028191,25,9
362,9,88.7066929375272,0,29046.0591110879,14.7086292434973,6591.10214845787,23,6
362,10,97.5065897859539,0,30265.7213052831,14.7086292434973,6821.54723107161,23,10
362,11,83.8208282421489,0,30474.6979380679,14.7086292434973,7107.04389629932,23,6
362,12,100.121552960451,0,32772.0759885038,14.7086292434973,7851.84966340746,20,8
362,13,84.0560540373794,0,34509.6531636353,14.7086292434973,8103.61867911355,21,12
362,14,99.4953708327338,0,35852.3962875143,14.7086292434973,7658.84582408514,21,15
362,15,104.064546937764,0,32951.1421518892,14.7086292434973,8216.5213624056,27,18
363,1,80.9827836883443,1,45595.4614930085,13.4261772952953,5689.69536697849,29,2
363,2,84.6751672004161,1,47017.1581693851,13.4261772952953,5289.11187136053,23,1
363,3,89.7208480250109,1,48048.3107257585,13.4261772952953,5608.14936412677,23,2
363,4,96.0280339298668,1,49768.1640590715,13.4261772952953,5590.22186774403,26,4
363,5,95.9469836395752,1,49777.8077577747,13.4261772952953,6238.43617365871,26,3
363,6,94.3358616032795,1,50922.1501268411,13.4261772952953,5932.96108520366,29,8
363,7,110.366696131809,1,53514.3285228785,13.4261772952953,7146.10388378437,22,9
363,8,101.715010470926,1,53103.2813556485,13.4261772952953,6495.1513580328,22,3
363,9,114.376594408192,1,55957.6225252763,13.4261772952953,6723.67188937323,23,9
363,10,103.130919434571,1,55548.0082161951,13.4261772952953,7461.72179688791,24,11
363,11,109.293037398931,1,57047.4139045506,13.4261772952953,8226.46211700044,26,10
363,12,106.90081743405,1,58220.0745496903,13.4261772952953,7602.60397588796,26,13
363,13,126.700745988735,1,61087.1752174616,13.4261772952953,8640.50508217789,21,14
363,14,107.754973706912,1,61429.3971721535,13.4261772952953,7596.59110412779,24,15
363,15,117.879808170772,1,63312.3250183028,13.4261772952953,8246.20252203054,22,16
364,1,76.9572898268974,0,32864.8277867951,10.252413678009,5186.6095869748,23,0
364,2,80.7922173119567,0,30111.4801834282,10.252413678009,6510.88190283624,26,2
364,3,83.011074560161,0,33049.581883421,10.252413678009,5460.44209652145,23,2
364,4,83.4708442642084,0,32962.9560352968,10.252413678009,7152.74392217762,20,4
364,5,80.6227034095844,0,32971.4161300806,10.252413678009,6222.10057154779,21,4
364,6,88.357108313853,0,32391.5836996347,10.252413678009,6223.2853418658,26,6
364,7,87.2941349024553,0,37035.0739277352,10.252413678009,6169.02166503009,19,6
364,8,90.3823781672749,0,33147.8382770395,10.252413678009,6244.77627910601,26,9
364,9,91.4297818150474,0,34658.5255999377,10.252413678009,6788.6237680558,18,5
364,10,80.897434894556,0,37165.940867232,10.252413678009,6734.68391998604,27,11
364,11,84.0112072512673,0,35102.9561706635,10.252413678009,7473.34422704449,22,10
364,12,90.3150375887129,0,37713.8308300105,10.252413678009,7937.31929827303,24,8
364,13,99.047459596813,0,36323.8612711821,10.252413678009,7599.86634766625,27,10
364,14,105.957736059149,0,38960.3890621537,10.252413678009,7901.76220505468,23,12
364,15,98.9197045162588,0,41300.7542201675,10.252413678009,8219.13138366806,31,16
365,1,91.5906406373693,0,39809.4061817754,10.4011957880296,4547.90964205876,23,0
365,2,88.457690961819,0,41103.8339585184,10.4011957880296,5553.80709317932,21,1
365,3,96.8246827294812,0,42360.6915467629,10.4011957880296,5700.9703763911,26,0
365,4,93.5733057299379,0,41849.7939260309,10.4011957880296,6276.36477714408,21,5
365,5,96.5383035839706,0,42696.8064445698,10.4011957880296,6266.03747035891,24,5
365,6,95.4037208976232,0,44137.4726795644,10.4011957880296,5919.83206642384,17,9
365,7,97.2146367272455,0,46036.9795526806,10.4011957880296,6902.7223314147,24,5
365,8,94.9041852769276,0,45619.604698428,10.4011957880296,6424.59616859488,20,7
365,9,92.3755671873897,0,47627.6081299079,10.4011957880296,6584.87532715669,21,7
365,10,96.4446111086475,0,49514.480168384,10.4011957880296,6396.88437281094,21,10
365,11,108.842782743048,0,49178.3509112919,10.4011957880296,7897.26836728525,28,7
365,12,99.4018679170221,0,50681.1422017293,10.4011957880296,7704.5562749503,25,9
365,13,101.760668738645,0,51924.226458013,10.4011957880296,8091.85231779424,27,10
365,14,100.77670408597,0,51149.9107861016,10.4011957880296,7842.61282716143,26,14
365,15,117.072983074533,0,53606.7518840487,10.4011957880296,7735.05263857111,23,12
366,1,65.7237908260859,1,8946.50884363517,7.19748001087414,6856.81094146942,29,3
366,2,61.9325333958845,1,10862.2877300557,7.19748001087414,4891.83982184471,25,2
366,3,65.2021216298826,1,12587.6437422782,7.19748001087414,4999.2878583636,18,3
366,4,71.9297548118867,1,13673.491442063,7.19748001087414,6438.77436709214,26,1
366,5,67.741630162805,1,13122.1170379133,7.19748001087414,5880.77333632373,28,5
366,6,75.5888762610826,1,13772.7298029048,7.19748001087414,6612.57395065266,21,7
366,7,68.3913957914583,1,17718.8198599311,7.19748001087414,5682.59796959331,21,3
366,8,79.8018454869395,1,14988.1829642081,7.19748001087414,6794.38447776622,21,9
366,9,79.7502255927138,1,16761.8043063689,7.19748001087414,5946.83046179847,26,7
366,10,73.4058531196932,1,18511.8604354757,7.19748001087414,6795.95224450011,24,11
366,11,77.8144637151435,1,19729.0124509937,7.19748001087414,6792.68706989623,20,13
366,12,70.6172625899888,1,20137.6627247132,7.19748001087414,7569.79132002797,22,11
366,13,95.819947543406,1,20378.4464238766,7.19748001087414,7561.71211824234,19,13
366,14,94.9264708065638,1,22602.9087807492,7.19748001087414,7729.66850319064,29,16
366,15,89.2032051579249,1,22377.5288983393,7.19748001087414,7755.36218503777,24,13
367,1,78.9617866208543,0,26662.4519194876,11.98254685836,5312.53619988424,23,0
367,2,78.6888192334212,0,28368.8899265792,11.98254685836,5908.69025547419,25,4
367,3,74.1140678743598,0,29762.4903524867,11.98254685836,6007.82331736351,25,2
367,4,77.3658002896258,0,30619.3569380218,11.98254685836,5802.23676013295,25,1
367,5,89.5817924194726,0,31214.2541858074,11.98254685836,6622.21658990302,21,4
367,6,84.4040843543817,0,30814.7381000148,11.98254685836,5953.9545099356,24,4
367,7,84.3405629835347,0,30120.1600072775,11.98254685836,6849.12559088733,28,8
367,8,89.1805203860811,0,31100.2422650756,11.98254685836,6907.34590392715,23,9
367,9,86.6212057991836,0,34133.3501696524,11.98254685836,6599.82012658972,24,9
367,10,90.5090045079148,0,31947.6194936281,11.98254685836,7004.84014898926,22,9
367,11,85.4764305931004,0,35761.6605782703,11.98254685836,7514.52521131806,25,11
367,12,95.6683598396445,0,35826.0184009485,11.98254685836,7966.60464268877,25,11
367,13,96.3414771788842,0,38506.0523161729,11.98254685836,7473.96484170312,23,11
367,14,111.983967472244,0,37367.220274198,11.98254685836,7905.83537324082,23,16
367,15,90.0612506322069,0,36020.2139248994,11.98254685836,8252.4981180512,28,13
368,1,81.5207424053494,0,26129.7728237253,14.6980670275701,5398.68448401332,24,0
368,2,87.1256073141282,0,27109.0678469468,14.6980670275701,5790.45400895239,26,3
368,3,84.283779596255,0,26313.7199371629,14.6980670275701,5379.18486960825,29,1
368,4,83.6351846555968,0,27138.2328434063,14.6980670275701,5539.16811230061,22,2
368,5,87.8296590903287,0,28546.4369291068,14.6980670275701,6506.92078342228,26,6
368,6,90.0698177189038,0,29107.2083312077,14.6980670275701,6227.97306291252,23,3
368,7,97.3909343133168,0,29546.6871148769,14.6980670275701,5681.98875443609,22,8
368,8,90.8642333953395,0,30325.5616502738,14.6980670275701,6574.49583346624,23,12
368,9,93.1817484113399,0,32962.7032362664,14.6980670275701,7749.29573552628,25,6
368,10,92.1215703771913,0,32787.4550847914,14.6980670275701,6215.21912472429,25,6
368,11,87.044642625108,0,34445.7084911265,14.6980670275701,6014.92216941812,32,12
368,12,88.5756000067733,0,32703.1079083526,14.6980670275701,7219.65149635793,26,13
368,13,94.5124693951293,0,33404.9817907878,14.6980670275701,7571.57607447231,25,13
368,14,106.698998363695,0,34215.6637337043,14.6980670275701,8186.96226827699,23,15
368,15,109.401584546579,0,35956.4863264766,14.6980670275701,7173.64340895955,23,14
369,1,70.2253872751651,0,23115.1568084948,15.0957676695782,4533.68974058607,19,1
369,2,76.6498204237638,0,22869.4062914582,15.0957676695782,5401.60755968327,25,1
369,3,89.005056413418,0,23243.8304892332,15.0957676695782,5880.18221590362,27,3
369,4,83.4851215015502,0,24985.0893639279,15.0957676695782,6255.15116370485,27,8
369,5,89.3795954024606,0,25456.0743517178,15.0957676695782,5214.54741763225,23,4
369,6,91.7184000591922,0,26716.3678209635,15.0957676695782,6157.93743549595,24,1
369,7,89.3487626113774,0,27052.6493292696,15.0957676695782,6592.70792989647,22,8
369,8,80.9920700896519,0,29279.662401274,15.0957676695782,6148.4729001357,27,8
369,9,87.3251614264525,0,29832.245219188,15.0957676695782,6197.85727620798,21,7
369,10,97.3462086653673,0,30350.9160094158,15.0957676695782,7513.09495911951,25,8
369,11,97.1833380586529,0,32493.8972216794,15.0957676695782,6830.46900857072,22,12
369,12,94.9153940191921,0,34078.6356016836,15.0957676695782,8207.27928868597,23,10
369,13,99.0343154384799,0,34554.3674237462,15.0957676695782,8299.75524016371,26,15
369,14,94.4329103290073,0,35574.2503169279,15.0957676695782,7737.10673193814,23,13
369,15,98.839992660995,0,36707.0007214826,15.0957676695782,7489.48902009797,23,9
370,1,77.608144056067,0,43759.9074117338,12.2853981133663,4142.77552817362,23,0
370,2,76.3856511327472,0,43895.752358026,12.2853981133663,5801.4290418653,24,0
370,3,87.4751538225223,0,43543.260587699,12.2853981133663,5516.73935399245,26,0
370,4,91.4223187630615,0,43060.0322792802,12.2853981133663,6800.11325076745,27,4
370,5,91.9331976406812,0,44419.3489278165,12.2853981133663,6995.64108426983,28,7
370,6,94.6386963450874,0,43497.92725556,12.2853981133663,5717.10204378952,25,7
370,7,101.886504393447,0,46262.3769137349,12.2853981133663,6439.97901529747,27,6
370,8,96.2432322516879,0,45933.9768274396,12.2853981133663,6566.43653012113,27,9
370,9,97.0647090485746,0,47450.9759298955,12.2853981133663,8002.00863596516,21,4
370,10,102.472384973882,0,47453.234341762,12.2853981133663,7889.55807972938,22,8
370,11,106.397404978875,0,47220.0382336437,12.2853981133663,7120.1552879262,21,11
370,12,96.3726026536412,0,46694.7649069276,12.2853981133663,7006.55230096784,24,9
370,13,110.513201498922,0,47441.2099187842,12.2853981133663,8164.25686423244,24,13
370,14,100.349682391543,0,46766.5389757006,12.2853981133663,7217.10492978988,23,15
370,15,104.681894189138,0,48156.937970426,12.2853981133663,8385.13766219149,21,11
371,1,69.9884761963362,0,20512.3687651264,10.3571171483343,5975.25956622853,20,0
371,2,75.8380472811871,0,20188.3626182736,10.3571171483343,5583.2342164527,21,4
371,3,78.7038219584405,0,20853.3497797619,10.3571171483343,5402.98981742999,25,4
371,4,76.4204864639208,0,20928.9441437619,10.3571171483343,5852.50425884662,29,6
371,5,76.6913837529928,0,23359.3022318184,10.3571171483343,6025.56730376799,27,8
371,6,76.5160361249165,0,23232.6738535861,10.3571171483343,6289.21137658479,28,5
371,7,90.5026443614634,0,22526.9240892288,10.3571171483343,6540.70339435681,20,5
371,8,85.7842154022425,0,24337.1110773001,10.3571171483343,7033.33584534543,24,8
371,9,82.7577817450778,0,25827.5841420219,10.3571171483343,6796.45338304509,26,5
371,10,82.5360102283973,0,25130.9147747648,10.3571171483343,7231.79405318285,25,9
371,11,79.8007248884799,0,26102.9421591489,10.3571171483343,6772.29269718393,22,11
371,12,93.5987060262686,0,26386.819979832,10.3571171483343,8218.20065195638,21,12
371,13,97.9099991934997,0,28691.1561752127,10.3571171483343,7710.98606056317,27,10
371,14,84.6269542031686,0,28195.540870215,10.3571171483343,8698.1661879859,28,11
371,15,94.6251050323206,0,31377.6720602247,10.3571171483343,8250.62838968494,18,10
372,1,96.3262243697664,0,31082.5075962865,21.8715523299556,5516.02669794796,25,4
372,2,96.3181901987649,0,33526.4609282786,21.8715523299556,6056.558142709,21,0
372,3,81.3682738101936,0,34975.532168705,21.8715523299556,5578.53728932333,28,0
372,4,90.8250072015005,0,34339.9154933969,21.8715523299556,5438.7392356083,26,4
372,5,102.473197796359,0,37177.123319387,21.8715523299556,6223.73228335133,23,4
372,6,103.742302363132,0,35611.7773421501,21.8715523299556,6494.46413602861,28,1
372,7,106.510778567054,0,35101.2505588661,21.8715523299556,6581.25449686283,29,11
372,8,85.5268964050496,0,36208.4512423982,21.8715523299556,6637.95133794551,24,7
372,9,110.203753562302,0,36934.7774108073,21.8715523299556,6490.88242292688,28,9
372,10,100.997631932105,0,37779.8694556491,21.8715523299556,6625.46797341495,24,9
372,11,100.759792119748,0,38347.4917654179,21.8715523299556,6496.77844817742,26,13
372,12,110.059408002393,0,40187.4637268092,21.8715523299556,6942.66620595247,22,13
372,13,108.994825316889,0,38525.302646182,21.8715523299556,7388.74238327224,23,17
372,14,111.652027320406,0,39261.6070410289,21.8715523299556,8199.32589458505,24,13
372,15,113.806728051436,0,40225.6962225857,21.8715523299556,8380.08671541692,24,13
373,1,80.0777226820146,1,36697.4999387725,14.2100565937513,5740.50325670858,29,0
373,2,85.8840786615799,1,39137.7474337395,14.2100565937513,5317.90554885438,23,0
373,3,88.3677533888946,1,40290.9899638311,14.2100565937513,5510.28915571642,27,3
373,4,93.8943684001843,1,39886.9315913729,14.2100565937513,5017.98492862383,27,5
373,5,94.1223783049966,1,40919.3961122485,14.2100565937513,6592.53973331026,22,4
373,6,97.6978628996439,1,43176.5754101245,14.2100565937513,6719.11759761182,23,4
373,7,102.066622320683,1,43645.0120494652,14.2100565937513,5861.21105677379,23,6
373,8,109.726512323298,1,46125.2009954328,14.2100565937513,6586.10035438665,27,9
373,9,109.803193795453,1,45918.7291432974,14.2100565937513,6236.06138157829,23,9
373,10,110.175798068367,1,47483.496162189,14.2100565937513,7665.61815432396,22,11
373,11,114.568515055806,1,49083.3707763763,14.2100565937513,7132.43488445343,23,11
373,12,112.069499173541,1,48949.6381336474,14.2100565937513,6830.1244996866,29,10
373,13,119.988989163137,1,51720.4024474722,14.2100565937513,7960.32170181548,23,11
373,14,130.216668877526,1,52183.729270585,14.2100565937513,7742.96763602289,27,16
373,15,122.885228124686,1,55213.1208769716,14.2100565937513,8124.96945697287,23,16
374,1,87.2878650099846,0,31870.5531318961,16.2617259146374,4532.83186282603,24,0
374,2,88.0502584475997,0,30977.9436184817,16.2617259146374,5537.97266572451,21,3
374,3,89.89483521118,0,34883.0315201943,16.2617259146374,5544.76783582539,29,2
374,4,91.0224553719015,0,34482.7638041502,16.2617259146374,5825.23277874183,21,3
374,5,91.0868615728157,0,36840.2323669506,16.2617259146374,5592.17704645025,28,4
374,6,91.8975687977312,0,35030.2832893218,16.2617259146374,6131.34813078407,24,7
374,7,94.7501758038025,0,39397.5012034422,16.2617259146374,6220.71516156236,24,1
374,8,95.2569962397338,0,38936.7249295691,16.2617259146374,6574.77027811357,24,10
374,9,105.293909109288,0,38079.1855716713,16.2617259146374,7005.50603770661,25,12
374,10,102.09138535373,0,40159.8997571961,16.2617259146374,7891.38481912333,23,8
374,11,108.457846180306,0,39727.5323755184,16.2617259146374,7642.94555728072,25,18
374,12,98.7250284428499,0,42555.153831065,16.2617259146374,7342.33837264151,27,11
374,13,103.162824683927,0,40733.8688359382,16.2617259146374,6935.40669332102,23,13
374,14,106.545109382717,0,42261.6015418404,16.2617259146374,6956.34280617626,27,12
374,15,103.819541603925,0,41821.3852002026,16.2617259146374,8185.20769944239,31,14
375,1,82.979702452849,1,23602.3673012176,10.986958077998,5679.90197860573,22,1
375,2,76.2950657272254,1,23483.77296366,10.986958077998,6792.98051124183,26,2
375,3,92.6189174027608,1,26821.3513388103,10.986958077998,6002.35922633291,21,0
375,4,73.8622963128143,1,25455.3055888532,10.986958077998,5965.58349133217,24,4
375,5,84.520477866739,1,25875.5389018784,10.986958077998,6011.52646277994,26,2
375,6,74.7327526154125,1,28293.2748435957,10.986958077998,6134.70963564653,22,4
375,7,84.2457160490233,1,26132.0884016828,10.986958077998,6441.79256705075,19,2
375,8,90.4339663365966,1,29613.5661048519,10.986958077998,6400.35349347199,23,8
375,9,92.7822509778438,1,28542.2972501245,10.986958077998,7020.09427423682,19,9
375,10,101.428325833761,1,30139.682100596,10.986958077998,6197.51569406831,19,9
375,11,96.1131097063494,1,29305.8279910795,10.986958077998,6844.5691972212,24,13
375,12,102.357469682349,1,31959.1542795412,10.986958077998,7252.35778089956,21,13
375,13,114.302304044732,1,33001.6743503646,10.986958077998,7665.79929054234,23,13
375,14,106.261728500585,1,33076.425299006,10.986958077998,8259.82665965639,26,12
375,15,99.7949670104595,1,32759.3379126889,10.986958077998,7528.35073097936,27,14
376,1,81.9098261352795,1,39558.0211851373,11.8861271188362,5515.80203375051,27,0
376,2,82.1083223692835,1,40173.2568981198,11.8861271188362,5622.05198933845,22,1
376,3,86.300023584688,1,42023.0201071156,11.8861271188362,6176.09733734868,29,0
376,4,89.2020557763899,1,42841.749323007,11.8861271188362,5786.56842955286,27,4
376,5,99.0373206140136,1,47148.7833646225,11.8861271188362,6595.16595525939,23,4
376,6,90.0844264613494,1,44388.1914871761,11.8861271188362,6099.09041127047,25,5
376,7,109.828614014722,1,48219.0095648718,11.8861271188362,6740.21197753358,26,6
376,8,105.553469881137,1,50935.4527408738,11.8861271188362,7053.42947531225,27,10
376,9,104.494968137996,1,49615.0661018707,11.8861271188362,6363.67782704138,27,12
376,10,99.3242091755204,1,50190.7314935592,11.8861271188362,6117.99799182977,25,5
376,11,111.709599660871,1,52114.7723844829,11.8861271188362,7043.71400457047,24,10
376,12,119.948599089427,1,54883.4570040156,11.8861271188362,7541.30228365284,25,12
376,13,117.658184048617,1,57624.912193521,11.8861271188362,7512.75223363059,23,12
376,14,121.47737648031,1,58324.4092485284,11.8861271188362,7613.90909539728,18,16
376,15,117.2516500384,1,59246.6836047894,11.8861271188362,7077.65183783666,25,12
377,1,77.1951362873643,1,31143.077223212,13.3458212931202,4351.69028845806,22,0
377,2,90.6036172459469,1,32191.9446890442,13.3458212931202,4676.35455356408,29,2
377,3,88.0505258818417,1,33802.7314718477,13.3458212931202,5038.44351551893,29,5
377,4,78.116800136276,1,34592.6661234865,13.3458212931202,5142.65770605937,27,4
377,5,88.9667223740092,1,35159.2563506679,13.3458212931202,5944.06193025422,24,4
377,6,89.5262263009319,1,34258.6523530738,13.3458212931202,6282.21117083801,22,8
377,7,91.6183435676647,1,37146.3430244849,13.3458212931202,6299.85605448743,24,7
377,8,93.0343427878105,1,37451.0876783595,13.3458212931202,7211.70654353195,23,7
377,9,98.9722721667581,1,36890.6005596066,13.3458212931202,7623.45077656361,23,9
377,10,96.874194599761,1,37526.640350837,13.3458212931202,7124.57900984263,26,13
377,11,102.808303912094,1,40219.1475222523,13.3458212931202,7382.56064090262,30,8
377,12,100.924587320996,1,39943.1648271273,13.3458212931202,8683.02505696497,23,14
377,13,110.768808545304,1,39803.4615299879,13.3458212931202,7469.56034556758,20,12
377,14,109.171896288921,1,42327.6362884051,13.3458212931202,7173.14339113136,24,13
377,15,109.049976742036,1,43706.9563056191,13.3458212931202,7883.78151672842,24,16
378,1,80.4397387459867,0,23232.3059433534,17.0295669358449,5727.41324592899,22,0
378,2,80.0903051791952,0,21921.8234657712,17.0295669358449,5246.24572706021,28,3
378,3,86.3030597831549,0,23591.0156668199,17.0295669358449,6776.97972670381,26,3
378,4,92.1200301592233,0,25466.8340832341,17.0295669358449,4989.42837452062,20,5
378,5,84.6473586041458,0,23559.3361508543,17.0295669358449,5961.3451228436,28,10
378,6,99.6743202674638,0,26901.6075686529,17.0295669358449,5629.84742758048,21,8
378,7,93.9739365538612,0,28293.9592225175,17.0295669358449,6202.58701028156,23,6
378,8,77.9450897340061,0,26444.1449011197,17.0295669358449,6179.87384918158,29,5
378,9,99.6343163541593,0,27757.981995086,17.0295669358449,7208.47147140342,24,12
378,10,90.1671923808068,0,24759.1979557506,17.0295669358449,6905.76556776513,22,9
378,11,90.3211842061364,0,27332.8832559317,17.0295669358449,6404.57281350392,19,11
378,12,97.3408594917747,0,31328.914007388,17.0295669358449,8190.92676359224,24,13
378,13,96.1288909080372,0,27827.704248086,17.0295669358449,7459.51880772271,21,12
378,14,106.037834491241,0,31547.4588493006,17.0295669358449,7725.47591950683,26,10
378,15,110.425185496481,0,31082.8083274314,17.0295669358449,7636.64983703156,23,17
379,1,68.5772207243182,0,19522.3680061252,11.0655763636316,4347.71043223748,24,0
379,2,70.9607988268044,0,19996.9644930045,11.0655763636316,5179.24613217966,25,1
379,3,76.464874105144,0,21284.4838028184,11.0655763636316,5568.03672071636,20,4
379,4,92.1137694108894,0,22186.4644850994,11.0655763636316,5536.09718643991,25,6
379,5,75.5616835153633,0,23630.1204707855,11.0655763636316,5727.72128102156,25,6
379,6,76.3953611310965,0,23760.5329952521,11.0655763636316,5444.66470473769,22,5
379,7,83.9537912097577,0,26016.2389995688,11.0655763636316,7029.32141725587,24,7
379,8,73.2508583009197,0,24721.2580395558,11.0655763636316,6659.29119841762,25,6
379,9,94.1891796111158,0,26585.5549377541,11.0655763636316,7000.74208498536,23,10
379,10,91.4183739183612,0,25393.6764695786,11.0655763636316,7818.99392203156,20,6
379,11,84.2261838051571,0,28844.5248703024,11.0655763636316,6446.9823755242,29,10
379,12,83.1955843519112,0,29362.888964316,11.0655763636316,6552.53017797749,22,11
379,13,88.7562136710729,0,30869.0726587648,11.0655763636316,7937.7974707285,28,11
379,14,90.7106224661157,0,29541.6627417921,11.0655763636316,8584.06005368519,30,13
379,15,91.8026884161412,0,31251.9870005797,11.0655763636316,8034.59131599949,22,11
380,1,91.9523889469267,1,45970.8576756514,14.5608470003492,5739.6290879812,26,3
380,2,88.6444136553595,1,47587.352563962,14.5608470003492,5773.5033223202,28,3
380,3,95.8549435070093,1,47329.3908599105,14.5608470003492,5581.52155811022,29,2
380,4,105.113211659183,1,48337.6393513045,14.5608470003492,5974.43070964267,23,3
380,5,91.6802785291861,1,50241.5861935105,14.5608470003492,5288.73361005982,27,4
380,6,98.6275944954355,1,51456.3125227734,14.5608470003492,5729.06030490416,21,4
380,7,100.993270785421,1,48166.6369649277,14.5608470003492,6335.45567118246,19,4
380,8,107.022147178231,1,49226.7609985811,14.5608470003492,6788.24685951254,23,7
380,9,118.313197683914,1,52245.8617910642,14.5608470003492,6737.64661337155,21,9
380,10,112.4901440705,1,51633.5335574937,14.5608470003492,6439.72476286643,22,9
380,11,117.196483333034,1,51053.7816770802,14.5608470003492,7047.77251148773,24,13
380,12,108.720279531978,1,53224.9669165357,14.5608470003492,7782.75232032307,24,13
380,13,114.953857655508,1,51852.2036168035,14.5608470003492,7679.5317408793,29,10
380,14,125.796613246816,1,53357.5069579179,14.5608470003492,7400.2294558869,19,16
380,15,120.133838203645,1,54357.8441714846,14.5608470003492,7333.62077455947,23,13
381,1,71.6316832008521,1,26261.2241340019,5.71555609703931,4989.0087949543,24,4
381,2,63.5863787090417,1,27045.3011921101,5.71555609703931,6100.35726709206,30,3
381,3,73.4250056986067,1,27813.3426261171,5.71555609703931,5289.75935841938,24,2
381,4,65.8040048709394,1,28573.7127041491,5.71555609703931,5974.95889076335,28,4
381,5,74.5943001551184,1,30033.5978701255,5.71555609703931,6214.18750599309,28,3
381,6,79.7130063235801,1,29608.8169001021,5.71555609703931,6208.97241346816,28,5
381,7,82.497172900371,1,29767.2077783178,5.71555609703931,7589.89749945469,29,7
381,8,78.6870833822547,1,32168.5209895254,5.71555609703931,6673.29992687671,22,6
381,9,89.7836547114256,1,33027.8775568699,5.71555609703931,6615.21820378172,22,8
381,10,85.3974457050573,1,34542.1257732439,5.71555609703931,7395.93912424892,24,10
381,11,88.7735053166829,1,33447.3774591924,5.71555609703931,7290.15781977048,20,10
381,12,89.9119973168009,1,35700.0953981795,5.71555609703931,7463.03974442882,25,10
381,13,85.641103345547,1,35798.1168578747,5.71555609703931,6867.27136949785,25,12
381,14,99.9134835462202,1,37799.791374429,5.71555609703931,7670.78648869752,29,13
381,15,96.9438422302464,1,39182.6826357662,5.71555609703931,7748.5796241491,20,18
382,1,69.4092779861905,1,16782.3881002729,10.4782366977551,5711.24621218785,29,4
382,2,63.7716669855795,1,15695.4566474452,10.4782366977551,5343.62736994746,26,0
382,3,69.3965225459004,1,16627.6875736781,10.4782366977551,6354.30433770995,28,4
382,4,70.2778294654348,1,17666.5289033162,10.4782366977551,6407.14503449938,29,4
382,5,68.1894824817177,1,19499.2320914064,10.4782366977551,6082.574561399,27,3
382,6,73.9649846599364,1,19128.0653763539,10.4782366977551,6536.31471926129,25,3
382,7,84.6539925411042,1,20831.0865342929,10.4782366977551,6786.46143815682,25,4
382,8,87.0228034365515,1,22511.5513030534,10.4782366977551,6880.13810829591,23,9
382,9,81.0397015826229,1,22725.6668249335,10.4782366977551,7145.94909651973,24,8
382,10,89.9287668366154,1,24211.3921269976,10.4782366977551,6537.55193623195,27,11
382,11,92.7334932525437,1,23832.1364819437,10.4782366977551,7106.72380495754,25,11
382,12,89.5192250676589,1,24788.4979569104,10.4782366977551,7408.93830520905,25,11
382,13,92.4765683708098,1,24322.3524049156,10.4782366977551,7748.77920333272,22,14
382,14,100.49634644925,1,26717.0768278101,10.4782366977551,7970.67802667614,25,12
382,15,97.6536161585311,1,25130.157740882,10.4782366977551,8011.01674006178,19,16
383,1,71.6120483925829,0,33804.3223574842,8.12397276971006,5062.27732992701,21,0
383,2,77.7898634160094,0,36417.5004128816,8.12397276971006,4849.87338911169,23,2
383,3,85.3897947055665,0,36027.2413068296,8.12397276971006,5128.7603347198,23,0
383,4,77.4898794701307,0,38213.2550551709,8.12397276971006,5473.68079914048,21,0
383,5,81.7593858716636,0,37438.0245221751,8.12397276971006,6392.06253184427,30,3
383,6,73.1713000410694,0,39654.8929108648,8.12397276971006,6370.93096494304,28,4
383,7,81.552455173425,0,38830.3756856855,8.12397276971006,7275.09052491564,22,6
383,8,101.612045689685,0,41889.8286229827,8.12397276971006,7650.60028962274,26,10
383,9,82.5303598419219,0,40550.2544959268,8.12397276971006,6239.40327599205,30,8
383,10,91.27782841559,0,43469.9310208711,8.12397276971006,6865.65037139758,25,9
383,11,98.6107249688655,0,44107.2477879666,8.12397276971006,7410.20993726175,26,15
383,12,89.9048211228786,0,45922.9248562918,8.12397276971006,8381.36202465723,27,10
383,13,92.9888984882579,0,48256.3049311558,8.12397276971006,6704.58444480154,29,10
383,14,92.1072868453602,0,44984.6433896078,8.12397276971006,8408.4005820877,24,14
383,15,95.3039959124023,0,47310.1638066844,8.12397276971006,7979.43134649737,27,19
384,1,84.1572591834138,1,32423.9578755952,15.3400881520713,5058.1313554946,23,0
384,2,98.1589787706363,1,33007.7640142088,15.3400881520713,5775.42726582164,27,2
384,3,91.3429131819808,1,33003.049996244,15.3400881520713,6628.2342183282,22,3
384,4,90.6168971023065,1,35380.3126328662,15.3400881520713,5789.73041608521,23,4
384,5,100.397565486189,1,35722.9146895997,15.3400881520713,5486.16075906631,30,8
384,6,99.1335721248662,1,36613.9976806591,15.3400881520713,5941.24376919976,27,5
384,7,106.48055177345,1,38514.5159365893,15.3400881520713,6886.0739322777,20,8
384,8,101.141197095614,1,35607.4340706554,15.3400881520713,6830.0473295687,23,4
384,9,107.481799609767,1,38201.0236626497,15.3400881520713,6703.80194558689,24,8
384,10,111.53790851905,1,38247.986621603,15.3400881520713,6950.71540677418,22,14
384,11,123.798747475496,1,38741.1019280624,15.3400881520713,7031.4301812596,23,9
384,12,107.565503391015,1,39029.7709785347,15.3400881520713,7949.76708848615,22,10
384,13,113.780997814913,1,40134.1356712592,15.3400881520713,7972.16659997821,23,13
384,14,121.1321029102,1,41868.0982596761,15.3400881520713,7750.52217550527,24,16
384,15,113.820936611142,1,40712.6590410543,15.3400881520713,7544.13051713321,27,13
385,1,64.1939636900281,1,19454.4819646146,11.5066407351592,5826.23023463126,23,0
385,2,65.0277857084409,1,20781.2920987536,11.5066407351592,5460.86150844902,18,0
385,3,70.1629958721838,1,21408.1914162995,11.5066407351592,5545.04521991319,26,4
385,4,68.7783419221072,1,23299.3198055601,11.5066407351592,5912.32289994368,23,2
385,5,64.2957827770143,1,21846.2799365313,11.5066407351592,6128.16735947688,26,2
385,6,64.7087816712678,1,22565.2119861144,11.5066407351592,6579.98547400849,21,4
385,7,78.5438397639208,1,21555.1241624789,11.5066407351592,7203.59544422439,23,1
385,8,81.1177617157099,1,25244.5666415734,11.5066407351592,5393.85092156452,27,5
385,9,85.1728162338048,1,25258.7947416597,11.5066407351592,6879.84622235219,24,6
385,10,81.0394450646192,1,26115.6913690702,11.5066407351592,6860.7207488747,20,9
385,11,76.1719234381592,1,24719.2608074687,11.5066407351592,7726.11054863603,29,8
385,12,89.1493085247678,1,27837.8719840428,11.5066407351592,7441.63409172912,24,12
385,13,85.8438585139297,1,26216.0581478106,11.5066407351592,7774.83695396795,24,12
385,14,93.9104719804601,1,29013.2339669743,11.5066407351592,7815.10475257359,21,13
385,15,100.527517271385,1,28061.2920537456,11.5066407351592,7852.36038574376,21,16
386,1,68.9241763291521,1,15695.5723328175,10.8288777539798,6752.75294261859,21,0
386,2,64.1871915689196,1,15926.9276789533,10.8288777539798,4699.09077385833,27,1
386,3,76.1701583269184,1,15597.8256403792,10.8288777539798,5063.45881937239,26,3
386,4,67.3033583066757,1,16940.8133761902,10.8288777539798,5985.39328077788,24,7
386,5,80.4338268392161,1,17233.1092358065,10.8288777539798,5800.32892508474,19,3
386,6,75.7179853902635,1,17403.4681310378,10.8288777539798,6288.07981288129,23,4
386,7,88.8706298069167,1,18943.6020382792,10.8288777539798,5779.4895550481,27,7
386,8,84.7581874346377,1,18859.7123383907,10.8288777539798,6813.90196089989,26,7
386,9,88.8923017549911,1,20389.4128509951,10.8288777539798,6756.05170409323,27,9
386,10,87.0224904422207,1,21253.249544268,10.8288777539798,6039.21745167113,27,9
386,11,93.3083347953636,1,22448.5053378762,10.8288777539798,7079.18812101523,21,10
386,12,84.5208495136665,1,21542.1642677951,10.8288777539798,6498.52382400402,17,12
386,13,96.2664117897286,1,23727.5605086526,10.8288777539798,7521.51128797077,19,10
386,14,94.2484813336448,1,23719.4419483954,10.8288777539798,7763.21956460599,25,16
386,15,99.2668755935332,1,24015.9529257791,10.8288777539798,7184.53582780182,26,14
387,1,87.6438906831437,0,30833.8238444434,16.1072995385957,5726.21271987565,27,2
387,2,95.2113232249985,0,30609.6076445514,16.1072995385957,5479.94223604727,24,4
387,3,83.6447158086103,0,30220.2355721623,16.1072995385957,5505.36845581489,21,3
387,4,90.2197312345324,0,30387.3089759797,16.1072995385957,6272.59695035467,23,3
387,5,95.2769122354806,0,32642.95839713,16.1072995385957,5973.30697465949,35,4
387,6,85.5808748667736,0,32189.9801737027,16.1072995385957,5685.63313350355,19,3
387,7,93.6016361462513,0,35402.4645723902,16.1072995385957,6934.95672212533,26,7
387,8,95.4220598954237,0,34785.5892632517,16.1072995385957,6866.93917556707,25,8
387,9,100.815362230258,0,32150.5241711282,16.1072995385957,6286.30667824614,24,10
387,10,99.1662975731454,0,34511.0510381969,16.1072995385957,7282.10959118163,27,9
387,11,98.9617464939432,0,34934.2181202594,16.1072995385957,7468.52993045114,26,8
387,12,105.938972745193,0,35809.7629720838,16.1072995385957,7420.45317619223,24,10
387,13,103.370600226941,0,35824.7674975463,16.1072995385957,7981.28095575823,24,11
387,14,111.392546736071,0,38640.3358435587,16.1072995385957,8977.67638660144,27,14
387,15,110.791603847712,0,39142.5586734135,16.1072995385957,8483.93205502587,20,13
388,1,82.504124040965,0,40600.2843378322,15.3488185747201,6344.86184483017,25,0
388,2,91.6994492471031,0,42358.2123628652,15.3488185747201,6210.13286211431,19,3
388,3,78.0481583888116,0,42259.248338032,15.3488185747201,5349.0459020873,27,6
388,4,90.2110446297811,0,44792.9167300342,15.3488185747201,5871.46811616902,23,0
388,5,83.6171971121731,0,43286.2586952146,15.3488185747201,5588.38210366402,26,5
388,6,86.2153983192947,0,44788.6227636032,15.3488185747201,6323.20192563419,24,4
388,7,94.3130111623152,0,45755.9137638024,15.3488185747201,6316.40032994006,28,5
388,8,90.5839009675806,0,47215.7556632042,15.3488185747201,6818.68952886513,31,9
388,9,98.8551543475153,0,47749.5426510672,15.3488185747201,6666.51446920271,20,9
388,10,100.997807907068,0,50356.418018831,15.3488185747201,6776.1225820816,24,11
388,11,102.654443007841,0,50644.9714842383,15.3488185747201,7000.53355818292,33,12
388,12,107.855400753972,0,52943.8371930618,15.3488185747201,7703.62053331143,23,14
388,13,99.4618735592435,0,51366.659620772,15.3488185747201,7100.83101001382,23,16
388,14,105.645160553613,0,52421.1193720244,15.3488185747201,7353.63663401702,24,11
388,15,108.164825919245,0,54333.1533701346,15.3488185747201,7377.86881015497,29,12
389,1,72.7961692221226,0,35331.4482551801,9.30593638959751,4325.63410478214,21,0
389,2,81.793925234301,0,35799.6662802724,9.30593638959751,5809.13217762369,22,0
389,3,76.5228997404042,0,38828.9607055628,9.30593638959751,6130.45005591471,22,0
389,4,85.4913849063919,0,40222.1878124063,9.30593638959751,5874.75050395165,26,5
389,5,83.0683703069929,0,41986.5528879069,9.30593638959751,5951.11733665197,21,4
389,6,77.7140059468696,0,42295.9896639879,9.30593638959751,6553.12182349131,28,6
389,7,93.733371761088,0,43331.1870370033,9.30593638959751,6123.68909831847,23,6
389,8,97.3162223084265,0,45319.7804155237,9.30593638959751,6979.42802374549,21,6
389,9,95.5519623050631,0,44742.3184021094,9.30593638959751,7062.9297908104,21,10
389,10,95.7425559183147,0,46374.9246791222,9.30593638959751,6046.34016011299,21,8
389,11,106.239610908291,0,47652.460963326,9.30593638959751,7395.57652892787,18,15
389,12,102.261382153865,0,50851.6842616709,9.30593638959751,7097.7698063917,26,14
389,13,99.1386597246247,0,50024.8370966031,9.30593638959751,7172.68119798369,24,11
389,14,110.687310236446,0,49925.112176432,9.30593638959751,8181.57680044185,27,11
389,15,104.592504939644,0,52293.5569504643,9.30593638959751,8250.48961936725,23,15
390,1,74.4327447748204,0,25679.0992460347,13.2835994628289,5775.39798176969,22,3
390,2,77.0557181029998,0,26478.6166895971,13.2835994628289,6253.10339749929,26,0
390,3,72.1720637129517,0,29573.0331232772,13.2835994628289,5874.78268185421,26,2
390,4,78.7836417348948,0,27958.1131018042,13.2835994628289,5255.16892574573,23,3
390,5,78.126172324234,0,28333.0418542231,13.2835994628289,6349.94962412706,19,4
390,6,78.9250965474625,0,30197.9998690846,13.2835994628289,6204.52774766715,20,2
390,7,73.3609167132331,0,30804.1655777887,13.2835994628289,5932.1240905867,24,6
390,8,80.6022848882666,0,32518.7238470449,13.2835994628289,6556.19633692968,30,8
390,9,87.7164519219094,0,32734.257314366,13.2835994628289,6490.00821711052,25,12
390,10,99.2128961621368,0,36389.1679126317,13.2835994628289,6534.1108689154,19,10
390,11,89.9877919511399,0,35844.7398958837,13.2835994628289,6666.40635587465,22,10
390,12,96.6986563376368,0,33285.0315062168,13.2835994628289,7365.35234107918,20,14
390,13,90.0244016859078,0,36367.9489272739,13.2835994628289,6826.39230742815,26,15
390,14,98.8004525928985,0,36405.8853331684,13.2835994628289,6798.84196931174,21,14
390,15,103.635596926681,0,38361.3396567647,13.2835994628289,8496.19660258857,28,16
391,1,70.6174966510897,1,23038.5549805435,8.31466629446325,5167.56341646443,25,0
391,2,67.7212664224856,1,24262.9362720314,8.31466629446325,5496.98810929275,37,1
391,3,83.5432092928538,1,25581.7205246375,8.31466629446325,6507.69381592887,23,3
391,4,79.6438838101503,1,26648.9885310961,8.31466629446325,5259.63547087433,24,8
391,5,80.1517735385182,1,25312.7408605276,8.31466629446325,7017.50142496839,27,3
391,6,79.7478823146826,1,27303.1462469085,8.31466629446325,6430.26044330668,26,4
391,7,92.9007095413373,1,26383.8493248614,8.31466629446325,6384.37295338292,22,8
391,8,84.4995358658464,1,29692.8611050038,8.31466629446325,7260.26363521195,26,8
391,9,98.9556881801698,1,29215.0871495874,8.31466629446325,6715.62879902812,24,9
391,10,97.9400280033225,1,31989.1410812828,8.31466629446325,6494.41839777583,23,9
391,11,95.4589715088529,1,32518.691990121,8.31466629446325,6760.98273045396,21,13
391,12,90.0808789474842,1,31283.3360827856,8.31466629446325,7219.16287362648,22,12
391,13,97.646935952455,1,33145.4372011762,8.31466629446325,6805.42150876242,30,12
391,14,86.3760796596849,1,34691.6945459814,8.31466629446325,7450.94612120135,22,11
391,15,105.761367287354,1,34712.2641513929,8.31466629446325,8176.60708515988,24,17
392,1,71.3216771904528,0,31792.4486512279,10.5731549273665,4659.91241446946,21,0
392,2,73.8737137484374,0,31662.3965854082,10.5731549273665,5692.28030131121,22,1
392,3,67.8071836788132,0,34616.3125712656,10.5731549273665,5574.59866931384,29,4
392,4,78.7101784238978,0,34386.3790277712,10.5731549273665,5554.4926853962,27,3
392,5,80.4708987086882,0,37212.3391407974,10.5731549273665,5399.36734182614,25,1
392,6,79.351531642056,0,35753.0690469382,10.5731549273665,6062.34153198996,24,7
392,7,84.5005475424781,0,37958.3373411002,10.5731549273665,6260.40759770671,20,10
392,8,89.2402170793527,0,38978.3892818567,10.5731549273665,7155.86738709039,26,9
392,9,88.4889693803853,0,39572.4010217564,10.5731549273665,6655.79072676171,29,8
392,10,78.8010965686243,0,37822.3889089829,10.5731549273665,7415.320326575,25,8
392,11,90.6308818473094,0,38771.6072443533,10.5731549273665,8248.12446244813,23,10
392,12,89.7398566382138,0,40486.041515858,10.5731549273665,6878.0930537975,22,10
392,13,102.358629876947,0,42755.260598139,10.5731549273665,7442.8777771985,25,16
392,14,95.0690816985136,0,43689.5655718904,10.5731549273665,8188.92826274011,25,15
392,15,94.8775027540852,0,45039.2746331417,10.5731549273665,8649.23953991523,21,16
393,1,77.0783391265566,1,31143.3321534114,16.8497329114409,5287.84557782029,31,1
393,2,81.3556002562733,1,32233.3144320983,16.8497329114409,4619.16182491589,22,2
393,3,73.9513288130664,1,33675.9569819063,16.8497329114409,5397.11359824627,23,7
393,4,83.1909649903341,1,35761.010313889,16.8497329114409,5390.1461408557,21,3
393,5,92.5261796363303,1,33414.2838349689,16.8497329114409,5857.57970259395,22,7
393,6,90.0714790669895,1,34919.0790861527,16.8497329114409,6295.26326463382,25,4
393,7,96.8315028810388,1,38704.8322525067,16.8497329114409,6211.45833048288,25,6
393,8,97.3341441706906,1,38553.5778697173,16.8497329114409,7952.09685375902,19,8
393,9,82.319513973293,1,36447.8707902826,16.8497329114409,6874.18527024431,29,6
393,10,99.9058903669935,1,40470.4116475427,16.8497329114409,6590.79133427315,25,9
393,11,93.2431452595337,1,40597.0483650681,16.8497329114409,7163.9370626087,23,10
393,12,93.6707350437829,1,40326.0109848645,16.8497329114409,7026.66244520451,24,11
393,13,97.4633315960671,1,41833.1537552263,16.8497329114409,8113.67841688545,27,13
393,14,103.755558031656,1,43288.5945727875,16.8497329114409,7906.27802685056,23,14
393,15,113.089586189504,1,43819.0997821371,16.8497329114409,7400.20669265594,25,14
394,1,76.1291806477989,1,36652.7443715215,16.3503838539913,5324.45900661262,26,2
394,2,86.9441274477025,1,38213.407840774,16.3503838539913,5278.14839333592,26,2
394,3,93.6571743278222,1,37885.9490606517,16.3503838539913,5384.10962375144,25,2
394,4,100.687309265025,1,36834.5830419813,16.3503838539913,6121.81893972148,25,3
394,5,83.854394335669,1,39196.1777003181,16.3503838539913,6229.80556509132,28,5
394,6,94.6549354891396,1,37578.2290221797,16.3503838539913,6547.91867794421,26,5
394,7,97.8311373013703,1,40530.6927775561,16.3503838539913,6211.43050680682,25,10
394,8,87.6894908063548,1,40793.6751907686,16.3503838539913,6846.68113609838,27,6
394,9,106.982820624458,1,41486.6352209317,16.3503838539913,6851.68357538844,25,9
394,10,105.498432697846,1,42616.2355663703,16.3503838539913,5724.16615697713,22,10
394,11,108.49809660332,1,47898.650993514,16.3503838539913,7173.88199347847,26,14
394,12,101.015451864206,1,43870.5654194402,16.3503838539913,7165.95171174319,27,11
394,13,106.369263789646,1,44777.9584459973,16.3503838539913,7557.53847341779,23,14
394,14,108.797962366692,1,46127.9457317402,16.3503838539913,7905.48902697215,26,9
394,15,113.862309967572,1,46944.4092080552,16.3503838539913,7473.36768190927,19,12
395,1,80.50575574706,0,31089.5173785085,15.3270562664005,4712.28733252687,27,0
395,2,72.6350794486811,0,28523.5589834255,15.3270562664005,5685.26311043086,26,0
395,3,83.6596943389067,0,29257.7974059064,15.3270562664005,5363.8677948846,25,0
395,4,83.611638035987,0,29797.2942065264,15.3270562664005,5409.52036979908,23,5
395,5,92.4350926276498,0,32249.4474117339,15.3270562664005,6074.9181712478,20,9
395,6,82.4370683054243,0,31769.6380759546,15.3270562664005,6103.94686781034,27,1
395,7,87.6666422715078,0,33309.6834276176,15.3270562664005,6222.16288759662,22,6
395,8,92.6358248957528,0,33806.5448832738,15.3270562664005,6292.00230547705,29,6
395,9,93.5170962345561,0,32994.2530746566,15.3270562664005,6924.4348967816,24,9
395,10,102.184790418146,0,34602.4218861315,15.3270562664005,7369.89954349327,23,7
395,11,101.303160407376,0,36272.8409503001,15.3270562664005,7453.81377571469,25,12
395,12,96.4883785024772,0,38332.8073495771,15.3270562664005,7082.85271019129,19,12
395,13,104.075345842105,0,38299.3988629864,15.3270562664005,6753.7644483497,21,13
395,14,100.310073254693,0,38976.3111106891,15.3270562664005,7379.72463083866,27,13
395,15,108.010156436762,0,38898.5560968603,15.3270562664005,7407.91191837294,27,14
396,1,73.3869546304532,0,38771.5842917319,10.287288341009,5476.7517644364,25,1
396,2,72.7358797061133,0,39443.1778423345,10.287288341009,5773.65770728314,27,0
396,3,90.8570237292005,0,38825.0270920106,10.287288341009,6071.80169431921,25,3
396,4,77.3320607505047,0,40569.9125432905,10.287288341009,5808.95323673622,24,3
396,5,81.1966558363516,0,40206.5429820193,10.287288341009,5094.75544220133,24,5
396,6,84.9949472533808,0,41311.5886717584,10.287288341009,7543.53330063255,23,3
396,7,86.5454830809522,0,42575.0766727981,10.287288341009,5884.00771555958,25,10
396,8,87.4189724814074,0,42963.1955964814,10.287288341009,6607.37972072592,25,9
396,9,93.0249833999061,0,42298.442639755,10.287288341009,6540.27542278871,20,12
396,10,97.8363686267461,0,44079.6744763355,10.287288341009,6703.28436899272,20,12
396,11,100.721840511863,0,43827.0142685311,10.287288341009,8022.75738597424,26,8
396,12,88.1797945177039,0,44812.2516492256,10.287288341009,8182.44210507839,25,8
396,13,93.3928699394265,0,44751.3484830587,10.287288341009,6659.31935212081,30,11
396,14,96.7945387839095,0,46280.0712080252,10.287288341009,7123.41103365088,24,13
396,15,104.367373659078,0,47827.1922694815,10.287288341009,7355.61985231015,21,17
397,1,59.3301720937825,0,23671.6667906835,6.35570558917334,5172.88226270306,27,0
397,2,71.8349890315819,0,25335.4666745129,6.35570558917334,5531.87162102996,29,0
397,3,75.6401121512891,0,25142.5411470584,6.35570558917334,5864.31993115813,30,3
397,4,67.1184244437474,0,26435.0126997623,6.35570558917334,5743.39400074112,27,2
397,5,77.2824897676801,0,24952.413013833,6.35570558917334,6292.14010805178,21,9
397,6,74.2895173123834,0,27847.1547443117,6.35570558917334,5523.67978770287,22,3
397,7,77.0773203813526,0,27116.25708451,6.35570558917334,5378.94048212015,21,7
397,8,82.315728977214,0,27960.3925039251,6.35570558917334,6181.61595915904,26,8
397,9,85.0353494009923,0,29288.3984223104,6.35570558917334,6162.78820011271,24,5
397,10,91.6705034104709,0,30151.2521408368,6.35570558917334,7235.5658672809,30,9
397,11,82.4983251967633,0,29795.104101869,6.35570558917334,6243.45514173333,21,11
397,12,73.410939246532,0,29889.081089516,6.35570558917334,7235.1281701135,26,10
397,13,85.7309329349327,0,30857.7509225035,6.35570558917334,7135.19921204712,27,16
397,14,85.4290070147564,0,30915.4437639771,6.35570558917334,7867.29525310762,27,14
397,15,90.4625871716951,0,33936.0203581679,6.35570558917334,8041.5291199576,25,12
398,1,66.2889393218176,0,28775.9279222978,8.47290544792753,4699.43861324722,20,2
398,2,70.4835074450473,0,29422.2832880794,8.47290544792753,5527.62409340844,22,0
398,3,68.512205491744,0,29438.2757980182,8.47290544792753,5493.72656027695,27,0
398,4,78.1891350446426,0,32372.9912696217,8.47290544792753,6300.86854416676,22,0
398,5,84.5181622957173,0,32742.7127106085,8.47290544792753,6259.48657897999,28,6
398,6,88.9537658683496,0,31866.2600062602,8.47290544792753,6011.43305237843,20,7
398,7,84.9087891473452,0,34243.8854382678,8.47290544792753,6521.66746754469,23,6
398,8,87.0532641973752,0,35352.1654247114,8.47290544792753,6493.77211397783,27,7
398,9,79.6212806977005,0,36386.0796015306,8.47290544792753,6557.6745665608,26,9
398,10,91.4577352237357,0,37779.8509115887,8.47290544792753,5623.11499890201,25,6
398,11,93.7233276133774,0,39181.5348783487,8.47290544792753,7889.58279572124,23,12
398,12,92.3196606826846,0,41024.260211551,8.47290544792753,7265.4573453805,23,10
398,13,96.1782758905109,0,40754.4676082338,8.47290544792753,8311.71838083048,25,15
398,14,103.682505817305,0,41277.401001809,8.47290544792753,8662.47154169033,22,15
398,15,92.7612559664033,0,41759.3762574563,8.47290544792753,7365.15221059577,26,11
399,1,83.7948287670137,0,36952.4379810308,14.8576695738826,5523.60458273587,21,0
399,2,76.6307711448697,0,36879.5308724014,14.8576695738826,5236.57719300398,27,0
399,3,82.3472093454203,0,38608.8385416944,14.8576695738826,6309.85274730257,26,0
399,4,86.1070977711339,0,37817.2127534748,14.8576695738826,5674.17641563752,26,5
399,5,96.0292888992863,0,39082.8380298756,14.8576695738826,6118.48566765635,23,3
399,6,80.7287272135998,0,38810.318450027,14.8576695738826,6219.60209185037,28,5
399,7,97.7595151848053,0,41312.9720853782,14.8576695738826,6715.92973133317,28,6
399,8,93.1162964218262,0,41244.3009023885,14.8576695738826,5472.07263788654,26,9
399,9,92.7697887364491,0,44934.2098629831,14.8576695738826,6816.11540044526,24,8
399,10,92.1315203536688,0,42391.6283584642,14.8576695738826,7045.09598560596,31,11
399,11,95.2965450212389,0,42706.7842350429,14.8576695738826,8020.56838711488,23,14
399,12,95.9878949267432,0,46172.839526732,14.8576695738826,7489.69162835262,23,16
399,13,99.8581364280323,0,46828.5468364852,14.8576695738826,7496.36986324143,19,11
399,14,107.260794018942,0,47124.5400546979,14.8576695738826,7949.1878889985,27,14
399,15,101.390578819237,0,46600.5781056287,14.8576695738826,7886.32506720308,26,17
400,1,91.5379713488046,1,39516.149564376,11.1282963415047,5188.88676921217,23,0
400,2,77.5683371910936,1,40567.8637062125,11.1282963415047,5279.52180222481,26,1
400,3,83.0864949500523,1,41628.8429599555,11.1282963415047,5223.17878816353,26,6
400,4,81.562753462517,1,40696.7398051039,11.1282963415047,6154.01427795076,26,4
400,5,90.9054792202237,1,41431.8816750379,11.1282963415047,5541.49707637806,23,3
400,6,82.1354910379774,1,44171.0945253562,11.1282963415047,5780.36441387928,23,4
400,7,84.1615552128937,1,42770.7330586997,11.1282963415047,6220.49654913175,25,8
400,8,93.0578280054729,1,45193.5393693003,11.1282963415047,6798.17494913679,20,10
400,9,100.819800554042,1,44930.7392329171,11.1282963415047,6921.93061009743,21,4
400,10,102.476269493704,1,48573.5879293024,11.1282963415047,6992.30818475162,26,11
400,11,103.127019120394,1,48361.0858185822,11.1282963415047,7040.36683029618,21,10
400,12,101.802402184575,1,48774.7621717442,11.1282963415047,7150.15777773166,23,11
400,13,108.521259483233,1,49303.8898588067,11.1282963415047,8010.92894756136,29,16
400,14,117.78187077608,1,49158.8645081529,11.1282963415047,7510.75836790979,25,17
400,15,117.071747732037,1,50350.7263984307,11.1282963415047,7624.68161042289,26,14
401,1,58.7394350849119,1,15378.840212545,5.51217556329606,4920.67727480366,30,0
401,2,69.5918087126149,1,16291.9377268805,5.51217556329606,5148.62561037957,25,0
401,3,54.5369717503829,1,17184.1681545752,5.51217556329606,5390.98027222258,22,2
401,4,65.7580318715064,1,15045.1173351354,5.51217556329606,6055.8030208615,27,4
401,5,72.6871802658406,1,18788.8355321223,5.51217556329606,6395.44912700882,22,5
401,6,81.2649389000434,1,19809.1453370956,5.51217556329606,5785.28136551127,23,8
401,7,78.0628956552988,1,21114.6663326249,5.51217556329606,6031.78759637859,24,8
401,8,86.0888941993095,1,22365.2380547823,5.51217556329606,6541.17301830106,24,6
401,9,85.1923447951259,1,22466.4968150136,5.51217556329606,6963.03961225652,27,9
401,10,82.4203045528693,1,23392.6452444349,5.51217556329606,7042.27810315749,22,8
401,11,83.2941561009218,1,22744.5202944869,5.51217556329606,7246.35213936332,25,9
401,12,85.2121857151252,1,23408.5246440146,5.51217556329606,7343.39120774969,33,13
401,13,85.4520035267655,1,23878.8445092119,5.51217556329606,6481.68465954929,22,10
401,14,90.3056656630134,1,27166.3314987017,5.51217556329606,8395.36055896106,27,16
401,15,94.1757055222973,1,24275.3824170135,5.51217556329606,8537.94977417738,23,18
402,1,90.2916599643473,0,31722.6858228279,11.4594375368506,4865.72747522831,27,0
402,2,92.4645310829131,0,32114.3653680422,11.4594375368506,5670.52669193782,29,1
402,3,82.7526385726902,0,33126.6986286667,11.4594375368506,6385.87050665313,23,2
402,4,88.6993186890508,0,34132.0401335075,11.4594375368506,5894.92579166293,21,2
402,5,97.4646280700587,0,32538.4514807845,11.4594375368506,6230.99863585331,23,5
402,6,86.454817726966,0,35307.2142251298,11.4594375368506,6392.99248618211,25,3
402,7,93.8976415247067,0,35518.4250265082,11.4594375368506,6015.23568749429,27,4
402,8,102.620806509831,0,35660.413140676,11.4594375368506,7117.39507252369,22,6
402,9,91.4049677688082,0,35881.4592733347,11.4594375368506,6326.88087342348,24,9
402,10,96.9279161324414,0,37333.4761859987,11.4594375368506,7422.59769357367,27,9
402,11,99.6687384571316,0,36796.0266079844,11.4594375368506,7563.09806090206,22,7
402,12,107.099878161399,0,38558.534200873,11.4594375368506,7188.38064800926,22,13
402,13,106.014217410616,0,38775.8515520091,11.4594375368506,8390.22495846118,25,12
402,14,113.305901587537,0,37719.2577014488,11.4594375368506,7663.21314524149,21,11
402,15,112.393777277676,0,41717.5429091178,11.4594375368506,8299.71487234913,26,14
403,1,87.5984228243097,1,37879.7793090351,16.2307176633737,4842.72135508617,25,2
403,2,83.3007253911651,1,37770.5969198821,16.2307176633737,5317.42946530161,24,0
403,3,85.0358793482501,1,37211.4473963103,16.2307176633737,5262.50906141411,27,3
403,4,88.2164470947543,1,37954.0366849779,16.2307176633737,5808.49224262648,29,7
403,5,90.7240059134552,1,40551.0607668718,16.2307176633737,5377.58829090885,20,4
403,6,93.9382160318538,1,41319.9378442141,16.2307176633737,5856.96554565255,24,6
403,7,108.897529276773,1,42394.4161389348,16.2307176633737,6414.85694318984,24,6
403,8,105.146438564328,1,41948.4694408921,16.2307176633737,5935.7353276896,27,7
403,9,107.586698108886,1,44284.668679314,16.2307176633737,7354.29675426334,27,11
403,10,110.050476787713,1,45836.5040126106,16.2307176633737,7416.56686918454,25,10
403,11,106.758520124245,1,45137.3983561788,16.2307176633737,6437.25597275757,23,12
403,12,112.284315784466,1,46074.4331682395,16.2307176633737,7432.69678135487,22,12
403,13,114.365369427361,1,46842.4414265689,16.2307176633737,7514.50519093547,30,12
403,14,110.752137211547,1,46546.3987380047,16.2307176633737,6587.96433815294,25,12
403,15,115.01653810501,1,47485.1273155572,16.2307176633737,8128.13618276449,25,13
404,1,72.8444848316305,1,18643.88746233,13.9304059215586,4676.13257313565,19,0
404,2,86.5631370711509,1,20525.819452255,13.9304059215586,4465.66657932274,24,0
404,3,89.7076733103476,1,21160.0594843575,13.9304059215586,5479.92737079991,29,6
404,4,95.3152502331821,1,22950.2845871881,13.9304059215586,5605.06818232821,24,5
404,5,91.2688950765469,1,21675.6754723857,13.9304059215586,5375.85851141122,23,5
404,6,86.9718330962264,1,23291.8715276379,13.9304059215586,6351.94011201936,24,4
404,7,93.5819214959562,1,23762.2452546849,13.9304059215586,6372.55322504155,26,5
404,8,107.244147283812,1,25269.8757419665,13.9304059215586,6889.39132130943,21,8
404,9,108.205998445,1,26532.3798259159,13.9304059215586,7039.03374076562,18,12
404,10,100.471240511555,1,28431.5777837792,13.9304059215586,6743.3991194688,25,10
404,11,102.951518998662,1,29237.6745238856,13.9304059215586,6492.32843123741,25,11
404,12,103.961414025165,1,30261.8220866154,13.9304059215586,7922.00220744485,24,12
404,13,95.2962037605469,1,29866.0732890756,13.9304059215586,7042.74963007618,27,11
404,14,110.768365795289,1,31881.4666691446,13.9304059215586,7515.5025367331,26,14
404,15,111.486984644351,1,29806.8511535555,13.9304059215586,7479.4042971553,23,17
405,1,75.6903844813171,0,35073.1440296041,9.53622436941173,5877.79212479148,25,0
405,2,82.3952430578694,0,37454.6721315098,9.53622436941173,4663.61967940838,26,0
405,3,77.9666634312628,0,36791.0121460802,9.53622436941173,6124.4788977062,24,3
405,4,80.8280424782893,0,38640.8688040173,9.53622436941173,6456.50772370344,25,4
405,5,86.9494734705435,0,40007.2081629487,9.53622436941173,6205.11809991509,27,2
405,6,81.8795468267517,0,40113.4097986737,9.53622436941173,6398.95535251719,28,4
405,7,97.0187647479465,0,42656.6224691508,9.53622436941173,5945.29991925269,26,10
405,8,96.4778777959867,0,43028.3528791895,9.53622436941173,6373.22881620104,27,8
405,9,90.759265212461,0,42774.9407426174,9.53622436941173,7183.16288852284,29,7
405,10,98.9152183293054,0,45823.1334763724,9.53622436941173,6924.62339697116,28,9
405,11,95.0810626054269,0,44491.8141265319,9.53622436941173,8039.33632624191,22,12
405,12,109.067669289706,0,47747.2968493307,9.53622436941173,8400.28980061427,21,11
405,13,101.300730654242,0,47082.2709795078,9.53622436941173,7761.39597611753,25,11
405,14,96.8703864228085,0,49573.4737074832,9.53622436941173,7577.1436010012,25,15
405,15,104.93949883096,0,50486.4088809123,9.53622436941173,8127.3315824567,25,13
406,1,74.7047464479017,0,25373.1478442444,7.36225004380493,5563.55071930057,25,1
406,2,68.6011788777445,0,25439.0273276046,7.36225004380493,6146.66724033641,21,1
406,3,70.1745515715454,0,26693.6422738006,7.36225004380493,5371.71106408479,30,1
406,4,66.5419012311684,0,25956.352196633,7.36225004380493,5713.5620367206,29,3
406,5,74.1962723639161,0,27400.5770970361,7.36225004380493,6169.62440585372,33,5
406,6,82.1073146459128,0,29373.4244570827,7.36225004380493,6308.79115599667,28,4
406,7,88.8180429118231,0,28298.3048114945,7.36225004380493,6061.58247055588,25,5
406,8,76.7069807987323,0,28942.4421153658,7.36225004380493,6662.47812643355,23,7
406,9,78.0268911336383,0,30624.8109971427,7.36225004380493,6658.3982211185,22,8
406,10,94.6269852101095,0,31487.9053565302,7.36225004380493,7639.56029179556,24,11
406,11,79.432148756328,0,32435.2956876563,7.36225004380493,7174.05782011961,22,11
406,12,89.2420363759051,0,35574.4266623101,7.36225004380493,6671.23358113737,25,12
406,13,86.4901313567351,0,32576.59264095,7.36225004380493,8572.72440545462,26,11
406,14,88.7453015638845,0,33985.5355994464,7.36225004380493,7112.74410461305,18,15
406,15,102.215518058456,0,34903.5757641346,7.36225004380493,7371.18988187916,24,15
407,1,79.1286870599289,1,40342.3520487918,9.52035832308963,5345.83123741121,28,3
407,2,69.983288689528,1,40879.5831865865,9.52035832308963,5296.00096605306,28,1
407,3,78.4104911981097,1,39429.6350202607,9.52035832308963,5100.08094498204,23,4
407,4,76.7153239671382,1,40028.6906006014,9.52035832308963,5790.864533191,26,2
407,5,67.9096857725496,1,41499.6031165139,9.52035832308963,5853.28638632377,25,2
407,6,87.8912552184305,1,40570.1451619386,9.52035832308963,5347.74070594332,27,6
407,7,89.1689490872387,1,43790.4323345897,9.52035832308963,6535.75928883199,29,6
407,8,89.0444500061985,1,43953.8878335575,9.52035832308963,7250.07243996657,25,6
407,9,91.9109153800495,1,43048.3437614555,9.52035832308963,7195.31734027,29,7
407,10,93.4571172806977,1,45261.0184557126,9.52035832308963,7454.58708166426,28,7
407,11,86.9889012692269,1,46187.5466830103,9.52035832308963,7474.32995870957,24,8
407,12,103.422848948805,1,47802.8313864511,9.52035832308963,7502.92411621063,27,14
407,13,98.1994726955891,1,47645.346957107,9.52035832308963,7525.23927626861,20,14
407,14,112.303976185221,1,47720.7984323796,9.52035832308963,7171.90392428068,29,17
407,15,103.55732127735,1,48526.1440684665,9.52035832308963,7514.91740462063,25,14
408,1,75.10552074986,0,36515.4071429693,12.1035830139646,5247.25297020876,23,0
408,2,72.9394950255821,0,35715.948945839,12.1035830139646,4507.3421758924,26,0
408,3,88.2032513792525,0,37173.1397255921,12.1035830139646,5608.41838386711,25,4
408,4,77.0853279725084,0,38136.4983143447,12.1035830139646,5528.30452963914,25,4
408,5,93.4651866039814,0,39030.2180898755,12.1035830139646,6852.37491028293,22,7
408,6,83.6595307411676,0,37940.0502858228,12.1035830139646,6822.60663452433,24,6
408,7,87.4211425730559,0,40984.6696618581,12.1035830139646,6187.94622308965,27,7
408,8,93.6195739108662,0,42340.7673119575,12.1035830139646,6822.6913607258,28,7
408,9,93.2033550821859,0,44064.0722148725,12.1035830139646,5991.44173949266,20,9
408,10,91.3938322298798,0,41546.9543441577,12.1035830139646,6353.52264276129,26,9
408,11,98.0627560605,0,42577.4172802646,12.1035830139646,7578.49060075666,20,11
408,12,93.9485402162778,0,45016.5515459899,12.1035830139646,7466.12249711472,26,11
408,13,95.0697532683365,0,44924.8956873148,12.1035830139646,7115.67834618472,27,13
408,14,101.998801124846,0,47538.244524905,12.1035830139646,8019.32950488408,25,15
408,15,100.122841450126,0,45630.1270951839,12.1035830139646,8165.5979378277,25,14
409,1,81.0783421016182,0,37087.2304349352,14.6642211027362,5189.21738448638,25,1
409,2,88.1850452932155,0,37664.8145008161,14.6642211027362,5621.64340984218,24,1
409,3,82.329148554386,0,38725.561169854,14.6642211027362,5189.89517635992,28,6
409,4,85.5210402690533,0,39306.8904617395,14.6642211027362,5531.75148164998,21,3
409,5,87.764320031028,0,39078.8587436085,14.6642211027362,5665.71242150515,26,5
409,6,96.1575728605469,0,37874.5960084904,14.6642211027362,6035.02185815041,24,3
409,7,85.0010077876016,0,40422.7257592442,14.6642211027362,6591.43457464405,21,6
409,8,96.6168391295364,0,41033.893671053,14.6642211027362,6727.38203830703,30,6
409,9,100.268637164982,0,39370.7032720178,14.6642211027362,5651.48243350929,22,9
409,10,98.1204751590059,0,42905.2416170636,14.6642211027362,6984.04532718253,21,10
409,11,89.4365456361673,0,42452.5087910563,14.6642211027362,7381.82871613916,22,14
409,12,102.305542193595,0,41790.599978424,14.6642211027362,7691.2241830391,25,12
409,13,108.001291256492,0,43743.0999178794,14.6642211027362,8562.26334284207,21,10
409,14,104.426603417683,0,44988.9946359635,14.6642211027362,7995.92030493915,26,14
409,15,119.778501587705,0,45179.2955975228,14.6642211027362,7046.01875313158,23,15
410,1,77.0018192373174,1,31193.2327613083,6.18017953562923,5142.25944973313,22,0
410,2,78.0119537915802,1,34591.9593800173,6.18017953562923,4584.66788010512,26,3
410,3,82.1026279599103,1,32677.6520798403,6.18017953562923,6497.37633690301,22,1
410,4,76.1248027202829,1,33829.4972765045,6.18017953562923,6780.35087894115,23,3
410,5,86.6407208397667,1,34607.3415608258,6.18017953562923,6387.54089883096,22,10
410,6,86.1839301980881,1,35708.6703286098,6.18017953562923,5737.25192185154,25,2
410,7,81.9686153296008,1,36241.9550768409,6.18017953562923,6067.70880004376,30,5
410,8,84.1973701626441,1,36009.0691768611,6.18017953562923,7170.99512080879,26,6
410,9,89.0319520283429,1,36529.0579179733,6.18017953562923,6232.48797581384,31,8
410,10,102.372633109498,1,36214.1353962502,6.18017953562923,7150.39052136441,24,12
410,11,99.6234880130125,1,38343.1722684912,6.18017953562923,7273.40454468999,29,13
410,12,91.7361400361824,1,39273.1859409493,6.18017953562923,8072.58800062719,22,11
410,13,95.4677851269162,1,38771.4736558695,6.18017953562923,7194.06492531903,20,8
410,14,106.113985062825,1,40678.3535731981,6.18017953562923,7552.64490316495,25,16
410,15,103.674415228741,1,40520.4493864387,6.18017953562923,8426.966064567,27,14
411,1,89.2721659595072,0,38335.5907907498,15.0696052658224,4719.33016797419,23,2
411,2,83.1931668482835,0,37971.212625888,15.0696052658224,5314.54676145813,22,0
411,3,82.3592910651343,0,40686.8246925987,15.0696052658224,5701.07901051036,24,3
411,4,99.2758580178803,0,39227.0376213213,15.0696052658224,5317.07459005266,22,3
411,5,101.576255748728,0,43517.6438946304,15.0696052658224,5408.3540909861,23,6
411,6,92.9905964709885,0,42142.9762466392,15.0696052658224,6870.48456280645,26,5
411,7,97.3762920824996,0,41818.8909274642,15.0696052658224,6319.50976227248,22,4
411,8,93.3475158064595,0,43081.1564068635,15.0696052658224,6555.19580893609,28,7
411,9,98.3085614872969,0,43027.0070367346,15.0696052658224,7693.93432113595,28,6
411,10,103.764370281521,0,45725.4993722152,15.0696052658224,6698.90635073426,20,7
411,11,101.646423443531,0,47020.9274039649,15.0696052658224,7839.85494503112,24,10
411,12,94.512697396318,0,47090.0687397968,15.0696052658224,6645.65583145332,23,11
411,13,93.7979530142262,0,48466.8738250024,15.0696052658224,7681.34332958179,30,9
411,14,107.829035756718,0,48235.6689300296,15.0696052658224,7345.29761876032,27,13
411,15,109.774084853249,0,51457.1943172883,15.0696052658224,7327.95217236612,24,17
412,1,78.4832991738151,1,41611.4083205085,12.0163731797641,5327.61093784536,22,0
412,2,86.027285631598,1,42796.2696065604,12.0163731797641,5969.13025005611,24,0
412,3,90.3378897563618,1,45366.4178768977,12.0163731797641,5744.69904470702,24,5
412,4,94.2577945770545,1,44953.640557001,12.0163731797641,5401.84732993308,28,6
412,5,88.4739415056953,1,43523.745699078,12.0163731797641,5473.51142574471,24,3
412,6,93.5968896718705,1,46569.0908926845,12.0163731797641,5421.25217732246,24,6
412,7,97.3251350743653,1,44508.7080834338,12.0163731797641,6625.85786640771,30,5
412,8,105.166002252316,1,49780.4503157071,12.0163731797641,6443.28767340804,24,4
412,9,103.294158247965,1,49119.6068532347,12.0163731797641,6978.47964374855,18,9
412,10,110.150303536534,1,46818.3206039745,12.0163731797641,7837.13910064296,25,12
412,11,107.356816419293,1,48270.5368535386,12.0163731797641,7594.2923045113,32,14
412,12,113.655626606613,1,51396.7559997956,12.0163731797641,6209.9512970323,26,12
412,13,114.381857912982,1,49417.8519707924,12.0163731797641,7170.24378311416,25,9
412,14,102.916556436691,1,53710.8421944383,12.0163731797641,7965.11975063711,28,11
412,15,118.906216745761,1,53370.3620409448,12.0163731797641,8012.85182167957,23,17
413,1,85.6392017852811,0,47352.7527497762,13.7093369088175,5102.02317772369,26,0
413,2,81.0137367965501,0,46851.187997788,13.7093369088175,4682.09537975402,23,0
413,3,91.9265093708936,0,49762.6126580845,13.7093369088175,6225.63926775547,26,5
413,4,94.8940632170929,0,49058.8813889813,13.7093369088175,5603.91352202329,26,3
413,5,92.9862410889657,0,50746.3238720742,13.7093369088175,5955.69257289204,30,7
413,6,100.294847749589,0,49876.4915559673,13.7093369088175,6814.82701258103,24,4
413,7,91.0436222080833,0,52050.6422769292,13.7093369088175,5626.33639462855,23,4
413,8,90.4354575340655,0,51052.0415975048,13.7093369088175,6283.27255769048,29,9
413,9,98.9292750615938,0,52275.2503612591,13.7093369088175,6720.39176822822,26,12
413,10,101.638557700987,0,53417.7686108489,13.7093369088175,6400.54561335491,22,12
413,11,98.0132886347587,0,55587.4265898821,13.7093369088175,6516.03526638068,27,11
413,12,102.449431632007,0,55354.3123733055,13.7093369088175,7118.60022385774,21,13
413,13,113.227811586008,0,55505.5603582755,13.7093369088175,7305.70300614439,21,14
413,14,111.140032401489,0,55700.2602170096,13.7093369088175,7772.20549285821,21,14
413,15,120.298246775238,0,56794.8318728047,13.7093369088175,7827.39664940694,19,15
414,1,79.1382061896605,0,30864.0073480094,7.04023331029539,5291.1536938267,25,0
414,2,70.9577833002965,0,31685.0874256767,7.04023331029539,6126.11699144732,21,0
414,3,72.2804624427619,0,31818.6975740564,7.04023331029539,6482.08101573647,26,4
414,4,78.1935407346124,0,32208.2903467406,7.04023331029539,5359.34262816276,28,3
414,5,75.0332601596513,0,31585.924954534,7.04023331029539,5629.95513402628,23,2
414,6,88.5763801952834,0,34812.6832825217,7.04023331029539,6173.25072719728,21,6
414,7,81.4317516186172,0,34838.983342596,7.04023331029539,7176.96359516531,26,7
414,8,91.742726223605,0,35942.9983667798,7.04023331029539,6911.37878950049,22,7
414,9,81.8710971168294,0,36627.8344420099,7.04023331029539,6791.85327546262,29,10
414,10,97.6899501957376,0,35496.7291654115,7.04023331029539,6581.28040446316,20,11
414,11,89.0307846009973,0,38231.2169657445,7.04023331029539,8024.8494742688,25,10
414,12,85.3447072574306,0,40899.5655909464,7.04023331029539,6945.2428606134,26,10
414,13,90.1358547139265,0,41722.6859029847,7.04023331029539,7377.65010675573,23,11
414,14,98.8949827399449,0,39148.1552028298,7.04023331029539,7186.48645533046,23,14
414,15,98.7440958593169,0,41457.6911649829,7.04023331029539,8032.27077404078,27,14
415,1,56.4613949016726,0,10598.1964076338,10.0000368596335,6240.19774493339,22,2
415,2,67.941785933326,0,12755.5946331244,10.0000368596335,6001.65235482868,22,1
415,3,73.461650713252,0,15754.941733541,10.0000368596335,5709.00231496683,23,3
415,4,67.4326426558075,0,15519.3835561635,10.0000368596335,5856.65186477646,20,2
415,5,77.3696737048019,0,15013.8488740495,10.0000368596335,5297.25426165587,24,1
415,6,71.5450040333045,0,15631.6868457553,10.0000368596335,6302.22499556656,25,4
415,7,70.8588794692425,0,16615.0082747666,10.0000368596335,7043.21124207127,22,5
415,8,82.7269711957979,0,16183.6491832065,10.0000368596335,6826.73434081431,21,6
415,9,80.2807871534525,0,18136.9231724366,10.0000368596335,6676.56818176558,26,7
415,10,86.1674671836032,0,17865.350483918,10.0000368596335,7370.95373153705,24,9
415,11,82.4545934954473,0,18021.8546013443,10.0000368596335,7145.10669737224,24,11
415,12,85.3920952048555,0,19222.1083823648,10.0000368596335,7389.68466244497,25,13
415,13,85.0019795315662,0,21761.7475192978,10.0000368596335,7871.38906269118,24,12
415,14,94.5545312978246,0,20333.0895117766,10.0000368596335,7240.06053544528,25,16
415,15,71.7568995013385,0,21098.5861971867,10.0000368596335,8105.05506473299,19,11
416,1,71.5369897575057,0,28323.9713880465,10.6552974322034,4448.87747388189,19,0
416,2,75.921380073015,0,31586.7363989529,10.6552974322034,6694.38775341395,23,1
416,3,78.8211831964804,0,31528.2688082433,10.6552974322034,5664.19908999214,22,4
416,4,74.5669952980962,0,31450.3553036961,10.6552974322034,5103.40005241675,24,1
416,5,75.7660586412525,0,33140.7373590862,10.6552974322034,5407.07326410464,27,6
416,6,80.0106157555841,0,32650.2488749812,10.6552974322034,6568.72551987658,24,6
416,7,83.667122320484,0,33601.1523339823,10.6552974322034,5428.20657919044,24,9
416,8,86.3649808443021,0,33001.7766689884,10.6552974322034,6141.62789531478,27,8
416,9,81.2766139812982,0,33183.8351205475,10.6552974322034,6491.50617990148,26,10
416,10,77.3922271020887,0,35317.6135648037,10.6552974322034,6558.92532757905,25,10
416,11,92.3070208221946,0,35444.5604429089,10.6552974322034,7726.15294561905,24,13
416,12,82.7676654771829,0,35921.1492092241,10.6552974322034,7122.55218359752,28,10
416,13,90.435400526576,0,35820.0595475433,10.6552974322034,7110.97672553431,24,13
416,14,88.3947630068384,0,35677.6433102772,10.6552974322034,8149.71190161379,32,14
416,15,94.4800144345108,0,35327.4347089215,10.6552974322034,8634.74552896303,29,12
417,1,86.3887912266239,1,34492.8246059685,15.1316740449271,5975.01061148099,24,1
417,2,89.6652073875244,1,33538.3606903915,15.1316740449271,5566.70007734172,23,0
417,3,87.0731061726326,1,33909.8236503024,15.1316740449271,6070.23148834422,28,4
417,4,95.901866998468,1,36893.9675848752,15.1316740449271,6308.17782066827,24,4
417,5,85.7716336121507,1,37679.7288130074,15.1316740449271,5526.03491999091,20,4
417,6,97.3763679090092,1,36196.977721866,15.1316740449271,5878.26067819492,22,4
417,7,99.346055793472,1,37730.2646327234,15.1316740449271,6282.07254746826,31,5
417,8,103.289803935651,1,38316.6253411165,15.1316740449271,6640.31536867879,29,8
417,9,110.852595858008,1,40429.037632413,15.1316740449271,6553.50115229914,22,6
417,10,108.953082746739,1,40029.1070555681,15.1316740449271,7525.6316564539,23,9
417,11,95.6451393693902,1,41484.5736742356,15.1316740449271,6653.91248251636,24,12
417,12,108.198861257203,1,42123.1457186014,15.1316740449271,6731.22907257498,27,9
417,13,112.867416088669,1,42946.5787376523,15.1316740449271,8154.62098384518,24,14
417,14,116.460836011084,1,42845.008355488,15.1316740449271,8205.35074600196,27,14
417,15,114.957586867948,1,44835.0446623771,15.1316740449271,7562.0093278356,24,15
418,1,78.7075254019813,0,30166.1843430694,15.0845221421862,5303.54716618414,26,0
418,2,79.6546350545668,0,30699.6429603158,15.0845221421862,5251.9520364261,26,2
418,3,94.3836468875233,0,31243.2472820123,15.0845221421862,6011.88997025154,26,4
418,4,75.6147658994464,0,33131.6973594266,15.0845221421862,5484.60386393425,26,3
418,5,89.4601576373377,0,33640.499373386,15.0845221421862,5480.84238555409,24,5
418,6,85.7094347616649,0,35304.0992680206,15.0845221421862,7024.24026822964,20,8
418,7,93.2794808591701,0,34399.7225949519,15.0845221421862,6617.31611279099,27,3
418,8,87.6677740847574,0,38323.0316580134,15.0845221421862,6667.0259042852,26,5
418,9,97.931944590012,0,36284.034254756,15.0845221421862,7569.65706381365,22,10
418,10,92.5294320534452,0,37789.1813087467,15.0845221421862,6776.26576148257,25,9
418,11,98.4492789983947,0,39983.5374431557,15.0845221421862,7532.88952351964,25,6
418,12,96.7551302536176,0,40574.8696550568,15.0845221421862,6988.51379553378,25,12
418,13,102.42216808325,0,39651.0937668701,15.0845221421862,7366.34338619856,25,11
418,14,96.8678713836903,0,41458.8059609146,15.0845221421862,8505.07891831054,26,12
418,15,105.304800313675,0,43769.2803578108,15.0845221421862,7599.13066224779,22,16
419,1,86.3228609477227,0,37238.0157176217,13.305271377745,5486.92260666741,28,0
419,2,79.8315688796695,0,37343.7399300157,13.305271377745,4929.29700686274,24,0
419,3,97.5995107952926,0,38127.237219997,13.305271377745,6084.7435758063,25,6
419,4,84.58757630089,0,37856.9912439499,13.305271377745,6069.41413755693,22,1
419,5,92.6417541368762,0,37743.4572580883,13.305271377745,5126.49806903191,21,5
419,6,97.3500477346199,0,37521.7395756502,13.305271377745,5378.79389779715,25,8
419,7,93.9058305178434,0,39015.7339483474,13.305271377745,6788.27982141992,21,6
419,8,98.4650666053594,0,38270.6428323926,13.305271377745,6119.20392792612,21,6
419,9,88.7451332347643,0,37423.4638784949,13.305271377745,7283.81858849963,20,10
419,10,95.1791323599151,0,41181.1575088582,13.305271377745,5924.64564402861,24,13
419,11,95.7403476028233,0,39994.9633077486,13.305271377745,8483.78514748305,24,8
419,12,91.2352101628146,0,41780.2116039361,13.305271377745,7315.23845092696,25,8
419,13,97.3624360224821,0,39870.3437259981,13.305271377745,7964.70074009851,24,11
419,14,107.96137506593,0,38670.4133667057,13.305271377745,7221.98752569607,18,13
419,15,107.573416672139,0,42566.7940375525,13.305271377745,8711.57468952101,25,14
420,1,85.7440889394802,0,37734.7323144034,16.8126365448717,5455.53495088859,28,0
420,2,94.1570476777154,0,39909.1400673066,16.8126365448717,5190.81161429055,27,4
420,3,95.3603068648859,0,41714.4266865031,16.8126365448717,4037.40040788564,22,5
420,4,103.49782275228,0,41935.1768723062,16.8126365448717,5418.84424554798,23,6
420,5,96.6099890554222,0,43598.0521195531,16.8126365448717,5871.08906192011,28,3
420,6,91.9686741323837,0,43939.3639027344,16.8126365448717,5734.41874338057,21,3
420,7,102.863721263254,0,44663.5480030587,16.8126365448717,6635.15174156318,30,8
420,8,107.838151246043,0,46620.3708067968,16.8126365448717,5414.53427348464,21,10
420,9,102.443179171962,0,48966.6415956424,16.8126365448717,6866.8336978113,23,10
420,10,110.808670026398,0,47948.6703235175,16.8126365448717,6622.48679828262,21,11
420,11,113.512158686199,0,51021.7965573874,16.8126365448717,7198.76042676717,20,10
420,12,109.539726270704,0,50699.8289546804,16.8126365448717,6999.46632396951,24,11
420,13,99.3737810585975,0,51014.4782086785,16.8126365448717,7753.09437056015,25,10
420,14,110.773548549735,0,54071.0883310766,16.8126365448717,8465.23480434922,21,12
420,15,111.090536212051,0,55262.8349098071,16.8126365448717,8431.11611414508,30,13
421,1,79.0040934728006,1,27899.6930662376,10.4537664007639,4549.82439467832,30,5
421,2,72.4778630436952,1,28202.9418516258,10.4537664007639,5452.26188389766,23,3
421,3,74.8932270739675,1,28444.2888073068,10.4537664007639,5744.26484619934,26,3
421,4,79.3437109261181,1,30885.2811292417,10.4537664007639,5857.67848308889,27,5
421,5,75.2077107057628,1,29803.9323334034,10.4537664007639,6668.32745471848,21,3
421,6,86.2260316360463,1,31033.1157840936,10.4537664007639,5840.26333092194,27,7
421,7,99.190584747472,1,31665.0559579181,10.4537664007639,6207.25010398207,22,6
421,8,86.4296145497082,1,33617.9587663512,10.4537664007639,6397.61134211286,20,7
421,9,88.0838783861424,1,33374.3002625774,10.4537664007639,6895.33494861865,26,8
421,10,99.448176730377,1,35278.2431510424,10.4537664007639,6638.29035606231,27,9
421,11,98.1976735881285,1,34068.736957454,10.4537664007639,6991.65595705437,29,10
421,12,89.2967502811996,1,35601.3545017174,10.4537664007639,8407.3272190362,27,13
421,13,107.767071585259,1,37550.9449991351,10.4537664007639,8402.73963363294,30,15
421,14,97.6179283500378,1,38328.478100731,10.4537664007639,8090.30425216957,16,10
421,15,101.867239719736,1,38312.5033269214,10.4537664007639,7827.01332863472,29,13
422,1,84.1297588726859,1,30107.1143071258,15.0376115813218,5122.52403630279,28,4
422,2,84.1762357930981,1,30602.9521351507,15.0376115813218,4934.35000968244,23,4
422,3,74.6450225957576,1,30938.4159793604,15.0376115813218,5197.39772448236,27,2
422,4,84.8772372256931,1,32215.6756279061,15.0376115813218,6380.4122869043,24,4
422,5,88.5191432126783,1,32721.3633246984,15.0376115813218,6401.70395711934,24,6
422,6,81.1398995171939,1,35274.5228152332,15.0376115813218,5223.05790107616,27,6
422,7,97.4724939253703,1,35496.1275004267,15.0376115813218,6598.6086091037,23,5
422,8,93.6931809177734,1,34193.1409126073,15.0376115813218,7661.57959641113,26,4
422,9,94.1024681477063,1,37293.9538529975,15.0376115813218,6638.35313538759,21,8
422,10,104.284804856598,1,38280.9371095446,15.0376115813218,7078.37973485398,27,12
422,11,95.1205194937248,1,38381.6317565115,15.0376115813218,7455.64359042736,30,14
422,12,107.844573414127,1,40098.0069803503,15.0376115813218,7358.25128491731,25,13
422,13,105.80497458259,1,43251.469275922,15.0376115813218,7201.86839023905,25,13
422,14,109.156620517725,1,45139.1772847074,15.0376115813218,7413.95699028088,22,18
422,15,103.858139722421,1,44761.8166821368,15.0376115813218,8170.73468568094,28,18
423,1,89.58628081557,1,33346.7920274322,11.8921799106278,4656.56658273513,21,1
423,2,82.5451969200983,1,35392.3343291957,11.8921799106278,6020.51353948563,24,4
423,3,79.6927278894618,1,35709.2607480371,11.8921799106278,5878.48081188199,24,3
423,4,84.0109297957437,1,37374.6163516673,11.8921799106278,6152.01241267179,27,4
423,5,85.0488406528666,1,35575.8810125172,11.8921799106278,6113.55908656048,23,6
423,6,94.855429537379,1,37721.0850493799,11.8921799106278,6571.32142688753,25,9
423,7,98.0196830660449,1,40061.8408794254,11.8921799106278,7595.68395544942,21,5
423,8,99.8956278627907,1,35949.5208445017,11.8921799106278,6792.37626744581,24,11
423,9,102.00344079489,1,39537.66143518,11.8921799106278,6601.56951759173,22,12
423,10,94.2062659428517,1,40590.4295420113,11.8921799106278,6714.76288161535,23,5
423,11,92.676231619405,1,40365.7575333948,11.8921799106278,8134.05676250994,24,9
423,12,100.120996658522,1,41059.7430820255,11.8921799106278,7292.72204033487,27,10
423,13,96.5049480083111,1,40339.6311765739,11.8921799106278,7765.28661814987,26,10
423,14,103.892530851483,1,40967.1615129998,11.8921799106278,7480.0745480942,24,13
423,15,97.8751104784972,1,41286.0952910161,11.8921799106278,7518.43643687285,21,11
424,1,68.323661139179,0,24712.303961975,9.99797371147077,4914.42256789124,25,0
424,2,68.0730682727968,0,27697.7631658287,9.99797371147077,5571.41809797473,27,2
424,3,79.9221947520342,0,28209.0859974731,9.99797371147077,4648.04521872714,26,4
424,4,70.1188323759818,0,28902.148016013,9.99797371147077,5460.73272449706,28,0
424,5,81.0323352545658,0,29922.0579744255,9.99797371147077,6099.05530623651,25,3
424,6,76.753237599834,0,30184.5294886594,9.99797371147077,5769.89528978566,23,7
424,7,82.5759355632894,0,33201.7244853039,9.99797371147077,6711.25074537579,25,4
424,8,86.6558378488324,0,32622.4314667749,9.99797371147077,6546.41383952648,20,9
424,9,91.3567950592901,0,33077.6779612294,9.99797371147077,6273.0660843977,20,10
424,10,82.1659630113586,0,32872.0673031115,9.99797371147077,7367.65854609324,26,8
424,11,86.8140089557112,0,33783.2226197975,9.99797371147077,7301.58670336642,28,10
424,12,82.1068851591677,0,34848.871074662,9.99797371147077,7468.48626349666,22,9
424,13,91.0198243235084,0,36901.7175865654,9.99797371147077,8266.73111503557,27,13
424,14,94.8232118041813,0,38181.4846775334,9.99797371147077,7081.0037569956,25,16
424,15,82.4737505990982,0,37532.5996856323,9.99797371147077,6515.42376431347,24,12
425,1,75.4927678501981,1,30669.4809264197,14.7701401149925,6126.35493604226,30,0
425,2,82.6167900279924,1,31559.6417081779,14.7701401149925,5555.36580759785,26,1
425,3,79.9947950110845,1,31986.0043704707,14.7701401149925,5664.39760099757,20,0
425,4,81.3023058207291,1,33959.7571557831,14.7701401149925,5711.27422688449,27,1
425,5,85.9605874729712,1,35854.5832691918,14.7701401149925,6433.61633266308,25,4
425,6,82.8615122575065,1,32803.7149461538,14.7701401149925,6749.30234028669,29,6
425,7,89.3627424962144,1,36111.0832271533,14.7701401149925,5666.14035456562,25,6
425,8,92.7559490334552,1,38281.128167276,14.7701401149925,6155.45497999803,22,7
425,9,111.975456494521,1,36961.629174236,14.7701401149925,7730.44288333051,23,9
425,10,93.1280070264674,1,38422.2566431965,14.7701401149925,6441.97664902481,29,9
425,11,95.074879362762,1,40104.6327986301,14.7701401149925,6934.4342342011,25,9
425,12,98.6127330770925,1,40455.5836144596,14.7701401149925,7889.42505122996,22,11
425,13,97.9450587776047,1,41200.3587136548,14.7701401149925,7297.0882864209,30,11
425,14,108.245004696309,1,39363.2726362807,14.7701401149925,8618.41926351315,23,13
425,15,104.859849035067,1,42019.0046558093,14.7701401149925,7767.74344718738,24,12
426,1,68.2349822574317,1,15071.5238119488,16.1433009925485,4886.08678475708,25,2
426,2,77.6780582183923,1,17274.1987048058,16.1433009925485,5750.01962474632,25,1
426,3,76.8534956129751,1,17486.1382919419,16.1433009925485,4700.80847134567,24,5
426,4,83.5472902900149,1,18879.0918738158,16.1433009925485,5783.54891510056,25,4
426,5,80.8369332363087,1,19929.4900687139,16.1433009925485,5778.35960799154,27,5
426,6,79.872097839323,1,18579.0731201104,16.1433009925485,6723.7175101128,22,4
426,7,93.839713267488,1,21524.0447939432,16.1433009925485,5863.59085799839,25,7
426,8,89.1043384858413,1,22443.7198651787,16.1433009925485,6343.3423508523,27,10
426,9,104.903232250936,1,21599.8132177976,16.1433009925485,6981.58324778993,25,9
426,10,88.9194957450456,1,21756.0600313999,16.1433009925485,7021.33458042008,23,11
426,11,90.2422318876731,1,25041.2380596618,16.1433009925485,6886.62838438343,22,8
426,12,93.5248332809186,1,26207.7596424964,16.1433009925485,6708.03386853969,30,11
426,13,101.110231000202,1,26012.6802598505,16.1433009925485,7343.24739170268,26,16
426,14,110.213867875475,1,28682.7860962176,16.1433009925485,8218.7219241152,24,14
426,15,98.2889236799098,1,27243.8888900361,16.1433009925485,9032.4831351276,21,14
427,1,82.9467989890463,0,23662.4885693925,14.6347512485546,5280.66468248201,21,0
427,2,76.2709563332034,0,23025.8051082524,14.6347512485546,4609.97989526255,28,0
427,3,80.0239123967698,0,24585.4922795473,14.6347512485546,4892.82862361457,27,4
427,4,90.7483183061028,0,24596.3836693875,14.6347512485546,5618.52205133549,21,5
427,5,97.2346671639703,0,24810.0083501191,14.6347512485546,5993.45076733581,25,7
427,6,81.0067450589762,0,25542.3254810887,14.6347512485546,5989.44394597231,26,5
427,7,77.225034548458,0,27120.5224579595,14.6347512485546,6366.80277277252,28,7
427,8,84.9647545373882,0,27634.467862542,14.6347512485546,7693.29689787916,24,7
427,9,92.5702084144126,0,27456.1808652266,14.6347512485546,6236.52070474,26,10
427,10,95.9389350043955,0,29940.6484546417,14.6347512485546,6565.71864233802,29,11
427,11,92.829079889651,0,27520.68203213,14.6347512485546,7601.40276273958,23,11
427,12,94.634889709663,0,27955.3826861285,14.6347512485546,7609.55156647315,27,11
427,13,103.398250680446,0,32402.5319717339,14.6347512485546,7734.03446791573,31,13
427,14,103.141924218872,0,29834.981685414,14.6347512485546,9014.52191140479,24,11
427,15,99.496016913657,0,32904.5729631814,14.6347512485546,7793.56775171891,25,19
428,1,61.9874611612034,0,20997.454858533,10.4717896337332,4887.05275808179,22,0
428,2,70.0021667429582,0,20544.6422288492,10.4717896337332,6129.45125762343,24,1
428,3,75.8078392100472,0,21786.1936405188,10.4717896337332,4863.96018460196,24,0
428,4,76.301451603428,0,22167.4386561785,10.4717896337332,5478.17573019689,24,1
428,5,80.609046872698,0,23466.5042088831,10.4717896337332,6415.07914036934,22,5
428,6,95.1424502648172,0,23669.9485372445,10.4717896337332,6201.80095415087,22,7
428,7,75.710625435097,0,23889.6141922921,10.4717896337332,6701.21497351016,29,5
428,8,84.1158598648226,0,26449.5289720237,10.4717896337332,6967.66571490579,19,10
428,9,92.3827184728804,0,26265.8352924588,10.4717896337332,7053.5596655424,24,6
428,10,90.9896321542872,0,27171.6489153079,10.4717896337332,7347.42879806373,22,12
428,11,90.2567162229802,0,27806.8248320353,10.4717896337332,6866.6189720354,18,9
428,12,86.791179456419,0,29300.4641648937,10.4717896337332,7281.35165662797,26,8
428,13,91.3664334084245,0,28771.8618480654,10.4717896337332,7827.32543829232,26,14
428,14,90.482653932636,0,30881.1612750419,10.4717896337332,8211.63662914877,27,16
428,15,99.5482305600679,0,30828.9595360466,10.4717896337332,9637.19773280891,27,16
429,1,76.8964560781811,0,23388.4737309433,10.5906370975347,5478.52242037128,27,2
429,2,80.7778585064721,0,23565.8934235826,10.5906370975347,5062.80029091052,27,4
429,3,71.9104779613855,0,24562.4694143587,10.5906370975347,5671.92001728958,28,5
429,4,84.4543297740368,0,25388.2896949325,10.5906370975347,5147.94037365323,24,5
429,5,85.7981610225736,0,24529.6144371143,10.5906370975347,6372.10552787829,21,4
429,6,84.1655836543548,0,25265.6295516514,10.5906370975347,6373.71920046652,28,4
429,7,79.631433874077,0,26151.8426983046,10.5906370975347,6627.24588014834,25,8
429,8,79.9429052578595,0,25127.6904694441,10.5906370975347,7139.96127557143,22,5
429,9,88.3382323781699,0,27049.1563053062,10.5906370975347,6960.66006848765,25,11
429,10,88.8432150458752,0,29265.7836141863,10.5906370975347,6778.7780602095,26,8
429,11,94.5251569299307,0,27695.949438356,10.5906370975347,7759.67764283734,24,10
429,12,95.15142908528,0,28463.0257295232,10.5906370975347,7325.81011058326,30,12
429,13,90.4746991087713,0,27845.8338667318,10.5906370975347,6959.45737238525,26,15
429,14,103.650405616225,0,29057.8164498659,10.5906370975347,7939.39323820598,22,12
429,15,111.495838856782,0,30352.4992326768,10.5906370975347,7632.98487001632,27,15
430,1,75.0243691526355,1,25884.0187756576,16.133027540418,5597.01596299188,23,0
430,2,94.1724979282696,1,25901.3121319704,16.133027540418,6241.44036520657,21,4
430,3,73.7307513881589,1,26152.8072778417,16.133027540418,5126.425743195,22,0
430,4,77.3520754686397,1,25855.2596663879,16.133027540418,5514.8922523936,25,4
430,5,96.0790753105436,1,27662.6038193887,16.133027540418,5461.60962093506,20,4
430,6,78.0343624730622,1,28630.0437769104,16.133027540418,5528.09977136214,23,4
430,7,91.3202162572035,1,28586.2657592504,16.133027540418,6078.80020928373,25,7
430,8,100.634241648145,1,30556.4866129184,16.133027540418,5526.88811000979,23,9
430,9,103.330572042222,1,30484.2545657543,16.133027540418,6917.19903111736,31,11
430,10,111.89939863985,1,29944.803501142,16.133027540418,7175.40459176054,26,10
430,11,95.3900264991261,1,31177.7157460682,16.133027540418,7203.27392205699,21,11
430,12,107.097106803453,1,31555.5806681494,16.133027540418,7598.4223369608,22,16
430,13,99.8658070714971,1,31564.2897093558,16.133027540418,7922.40362446522,26,10
430,14,108.170783195143,1,32343.3878534588,16.133027540418,7438.54810574459,24,12
430,15,113.226617246571,1,33769.5009461728,16.133027540418,8332.7339868067,26,16
431,1,86.7258414431241,1,33140.1979888372,13.0584792192532,5424.97404197598,23,0
431,2,97.8693009960396,1,34857.1748980761,13.0584792192532,5312.06311967481,15,6
431,3,85.432896126214,1,33623.9781300609,13.0584792192532,6140.48068963626,22,0
431,4,97.2356193039975,1,34993.1612681555,13.0584792192532,6271.6754403544,20,5
431,5,95.8630708088265,1,38555.1602099286,13.0584792192532,5450.41033437381,25,3
431,6,90.8452557691442,1,37650.2620528566,13.0584792192532,6526.59086391242,28,2
431,7,103.603629847535,1,39091.7911014647,13.0584792192532,5083.65268661819,23,9
431,8,103.745652820247,1,40458.2027766802,13.0584792192532,6138.35681803523,24,8
431,9,110.331114053402,1,40411.5199826388,13.0584792192532,6245.21960530647,22,7
431,10,104.195456576848,1,42537.8272265227,13.0584792192532,7452.5085612633,26,9
431,11,106.261679042726,1,42950.9826040052,13.0584792192532,7771.6984581479,25,14
431,12,106.907503169456,1,45003.8167845615,13.0584792192532,7384.59406411584,25,12
431,13,114.147957960647,1,44682.1443484143,13.0584792192532,7152.121476538,23,14
431,14,113.368969268165,1,46538.9185084186,13.0584792192532,8214.25872502937,22,16
431,15,110.519635064463,1,45465.6617231866,13.0584792192532,7983.60838612513,30,15
432,1,88.2435454670092,1,37357.5196494708,14.4887219379634,4449.69124865092,27,1
432,2,92.4016788871243,1,40248.5706241402,14.4887219379634,5890.70758048025,22,0
432,3,94.3536350655984,1,39527.1278576556,14.4887219379634,6065.08190290515,22,7
432,4,80.0342826762955,1,40974.135412102,14.4887219379634,5928.71655885984,29,2
432,5,92.2001862586464,1,42894.0671112041,14.4887219379634,6640.99072056203,27,2
432,6,87.6710584736503,1,42608.5004841683,14.4887219379634,6976.17774010458,21,8
432,7,95.441716624313,1,40969.6132564935,14.4887219379634,7427.94619262492,22,9
432,8,101.241933674303,1,44636.4953667761,14.4887219379634,7126.36926417319,22,8
432,9,110.154387061822,1,44522.7035538633,14.4887219379634,7569.75085064642,25,10
432,10,104.643854459292,1,44341.499235495,14.4887219379634,6845.43360292476,25,12
432,11,103.538762129742,1,44431.7847566945,14.4887219379634,7963.21640624249,22,12
432,12,110.331521920934,1,45723.971430533,14.4887219379634,6905.36162614938,25,9
432,13,110.728726858241,1,45125.8360859856,14.4887219379634,8504.47370998254,21,13
432,14,114.91412316044,1,44839.3267767687,14.4887219379634,7610.84891927592,26,13
432,15,115.790915684125,1,46957.4752862521,14.4887219379634,7368.61975585974,26,15
433,1,72.2379287894022,0,24937.1046111952,10.9838940490071,4751.69202091853,27,0
433,2,74.6400802946061,0,24536.7524084271,10.9838940490071,5334.2863475905,26,1
433,3,65.5021881759005,0,24318.7968113847,10.9838940490071,4682.55776331963,26,2
433,4,79.6194485505598,0,27933.6951953856,10.9838940490071,6160.07497184471,27,3
433,5,90.4447486689535,0,27356.8624280993,10.9838940490071,6620.89365069241,21,3
433,6,84.5441712050467,0,28974.7534754373,10.9838940490071,5382.41091737929,25,6
433,7,74.3370737754436,0,27311.3236651695,10.9838940490071,7300.89531230386,30,7
433,8,82.6305948013943,0,31307.5087872044,10.9838940490071,7372.07530805458,26,6
433,9,89.1928991784078,0,30386.272106556,10.9838940490071,6628.15650826386,21,9
433,10,85.0923307252745,0,33297.484297209,10.9838940490071,7223.84558972797,23,9
433,11,94.0568954559478,0,32951.0794830907,10.9838940490071,6747.3035406648,29,11
433,12,85.3709882897933,0,33888.6965944511,10.9838940490071,7147.07526570449,23,14
433,13,95.7216566064771,0,34764.907000377,10.9838940490071,7748.00404688698,28,12
433,14,86.5861451163022,0,35152.6025593322,10.9838940490071,8274.09652861952,23,10
433,15,101.588618065329,0,36700.7853460125,10.9838940490071,7655.54837724799,26,17
434,1,72.3024448112598,1,24645.4661227451,15.783104809394,5078.28416223205,25,2
434,2,80.9301963987265,1,23747.9363953319,15.783104809394,5695.20945607808,23,0
434,3,84.5728436383206,1,24015.7821888987,15.783104809394,5755.20539153318,22,4
434,4,88.5490671876231,1,24638.7953860848,15.783104809394,5712.27006911645,23,0
434,5,86.2807652852374,1,24364.2127679581,15.783104809394,5734.50533931201,23,7
434,6,95.0864874476432,1,26439.145648543,15.783104809394,5752.65301201685,22,6
434,7,91.2809025680096,1,25560.9751437155,15.783104809394,5917.44298428606,27,7
434,8,99.227830592539,1,26583.736844344,15.783104809394,6900.80715812618,24,8
434,9,99.9476458919163,1,29797.4012825192,15.783104809394,6964.20322442583,28,9
434,10,104.993627035881,1,27554.7414819119,15.783104809394,6525.01507406114,25,9
434,11,106.714720061588,1,31926.9897798878,15.783104809394,7890.02462640483,21,11
434,12,101.410213278081,1,31203.9865957505,15.783104809394,6040.49797094365,25,14
434,13,103.77692299765,1,32973.6650282968,15.783104809394,7392.68200215566,24,10
434,14,108.313306543859,1,32367.784822067,15.783104809394,7881.74634108775,26,14
434,15,111.2618619839,1,32433.5214752993,15.783104809394,6876.82434058245,29,12
435,1,76.0991866285123,0,24277.46567295,9.57373456511342,5851.59888345724,22,3
435,2,83.4033685514961,0,23529.4984060077,9.57373456511342,5128.85959897872,23,1
435,3,74.3663307338127,0,24009.8377889586,9.57373456511342,6168.61440135777,22,1
435,4,79.7487115973962,0,24772.008044682,9.57373456511342,5555.82388560437,27,2
435,5,82.963977939493,0,25727.8018990226,9.57373456511342,5223.97876268932,26,4
435,6,72.2939363245005,0,27643.8573382087,9.57373456511342,6538.38191644746,31,6
435,7,82.1883386155675,0,28510.9421557296,9.57373456511342,6248.79003260256,28,5
435,8,85.2578658296078,0,29101.9960244104,9.57373456511342,6559.40860210505,27,8
435,9,90.6404566830913,0,28133.4931926251,9.57373456511342,6652.88846932479,25,6
435,10,86.2918638902511,0,29763.3529101088,9.57373456511342,6933.56008222299,29,12
435,11,90.795194287378,0,29536.8828063067,9.57373456511342,6880.4654915027,29,11
435,12,85.0496779777545,0,31502.9845698674,9.57373456511342,7167.29760260186,24,14
435,13,97.9525024745818,0,35493.4013929955,9.57373456511342,7405.5914762898,18,11
435,14,88.9899431551634,0,36087.8716113334,9.57373456511342,8306.79065809259,20,10
435,15,94.5793903374633,0,34762.1219027949,9.57373456511342,7324.1536565084,21,17
436,1,73.4366314001072,1,28964.6842744802,13.8760545625999,5556.04622701717,24,1
436,2,78.5548440253807,1,28613.5996263197,13.8760545625999,5360.11180114943,27,4
436,3,83.1928369870937,1,29603.9834549293,13.8760545625999,5985.5761481556,25,0
436,4,74.8873673781233,1,31871.3571904896,13.8760545625999,5798.68558863343,20,2
436,5,86.4747807185166,1,31722.5174113552,13.8760545625999,5015.33920101145,25,3
436,6,82.921620912095,1,34094.1611211443,13.8760545625999,5392.21100686471,27,3
436,7,90.12821438132,1,34212.4800781273,13.8760545625999,5908.52708934222,24,11
436,8,99.3916931176649,1,33970.1623561854,13.8760545625999,6590.76369666927,26,8
436,9,95.3435047758803,1,36392.9902220306,13.8760545625999,6828.1369045846,26,10
436,10,93.4923682645693,1,36983.5886489863,13.8760545625999,6816.88731269227,22,7
436,11,98.7207736213564,1,37537.9970171497,13.8760545625999,7008.21494672686,24,8
436,12,98.2110854723105,1,38880.9819864193,13.8760545625999,7505.27053655242,21,9
436,13,88.5505291800357,1,40130.8923988025,13.8760545625999,6954.72291774976,25,8
436,14,99.6173810020664,1,41782.8201728253,13.8760545625999,7521.62566867061,24,13
436,15,96.6071326352464,1,42259.953082853,13.8760545625999,7400.25630894631,24,14
437,1,63.9355287291582,0,28932.0965680477,9.54847510329566,5892.71605456516,28,0
437,2,77.3479474576502,0,28084.0861080089,9.54847510329566,4368.92015452387,31,2
437,3,70.0071989859783,0,29806.6209673159,9.54847510329566,4599.90188087267,24,3
437,4,75.3847803580807,0,30522.8719076843,9.54847510329566,4968.34674806258,25,3
437,5,82.3886939916078,0,30905.0016302304,9.54847510329566,5957.59092988262,28,4
437,6,80.0351056168727,0,31497.4436904309,9.54847510329566,6185.74618410796,22,5
437,7,80.9248310636046,0,32546.6419614853,9.54847510329566,6151.90866546962,23,4
437,8,86.1430455707545,0,33174.0477108142,9.54847510329566,6314.77708121268,23,8
437,9,85.7532474096503,0,34282.7316227159,9.54847510329566,7102.80319337712,23,7
437,10,81.429647983664,0,35881.908057832,9.54847510329566,6346.93792307008,27,6
437,11,94.4913395449463,0,34858.9453528933,9.54847510329566,7163.46119927143,23,11
437,12,106.783120238996,0,35448.1104164566,9.54847510329566,7329.55641587048,20,11
437,13,103.37520568525,0,38460.2163181868,9.54847510329566,7248.44632408148,23,16
437,14,94.3540169764229,0,36575.7497114831,9.54847510329566,7905.42640480181,30,15
437,15,94.6216150814413,0,37065.7989124969,9.54847510329566,8398.50216908155,27,16
438,1,76.8568263398278,0,35119.0697328647,4.6122749502427,4944.27477785846,20,0
438,2,63.2973343182649,0,35208.0931975066,4.6122749502427,5042.04037906507,24,0
438,3,76.6988043575525,0,36565.6106897104,4.6122749502427,6569.34663002828,24,2
438,4,79.9250329906416,0,37596.7454484565,4.6122749502427,5719.65275699259,26,6
438,5,78.8909795516261,0,40358.0559270627,4.6122749502427,4606.93989478832,24,4
438,6,82.8360178507207,0,39530.1762113078,4.6122749502427,6478.83450674239,21,3
438,7,86.5393749750315,0,39981.8646372412,4.6122749502427,6816.28375523071,26,6
438,8,92.0007871105493,0,40084.4560117423,4.6122749502427,6520.50788108306,30,8
438,9,83.4021599927554,0,40118.4218445667,4.6122749502427,7484.83683065794,25,5
438,10,89.3313908595944,0,41305.175042355,4.6122749502427,6725.00666565424,28,9
438,11,97.5274997282628,0,40962.3237964546,4.6122749502427,7253.31094638195,25,12
438,12,93.9257138075249,0,43544.7472439321,4.6122749502427,6903.32311608917,22,8
438,13,96.3438458000683,0,44102.04754408,4.6122749502427,7455.79967259372,21,17
438,14,100.197690514083,0,45494.4646263364,4.6122749502427,7346.55519015823,19,13
438,15,97.7052947106961,0,43946.8976079193,4.6122749502427,7166.67234449963,27,11
439,1,69.6374186065944,0,28255.9006186449,7.97112746796099,5176.67319447129,31,3
439,2,61.7304214805542,0,28631.4415388383,7.97112746796099,4577.9430141749,26,1
439,3,71.495767813638,0,30482.658620515,7.97112746796099,5541.44496752905,27,0
439,4,82.2610035824514,0,31993.320822455,7.97112746796099,6373.11096671929,31,3
439,5,72.935841542055,0,33699.5183978468,7.97112746796099,5767.531230964,26,4
439,6,70.533052050178,0,34256.7241943617,7.97112746796099,5104.58225113915,24,4
439,7,74.9384805096947,0,34425.2995719664,7.97112746796099,6280.57974134918,31,7
439,8,91.3339934052701,0,36043.6828492352,7.97112746796099,6447.17734691245,20,8
439,9,77.1020201628677,0,36259.6318844315,7.97112746796099,6397.38539018563,27,9
439,10,86.8110819178025,0,38716.1048382657,7.97112746796099,7924.07262779392,23,10
439,11,86.5711674606823,0,39967.4625733843,7.97112746796099,6864.50829424348,22,8
439,12,88.1548158712592,0,39232.6165627522,7.97112746796099,8204.05556022818,23,13
439,13,95.2893529585155,0,42337.848872921,7.97112746796099,7361.24401433707,23,12
439,14,87.9926835533539,0,43595.6659638658,7.97112746796099,7838.8767638809,24,13
439,15,97.1256341875403,0,44400.5788314752,7.97112746796099,7915.29366687624,26,17
440,1,68.1914296900468,0,14610.4236612668,12.4088855976305,4922.17726236231,24,1
440,2,77.1052845408043,0,13149.8839339551,12.4088855976305,4967.26229697871,23,0
440,3,63.007364697966,0,13559.8488242771,12.4088855976305,5198.94150622509,26,2
440,4,77.611411843064,0,16138.6716386047,12.4088855976305,5397.3202664305,17,5
440,5,74.9874961433157,0,15901.4321842216,12.4088855976305,6142.85305384292,21,7
440,6,85.5318669867645,0,15228.0244058556,12.4088855976305,6020.81827933727,26,8
440,7,71.7257627619369,0,16492.0335054933,12.4088855976305,6289.66385896533,23,7
440,8,89.2140089722459,0,18065.7010832983,12.4088855976305,6593.19834504725,25,7
440,9,79.1614525201793,0,16802.1443512227,12.4088855976305,6772.83203377384,23,9
440,10,90.9729944571563,0,16570.5651521581,12.4088855976305,6415.21204968904,25,9
440,11,88.9886433313409,0,16753.0904643396,12.4088855976305,7133.93733532541,29,9
440,12,84.4522788554933,0,16542.9295643808,12.4088855976305,7047.0415856697,21,13
440,13,95.1599809958363,0,18260.2168842226,12.4088855976305,7544.4581703826,22,14
440,14,93.1256227201398,0,18925.3685640988,12.4088855976305,7394.18776485219,20,12
440,15,97.0529525060191,0,18947.3838709053,12.4088855976305,7825.73174055684,22,18
441,1,77.2010539424561,0,30357.1759619042,14.6487682488775,5105.25176403097,27,0
441,2,88.0857955107713,0,30589.3328950371,14.6487682488775,6635.80407588816,27,3
441,3,88.6069006071471,0,31947.2596598824,14.6487682488775,4702.773506191,24,2
441,4,87.1590836379464,0,31384.6520261864,14.6487682488775,5870.91307315519,27,5
441,5,93.3093490290197,0,32726.84995651,14.6487682488775,5963.70700023556,23,2
441,6,91.2822171500303,0,33645.3607807233,14.6487682488775,5904.16390046615,23,5
441,7,86.506508764231,0,35743.098053961,14.6487682488775,6032.58252934363,22,5
441,8,97.1428260981745,0,33097.3785619279,14.6487682488775,6601.41677877503,23,10
441,9,94.2808736406355,0,38166.0432917603,14.6487682488775,6991.63124888994,27,10
441,10,98.6603930283289,0,35928.429548963,14.6487682488775,6883.84999857698,27,9
441,11,102.688568854326,0,38444.142495975,14.6487682488775,6511.76635156889,23,8
441,12,102.92652881473,0,37835.7028728661,14.6487682488775,7789.30183480298,25,12
441,13,98.3983821758764,0,38550.2952917513,14.6487682488775,7805.45260249472,31,17
441,14,102.919311984264,0,39442.8940618836,14.6487682488775,7452.72765057548,23,14
441,15,106.366346423481,0,37871.5017427425,14.6487682488775,8335.73561706706,26,15
442,1,79.4600804544739,1,43587.0932440603,6.74609375071556,5310.51662260913,27,1
442,2,77.3945340233539,1,42181.2450210693,6.74609375071556,5220.18533070912,22,3
442,3,82.7974755207932,1,43806.4002106829,6.74609375071556,5768.20902836891,24,2
442,4,80.8014851257948,1,43754.8141339266,6.74609375071556,5606.62932068362,26,0
442,5,86.1097213421883,1,44839.6819599338,6.74609375071556,5360.38487470186,20,2
442,6,86.425411940522,1,48128.8663888301,6.74609375071556,6164.91813376661,26,6
442,7,94.6466359600692,1,48778.1524520404,6.74609375071556,7536.31337479961,29,10
442,8,96.4869386718305,1,50319.2442930227,6.74609375071556,6685.54587066337,22,4
442,9,80.8886556237111,1,50098.5993030105,6.74609375071556,6562.51779300562,25,8
442,10,95.1433763441251,1,50291.7268759886,6.74609375071556,7282.57377515281,26,9
442,11,96.934073744064,1,52232.305530283,6.74609375071556,6936.98161904196,29,11
442,12,105.013129819822,1,55716.3274241046,6.74609375071556,6780.27504776317,26,11
442,13,106.737375531787,1,53695.9633949542,6.74609375071556,7147.1006808907,28,12
442,14,117.941724865477,1,58247.8045631914,6.74609375071556,8316.74575236012,27,16
442,15,109.091245604723,1,57201.0888029622,6.74609375071556,8532.90189786321,29,14
443,1,74.0406448060472,1,39204.2152121861,8.24572659324142,4972.94193311115,23,1
443,2,72.5794414046859,1,40872.993587885,8.24572659324142,6101.28764958722,32,1
443,3,72.2842708133181,1,43598.7737818879,8.24572659324142,5260.8370164326,28,3
443,4,79.3189999419253,1,44201.0255575413,8.24572659324142,6066.92646592377,23,0
443,5,79.4535493191914,1,43135.2791059457,8.24572659324142,4800.18380437486,27,4
443,6,89.9872196530769,1,46597.0216574612,8.24572659324142,6275.25124712504,26,5
443,7,90.124033695383,1,49774.773584801,8.24572659324142,7316.29021706608,23,6
443,8,93.7648238959258,1,49099.9999335483,8.24572659324142,5599.61991227491,27,10
443,9,94.4928825196721,1,52231.3620697307,8.24572659324142,6376.97042830511,22,8
443,10,111.12938269768,1,51236.5808962109,8.24572659324142,7895.80312487945,26,12
443,11,102.618522698659,1,53898.782538654,8.24572659324142,7216.22576259134,23,13
443,12,106.154033062672,1,54049.8574014893,8.24572659324142,8145.05597923136,27,14
443,13,101.326168853513,1,56543.8963217868,8.24572659324142,7798.41373861869,26,10
443,14,105.987382735505,1,55025.9640585591,8.24572659324142,8788.0999383935,22,17
443,15,118.256285435369,1,58317.2144094985,8.24572659324142,7972.36822986521,21,14
444,1,80.4993704245829,0,25876.4650105638,17.2936379897265,5110.12672173801,21,1
444,2,88.120096296681,0,24506.4679951024,17.2936379897265,4356.52993688983,27,1
444,3,87.1982062808653,0,27839.2640522646,17.2936379897265,5033.87485944601,24,2
444,4,86.2690465787855,0,26608.9765731645,17.2936379897265,5532.579125929,27,3
444,5,95.7593696814087,0,27282.8771637548,17.2936379897265,6474.86933823087,23,1
444,6,92.2455732736556,0,27566.7907558901,17.2936379897265,6106.06460185372,27,9
444,7,89.5705655005209,0,30076.1666653747,17.2936379897265,7014.29436603172,24,5
444,8,84.3095697864341,0,29232.3041272972,17.2936379897265,7586.38049484789,25,9
444,9,102.273369747921,0,29757.2286162533,17.2936379897265,7130.72219547369,22,11
444,10,104.101049455105,0,31748.2268634075,17.2936379897265,7119.2211774232,21,11
444,11,101.298700062131,0,31089.9822977252,17.2936379897265,6455.43453305182,30,14
444,12,92.8092273705965,0,32776.9274051003,17.2936379897265,7907.30605439492,28,9
444,13,100.455558371243,0,36445.2375662339,17.2936379897265,8511.45648958292,28,12
444,14,104.216434106631,0,35373.8831835143,17.2936379897265,7644.95907288015,21,13
444,15,108.459049845682,0,37015.0381132335,17.2936379897265,7871.99059905516,22,14
445,1,69.6652743018577,1,16623.121690754,10.6983019505302,5664.34629396212,19,1
445,2,69.6067475066359,1,16696.2045259952,10.6983019505302,5335.5426731335,28,2
445,3,76.3764034927006,1,20459.1867379337,10.6983019505302,4802.78856378643,25,2
445,4,74.5437671040045,1,20224.9078852988,10.6983019505302,5242.75040436428,22,1
445,5,76.0524898230541,1,22375.8135633847,10.6983019505302,6593.54322454121,27,5
445,6,90.3376134382156,1,22425.0126258706,10.6983019505302,6967.62654807201,22,4
445,7,80.5754289181956,1,19786.7408732175,10.6983019505302,6253.56975460817,26,4
445,8,92.79443275706,1,23838.9021908026,10.6983019505302,6994.53457936463,21,8
445,9,75.924093266053,1,22245.1165510008,10.6983019505302,6018.74159234387,25,8
445,10,95.6690626081915,1,23803.1059662581,10.6983019505302,6853.45002597477,29,10
445,11,97.2298455067403,1,24778.3237996683,10.6983019505302,7009.95344638698,20,8
445,12,86.4301795388578,1,24462.5498189381,10.6983019505302,7517.16846524757,27,12
445,13,91.6706279357267,1,25005.3902420345,10.6983019505302,7323.04412728522,30,11
445,14,99.5446021245928,1,26411.4318045312,10.6983019505302,7620.05561945575,28,14
445,15,94.4310504476963,1,27296.7770443683,10.6983019505302,8047.12117020578,27,17
446,1,96.4239459260413,1,48900.3233974593,13.5171003957918,4712.74281119352,22,2
446,2,102.735603459515,1,53102.7544094113,13.5171003957918,4888.28028634451,22,2
446,3,101.905087870013,1,53510.7063007195,13.5171003957918,6020.1689535427,28,5
446,4,101.075225021536,1,52666.1666303535,13.5171003957918,5305.11558277765,28,3
446,5,100.634546574303,1,52137.5685838038,13.5171003957918,6540.8350585656,23,3
446,6,92.5053889737145,1,55687.8421187473,13.5171003957918,5459.16900469459,23,3
446,7,112.407463972251,1,57514.0432325259,13.5171003957918,6280.97182449907,27,7
446,8,105.196000836543,1,55211.6968042062,13.5171003957918,5519.49309953927,22,10
446,9,110.069105392527,1,57324.6928857798,13.5171003957918,6882.05316462272,31,4
446,10,117.230042123302,1,56538.8830541441,13.5171003957918,7117.05612970348,23,12
446,11,119.123088064821,1,58328.5910769552,13.5171003957918,7519.98819183909,23,12
446,12,123.653210663975,1,60290.0652513557,13.5171003957918,6905.73412617677,23,13
446,13,116.290592436845,1,59045.0993057968,13.5171003957918,6369.58731032368,23,13
446,14,122.112641677771,1,60231.1264873286,13.5171003957918,7627.27856155787,28,15
446,15,127.352320556507,1,61807.877695816,13.5171003957918,7272.83731407424,31,17
447,1,73.304118207977,1,28827.486237026,10.419194035868,5057.01515141792,25,0
447,2,80.3818838474381,1,30057.4465753555,10.419194035868,5871.02473545363,19,2
447,3,73.0208388177003,1,30592.121527561,10.419194035868,5924.03093284,27,0
447,4,90.926738854551,1,29414.8327543593,10.419194035868,6328.77644663029,29,8
447,5,78.4190652134273,1,30768.1020530725,10.419194035868,6206.48367712706,28,4
447,6,78.7657501682122,1,32864.1535495168,10.419194035868,6242.01792624037,21,4
447,7,90.8577302047117,1,33854.7770360984,10.419194035868,7226.14112240312,22,6
447,8,84.375374841572,1,35505.6086167704,10.419194035868,6747.35822683371,23,10
447,9,103.748352535115,1,35312.6057500904,10.419194035868,7075.13010613206,22,11
447,10,99.3824726418026,1,35370.7643836795,10.419194035868,7429.38201569274,21,10
447,11,92.2239149874879,1,36670.3916848115,10.419194035868,7011.96748940327,23,11
447,12,94.9009228272346,1,35635.5791973396,10.419194035868,7134.12672108901,22,11
447,13,95.1455299695762,1,35118.2554056242,10.419194035868,6927.90654083995,18,12
447,14,90.7705186937957,1,37828.7989190627,10.419194035868,7798.19376567495,23,10
447,15,104.384660114521,1,38448.3526372783,10.419194035868,8318.90387187133,27,14
448,1,75.8679795285783,0,29489.6107581893,11.1042513445455,4952.46098329296,25,2
448,2,78.8867352919282,0,29156.9416079823,11.1042513445455,5605.1469629333,20,4
448,3,71.5903188156474,0,31126.1921738268,11.1042513445455,5629.16819725997,28,2
448,4,79.584628560931,0,35074.8860305582,11.1042513445455,6001.51983113014,19,3
448,5,84.8734171767922,0,33557.7940333749,11.1042513445455,5670.29314914358,22,2
448,6,85.1139007571607,0,35741.4161797186,11.1042513445455,6023.95415904567,27,7
448,7,89.9127572382128,0,36513.3611944427,11.1042513445455,6177.91606210711,16,7
448,8,82.6155229547254,0,39631.383033459,11.1042513445455,6590.92450017565,26,7
448,9,89.8388635542533,0,39179.5322262249,11.1042513445455,7024.10447688403,27,9
448,10,91.0938032014278,0,42153.2553239144,11.1042513445455,6836.54980279325,27,9
448,11,91.3455721014632,0,42261.6335148443,11.1042513445455,6328.47040406734,24,9
448,12,93.1355707108632,0,40759.6110360357,11.1042513445455,7102.39720720228,25,12
448,13,99.4273680828811,0,43506.0215154633,11.1042513445455,6988.75420376276,24,14
448,14,95.0379123943263,0,44946.3878772708,11.1042513445455,7428.11892866592,24,13
448,15,96.3923426735357,0,44947.2924359456,11.1042513445455,8132.65812204468,29,14
449,1,78.5571542426651,0,33617.5175162856,12.2617326198157,5337.9042301977,29,1
449,2,76.5141083697875,0,34669.6318593497,12.2617326198157,6167.48738655735,28,0
449,3,86.8661104514322,0,33352.8295987361,12.2617326198157,5476.39004728858,21,4
449,4,76.2451618121744,0,33779.5806270062,12.2617326198157,5510.68446067701,20,4
449,5,85.814450225423,0,35839.3261749528,12.2617326198157,6000.07562485873,24,7
449,6,91.4046871424796,0,37633.1259900465,12.2617326198157,5791.98541085662,24,5
449,7,91.0214121023887,0,38964.3190137364,12.2617326198157,6701.05344950479,29,7
449,8,91.1524581170471,0,36048.8204121745,12.2617326198157,6748.66334424605,25,9
449,9,89.5663367269365,0,38896.5932672721,12.2617326198157,6913.10073606735,27,6
449,10,91.2298068678133,0,38838.9508944791,12.2617326198157,7509.49498711459,29,5
449,11,103.835613194454,0,39795.7543009419,12.2617326198157,7982.38846269545,20,13
449,12,94.8971859894866,0,42019.9782573362,12.2617326198157,7191.89900151679,25,13
449,13,104.404498756617,0,43682.1302806453,12.2617326198157,8189.84458038652,26,10
449,14,97.5386651829955,0,41976.2596177153,12.2617326198157,7920.90398092699,26,10
449,15,103.076337945729,0,42993.6989943096,12.2617326198157,8801.93064210973,23,13
450,1,71.5767980689706,1,16212.5214762022,12.032885528397,6012.15244938987,24,0
450,2,77.7687309005473,1,21591.0197625539,12.032885528397,5836.34231308452,21,0
450,3,78.1029443283772,1,19680.0010311542,12.032885528397,6434.49964364868,26,1
450,4,74.0036311986174,1,21296.7075126354,12.032885528397,5760.36924182365,26,2
450,5,80.5452762159173,1,21922.0003653824,12.032885528397,5355.95406127011,22,2
450,6,81.1606315391119,1,21075.8179080204,12.032885528397,6122.92099686773,27,5
450,7,93.3454301566101,1,23373.6086031095,12.032885528397,5671.43756055904,24,7
450,8,90.3579070951185,1,22767.9603576448,12.032885528397,6721.38137241607,26,7
450,9,92.5130236620129,1,25058.410626161,12.032885528397,6704.93971121518,26,12
450,10,86.0694720927857,1,26142.7565472298,12.032885528397,7009.22785373488,28,10
450,11,87.8544962925323,1,25737.9623959714,12.032885528397,6717.39581646648,25,12
450,12,88.5584083670482,1,26207.7109741201,12.032885528397,7506.51765037081,23,6
450,13,101.085470233461,1,28517.8232936725,12.032885528397,7935.63989369861,23,13
450,14,101.046209875761,1,29432.0510892191,12.032885528397,7702.56279994459,29,13
450,15,104.552657960591,1,30312.971939831,12.032885528397,7987.14075718035,27,15
451,1,68.7128673351208,1,27029.7930666181,11.4223193668738,4940.80968434405,22,1
451,2,86.2552171905632,1,25405.7124882052,11.4223193668738,5315.88416432296,29,0
451,3,74.8837100798144,1,26383.5896761111,11.4223193668738,5187.01038301932,24,4
451,4,95.9006721908338,1,26880.1640451419,11.4223193668738,5291.95333073468,22,4
451,5,85.6271111289745,1,31525.3247814527,11.4223193668738,6064.18057719763,21,4
451,6,89.4880461458046,1,28996.4009831166,11.4223193668738,5637.18005129489,29,7
451,7,96.6664288530124,1,31975.5421356697,11.4223193668738,5749.99943628949,31,5
451,8,101.558599406806,1,30345.9991729639,11.4223193668738,6728.43807020467,19,9
451,9,102.397472483265,1,33891.7535405669,11.4223193668738,7082.60254417337,26,7
451,10,102.864482753929,1,33746.1706361989,11.4223193668738,7398.9925984013,28,10
451,11,101.927905811819,1,33519.443300089,11.4223193668738,6626.30714503929,25,9
451,12,114.135626900517,1,35569.7044781947,11.4223193668738,8223.63134878763,27,17
451,13,111.869158964166,1,37319.5079383683,11.4223193668738,7501.10505668111,27,11
451,14,117.377022365898,1,38042.606225631,11.4223193668738,8218.67919820668,28,13
451,15,123.76111251546,1,38257.8986442706,11.4223193668738,7233.18677741379,22,10
452,1,70.1417938322596,0,17907.1487251199,10.5906105445688,5544.97653159935,29,0
452,2,66.0230945964065,0,17323.125357656,10.5906105445688,5595.78538297493,27,0
452,3,74.8098551905758,0,18642.5667557464,10.5906105445688,5831.51045854636,23,3
452,4,67.8938045387503,0,19162.6272543758,10.5906105445688,6696.662777659,28,5
452,5,77.0819543501709,0,21529.8610956249,10.5906105445688,6259.7154738641,23,3
452,6,77.7890698350363,0,21139.6495563464,10.5906105445688,6561.12553135754,22,6
452,7,77.0793122019734,0,22709.0289809416,10.5906105445688,6441.67370579706,25,5
452,8,96.1612525399492,0,23634.6494097303,10.5906105445688,6660.64441323179,24,7
452,9,81.6060851384532,0,24398.8589537115,10.5906105445688,6986.99409186482,30,6
452,10,85.7161493414633,0,25999.1419492682,10.5906105445688,7268.2985145486,27,10
452,11,82.9710585509065,0,24407.5791381913,10.5906105445688,6751.01082272281,30,9
452,12,93.2390014525138,0,25138.6790875643,10.5906105445688,7565.83797374557,28,15
452,13,85.9677556143157,0,25418.2171328414,10.5906105445688,7358.88085233146,23,10
452,14,83.403999894394,0,28076.512577897,10.5906105445688,7133.52501473571,23,16
452,15,99.2968352921075,0,26980.1017657387,10.5906105445688,7962.25848325471,20,10
453,1,60.7805537824054,0,25368.804088697,2.85641733060383,4463.19798478083,26,0
453,2,69.0333891845052,0,25790.1337535274,2.85641733060383,5195.7332419822,26,3
453,3,66.8269701968615,0,27109.6423780986,2.85641733060383,5712.35852420532,27,5
453,4,69.9988558667694,0,28637.7271221752,2.85641733060383,5255.83658431449,22,4
453,5,67.9440911194251,0,28368.144482199,2.85641733060383,5345.38473183201,21,2
453,6,79.9837000414254,0,31219.8831566096,2.85641733060383,6944.8137535454,23,6
453,7,76.9131706953213,0,30075.2169928,2.85641733060383,6562.92368384924,25,9
453,8,73.7622889351342,0,33069.5499568584,2.85641733060383,6426.28851787009,26,5
453,9,77.2210287063299,0,32505.103549792,2.85641733060383,7430.69931186191,24,5
453,10,86.1405042638035,0,33248.4272897174,2.85641733060383,6611.05126104553,26,13
453,11,87.6366536243499,0,36283.7963965274,2.85641733060383,7461.46720516423,28,11
453,12,86.3822764070683,0,36086.1610836912,2.85641733060383,7234.61682501203,16,9
453,13,99.3933182537246,0,37283.7348244847,2.85641733060383,7882.98673786437,25,15
453,14,81.8319663220813,0,39453.6328053645,2.85641733060383,8048.24090081014,22,17
453,15,89.4582774962424,0,39782.0298158894,2.85641733060383,8384.29027232106,27,15
454,1,86.8390410761403,0,31519.3613749256,17.6059665010011,5332.21476022282,21,0
454,2,98.8520941251479,0,31300.808862516,17.6059665010011,5722.11432355817,22,2
454,3,97.0659689719462,0,33166.1663834844,17.6059665010011,5107.15354369658,24,2
454,4,86.007342625082,0,33177.6700282361,17.6059665010011,6345.0079139406,25,5
454,5,92.6842729227775,0,35033.0330999698,17.6059665010011,5079.19741905049,18,6
454,6,93.0811415756686,0,33729.5764856882,17.6059665010011,5236.35329376733,30,6
454,7,90.2438445474204,0,34815.8971612823,17.6059665010011,6010.77180725964,28,4
454,8,103.11493985501,0,39009.739706411,17.6059665010011,6630.65482946513,20,6
454,9,103.205816936609,0,38142.402330872,17.6059665010011,6890.64863076663,24,12
454,10,102.534173666399,0,36388.8428762412,17.6059665010011,7525.79217544389,23,9
454,11,104.714605108025,0,37596.6980516497,17.6059665010011,7727.94594095527,32,12
454,12,98.441242813728,0,38644.453474966,17.6059665010011,7117.67928702604,32,13
454,13,108.574540547372,0,38658.7869843555,17.6059665010011,7917.59110438076,27,12
454,14,114.791923563655,0,40936.1435144446,17.6059665010011,8047.42269557139,29,13
454,15,119.069116333249,0,40956.8111922488,17.6059665010011,8599.86466685384,25,14
455,1,85.2069253482789,0,21597.1755259415,17.3712726247291,5208.71233173574,21,2
455,2,85.637892122131,0,20826.3843298826,17.3712726247291,5635.9877022121,30,4
455,3,87.0307960273717,0,22751.5656109305,17.3712726247291,5372.61755189703,24,0
455,4,99.6121780821189,0,23129.8730286663,17.3712726247291,5866.20537220868,24,4
455,5,96.0846501075465,0,22298.1964872025,17.3712726247291,5632.42286575533,18,8
455,6,90.1854801348476,0,23238.7077386668,17.3712726247291,5299.52400266278,27,8
455,7,88.8639863997046,0,25644.6947080091,17.3712726247291,6965.67027610802,28,1
455,8,88.9268307813661,0,24717.683917981,17.3712726247291,6931.23104933867,27,6
455,9,107.294968942195,0,26483.9800961053,17.3712726247291,6650.1717535637,23,9
455,10,109.577357877256,0,29021.7289379251,17.3712726247291,6458.68713992098,21,5
455,11,92.4532959241643,0,29955.9663455137,17.3712726247291,6466.30565359348,21,5
455,12,99.001509186712,0,29737.1293497117,17.3712726247291,7184.15100484064,26,6
455,13,103.303967504958,0,31171.7210564638,17.3712726247291,7840.98028710958,28,11
455,14,100.307434064681,0,30874.2887934766,17.3712726247291,8136.07881133537,23,16
455,15,105.584092101468,0,32865.8240167971,17.3712726247291,7975.74021425225,23,12
456,1,75.2611736274783,1,36639.0084364207,8.6967547748423,4944.09668448777,30,0
456,2,72.613544216617,1,38027.0051658453,8.6967547748423,6143.12673128714,26,2
456,3,89.2800759471127,1,36517.9645538921,8.6967547748423,5516.2098754282,20,5
456,4,74.7541503516182,1,38443.0747279164,8.6967547748423,5842.85685813909,25,3
456,5,87.8290503513393,1,39667.3091214877,8.6967547748423,5695.29626342088,23,4
456,6,90.827747302226,1,40993.9370260943,8.6967547748423,6382.38165011115,25,8
456,7,94.4819955428367,1,40591.1905741956,8.6967547748423,6737.22405236449,22,4
456,8,98.8401432389944,1,43035.9240926657,8.6967547748423,6876.80542006603,20,11
456,9,90.1950775803721,1,44408.5810615793,8.6967547748423,7018.67331904787,24,10
456,10,93.2141727811005,1,46510.644778275,8.6967547748423,7662.19768853262,25,11
456,11,96.3604723174559,1,44785.3333554466,8.6967547748423,7477.89781904265,26,10
456,12,99.194279902238,1,47516.4120297397,8.6967547748423,7008.00812466981,25,13
456,13,102.491868991266,1,47655.4823433074,8.6967547748423,7225.20479068211,26,13
456,14,101.399093950889,1,47289.5484810101,8.6967547748423,7482.10458369628,19,10
456,15,107.303862090565,1,51976.9832937728,8.6967547748423,7756.19671609586,24,14
457,1,74.9107335557857,1,31905.1540874253,11.4956774336701,6109.04716377216,31,1
457,2,82.7068536565362,1,32830.5774584692,11.4956774336701,5107.74091841855,29,0
457,3,88.5932566132178,1,33816.8834596909,11.4956774336701,5607.34471185365,20,4
457,4,89.9610202408315,1,35024.6605741948,11.4956774336701,6086.05556783153,25,3
457,5,83.146228196903,1,35454.9220146757,11.4956774336701,5841.6377653323,22,6
457,6,93.4427355647179,1,34411.8779386198,11.4956774336701,6852.73742478575,27,5
457,7,92.7956922436482,1,35798.2881057777,11.4956774336701,5744.31269771754,21,7
457,8,102.266231082546,1,37770.0221384221,11.4956774336701,7202.10515377521,28,9
457,9,101.161159535968,1,36828.9516351258,11.4956774336701,7210.23216005635,24,6
457,10,106.048624087895,1,38553.7348049819,11.4956774336701,8143.42004526431,20,11
457,11,94.4937751699126,1,39043.6278845762,11.4956774336701,7135.00560743358,22,9
457,12,106.014481803385,1,40476.1178406983,11.4956774336701,7538.61918169651,23,13
457,13,117.192900113936,1,40766.6580730916,11.4956774336701,8348.15560128521,22,13
457,14,111.25612506557,1,41103.6940133161,11.4956774336701,7070.15205537751,29,13
457,15,115.330013878564,1,42373.5645097653,11.4956774336701,7941.12270427703,27,13
458,1,71.4179155910549,1,24115.6322230289,16.1258259141375,5189.58240148755,23,0
458,2,82.9471075632391,1,23986.2435585662,16.1258259141375,5214.43269643654,26,4
458,3,83.5587496951936,1,25488.9729936987,16.1258259141375,6032.9975428174,23,2
458,4,72.8706751067291,1,26171.2284585543,16.1258259141375,5636.87782227573,23,3
458,5,87.8726226629336,1,27120.7253465342,16.1258259141375,5703.9138954382,23,9
458,6,92.6429739901145,1,30100.8963378291,16.1258259141375,6406.75134390673,18,4
458,7,94.3237266509959,1,30921.7636340337,16.1258259141375,6314.55931548828,23,9
458,8,100.301750358751,1,31295.1065870016,16.1258259141375,6768.18033030557,22,9
458,9,92.5430926031384,1,31966.4796187542,16.1258259141375,6026.21261163889,26,10
458,10,102.256082239147,1,32970.7858798531,16.1258259141375,7065.03855374508,29,13
458,11,100.068483432087,1,33490.4626531303,16.1258259141375,7773.97592121029,25,8
458,12,98.5944937033412,1,35513.8326247794,16.1258259141375,6986.82266823672,23,11
458,13,97.7985538965157,1,34687.8507682778,16.1258259141375,6558.81058046785,20,10
458,14,107.339956766938,1,35903.40909569,16.1258259141375,8090.03116409126,27,16
458,15,108.958227317087,1,38754.3660201957,16.1258259141375,7052.19677618139,22,14
459,1,79.6250262354385,0,31681.0292067228,14.9948700691566,5070.28584461804,28,1
459,2,82.0978194284107,0,33985.2001891561,14.9948700691566,6109.86489582238,28,0
459,3,81.1510568741599,0,34011.4941045113,14.9948700691566,5159.34485420847,29,1
459,4,87.6104241154669,0,34846.0156580562,14.9948700691566,5157.75662222139,25,10
459,5,87.7618416802086,0,35106.0528717472,14.9948700691566,6097.78796945705,29,2
459,6,88.7770449246768,0,35540.6902598651,14.9948700691566,6376.81671725332,22,4
459,7,87.3017920182281,0,38421.3524911997,14.9948700691566,6306.66463783005,25,3
459,8,92.0029816156112,0,37038.8683460965,14.9948700691566,6782.86423494918,20,3
459,9,99.1571122278891,0,40586.1392043413,14.9948700691566,6939.53912082875,25,12
459,10,93.9108468397668,0,39079.2783049986,14.9948700691566,7715.62926709472,27,8
459,11,94.5074034838611,0,39575.5783246347,14.9948700691566,7708.56574477071,27,12
459,12,96.5570640692871,0,40810.1661815174,14.9948700691566,7870.76592878746,23,11
459,13,94.688584296596,0,41669.5345393558,14.9948700691566,7285.50053433614,17,12
459,14,100.597104706553,0,40045.8132856735,14.9948700691566,7005.3808273207,24,15
459,15,101.958565748693,0,42215.2062833767,14.9948700691566,7928.67442936434,25,16
460,1,86.5248768609836,0,37037.7685402347,15.8298048562373,4608.20741822369,20,4
460,2,86.4402039503118,0,36414.9634159776,15.8298048562373,5935.91429745407,23,3
460,3,93.9912009028395,0,37440.2250698037,15.8298048562373,5321.76531485954,28,3
460,4,94.617896780683,0,38849.2264347439,15.8298048562373,5697.51034016673,30,6
460,5,93.2410336073754,0,40816.9834604196,15.8298048562373,6990.75435464859,24,1
460,6,96.9280717810905,0,40660.1031468828,15.8298048562373,6240.79833511345,26,8
460,7,99.8394351887795,0,41084.2449154465,15.8298048562373,5846.37852533715,24,7
460,8,91.9040104050168,0,41363.0496461297,15.8298048562373,7103.58871067758,29,6
460,9,104.194326432882,0,41939.9882977804,15.8298048562373,5856.94740598243,20,8
460,10,106.298917981631,0,45287.6225449794,15.8298048562373,7609.49352516042,21,9
460,11,108.613182688507,0,46229.0103686351,15.8298048562373,8061.01695283754,26,11
460,12,102.725998709181,0,45002.9563710891,15.8298048562373,6113.46179804104,28,11
460,13,111.199230886094,0,46102.9483922679,15.8298048562373,7361.93564641308,25,9
460,14,114.067854375489,0,48081.9369584528,15.8298048562373,7768.16602206497,29,14
460,15,118.039752768705,0,50903.775612821,15.8298048562373,8009.31467477924,25,15
461,1,76.8630716940272,1,41089.4326391745,8.78475924552061,5453.01870743244,25,2
461,2,84.0874862633282,1,39812.9615857264,8.78475924552061,5437.47926457662,25,3
461,3,86.4546493199075,1,40273.044176421,8.78475924552061,5434.56135927761,21,5
461,4,79.0943329591772,1,43699.1142900364,8.78475924552061,5774.99049746167,27,4
461,5,94.6494204138905,1,44180.9181808589,8.78475924552061,6287.98455077963,23,7
461,6,90.2401811869131,1,41883.6781784804,8.78475924552061,5941.94762789348,27,9
461,7,77.9141917840255,1,43196.5649141978,8.78475924552061,6005.46683765138,29,2
461,8,92.4744950536779,1,45939.7594111852,8.78475924552061,6956.78336404711,27,5
461,9,90.3296685479782,1,45890.2945293379,8.78475924552061,7030.34383017735,26,7
461,10,92.6786162741265,1,44322.4832293626,8.78475924552061,6527.36062841909,24,9
461,11,101.615476500982,1,47853.5454948419,8.78475924552061,7857.76197784312,21,9
461,12,104.802456671427,1,50173.3494466546,8.78475924552061,6963.83414083203,23,9
461,13,101.503787424313,1,49438.4036454814,8.78475924552061,7453.50688508665,29,12
461,14,108.239200506728,1,51145.9654265669,8.78475924552061,7946.00529896196,24,13
461,15,111.861553501312,1,50236.142726431,8.78475924552061,8085.79515401821,24,15
462,1,90.6366157484504,0,28909.9640779905,19.7318042885939,4673.70516863795,28,1
462,2,89.5826980871126,0,30674.7925593926,19.7318042885939,5133.01898566824,29,2
462,3,100.312682209226,0,30294.4119372137,19.7318042885939,6317.80188665087,22,5
462,4,89.5974430501375,0,31090.7199072705,19.7318042885939,5316.82976280942,20,0
462,5,82.0460079259824,0,32053.0270644913,19.7318042885939,5801.00160936819,26,0
462,6,90.7654303126564,0,31573.9417300557,19.7318042885939,6299.3533341198,27,3
462,7,96.3640799698761,0,32477.631972422,19.7318042885939,6374.24044612234,23,8
462,8,106.183138065886,0,33575.7891824108,19.7318042885939,6313.3142220973,24,6
462,9,100.965800730111,0,33748.8044959921,19.7318042885939,6410.22335807733,25,10
462,10,101.598271503759,0,36585.2952702843,19.7318042885939,6465.25790528732,20,12
462,11,105.791256447863,0,35279.4730796846,19.7318042885939,7070.54251322522,21,10
462,12,107.514511071807,0,36755.9031522274,19.7318042885939,7890.43939517267,23,11
462,13,109.910468069372,0,38940.3694569757,19.7318042885939,8430.18565012866,29,11
462,14,103.364496308119,0,37869.8256040663,19.7318042885939,8327.93618360923,20,12
462,15,116.426540637486,0,38290.0028407067,19.7318042885939,7642.32753506134,25,17
463,1,78.0755133782018,0,30321.0285614183,8.59962012068902,5762.68457451027,25,0
463,2,68.8802314488806,0,30987.5403621609,8.59962012068902,5528.55126926874,31,3
463,3,68.7597455575366,0,32012.0735673708,8.59962012068902,5498.80298538027,25,0
463,4,88.4899886722535,0,31724.003321629,8.59962012068902,5188.05938571048,24,6
463,5,88.091072323626,0,32835.6280033329,8.59962012068902,5947.54157754668,19,3
463,6,83.9894379793977,0,34974.1700610941,8.59962012068902,6060.28437505366,23,7
463,7,80.1665966493251,0,32584.846297079,8.59962012068902,6925.61737534588,23,7
463,8,74.7121040339053,0,37298.7234608829,8.59962012068902,6944.73660043188,24,11
463,9,94.1388474703759,0,37212.690794881,8.59962012068902,7384.07299483814,23,12
463,10,86.1184164844736,0,36274.3227650018,8.59962012068902,6674.25070583553,24,8
463,11,83.0674281887916,0,36740.4120605449,8.59962012068902,6458.03883621926,30,10
463,12,80.5213580072043,0,38559.3172764506,8.59962012068902,6950.96283494014,26,12
463,13,85.4389059623254,0,41426.4878631257,8.59962012068902,7427.23221641942,24,8
463,14,98.6751559532597,0,41575.7221595416,8.59962012068902,7499.41622561968,20,14
463,15,97.3809023929726,0,41793.2368902943,8.59962012068902,7981.09400364713,27,14
464,1,81.2386759234234,0,30089.2258659935,14.2617490256499,6297.28123502876,25,0
464,2,89.8124892168842,0,31670.6791472139,14.2617490256499,4237.46513749052,26,2
464,3,92.3862687951366,0,30854.2997749308,14.2617490256499,5640.98660896742,26,1
464,4,88.7952916851566,0,31322.1252227955,14.2617490256499,5916.50619959982,27,3
464,5,89.1925103269529,0,31729.9976534803,14.2617490256499,5996.41292375679,25,5
464,6,97.4927432245315,0,32425.6217248337,14.2617490256499,5944.18706202965,23,4
464,7,99.2073512679415,0,31212.2078762365,14.2617490256499,6094.85118250674,25,10
464,8,102.250476771516,0,33583.9073306397,14.2617490256499,7142.46266506408,22,5
464,9,110.817906847614,0,36589.1447328099,14.2617490256499,6902.70495220864,18,13
464,10,106.792082998335,0,34711.484314243,14.2617490256499,7327.85093326517,28,11
464,11,101.533340200233,0,36055.4318985356,14.2617490256499,6601.98584299987,25,11
464,12,103.939420508439,0,35586.4663622079,14.2617490256499,7452.89654517853,24,11
464,13,103.438637174285,0,38002.2733594034,14.2617490256499,6752.92850628134,28,11
464,14,107.248486549517,0,37761.7896491431,14.2617490256499,7855.26467919673,33,14
464,15,115.004934151173,0,37535.2526342007,14.2617490256499,7762.44060334896,21,16
465,1,89.1480250461014,1,41954.7889228822,12.4238279413371,5761.38406971758,21,0
465,2,90.7470684111896,1,42622.1282169422,12.4238279413371,5540.2051806061,23,4
465,3,89.7082807738753,1,43045.8805534711,12.4238279413371,6148.32370504767,25,4
465,4,95.814349828653,1,45168.6664244912,12.4238279413371,6559.51470025211,26,4
465,5,103.458680739348,1,45633.9692340667,12.4238279413371,6359.13508901575,21,5
465,6,95.5292323206542,1,47254.8425084661,12.4238279413371,6384.49625900054,24,5
465,7,101.560268206836,1,46367.4875893578,12.4238279413371,6311.61460860759,26,10
465,8,100.781204705352,1,46194.8575901986,12.4238279413371,5839.05404170016,25,2
465,9,108.13853270612,1,46525.5314121383,12.4238279413371,6821.2973711136,21,8
465,10,105.183162029082,1,46840.0533678794,12.4238279413371,7150.72517245817,26,10
465,11,112.288077268412,1,50788.1606253597,12.4238279413371,7188.89965367383,26,13
465,12,106.671841878159,1,50794.3573142907,12.4238279413371,6401.30270281076,22,10
465,13,111.672073256129,1,52274.4900847296,12.4238279413371,7405.62756203851,23,14
465,14,117.149065730005,1,53236.8176595496,12.4238279413371,7795.03187792612,25,12
465,15,113.169972774779,1,52504.1055410848,12.4238279413371,7887.72078145854,26,12
466,1,78.6143762970742,0,41598.176672401,10.7888690461139,5247.29075170168,24,0
466,2,81.959114302326,0,42996.4175444344,10.7888690461139,6400.10484195071,23,3
466,3,81.6227226598905,0,42053.7115180365,10.7888690461139,4491.95318614432,25,3
466,4,77.7680735475582,0,42624.2488372678,10.7888690461139,5253.39699798245,25,3
466,5,91.9690751641408,0,44432.7174215877,10.7888690461139,6452.29358147071,21,4
466,6,86.968326276188,0,45690.5626705369,10.7888690461139,6347.86596977728,23,6
466,7,90.7887313435085,0,47088.4816810936,10.7888690461139,6174.15663990539,25,8
466,8,98.1542331705302,0,47449.8728237675,10.7888690461139,5990.5228938926,25,10
466,9,90.2656499972464,0,47563.1281543006,10.7888690461139,6842.76262472558,21,8
466,10,109.028605621226,0,49009.4245931164,10.7888690461139,6913.0760867616,24,11
466,11,97.9708169572921,0,49217.0915203638,10.7888690461139,6387.7486866457,26,9
466,12,105.899091696375,0,49658.5731382208,10.7888690461139,6963.4577939391,21,14
466,13,106.471766720474,0,50070.0788071299,10.7888690461139,7800.07348000409,23,14
466,14,112.686437212345,0,51088.9139797288,10.7888690461139,7278.62076597872,17,13
466,15,104.400799309531,0,53081.0649249562,10.7888690461139,8243.80271274402,28,12
467,1,86.1798452293288,0,37579.9130297002,10.8617526054569,5532.14466281576,28,1
467,2,83.4604602627546,0,38395.4879613223,10.8617526054569,5328.67770165911,25,0
467,3,80.4576343103635,0,37901.2037091343,10.8617526054569,5623.72744222897,15,3
467,4,87.7564779081385,0,37895.9799464368,10.8617526054569,5912.18037663018,25,2
467,5,92.374938844119,0,36706.8892257653,10.8617526054569,6262.44252736958,25,5
467,6,79.6996621982724,0,38619.9567492441,10.8617526054569,5460.16653668605,28,3
467,7,87.171032021815,0,38357.0766051503,10.8617526054569,5869.89524849533,21,7
467,8,92.7173730496328,0,38272.6701853377,10.8617526054569,6152.11749783556,21,10
467,9,90.4051004014526,0,38867.9274346246,10.8617526054569,7274.1966317363,27,7
467,10,97.4480191752627,0,39907.8934201439,10.8617526054569,8366.30065562519,27,12
467,11,90.625781911271,0,40331.7001855935,10.8617526054569,7577.2317371464,27,5
467,12,102.341736377955,0,42211.1175830821,10.8617526054569,7794.06828013676,15,11
467,13,108.868652106933,0,43633.7464297874,10.8617526054569,6556.79751021329,24,13
467,14,105.47842641061,0,42269.8545878474,10.8617526054569,7224.39073068494,19,16
467,15,101.814083638378,0,42039.8835411279,10.8617526054569,7732.97592616138,29,11
468,1,76.0751746139172,1,29972.4775917573,9.02580956240699,5212.14133689887,25,0
468,2,71.2639770496251,1,29281.6277697338,9.02580956240699,5155.42864375128,23,0
468,3,78.9496159571458,1,29451.679693728,9.02580956240699,6036.79676032253,23,3
468,4,81.7976078068356,1,30926.8139668006,9.02580956240699,5880.63640545718,24,8
468,5,75.1903325751372,1,28632.1004785969,9.02580956240699,5007.17084699053,29,8
468,6,78.6929356919355,1,31114.0975765381,9.02580956240699,6078.96031672858,24,9
468,7,92.8001051507331,1,31215.9238923644,9.02580956240699,5864.4535870764,26,10
468,8,85.0949556688953,1,32640.8349024665,9.02580956240699,6535.58683163462,25,5
468,9,85.1082762915997,1,31400.9913415915,9.02580956240699,7456.84824265583,26,7
468,10,91.1863209164962,1,32162.8890877857,9.02580956240699,6578.93665368504,23,8
468,11,94.0243932122239,1,34278.0652547333,9.02580956240699,7734.49000535018,25,10
468,12,92.3249042269274,1,34080.098306493,9.02580956240699,6933.06712466008,26,13
468,13,90.341327908468,1,33453.8598192876,9.02580956240699,7279.07218952001,25,13
468,14,99.2816545984412,1,33892.0231453981,9.02580956240699,7913.65442516104,19,13
468,15,96.0719888868071,1,34468.6801448202,9.02580956240699,7961.19858982686,21,14
469,1,87.042059091193,0,33875.2556140192,16.8679793872704,6443.72918572452,20,3
469,2,91.6321388132213,0,34881.4574851704,16.8679793872704,4553.03048211689,26,2
469,3,88.8889980337175,0,33408.0023958031,16.8679793872704,5657.30923368556,23,5
469,4,92.1025984447958,0,35876.9582904646,16.8679793872704,6541.15946647691,28,5
469,5,90.1405340365257,0,36222.0860720735,16.8679793872704,5952.85793740736,25,4
469,6,83.9682775285117,0,36622.1296839442,16.8679793872704,6196.29248931523,22,4
469,7,98.0471156643534,0,37161.9881670226,16.8679793872704,6836.9132246594,24,10
469,8,102.503210045755,0,36894.2866019474,16.8679793872704,6414.40346434299,26,7
469,9,94.341894296166,0,36028.4199515126,16.8679793872704,6999.57208860333,20,9
469,10,97.5042671715993,0,37998.6457492808,16.8679793872704,7871.96541803241,24,8
469,11,103.13270199775,0,37785.3837370206,16.8679793872704,7356.03292610152,26,11
469,12,108.640087423982,0,39863.4229468716,16.8679793872704,7453.69761991962,27,13
469,13,110.763794472688,0,38612.326725208,16.8679793872704,7008.83946150733,21,15
469,14,98.5725629690302,0,41168.5861558751,16.8679793872704,7652.58737506617,25,12
469,15,105.004994577606,0,43838.7996038445,16.8679793872704,7606.01094475019,26,15
470,1,82.3935639326517,1,34885.661016486,12.2685396832883,4828.92478919137,23,0
470,2,83.6312064765992,1,35185.6626212687,12.2685396832883,5606.11142454266,19,2
470,3,91.3272327809206,1,34463.606121195,12.2685396832883,6077.35091278979,28,6
470,4,81.8697809975094,1,34487.8775699758,12.2685396832883,5200.24533199687,25,3
470,5,87.2816029167603,1,34212.1231894121,12.2685396832883,5596.95154871288,27,3
470,6,92.7775962943972,1,36733.9796276206,12.2685396832883,5242.2522606104,21,6
470,7,90.9598165220816,1,37374.3709330311,12.2685396832883,6333.63134451511,24,9
470,8,103.668458664937,1,37924.0221941549,12.2685396832883,7186.40741540375,22,7
470,9,100.198706529738,1,36917.9619304826,12.2685396832883,6804.61893948742,29,12
470,10,102.933330656141,1,37679.3414756493,12.2685396832883,7147.88966379679,20,8
470,11,102.853767736028,1,37040.7075755461,12.2685396832883,6827.58006707532,20,12
470,12,102.719679840628,1,38990.0474854786,12.2685396832883,6689.09972080926,26,14
470,13,108.128111549157,1,38567.4511637766,12.2685396832883,7668.37577901606,25,13
470,14,103.422163768653,1,38590.3510808292,12.2685396832883,7104.49003735835,21,13
470,15,115.277442237368,1,39299.8828109211,12.2685396832883,7461.2985247085,26,16
471,1,78.4934286938203,0,22427.099256296,12.7776538476431,5361.64317773656,24,1
471,2,76.079456809528,0,23653.2270319257,12.7776538476431,5559.56912544346,29,0
471,3,78.65075207358,0,25190.3123055043,12.7776538476431,5634.27741520187,27,4
471,4,85.0417697731919,0,23242.0819899665,12.7776538476431,6219.01416830249,22,6
471,5,84.5589307538156,0,27632.0590807454,12.7776538476431,5895.99339619667,25,4
471,6,81.7400991591726,0,26067.2228333374,12.7776538476431,6323.50890414633,25,5
471,7,85.3988129448317,0,28189.0020882512,12.7776538476431,5966.33810203902,22,5
471,8,82.4884852335074,0,29721.972789708,12.7776538476431,5998.54938554813,26,9
471,9,76.1536882723226,0,28753.6214608383,12.7776538476431,6872.80685326393,26,8
471,10,90.3555522359564,0,29552.4875054788,12.7776538476431,6473.0479186194,25,6
471,11,95.9202013563565,0,31607.0559455284,12.7776538476431,7556.16882752111,32,9
471,12,90.167524360171,0,31076.1335261351,12.7776538476431,6479.06822285185,27,10
471,13,97.0097298961947,0,32749.5645070658,12.7776538476431,8064.17505575055,29,12
471,14,104.25528885566,0,33085.9362185218,12.7776538476431,7520.97157172044,28,14
471,15,94.8078070422631,0,35196.3707831257,12.7776538476431,8625.21196397206,21,14
472,1,82.9313618791515,1,17487.912824112,12.6288984991831,4898.76672989966,27,2
472,2,71.7917963939809,1,18438.1967889648,12.6288984991831,5381.84009152564,25,1
472,3,74.3692212090261,1,17661.6117096083,12.6288984991831,5055.56075675328,22,5
472,4,71.1901314448237,1,18491.1971018825,12.6288984991831,5652.39859149831,24,4
472,5,81.4459819021704,1,19100.9505355097,12.6288984991831,6958.49842949074,30,4
472,6,88.3332079769335,1,19731.8549821435,12.6288984991831,7190.08946497755,29,4
472,7,95.0261426501211,1,20174.4299344001,12.6288984991831,5812.05635137648,19,11
472,8,86.8386736417243,1,20222.9016179518,12.6288984991831,6614.70354704791,20,5
472,9,94.7872168361694,1,21775.9074102933,12.6288984991831,7131.01681491487,21,9
472,10,98.6805207539206,1,21587.5799431779,12.6288984991831,7837.00884966482,21,11
472,11,91.9339440339009,1,22754.9002684023,12.6288984991831,7254.7592414864,21,11
472,12,97.3065599143253,1,23302.6491742552,12.6288984991831,8168.29264445979,29,15
472,13,97.2604677809803,1,22721.0359814091,12.6288984991831,7893.96916579127,23,15
472,14,103.266456931983,1,25751.3880370314,12.6288984991831,7516.27738363297,20,11
472,15,101.444844942135,1,25385.5744692705,12.6288984991831,8127.0204063963,22,12
473,1,85.0921343451185,0,35142.8435348561,10.8744877408174,4656.96755493812,23,3
473,2,82.5691481133458,0,36380.7240900918,10.8744877408174,5496.05150085957,21,5
473,3,75.8812677735095,0,35176.8397408586,10.8744877408174,5736.05605187938,28,2
473,4,85.3014691378708,0,38484.4486691676,10.8744877408174,5832.02076732796,22,2
473,5,75.4646957633489,0,37473.6276726419,10.8744877408174,6767.71882965666,22,3
473,6,91.3889922108537,0,37048.7591437477,10.8744877408174,5802.06297709001,28,4
473,7,86.4403996754961,0,38836.2750322077,10.8744877408174,7414.49288799825,17,5
473,8,96.1755884442819,0,38239.0673012965,10.8744877408174,6971.36785804172,21,9
473,9,94.656628621167,0,37850.7666231433,10.8744877408174,6854.16501267193,24,9
473,10,87.5107757796073,0,37403.404108322,10.8744877408174,6506.53440992959,27,10
473,11,89.8424484276942,0,39131.8798599235,10.8744877408174,6259.22289157752,25,8
473,12,91.4737165816025,0,40160.5364403483,10.8744877408174,6787.30207023638,26,11
473,13,105.588300852412,0,40233.3242473014,10.8744877408174,7675.14364084529,22,14
473,14,98.6790557792657,0,38877.0204926311,10.8744877408174,7498.65483227985,22,11
473,15,95.6971221554852,0,41060.3390643786,10.8744877408174,7408.34734636906,19,15
474,1,64.6284941833134,1,17883.6337639421,8.59793626573486,5921.68138884221,21,1
474,2,69.7527739494876,1,19119.7205945992,8.59793626573486,4917.94517078387,23,4
474,3,61.4470854081332,1,21030.1952866819,8.59793626573486,5150.35412962461,26,6
474,4,57.6633917689226,1,20789.9996864489,8.59793626573486,5450.45407108822,26,2
474,5,69.2337898557802,1,21656.3128788079,8.59793626573486,6447.04877318731,24,5
474,6,76.4808064732276,1,20969.561741288,8.59793626573486,6016.12794717702,22,7
474,7,84.4390015980388,1,22696.5319611784,8.59793626573486,7011.79163358663,22,6
474,8,78.7427206270367,1,21691.2797609297,8.59793626573486,6758.59512312642,25,10
474,9,83.3235161413004,1,24676.0429059802,8.59793626573486,7363.38777040858,26,8
474,10,83.5070335698294,1,23729.477109884,8.59793626573486,6792.85970402872,27,8
474,11,86.5190434978053,1,23952.3734250735,8.59793626573486,6651.2757829515,26,13
474,12,78.0711036807704,1,24975.8877111972,8.59793626573486,6369.78573564246,20,8
474,13,83.4420335427018,1,27158.2953059499,8.59793626573486,7314.71151196276,28,11
474,14,81.1604941137981,1,27365.6710011382,8.59793626573486,7026.04835140347,22,13
474,15,79.2458455967332,1,25808.9990364811,8.59793626573486,8148.06627827204,23,17
475,1,70.2337072174731,1,28559.2310624531,12.7611789290519,4979.4385321765,23,0
475,2,77.1317876180364,1,31060.9669377506,12.7611789290519,5228.6198378747,24,3
475,3,73.8422741382904,1,31291.5815610186,12.7611789290519,5039.01860776346,29,4
475,4,88.4251324811821,1,32942.6222230386,12.7611789290519,5644.19402356457,22,5
475,5,89.5148075146588,1,33075.2832612488,12.7611789290519,5121.52088528095,23,3
475,6,71.7355904318885,1,33910.947677419,12.7611789290519,6779.01281040447,30,5
475,7,84.5453131748713,1,35353.1963207182,12.7611789290519,5978.60394225101,23,4
475,8,90.1241543076887,1,36443.410428549,12.7611789290519,6205.06694330013,23,5
475,9,100.50446026713,1,36100.6139498497,12.7611789290519,6877.7557144014,25,8
475,10,94.6944233411548,1,37695.5845870127,12.7611789290519,6831.33647095624,20,8
475,11,96.8867233398086,1,36133.330985806,12.7611789290519,7089.06703426202,23,9
475,12,95.164692632686,1,37936.7814799486,12.7611789290519,7987.38796068168,26,12
475,13,93.8879022459579,1,39678.1732842338,12.7611789290519,6679.51078770774,27,15
475,14,98.385305209085,1,39744.1350132495,12.7611789290519,7766.94447410955,29,15
475,15,108.183149739466,1,41474.4962024725,12.7611789290519,7739.7354425293,22,12
476,1,73.2830500179856,0,31822.3129621731,5.71908165012322,5427.81895766423,28,0
476,2,67.367249328034,0,34733.7306482057,5.71908165012322,5547.78439291926,26,0
476,3,67.0749468186216,0,35698.2637485401,5.71908165012322,4578.24183097672,29,4
476,4,76.2638410226481,0,36066.5371394573,5.71908165012322,5073.64197081089,23,3
476,5,88.5457011457628,0,36790.6170017159,5.71908165012322,5774.87922674628,24,4
476,6,76.6362711777844,0,38720.9980092675,5.71908165012322,7092.18410981388,19,5
476,7,91.793867985249,0,38578.7247550483,5.71908165012322,5958.87586328985,27,8
476,8,92.9308998602828,0,40062.5061208559,5.71908165012322,6560.70915502506,22,11
476,9,83.4905639083618,0,39616.6812983552,5.71908165012322,7226.87517410417,28,8
476,10,88.7688132955781,0,41027.0411500493,5.71908165012322,8370.44930603094,22,12
476,11,98.9535071519586,0,43073.0071411316,5.71908165012322,8335.43412998428,22,11
476,12,93.7158329643318,0,43063.2541992903,5.71908165012322,8162.90335263109,28,9
476,13,90.5788647055977,0,44307.423603076,5.71908165012322,7681.96840811712,26,12
476,14,94.8644895598773,0,46684.9818959723,5.71908165012322,7297.63513082675,22,16
476,15,96.6452600791059,0,46742.974428874,5.71908165012322,7897.89156397831,27,14
477,1,84.0420620175585,1,35595.1460796172,7.74429917149316,5725.59105189742,22,0
477,2,89.9522689590451,1,36683.5105101142,7.74429917149316,6018.86299010263,19,4
477,3,79.9776974564064,1,35990.6034881482,7.74429917149316,5508.15534802658,27,1
477,4,86.0426792366379,1,36511.4883880984,7.74429917149316,5389.06143510744,22,2
477,5,85.9850533884999,1,38448.6580277129,7.74429917149316,5740.62845903036,23,6
477,6,86.0840915910466,1,36289.6074447178,7.74429917149316,5693.07453612455,25,5
477,7,94.8936396201037,1,38941.8353126027,7.74429917149316,7863.52508168872,27,6
477,8,98.5333087540757,1,39250.2330692919,7.74429917149316,7044.02055673925,27,9
477,9,106.910289659495,1,41307.6747161713,7.74429917149316,6291.26484699088,19,5
477,10,101.677377695104,1,40125.12730462,7.74429917149316,6456.71928934684,29,10
477,11,96.0665719389449,1,41085.016640363,7.74429917149316,7766.45404327161,26,9
477,12,93.0212008766652,1,40186.0779053607,7.74429917149316,7201.46040644295,31,11
477,13,97.1459195756176,1,41695.9056313078,7.74429917149316,7694.60562138679,29,11
477,14,110.790171245722,1,41518.0138676461,7.74429917149316,6864.86238228338,27,12
477,15,108.968407594459,1,43795.1184171035,7.74429917149316,7835.48371621573,23,13
478,1,66.188130278764,0,32629.7860114874,8.77080991518486,5629.48847299407,24,1
478,2,72.4510097016326,0,33244.0618193188,8.77080991518486,6061.61587145516,26,1
478,3,73.2177128390564,0,34872.9197399157,8.77080991518486,5603.45410348738,28,5
478,4,81.2440474155084,0,37006.8043943578,8.77080991518486,4894.73822153962,23,5
478,5,79.5398776400799,0,36014.6272870266,8.77080991518486,5962.38189465622,27,4
478,6,84.4450624490536,0,38233.212382454,8.77080991518486,6327.63840202656,28,4
478,7,93.8137334392092,0,38773.3481579263,8.77080991518486,6064.54161595925,24,5
478,8,92.5477362810851,0,38712.7472279878,8.77080991518486,6226.83016213092,25,6
478,9,90.4158912795286,0,39199.1650978061,8.77080991518486,6438.83529887738,23,8
478,10,79.1006859677512,0,43096.520855829,8.77080991518486,7969.19005237089,24,10
478,11,91.1402692641677,0,44413.9092491986,8.77080991518486,7967.07418474767,27,12
478,12,93.8269264337702,0,45128.9972734271,8.77080991518486,7238.09423016694,24,11
478,13,97.1384391213817,0,43953.0149327879,8.77080991518486,6562.16041390994,22,12
478,14,85.8879911298534,0,45603.5210493125,8.77080991518486,7378.72383399129,26,11
478,15,99.3214027982992,0,48939.0158785594,8.77080991518486,7682.40312381527,26,13
479,1,64.9130068135191,0,25769.9754370176,8.76396341198294,4678.3571540322,24,4
479,2,68.9862980077013,0,26556.2300170005,8.76396341198294,5785.06273010838,33,4
479,3,83.5331053136476,0,28609.5728182756,8.76396341198294,5418.19855846556,30,8
479,4,83.5105977213391,0,26528.1199648544,8.76396341198294,6023.68191979918,25,3
479,5,77.4726648510467,0,28056.0639440055,8.76396341198294,5970.03597933581,25,4
479,6,82.9781540645202,0,28885.2443821486,8.76396341198294,5385.57594854993,24,7
479,7,87.2794767604268,0,29878.4658843826,8.76396341198294,6564.16286814698,18,9
479,8,88.8326048165085,0,30085.251922674,8.76396341198294,6514.26915539757,24,9
479,9,84.9460537917385,0,32147.2498961586,8.76396341198294,6313.09645287907,22,8
479,10,94.3209165384465,0,32730.5224642154,8.76396341198294,6565.51874701739,26,7
479,11,86.1221894855813,0,32884.1039704644,8.76396341198294,7245.27433994109,22,11
479,12,95.5346703974621,0,36546.3449222764,8.76396341198294,6300.51249147399,22,10
479,13,88.9684927406714,0,35634.0993014716,8.76396341198294,6937.47889818109,21,9
479,14,99.7299740522178,0,34050.34015278,8.76396341198294,7744.95100717697,21,14
479,15,99.7298748141248,0,37009.3543176016,8.76396341198294,7728.42064502854,26,16
480,1,80.0591488452369,1,36200.5136962359,12.3215664497012,4867.6106617678,20,3
480,2,74.3750853196592,1,39393.3328817345,12.3215664497012,5882.42590070629,26,2
480,3,85.6760291944981,1,40885.1821715687,12.3215664497012,5565.79184123704,26,2
480,4,80.4886184287168,1,40826.9487585155,12.3215664497012,6049.02007911393,29,5
480,5,89.7736731299495,1,42219.6304917107,12.3215664497012,5177.13728445122,23,4
480,6,95.3185074899534,1,43458.953588501,12.3215664497012,6636.24623422988,29,7
480,7,103.462112919326,1,43613.5361093694,12.3215664497012,6265.97302972089,25,3
480,8,96.037851659955,1,46248.9673044424,12.3215664497012,6345.40414573203,25,6
480,9,101.382816834639,1,47622.4196432458,12.3215664497012,6551.82010661432,23,5
480,10,96.8305587061718,1,47428.8064827303,12.3215664497012,7313.63119451997,27,7
480,11,94.4859230866691,1,48454.0606413428,12.3215664497012,6380.45586047246,25,11
480,12,103.20617508681,1,50697.6166797311,12.3215664497012,6235.28756257217,17,14
480,13,97.3591024645973,1,49100.1591337456,12.3215664497012,6718.35813643911,29,10
480,14,110.77343025748,1,50279.7012932445,12.3215664497012,8389.25047563939,31,12
480,15,109.604604192863,1,49423.5527944638,12.3215664497012,8120.97588762583,21,18
481,1,93.1802873452069,0,44475.4645113981,16.7954626449742,5686.72171009454,24,3
481,2,98.2647658605497,0,44630.2313268726,16.7954626449742,5627.24025057965,24,0
481,3,83.4274837605283,0,45656.6093265769,16.7954626449742,6757.30989513799,22,4
481,4,88.9348006058436,0,46552.9328000728,16.7954626449742,6168.49694001482,20,3
481,5,92.8599902442912,0,46923.3348536664,16.7954626449742,6004.65373753494,24,4
481,6,102.135818398377,0,47401.4129606219,16.7954626449742,6171.85440857859,20,5
481,7,106.005217524999,0,45834.1676970564,16.7954626449742,6452.93348075726,29,9
481,8,95.9504814729261,0,50162.7439051525,16.7954626449742,7287.49777110068,20,4
481,9,92.9372899358746,0,50205.0256444633,16.7954626449742,7695.89712905581,23,6
481,10,104.285976385711,0,48403.3943332106,16.7954626449742,7773.99810237557,24,10
481,11,88.1026825914592,0,50866.1559608102,16.7954626449742,7208.31256040992,29,4
481,12,98.457467505511,0,52897.1174073847,16.7954626449742,6492.43165473886,22,10
481,13,103.113777731251,0,53872.8123972286,16.7954626449742,6826.06814807415,22,9
481,14,111.129781716158,0,55186.9794430122,16.7954626449742,7296.20959806263,24,14
481,15,113.190603585184,0,52796.4867686239,16.7954626449742,7866.77194139564,28,16
482,1,72.7040573316618,1,39192.316304525,7.4540275678051,4786.90180309848,21,0
482,2,72.6883065682775,1,40846.0688096782,7.4540275678051,4769.06142341446,25,0
482,3,77.3478814810161,1,39853.4260022114,7.4540275678051,5499.16124689782,22,4
482,4,87.0109766665752,1,42395.5595792528,7.4540275678051,5302.62409996136,24,1
482,5,82.1033637412145,1,43307.6633819317,7.4540275678051,5795.7473481151,25,4
482,6,87.7687558261503,1,45474.3514777761,7.4540275678051,7406.73104740855,25,6
482,7,99.1031795288387,1,45640.7916416297,7.4540275678051,5681.15592878038,28,8
482,8,84.8082128997038,1,46328.8766444418,7.4540275678051,6039.2609876811,26,6
482,9,91.9746622886451,1,48252.0748667883,7.4540275678051,7756.1330898062,17,8
482,10,109.677448262371,1,47891.1520394589,7.4540275678051,6747.13079657643,25,13
482,11,107.755845504531,1,50810.8808316298,7.4540275678051,6900.87619948998,21,15
482,12,104.262249716643,1,50974.716781921,7.4540275678051,7238.516389922,26,14
482,13,106.50860929313,1,52984.0466258798,7.4540275678051,6655.11546103391,27,12
482,14,107.517321722972,1,53949.9989298314,7.4540275678051,8877.9485363776,27,13
482,15,95.4731338295329,1,55191.8104421515,7.4540275678051,7696.73254044108,19,11
483,1,85.395513733361,0,14494.1420301773,13.3010280617898,5211.69479142951,24,2
483,2,73.5518444107249,0,15876.3678268799,13.3010280617898,5157.51872439824,28,1
483,3,80.5763481519927,0,16316.5090732849,13.3010280617898,6011.80788639674,24,2
483,4,77.699185576589,0,18117.9762570345,13.3010280617898,5788.76382659925,29,6
483,5,84.4174141341928,0,20302.6313979363,13.3010280617898,6648.61429715364,29,4
483,6,79.3959214901411,0,19617.1445225139,13.3010280617898,7658.71991812729,27,5
483,7,80.2644672382865,0,18604.6302990935,13.3010280617898,5842.85827252525,27,8
483,8,92.117854696484,0,19418.3890772875,13.3010280617898,6622.47777510626,24,8
483,9,81.2107263457623,0,21380.8543643163,13.3010280617898,6554.25016775326,26,10
483,10,85.7515812958371,0,23123.8211857395,13.3010280617898,6948.02444892315,26,9
483,11,91.039953965013,0,24306.8652840629,13.3010280617898,7096.90458777714,24,10
483,12,98.2525387841613,0,22548.8370361714,13.3010280617898,8251.56233607231,23,11
483,13,110.78781372362,0,24527.8619399821,13.3010280617898,8536.01345817421,19,14
483,14,95.5796319289526,0,25321.024099265,13.3010280617898,8157.1642834829,22,13
483,15,100.932308315264,0,25847.508140937,13.3010280617898,8181.32183121285,21,15
484,1,95.4299134495956,1,40391.6211926032,14.6986342599631,4809.31637247566,19,0
484,2,90.7143340029904,1,42691.9207560653,14.6986342599631,5684.04521502257,21,1
484,3,81.6523732355926,1,40588.6773193313,14.6986342599631,5482.26761451992,23,3
484,4,99.0841764956135,1,43625.2240213463,14.6986342599631,5379.4715880444,23,3
484,5,101.198977119093,1,41792.3510717787,14.6986342599631,5484.65480695301,27,5
484,6,92.6954608860629,1,43468.8703257153,14.6986342599631,6558.33606822986,28,5
484,7,108.676427394584,1,44094.6207161555,14.6986342599631,6258.2492648365,21,6
484,8,102.027658236287,1,44003.1379148132,14.6986342599631,6032.26815197454,23,9
484,9,101.563328337817,1,44543.166055318,14.6986342599631,6483.59169493396,26,6
484,10,103.627018928028,1,46017.6708066111,14.6986342599631,7675.5806227992,28,10
484,11,111.725361289964,1,47283.1715169319,14.6986342599631,6216.07675773277,22,11
484,12,116.897702566815,1,46453.5644097465,14.6986342599631,7745.06365906946,25,12
484,13,110.448169603617,1,46256.9809446894,14.6986342599631,8188.7027214239,23,14
484,14,115.155261900744,1,46621.6079520381,14.6986342599631,8380.05651282187,22,12
484,15,114.836257387175,1,48438.0877514327,14.6986342599631,8317.78757041485,25,13
485,1,76.2069098812607,1,29847.0569913272,9.03140339313337,4401.92400794159,28,0
485,2,85.8904266270853,1,29522.5695483178,9.03140339313337,5318.44955817827,22,5
485,3,74.8228929628512,1,31873.1676715095,9.03140339313337,4878.379893671,26,1
485,4,72.7178829147323,1,33498.6953667772,9.03140339313337,5484.37614822423,28,1
485,5,81.7556907882644,1,33809.1013686347,9.03140339313337,6079.18917206926,21,1
485,6,92.8160434610744,1,35816.6147131807,9.03140339313337,6378.48084928037,26,6
485,7,98.8313289021534,1,37334.531060423,9.03140339313337,6990.32768409926,22,7
485,8,86.2356266986628,1,36250.3474725475,9.03140339313337,6647.50994607296,19,4
485,9,96.9312656192853,1,36205.6883709455,9.03140339313337,6772.31506521796,27,7
485,10,90.592162396111,1,38413.7270983076,9.03140339313337,6922.66345679352,26,11
485,11,97.3131750678994,1,38649.6809949889,9.03140339313337,7177.66701142516,21,10
485,12,110.444337967752,1,40782.4115552104,9.03140339313337,6884.52722148406,24,14
485,13,100.65587252622,1,39768.1654477213,9.03140339313337,6496.44964658144,24,11
485,14,102.283663614483,1,40016.2860943053,9.03140339313337,7026.21279163553,21,15
485,15,104.908253358136,1,41782.0030637381,9.03140339313337,8435.04212842891,27,16
486,1,80.4854369546862,0,34833.6520188429,11.8416017954326,6142.72821565278,22,0
486,2,88.490427082633,0,35430.5593508699,11.8416017954326,5083.1820299347,27,0
486,3,84.8386001774529,0,36784.0741998195,11.8416017954326,5373.26628258298,28,1
486,4,87.2113264605057,0,34581.4867807551,11.8416017954326,5683.65555515872,19,2
486,5,100.712430531189,0,35667.6717188535,11.8416017954326,6357.24410622067,25,5
486,6,84.8245538311382,0,35960.0657841952,11.8416017954326,5715.61644437603,22,3
486,7,93.2442002414548,0,36176.6066085527,11.8416017954326,5998.50123522833,27,8
486,8,88.7445937515953,0,37561.5607216139,11.8416017954326,6432.30166515861,27,7
486,9,96.8466127077534,0,37441.9260502998,11.8416017954326,7147.30780799456,26,8
486,10,103.395808366811,0,39014.3585536716,11.8416017954326,7658.64480303706,20,12
486,11,95.8952029295361,0,40031.5939416156,11.8416017954326,7193.82450818446,28,9
486,12,105.478370929732,0,38474.4490077435,11.8416017954326,7644.14640635885,24,11
486,13,97.5291987016279,0,39982.7805452099,11.8416017954326,6981.17137093131,28,11
486,14,100.628112756323,0,40298.4222203932,11.8416017954326,7417.27550768337,24,16
486,15,107.360795294462,0,39462.7407596783,11.8416017954326,7276.66818070314,24,16
487,1,82.8157497675931,0,35970.1797016842,14.4708327078662,4623.60350324938,21,0
487,2,91.8736713406518,0,35667.0460901745,14.4708327078662,4666.83433306951,20,3
487,3,93.4080547117271,0,36126.3526382008,14.4708327078662,6101.32417294672,22,1
487,4,85.685628686474,0,36095.9267296284,14.4708327078662,5565.85582865383,27,0
487,5,99.9136354418031,0,40379.4840634511,14.4708327078662,6183.78160240056,22,6
487,6,89.8550388816996,0,39277.2013612537,14.4708327078662,6415.54072975398,25,2
487,7,87.9300984464977,0,39807.8679479328,14.4708327078662,5754.0286523956,27,6
487,8,94.1455870284013,0,42311.6041926691,14.4708327078662,6731.34886224903,19,9
487,9,95.2743460216694,0,43749.9788219608,14.4708327078662,7387.71857560979,21,9
487,10,88.7083323418802,0,41632.8869482757,14.4708327078662,6896.65061244339,21,10
487,11,104.007195672056,0,41877.8844935352,14.4708327078662,7159.05634783435,21,12
487,12,99.184073842392,0,43752.9543472039,14.4708327078662,7380.16297996351,28,13
487,13,99.8696488407288,0,43116.3311734586,14.4708327078662,7409.74992018619,23,15
487,14,94.4814578993876,0,44685.8428523051,14.4708327078662,7689.15255305831,28,11
487,15,103.694339293646,0,45942.503011348,14.4708327078662,8174.99184898226,21,15
488,1,72.8537304978662,1,29417.571451681,11.2334726923578,5315.42800142027,19,0
488,2,83.5175486872256,1,32342.2136032257,11.2334726923578,5054.51676342156,26,3
488,3,87.540780225029,1,31606.7791414566,11.2334726923578,5378.39458287832,27,1
488,4,83.552057591723,1,32211.6059039782,11.2334726923578,7238.75991910532,20,2
488,5,89.9704179698276,1,34476.3247563972,11.2334726923578,5068.3126446619,22,2
488,6,95.3301451447722,1,35030.3365197293,11.2334726923578,6676.60175934828,30,3
488,7,95.2520978770391,1,33918.4644890395,11.2334726923578,6955.36123759284,23,4
488,8,92.5337617055936,1,34962.9873837183,11.2334726923578,5783.30599153154,25,5
488,9,89.6663540888741,1,34705.099386064,11.2334726923578,6602.38875304941,24,8
488,10,103.098682151662,1,35695.1002973862,11.2334726923578,6364.92542371558,18,8
488,11,103.577669905549,1,35651.397666555,11.2334726923578,6694.39250719026,24,13
488,12,110.831679156206,1,38466.9549871229,11.2334726923578,7546.52715393024,19,12
488,13,97.4474067489626,1,38301.0342110175,11.2334726923578,7908.71493369919,23,13
488,14,106.046106057047,1,39807.1158040501,11.2334726923578,7620.57942593054,26,15
488,15,114.650606443056,1,39748.2879946764,11.2334726923578,8001.96179099141,23,13
489,1,69.3186763643925,0,28871.578225355,11.3379469582464,5151.34728240874,27,1
489,2,72.8351862294106,0,30209.8286724768,11.3379469582464,5602.18191756237,26,1
489,3,74.7174941546323,0,32953.0839621022,11.3379469582464,4497.10998811649,22,2
489,4,85.070136232842,0,32378.4634136711,11.3379469582464,6838.48559058595,28,4
489,5,75.7469212511851,0,32656.1488701185,11.3379469582464,5843.0535846302,24,2
489,6,85.8495242339575,0,33396.4862147992,11.3379469582464,6003.01133798321,22,6
489,7,92.1324500452326,0,35358.3036509892,11.3379469582464,7371.22658826902,22,6
489,8,81.2295856893704,0,37233.8450615516,11.3379469582464,6275.85318384236,28,8
489,9,92.747322532966,0,37478.391495723,11.3379469582464,7011.82898878803,28,11
489,10,91.8587486961844,0,38230.6732685281,11.3379469582464,6864.30205974085,25,11
489,11,93.2228515763096,0,39631.2551315312,11.3379469582464,7142.00696744072,26,10
489,12,95.4904453780123,0,40713.7747409868,11.3379469582464,6993.6721620757,25,14
489,13,113.627598082748,0,42511.6418501859,11.3379469582464,7921.50836816835,21,15
489,14,99.2015751368194,0,42571.7242282238,11.3379469582464,8557.10760339101,28,14
489,15,111.795764920643,0,43312.8776211094,11.3379469582464,8262.65685232829,30,16
490,1,80.9312571722838,1,38785.2827419339,12.9231803736319,4661.15082147388,24,0
490,2,85.470262487558,1,39149.9538507608,12.9231803736319,4839.25751720092,20,1
490,3,89.4394332835508,1,41033.2509136065,12.9231803736319,6102.88602019467,25,5
490,4,82.3475396940418,1,40807.3109847207,12.9231803736319,5669.37037795397,26,4
490,5,93.7954030345728,1,44628.2814554694,12.9231803736319,6035.79007938503,27,1
490,6,86.6318067381249,1,44368.4392537192,12.9231803736319,6210.04259234535,27,5
490,7,95.0931080397303,1,43246.5414003146,12.9231803736319,6379.84755592391,27,7
490,8,103.55826766561,1,44894.4970997627,12.9231803736319,6744.52460600468,26,8
490,9,91.7112974491806,1,47872.3860276394,12.9231803736319,7324.98157004674,27,9
490,10,98.9427119476146,1,45886.8831374637,12.9231803736319,6218.14837071456,22,9
490,11,98.6666613357431,1,49859.8641691591,12.9231803736319,6654.16568027324,25,8
490,12,103.154342076646,1,50478.0758705029,12.9231803736319,7351.88186921491,25,10
490,13,98.3784884538101,1,50461.0056515046,12.9231803736319,7404.21145893144,26,10
490,14,112.222844306254,1,51600.6919353883,12.9231803736319,8743.46380167285,25,12
490,15,108.543486978195,1,51881.5184900765,12.9231803736319,7757.92789975927,27,16
491,1,77.771894647634,1,35164.1372971053,11.8199602400002,4809.76232111607,30,0
491,2,78.9747752002097,1,36626.5712942171,11.8199602400002,4968.57912981497,21,2
491,3,78.030276048253,1,36189.9942324303,11.8199602400002,5012.21169629015,15,0
491,4,82.3367779243624,1,38016.5906904454,11.8199602400002,6421.56673975013,22,2
491,5,86.3903445848368,1,38403.564064029,11.8199602400002,6028.62242640193,33,5
491,6,91.2011575249188,1,39774.7494511204,11.8199602400002,6537.29805410918,23,3
491,7,90.2549324771847,1,40780.1696149262,11.8199602400002,6023.75192713986,24,7
491,8,86.2716335062934,1,41189.5243446266,11.8199602400002,6490.77074600388,27,6
491,9,101.33157743711,1,42200.523931276,11.8199602400002,6972.42458108872,27,8
491,10,98.1932980430645,1,42400.6997242894,11.8199602400002,7285.92990810765,23,11
491,11,99.6939762301835,1,42254.9179655814,11.8199602400002,7346.3730804685,27,9
491,12,103.93423343427,1,43316.2247594977,11.8199602400002,7307.22331514837,22,13
491,13,107.590366253509,1,45563.8228138898,11.8199602400002,7648.64514115546,28,11
491,14,104.979764168067,1,46456.5971556956,11.8199602400002,7550.92795094408,23,15
491,15,108.078677781276,1,45972.3606040079,11.8199602400002,8367.23229677644,24,13
492,1,80.4497145166016,0,37840.5964090491,10.3330413301823,5711.11580201576,18,0
492,2,81.1136753452504,0,40174.5293928091,10.3330413301823,4378.66794187375,22,2
492,3,82.6208491264285,0,42025.1544923921,10.3330413301823,4077.65667904657,19,4
492,4,87.6510357234357,0,40666.2329348238,10.3330413301823,5910.38345439882,31,7
492,5,95.5865189078815,0,43843.1963201639,10.3330413301823,6819.26819504374,20,4
492,6,96.3726107420106,0,42151.8649464598,10.3330413301823,6244.16790940679,19,5
492,7,84.2728852673124,0,44447.3367773923,10.3330413301823,6666.04532016891,17,6
492,8,91.4894313240596,0,46953.3781386589,10.3330413301823,6839.61082322412,28,6
492,9,95.1006273948855,0,46608.2818733415,10.3330413301823,6343.65804375834,23,11
492,10,96.0458629662256,0,48215.660968253,10.3330413301823,7145.4472257021,23,10
492,11,107.094655836651,0,48378.9458979632,10.3330413301823,7650.7040022501,27,9
492,12,96.048428803651,0,48670.4511713067,10.3330413301823,6962.85372002046,23,14
492,13,108.772574335213,0,51735.7693702466,10.3330413301823,8575.75151052637,25,13
492,14,96.1952098602418,0,51729.7660461473,10.3330413301823,7883.45919554534,27,13
492,15,106.133612035052,0,51851.8607720894,10.3330413301823,7578.51091375235,31,14
493,1,76.0014544633342,0,48889.6070460043,11.5841549416173,5401.32693586766,27,0
493,2,91.0152428393612,0,51546.1143946315,11.5841549416173,5982.10404611079,25,4
493,3,91.9896797727084,0,51923.2969862985,11.5841549416173,5585.5577996328,27,0
493,4,94.3608516645103,0,54125.5654426582,11.5841549416173,5846.03510876727,25,3
493,5,92.7456300305091,0,55487.6342916827,11.5841549416173,5951.15118978931,23,5
493,6,92.6710147635657,0,57424.8347670481,11.5841549416173,6358.20098538224,24,9
493,7,95.3897658767895,0,56664.0063837628,11.5841549416173,5994.26934963483,24,6
493,8,101.023676055219,0,57902.5516576058,11.5841549416173,6513.48804012142,31,11
493,9,108.077940879676,0,58431.4467301452,11.5841549416173,6432.0492768692,29,13
493,10,106.505401116733,0,59202.5591143495,11.5841549416173,7001.9086395457,25,7
493,11,106.787555213611,0,58633.5611855308,11.5841549416173,6599.01231293017,30,8
493,12,101.659373109974,0,60877.397122935,11.5841549416173,7356.78709424715,25,10
493,13,119.097559590953,0,63803.8234457969,11.5841549416173,8106.2093887013,23,16
493,14,110.385837002955,0,65898.1746059305,11.5841549416173,8013.00603695941,30,14
493,15,109.340481201298,0,63948.6934117433,11.5841549416173,7927.31320372892,28,13
494,1,86.8702086832382,1,36705.1645656642,17.6485193771594,6522.8805746953,24,0
494,2,78.2852858706987,1,36169.7289783148,17.6485193771594,5550.88394643566,23,0
494,3,93.682721477063,1,38036.0288960263,17.6485193771594,4641.14046026875,25,4
494,4,101.726492544316,1,39631.4793387861,17.6485193771594,6070.59378526969,19,0
494,5,87.5052006340001,1,37571.6958888105,17.6485193771594,6629.74385745013,28,6
494,6,89.7122607747997,1,37093.5561436349,17.6485193771594,6903.8545826648,24,8
494,7,108.620507977188,1,39519.8863847011,17.6485193771594,6646.33677288189,24,7
494,8,106.00093767142,1,41151.6164874929,17.6485193771594,7072.21218361699,25,8
494,9,102.686992526413,1,42054.0167884557,17.6485193771594,7196.05720416595,21,8
494,10,118.359559879266,1,42234.9410172284,17.6485193771594,7646.74545700632,30,10
494,11,101.501709633675,1,42257.2417973084,17.6485193771594,6285.59158276322,25,9
494,12,116.488885885772,1,46100.8821138192,17.6485193771594,6993.22304473608,26,10
494,13,108.2536334605,1,44635.8330499059,17.6485193771594,7214.76790991876,34,14
494,14,117.295254279239,1,43936.0227486842,17.6485193771594,7650.33365289086,23,14
494,15,119.397448090075,1,45138.547273054,17.6485193771594,7889.31714054174,21,16
495,1,76.33625643674,0,33134.2644490076,14.6210060388181,4998.44564166921,22,1
495,2,82.43020630146,0,33454.6303978159,14.6210060388181,5408.68545834931,19,6
495,3,71.7603982023035,0,33642.6356852728,14.6210060388181,5217.69489078348,22,2
495,4,89.406829418608,0,34528.2570177974,14.6210060388181,6798.69064484537,25,6
495,5,84.5735842369738,0,35485.7785137312,14.6210060388181,6154.22433909464,25,7
495,6,85.2383039435736,0,35085.9855984122,14.6210060388181,6095.81682376426,27,7
495,7,78.770856796863,0,36091.9990232111,14.6210060388181,6125.37178022848,20,4
495,8,88.3537193914232,0,37810.8875250709,14.6210060388181,6681.86092201951,25,6
495,9,94.6370955308896,0,37262.7770450683,14.6210060388181,6635.00337451849,21,7
495,10,90.3466960058962,0,38987.9754382026,14.6210060388181,7052.49246159357,21,9
495,11,97.1575556731854,0,37909.8310879298,14.6210060388181,7292.86758347641,25,13
495,12,97.3639545079059,0,40602.8286716423,14.6210060388181,7171.55924756617,23,10
495,13,100.791828234073,0,41631.8239903691,14.6210060388181,8205.11090364923,29,14
495,14,105.514493650492,0,40576.8252543377,14.6210060388181,8983.95975824301,28,12
495,15,96.5824654191364,0,40117.7430740581,14.6210060388181,7309.89953336214,28,14
496,1,58.6254378539597,1,13549.3353321283,9.25620878151713,5418.0924282314,25,1
496,2,58.71526724448,1,14420.0254760386,9.25620878151713,5140.04517123862,28,0
496,3,65.0821548931572,1,13550.3924021637,9.25620878151713,6050.54635197309,22,1
496,4,71.0598816856055,1,16633.0304260063,9.25620878151713,5465.87347150121,21,6
496,5,74.1222894019098,1,14931.9839175972,9.25620878151713,6169.14853387969,23,6
496,6,65.4681281875935,1,17129.7747228492,9.25620878151713,5787.62688656276,25,4
496,7,73.1702060907023,1,20474.6655675555,9.25620878151713,6251.81513300469,22,6
496,8,83.2675114877853,1,20538.0417517782,9.25620878151713,5761.72212458568,26,9
496,9,76.3596830984754,1,20793.3714405992,9.25620878151713,6631.91283923874,24,6
496,10,84.8215972504435,1,18777.4609110413,9.25620878151713,8039.01342255887,25,10
496,11,81.3906452312291,1,22630.6951164141,9.25620878151713,7359.47732334982,24,9
496,12,79.7816131763087,1,22408.311461207,9.25620878151713,7166.16519365827,28,12
496,13,98.853052552704,1,24448.4790927136,9.25620878151713,8873.06732491698,20,9
496,14,88.5189430849866,1,25464.3181367246,9.25620878151713,8268.41440995246,25,14
496,15,81.2930347258647,1,26722.6323511334,9.25620878151713,7974.85580460373,21,14
497,1,95.1991860777902,0,52066.3787657079,8.26524713300604,4713.65797122049,25,2
497,2,82.4361672345683,0,53054.2986033995,8.26524713300604,4694.97459368262,23,3
497,3,84.4989876293555,0,53556.1002653936,8.26524713300604,5915.96827713264,22,0
497,4,82.0313715433684,0,55005.808960774,8.26524713300604,5617.82170090724,20,4
497,5,91.2701560298046,0,55065.2419740935,8.26524713300604,7144.45015306125,21,4
497,6,93.6828654632003,0,57158.4021440399,8.26524713300604,6204.78787577428,29,2
497,7,97.3926938971522,0,56434.271131379,8.26524713300604,6297.12827435542,27,9
497,8,104.963104278932,0,56916.6918892309,8.26524713300604,6324.16403928868,26,8
497,9,100.091017427187,0,58976.825580022,8.26524713300604,6187.39158152215,30,8
497,10,90.8289789730036,0,59442.8369383224,8.26524713300604,7011.49823201245,26,9
497,11,99.3690256695234,0,61185.9991357863,8.26524713300604,6267.09770126643,22,11
497,12,106.916007159754,0,60044.3835399438,8.26524713300604,7245.39186346469,29,12
497,13,110.735822761839,0,62670.9408618883,8.26524713300604,6812.45563535407,31,13
497,14,117.020467430351,0,64225.2452736094,8.26524713300604,7468.66903938039,22,17
497,15,110.483799259185,0,63189.2902961945,8.26524713300604,8822.96785239127,22,14
498,1,70.6185184066939,0,27824.8396474494,10.9200532779522,5146.9598785265,28,0
498,2,85.7488621376572,0,28785.1943057263,10.9200532779522,4918.23058735504,24,4
498,3,78.5952039481139,0,29457.8761606759,10.9200532779522,4889.09185914855,25,5
498,4,76.5888920504315,0,28679.1875806347,10.9200532779522,5207.7742387418,28,4
498,5,96.0857952878047,0,30374.0327456389,10.9200532779522,6434.97606154202,25,9
498,6,76.1507270049935,0,31921.4618851633,10.9200532779522,7182.06270292864,24,3
498,7,88.8053582788884,0,31067.9243060174,10.9200532779522,6284.78610850779,28,7
498,8,87.0394828196863,0,32570.2618815431,10.9200532779522,6488.34978311675,22,6
498,9,91.4758198218699,0,34810.3842918453,10.9200532779522,6566.78811301247,24,9
498,10,83.3474654326586,0,36309.8228425323,10.9200532779522,7986.51186615429,25,6
498,11,87.8147632436763,0,36472.9642082896,10.9200532779522,6305.15626478535,24,8
498,12,96.0181806192083,0,36558.7873608016,10.9200532779522,7832.24234828604,23,10
498,13,97.0549070533267,0,37330.596504476,10.9200532779522,7011.63349856708,25,12
498,14,106.729490308126,0,40800.4348558905,10.9200532779522,8357.06287851576,20,14
498,15,103.870953707042,0,39444.8056141222,10.9200532779522,8304.27046057403,22,15
499,1,103.015880811778,1,50770.8321642666,15.986324102844,5540.68381606904,20,1
499,2,91.5471855627921,1,50030.5105337965,15.986324102844,4830.55581903164,29,2
499,3,89.1343018641564,1,51234.9374475508,15.986324102844,5236.33315787988,27,3
499,4,104.069539506838,1,52921.1428340916,15.986324102844,4619.30160788598,22,3
499,5,108.453484577623,1,54760.5920857716,15.986324102844,5579.98861168547,28,9
499,6,93.4710167796691,1,56348.0353788361,15.986324102844,5561.88917378874,30,2
499,7,105.872137762889,1,56572.8943753394,15.986324102844,6313.97341839374,27,2
499,8,103.218156199641,1,58116.5641822412,15.986324102844,6503.97681326693,28,7
499,9,118.479592541901,1,58627.6543147417,15.986324102844,6412.05086366797,24,6
499,10,119.202344707371,1,60150.8838149925,15.986324102844,6684.19190306296,23,9
499,11,114.305765953256,1,59448.5702243369,15.986324102844,6324.14345066842,31,12
499,12,117.939673238049,1,62025.0768081542,15.986324102844,7770.76132496741,23,13
499,13,125.052847215762,1,62843.5270777016,15.986324102844,7740.64909865986,29,12
499,14,122.258765066611,1,63947.090497249,15.986324102844,8097.92063966901,28,11
499,15,125.196931700222,1,64590.3195968347,15.986324102844,8483.78355661497,24,15
500,1,82.6364500913903,1,35602.5369519191,12.8780373552509,5050.03004774492,21,2
500,2,86.6706297514501,1,33912.2085360103,12.8780373552509,6323.98532180588,16,2
500,3,80.1420537505142,1,35348.8099458212,12.8780373552509,5141.88760918184,26,6
500,4,79.1301780075566,1,35669.5205206321,12.8780373552509,5849.18688732174,22,3
500,5,86.4357650712559,1,37109.3969110396,12.8780373552509,6565.22034007697,26,5
500,6,82.5508729096756,1,38733.9929834944,12.8780373552509,6452.56298957252,19,9
500,7,100.223842695824,1,36913.3770096012,12.8780373552509,6019.81950236339,28,8
500,8,98.9788643238631,1,39832.8897951794,12.8780373552509,6168.8198781383,28,7
500,9,93.9454455188008,1,40599.7484790146,12.8780373552509,7333.29694552305,20,9
500,10,98.814099764149,1,40627.3168035802,12.8780373552509,6811.62478124526,22,10
500,11,88.521449767228,1,42485.9276393887,12.8780373552509,6929.87283518254,21,11
500,12,94.1891065345639,1,43793.9117759056,12.8780373552509,6954.51029811625,31,14
500,13,101.596983376962,1,44660.3660525758,12.8780373552509,7767.37940959169,21,15
500,14,113.014918191372,1,44777.4045543906,12.8780373552509,8562.1930587717,24,14
500,15,108.781917872913,1,48472.0803009409,12.8780373552509,8748.94703968201,27,13
