id,year,test_score,treatment,post,income,parent_edu,school_funding,class_size,teacher_experience
1,1,82.3390032290623,0,0,26849.5271311087,15.1551038105261,5035.76130157599,28.1945297606625,0.332082295205161
1,2,80.7478686376487,0,0,29099.2172315286,15.1551038105261,4599.65412884423,20.3361310349012,5.21705016570324
1,3,83.2270543362564,0,0,28905.4216103482,15.1551038105261,5324.55387488859,29.3348736746892,3.04532726766015
1,4,75.2983168774236,0,0,29442.9673350385,15.1551038105261,6279.92045179196,27.4770485453819,1.32089554075287
1,5,83.5932247349006,0,0,33317.2026333722,15.1551038105261,5623.7683979428,30.0208759519477,7.79468747516362
1,6,101.448143084023,0,0,34542.1626050675,15.1551038105261,6166.15225756568,21.7814010462736,8.16673860822638
1,7,90.2902495666955,0,1,33719.0156630928,15.1551038105261,6200.93402506647,21.7267237322553,6.53216666995717
1,8,92.8010795010133,0,1,35584.6080763101,15.1551038105261,6257.27696765117,24.3044408241037,6.80627376289749
1,9,101.83035175122,0,1,35830.3784794848,15.1551038105261,7459.61484859986,24.0612188048911,7.73232736377835
1,10,97.1454334347671,0,1,38388.4643411884,15.1551038105261,6073.24268982453,26.7548958548,9.31160779344028
1,11,117.056307979335,0,1,39150.0451632128,15.1551038105261,7189.57746442678,24.0841040692592,11.5233509713594
1,12,103.367680199588,0,1,39417.9490530348,15.1551038105261,7314.49121594749,24.3933595200993,13.2766039715873
1,13,97.830395443472,0,1,40620.8779998773,15.1551038105261,8316.77578379192,21.793390905096,13.5227344428332
1,14,103.371379331937,0,1,41440.7003901246,15.1551038105261,7770.37393032505,27.0704497194723,12.3749504514926
1,15,106.611608505164,0,1,44046.8418855247,15.1551038105261,8517.25772585468,29.2617976707504,14.3996391862952
2,1,74.9258977601131,1,0,26854.0558751806,13.8687163870116,5318.2243433282,24.5368196219379,0
2,2,74.791195876094,1,0,27437.5798575471,13.8687163870116,4981.88776236357,23.9562854712406,1.46347909782134
2,3,87.3379769969566,1,0,26996.27320148,13.8687163870116,5789.98504558271,26.6027766940308,3.01315009823432
2,4,80.2877558828545,1,0,26831.0512064255,13.8687163870116,5247.69984893124,23.1812179290238,4.57145035637109
2,5,87.4143328415035,1,0,29926.15443358,13.8687163870116,5406.400116854,24.0953094283922,5.31313367308937
2,6,92.1464219019177,1,0,29996.2777587959,13.8687163870116,6806.91129442535,21.4867780100593,8.91008479767266
2,7,102.280449420212,1,1,30912.0022919835,13.8687163870116,6505.68957347285,23.5518694749802,9.55120629202624
2,8,93.5487760718791,1,1,32761.5805625931,13.8687163870116,5807.71449487655,29.7422353689872,7.50244021385958
2,9,97.6739978205637,1,1,31613.9946790829,13.8687163870116,6493.96345338538,23.6781994512175,6.68883497596173
2,10,98.5718293255984,1,1,34429.5837749343,13.8687163870116,7304.19731530255,27.5863207690453,6.0619548730635
2,11,97.0629051798549,1,1,33650.4348898011,13.8687163870116,7339.2292633502,20.5924349858066,11.3074259462486
2,12,105.415596346414,1,1,34128.4964990227,13.8687163870116,7177.73038666935,28.5044282047801,8.949370973792
2,13,115.599703998958,1,1,35413.9961127259,13.8687163870116,7126.66036891665,22.9266083616228,16.915325972046
2,14,108.995402935962,1,1,36787.8199211511,13.8687163870116,7666.11036591341,19.1976855575457,14.9002545444422
2,15,116.273413781544,1,1,36968.6424828173,13.8687163870116,8453.42269038135,24.774086145577,11.6216243243107
3,1,79.9217142007101,0,0,27250.4490573641,13.3008611694266,4916.59206416272,21.9113661006602,1.47294019726348
3,2,88.3684753839839,0,0,28771.6261500608,13.3008611694266,5880.39227608821,25.5277559314596,7.47019668162932
3,3,83.6649704984248,0,0,27413.6134786532,13.3008611694266,5926.65521078292,24.8885154744215,2.40985352846643
3,4,88.2169681785627,0,0,30349.3270488584,13.3008611694266,5669.98918933934,32.2944966163135,5.46704411267261
3,5,84.6550626738968,0,0,32216.0990992095,13.3008611694266,5089.60878810399,26.7148339739306,5.79835623220608
3,6,87.2584900038329,0,0,32493.167258078,13.3008611694266,5787.2828098189,28.8423846890205,8.71747012109776
3,7,98.6422331457987,0,1,34253.0489058109,13.3008611694266,6726.4403984212,28.8755450668799,5.37253589334382
3,8,95.613145099333,0,1,34952.9977684638,13.3008611694266,7508.06131208701,25.3156689579996,10.0450348303135
3,9,97.9629376635364,0,1,36014.9562317845,13.3008611694266,7215.62242998399,24.791251084145,8.14773919786429
3,10,93.2308423906577,0,1,36927.6485813941,13.3008611694266,6506.54452168125,19.9537738257215,11.4942958488851
3,11,97.6386420450824,0,1,35435.3170259339,13.3008611694266,7317.985824315,26.9456152635547,14.5466505457579
3,12,92.046033013183,0,1,38080.3516182663,13.3008611694266,7204.46368513793,28.0612908651763,15.1548123826278
3,13,97.0521934152285,0,1,40608.5534237943,13.3008611694266,7318.57791673388,22.4057742242823,13.9760067730523
3,14,104.16315388272,0,1,39400.2950130827,13.3008611694266,7251.5290010725,21.8888156734771,12.8251555299738
3,15,101.461009908676,0,1,41235.8768334873,13.3008611694266,7616.77206330323,27.7670657083275,13.4343845581059
4,1,83.1829192117757,1,0,31710.1585040222,13.1582533145532,5620.60684410198,27.4489393174934,0.583893902854137
4,2,81.977944487076,1,0,32966.5685941587,13.1582533145532,6340.34685223133,23.2860966066259,3.70738189342699
4,3,74.6789217757906,1,0,32980.3178477286,13.1582533145532,5921.60175700788,22.9016349022892,1.20879673481762
4,4,84.9161144754677,1,0,33446.8402643116,13.1582533145532,5212.52065912024,23.5378056617532,1.454153558611
4,5,82.1903329107281,1,0,35009.8920011217,13.1582533145532,5646.46774400755,29.3937244316728,7.0592088993602
4,6,75.1727589905744,1,0,35988.5375833879,13.1582533145532,7254.43443751351,25.0924192269884,6.92588799948393
4,7,97.9928239416082,1,1,36438.1820589291,13.1582533145532,6168.80644897582,26.5149273409663,5.23137821708087
4,8,90.8871058693172,1,1,37497.7466095678,13.1582533145532,6206.40085161968,25.6709175777648,8.81227446888347
4,9,97.6097448812379,1,1,38720.4494741606,13.1582533145532,6570.55211344782,29.7048917401125,12.7618079214646
4,10,97.5381483370993,1,1,38375.7052459358,13.1582533145532,8196.12151233536,19.9815770942391,10.8801060071105
4,11,97.014103723039,1,1,41134.3583895248,13.1582533145532,7377.92147678518,26.2172654277227,11.964640075981
4,12,92.6386210085673,1,1,43038.2325990018,13.1582533145532,7255.34502030136,25.5638500206375,7.51729978189211
4,13,101.667807580742,1,1,43157.4692529185,13.1582533145532,8144.48115433691,27.8283918052655,11.2632619927624
4,14,105.271904750854,1,1,42068.6376694045,13.1582533145532,7102.46399209886,26.0678441161673,14.2602456037259
4,15,111.366547358926,1,1,41542.9598470081,13.1582533145532,7941.09642388777,21.286987412955,15.2740248560719
5,1,82.4025804550479,1,0,43605.0439864015,15.8739699133742,5550.66266673305,21.7819494492263,1.00117731602594
5,2,97.1249171454475,1,0,45193.8951100213,15.8739699133742,4839.58257346438,23.7445823072512,0.573383587925008
5,3,91.3036614309746,1,0,45854.5044474782,15.8739699133742,5357.30304241998,23.6561317825757,4.35161013564152
5,4,107.365452164085,1,0,44609.4268349561,15.8739699133742,6011.28563566798,27.9766165499581,8.56480622315824
5,5,102.927031813145,1,0,45488.8009590497,15.8739699133742,5304.83897267483,27.9837022421883,6.45311249981736
5,6,96.7427063197924,1,0,47498.469964796,15.8739699133742,5188.46066844091,23.9832447627931,7.09178451924616
5,7,108.130877455897,1,1,48753.5825354206,15.8739699133742,6254.61596198863,22.2553209523139,10.242457067589
5,8,103.128855288353,1,1,49763.2087140245,15.8739699133742,7617.91718454689,29.2660095143662,8.6943401717336
5,9,107.819777149899,1,1,50469.4448892333,15.8739699133742,6401.89374789305,29.9012626212258,7.40621382494597
5,10,113.917427873545,1,1,49447.8532784531,15.8739699133742,6308.83412627516,25.1660786549828,12.5338588008195
5,11,109.433137770209,1,1,49865.9995743449,15.8739699133742,7138.69465080806,23.0539602562116,8.62871434895559
5,12,112.526165724392,1,1,49928.8607127109,15.8739699133742,8016.38207930599,23.0367945360461,11.7602429543816
5,13,113.69717981551,1,1,53209.0890485233,15.8739699133742,7129.42073927171,26.0972395734903,13.9191956187783
5,14,113.885453264414,1,1,54295.0437766903,15.8739699133742,8108.52503607851,26.6063895037478,12.2206915882681
5,15,116.079187031366,1,1,54565.5587598712,15.8739699133742,7858.86408741963,33.0299855406218,11.9404506649134
6,1,83.8122973972318,0,0,29008.2758919531,8.99322037886804,4216.34761545014,25.4320021771928,3.28776456057399
6,2,74.8136458212572,0,0,32411.0383229893,8.99322037886804,5369.87523642005,26.5302870000766,0
6,3,87.0114005807899,0,0,31249.096183752,8.99322037886804,5771.05529076393,21.3849136726492,2.93591048537203
6,4,85.025204383408,0,0,34174.2024046866,8.99322037886804,5689.97021472094,26.2913261147815,4.14857310535643
6,5,94.1082628240614,0,0,33722.487283347,8.99322037886804,6063.36069239206,24.6259702869842,1.30727368671975
6,6,88.2296228178057,0,0,35137.3171584275,8.99322037886804,5766.25630312573,29.1232386926923,3.93261960706532
6,7,85.360505043382,0,1,35053.5299747118,8.99322037886804,6052.21402999523,23.8095658789062,5.37209286254921
6,8,96.3223111839429,0,1,35434.1967553931,8.99322037886804,6531.75303641954,20.3325908647409,6.15862111697676
6,9,90.8525370673644,0,1,35262.2221501952,8.99322037886804,7461.06800774764,23.9581400853978,9.58072823788066
6,10,93.10721810144,0,1,36492.1772634526,8.99322037886804,6325.13541531294,22.3952173303879,7.78688241910348
6,11,87.9971834333233,0,1,37779.504852443,8.99322037886804,6806.89139294743,26.7075314066593,11.6149169295747
6,12,99.5657774981134,0,1,38884.60799178,8.99322037886804,7378.22671919958,25.2923853500919,14.8042822206947
6,13,97.3900485436037,0,1,39345.2359465393,8.99322037886804,6982.33844647868,25.5852128375687,10.6669426162241
6,14,94.5606157250942,0,1,39976.4044048525,8.99322037886804,7130.70514713705,29.2937173683048,10.6401008451523
6,15,101.561243919047,0,1,41113.7831459635,8.99322037886804,7855.72859897308,27.0849322726102,14.68336177862
7,1,70.8160521636024,1,0,39124.5907937835,8.68445181252752,4951.20609112663,23.3069870409854,1.25384039546808
7,2,81.3766428403723,1,0,40115.5922472103,8.68445181252752,5677.19036201387,24.8512523619178,3.33184113079316
7,3,79.9181133516827,1,0,40198.3918690627,8.68445181252752,5405.38977955938,24.1993123831554,2.88466706197638
7,4,79.6178624405514,1,0,43502.9349081556,8.68445181252752,5062.69918871203,29.4357039939322,0
7,5,84.9688870903558,1,0,43706.1626730579,8.68445181252752,7228.45053604143,29.6068162515115,1.52586195532413
7,6,90.5324972001483,1,0,44578.1729387979,8.68445181252752,5956.26442861341,22.0212750947705,5.43909518913229
7,7,99.7146086694866,1,1,44923.4454246192,8.68445181252752,7595.35409776772,20.8028297053426,8.75804390912929
7,8,102.790478256372,1,1,46419.1570426605,8.68445181252752,6132.48225214686,29.4065843385192,9.57121696715953
7,9,103.947390688211,1,1,46582.7149180305,8.68445181252752,7069.58106438124,24.6430169863914,6.37541015568323
7,10,98.8178896320304,1,1,47622.7672885479,8.68445181252752,6676.95548882953,20.0591976882304,8.78436472847703
7,11,105.524551912435,1,1,47755.6797363629,8.68445181252752,7733.32375868011,25.7609311858073,11.0967328273003
7,12,101.536660446172,1,1,51658.8971478868,8.68445181252752,7087.48047115997,22.3735384557138,11.527291338653
7,13,102.880514188641,1,1,51805.7293245525,8.68445181252752,7591.9098702183,22.6554303575146,15.5084264054574
7,14,99.2113946927554,1,1,51565.5557340216,8.68445181252752,8070.57331290967,25.4835665358226,13.4480932147614
7,15,116.186048637558,1,1,54848.6855804908,8.68445181252752,7832.784856973,20.5270232353016,13.8945133897529
8,1,77.4502939918497,1,0,36430.3329791794,13.7758380101916,4842.57993774071,26.0439619940053,1.03673127769473
8,2,81.6121449677529,1,0,37307.8319410006,13.7758380101916,5297.76268236446,22.4822231355437,0.0633367886111802
8,3,86.8068259608775,1,0,37099.3874700788,13.7758380101916,4670.91192205151,26.16825660869,0
8,4,83.0563036185082,1,0,37661.9944010417,13.7758380101916,5698.11437886198,29.3698276583691,3.97105042721834
8,5,97.9978679860993,1,0,38746.5218762265,13.7758380101916,5739.03875113943,23.4319305836643,4.8964840837198
8,6,85.3829101235594,1,0,40008.9738050763,13.7758380101916,6210.99479511773,28.1646936332457,5.09613527472384
8,7,106.262706392836,1,1,41163.9061260856,13.7758380101916,5592.19459562918,22.2230831822784,7.50032295964579
8,8,99.2915470868157,1,1,42713.1690400071,13.7758380101916,6910.56977248745,22.2209783618805,5.55079368730693
8,9,105.547658891733,1,1,41374.3378565186,13.7758380101916,6768.30628930025,25.0585896480154,8.70250931879068
8,10,104.696993824828,1,1,41627.5518831101,13.7758380101916,6462.60427108872,23.8712190898127,10.5053048997424
8,11,115.784535777997,1,1,43503.6836674777,13.7758380101916,7837.78623142004,21.1948757733077,9.91655860447117
8,12,107.113909711299,1,1,47184.6375577633,13.7758380101916,7330.03492446292,22.2755837706792,10.7671936608345
8,13,100.177319144189,1,1,44493.6258979949,13.7758380101916,6739.59159109442,30.1128635039743,12.9464864279572
8,14,121.89386901657,1,1,46827.6313314691,13.7758380101916,8574.7148692757,23.7022776372499,14.6062016267307
8,15,118.124720799244,1,1,46198.560274705,13.7758380101916,7710.90416298739,18.8501477705014,15.7580558455035
9,1,68.1488902068596,1,0,29004.8010992988,11.6409310076007,5296.66375804258,26.0874372466736,2.63065391912001
9,2,65.8924615059727,1,0,29165.390715967,11.6409310076007,6210.85694667103,22.3419986809774,1.87629454682164
9,3,73.5576507187403,1,0,30057.0267115688,11.6409310076007,5925.15513389828,20.2419482453338,0
9,4,74.4482361291612,1,0,32302.5193112737,11.6409310076007,5830.48446033505,24.8816728446774,5.48977260550955
9,5,90.9700055259412,1,0,31355.0450620735,11.6409310076007,6131.98126138188,18.4009842319499,7.4144552220981
9,6,75.2572438413268,1,0,31932.9909658372,11.6409310076007,5940.90577955567,17.7350458481089,5.74146018669678
9,7,94.610711635491,1,1,32676.861136166,11.6409310076007,6847.43510732242,21.1475438443032,9.09807946021948
9,8,94.2653299016438,1,1,34302.3303577316,11.6409310076007,6704.58340126585,28.4747666678623,11.4528830431462
9,9,99.5971961765054,1,1,33398.671188037,11.6409310076007,6486.92771089373,22.0196846325901,12.0300668962041
9,10,88.5393709116465,1,1,31588.4044941173,11.6409310076007,6732.29464740961,24.093728750637,8.59535984563596
9,11,93.4524532274109,1,1,32374.468012715,11.6409310076007,7466.35718281838,25.4202969154132,8.3100491246485
9,12,95.7954592302135,1,1,32210.9877357011,11.6409310076007,6926.3967636635,22.723314501726,11.9387564428144
9,13,106.424319765136,1,1,31344.359580511,11.6409310076007,7957.36019286386,25.4143497872741,14.0231452078138
9,14,99.6078633636783,1,1,35876.1037793092,11.6409310076007,8218.80788287208,19.2843423686983,13.0796734952146
9,15,97.8483597522978,1,1,34484.1094783461,11.6409310076007,7513.33337234873,25.2774554641273,13.4718928285975
10,1,74.0314922898496,0,0,18892.5768048153,12.2220156350549,5801.50413019318,23.2800347684881,0
10,2,75.085659950746,0,0,20440.0461304872,12.2220156350549,5224.34500009637,26.8975997010045,3.66374113504346
10,3,73.3706303458692,0,0,19507.4177329968,12.2220156350549,6329.60818830456,23.0109918934449,1.97254072147546
10,4,71.389965687061,0,0,20645.1049291491,12.2220156350549,6014.55642438371,24.4108084916614,3.10669162226292
10,5,79.9766619008897,0,0,21891.1509075698,12.2220156350549,5260.68667901733,27.6326215033548,3.29993267440394
10,6,85.0423214345798,0,0,22527.596100097,12.2220156350549,6558.1791681588,21.3751735587295,5.3526760104862
10,7,87.3758351775093,0,1,22288.2237789254,12.2220156350549,5996.33635873554,23.3198436633228,8.98085206353994
10,8,83.2700893297779,0,1,24554.1767887541,12.2220156350549,6372.64671072914,23.2993063302244,6.79788456737391
10,9,91.2593256137062,0,1,25129.818857224,12.2220156350549,6990.2109107559,19.8021865906937,10.1648705554953
10,10,91.7355694125418,0,1,25056.5561832941,12.2220156350549,7522.28873266004,27.218914576392,11.6199566323209
10,11,97.499046571707,0,1,24883.4467185906,12.2220156350549,6961.14959443541,20.3763123896392,11.4469108430682
10,12,95.6086238866931,0,1,27499.9833752522,12.2220156350549,7463.16971071378,28.1694761176113,11.2171050672095
10,13,103.921303053667,0,1,29054.9915858327,12.2220156350549,6822.37069499081,21.1200423540031,15.2330209055273
10,14,90.5596978361458,0,1,29768.8115735411,12.2220156350549,6741.55921905878,30.9637689827956,13.0478928062647
10,15,97.5376511501193,0,1,30021.7507971811,12.2220156350549,7060.21454412068,27.8361087867609,13.1288210298913
11,1,68.8844221587579,1,0,26255.8845120348,14.2238321315142,4797.07553214913,26.6777313114937,2.01877910745111
11,2,74.8435217453955,1,0,27115.6307823038,14.2238321315142,5911.96602729082,27.2508114462387,1.07125057541391
11,3,88.5674867477396,1,0,27967.2510663157,14.2238321315142,5131.22099958752,28.4956473409843,7.33270071344383
11,4,79.277279268666,1,0,29051.1960750214,14.2238321315142,5314.22700260444,23.3955030377166,3.3354786075872
11,5,83.4286543690546,1,0,31080.0376863695,14.2238321315142,5854.32132567085,21.4874815546002,4.37784085747899
11,6,88.9327137287579,1,0,31535.206939759,14.2238321315142,5652.5426135766,22.56067049246,4.56267333865616
11,7,93.2974577928782,1,1,30330.4077210258,14.2238321315142,6695.53268136069,14.7457723727873,6.92528036903573
11,8,93.1377880930026,1,1,31234.1387986234,14.2238321315142,6700.58977957955,22.3024535122745,5.21698739475051
11,9,94.0951921530512,1,1,33979.8504558108,14.2238321315142,7146.14920722559,23.3616384230723,6.31682270159876
11,10,97.8609982049302,1,1,35060.5814179334,14.2238321315142,6533.4435001589,24.2679264673977,7.21797715229403
11,11,103.603820452876,1,1,33511.1264497244,14.2238321315142,7154.16178536485,25.6730682850404,10.326373161928
11,12,95.7390750298123,1,1,35910.1116870548,14.2238321315142,7404.6873262772,24.0034042698101,9.13528655765842
11,13,106.29964744332,1,1,37662.0781856708,14.2238321315142,7805.59692557456,22.5936240262822,16.6368382396197
11,14,102.354164391857,1,1,40004.2610702579,14.2238321315142,7859.55497763615,26.0971598151932,9.28599555328474
11,15,103.357182484907,1,1,37437.5645478664,14.2238321315142,7633.82981114875,28.3129414202717,13.6769773656448
12,1,73.4233019563289,0,0,25748.8832401805,14.2598851435472,5566.57349047292,28.5483050153907,0
12,2,79.9184710871493,0,0,26847.3118142146,14.2598851435472,5582.22235804405,26.3585613504102,2.66153868307446
12,3,78.6902446647496,0,0,29026.3058833519,14.2598851435472,5540.70856048537,28.961073602755,2.55607288898014
12,4,74.7227999412631,0,0,30105.0401693876,14.2598851435472,5586.77322515417,23.4293275197861,5.06680035945152
12,5,83.2563228497804,0,0,30376.8028599433,14.2598851435472,6392.27748649425,28.1476793365798,5.53151395574043
12,6,91.8270535695254,0,0,30008.4545465639,14.2598851435472,7073.03714646671,23.9491273442916,8.02775551252504
12,7,90.6221469895473,0,1,31913.5219609199,14.2598851435472,7134.88890622345,24.6094785533798,6.59016981285627
12,8,77.0376670748644,0,1,32906.8795343986,14.2598851435472,6368.26038017362,23.5240056619925,5.94096022590599
12,9,92.1851532241223,0,1,34188.0753799078,14.2598851435472,6745.59070649066,21.7614205627872,10.0623775000589
12,10,83.3399806389868,0,1,36936.8329887268,14.2598851435472,6763.36363392661,25.173166304244,8.45017183510815
12,11,87.4136176558333,0,1,35560.4684204274,14.2598851435472,7287.76738978086,27.7523159434342,10.6027592574146
12,12,90.6929314310415,0,1,37236.7944992744,14.2598851435472,7233.32728712652,22.6961867108747,12.0228140784776
12,13,100.877979988805,0,1,37378.422895779,14.2598851435472,8433.34462322906,27.6391293300734,15.3317726001193
12,14,96.577590845655,0,1,37766.8845316323,14.2598851435472,7626.69579230169,23.2072638684468,17.1270986347326
12,15,101.890020237936,0,1,40566.3514218151,14.2598851435472,7778.93030894373,21.4685843078984,14.7102315118401
13,1,73.7078590554328,1,0,30249.920345935,11.2119884899147,5142.10001716881,24.6012406163095,0
13,2,71.8482455651881,1,0,34959.0717787054,11.2119884899147,5306.20984947249,21.7801398634711,0
13,3,74.9098382131385,1,0,33239.7390904059,11.2119884899147,5942.66675375845,23.846531598598,2.05776825090366
13,4,88.4021961103977,1,0,34130.7432921528,11.2119884899147,6067.3147796134,20.3175696486409,4.45605686296643
13,5,76.7055088892472,1,0,34927.2580685588,11.2119884899147,5210.32815490482,22.4081522807544,6.4533683058947
13,6,76.9737658349133,1,0,37760.7623831052,11.2119884899147,5870.05598821075,27.1701246976927,2.83731946928898
13,7,89.4890833658027,1,1,37504.3575169642,11.2119884899147,6184.15059670772,24.6781780503464,6.68977113656432
13,8,93.4957551616507,1,1,37512.7533263081,11.2119884899147,7071.84008545294,24.3218160801291,6.2038826448444
13,9,89.1744065448126,1,1,37520.8677269408,11.2119884899147,6789.72293910494,26.3326392828015,7.98860982070304
13,10,97.4993284270746,1,1,38571.6433363296,11.2119884899147,7249.79484670338,27.1181375670091,7.15897089168722
13,11,99.3233917963901,1,1,39748.6953552053,11.2119884899147,7160.79840009522,26.5401493902196,10.2443857811716
13,12,101.069459687453,1,1,42671.9466550164,11.2119884899147,7180.32416169078,19.4287855877779,13.0859458867491
13,13,105.839484368449,1,1,42191.3302117626,11.2119884899147,7932.29527935607,26.466959053808,13.4117243752579
13,14,103.48466895059,1,1,42546.4267283492,11.2119884899147,8966.63402584122,23.9415526357107,14.7425765745367
13,15,115.041134112119,1,1,45018.9983924048,11.2119884899147,8003.51516129588,27.4408891386244,13.7380203541806
14,1,76.1492605053628,1,0,42208.3491361829,11.0623683930087,3498.98809782204,24.7462627570113,0
14,2,77.2322546029862,1,0,40630.2173289156,11.0623683930087,4921.05695682362,23.6461074251931,1.8163740857191
14,3,82.7436865717746,1,0,41341.3959647708,11.0623683930087,5486.75340435898,24.177803792363,3.36096108582266
14,4,84.4617570908481,1,0,42593.1923913631,11.0623683930087,5021.68669565295,32.1350148705032,5.78527982818389
14,5,90.5186070035955,1,0,42704.6434639295,11.0623683930087,6158.46522206346,26.3549243841399,6.02533191907635
14,6,91.1387639900892,1,0,43577.4340677765,11.0623683930087,5907.92610873766,30.5350185942267,8.04984500089673
14,7,93.9294087751347,1,1,45346.8458178893,11.0623683930087,6748.47883304208,23.1481208759308,7.8351771338848
14,8,102.662703585211,1,1,44033.8404338231,11.0623683930087,7072.26145302248,20.6861128987815,7.12815596682817
14,9,102.564260903808,1,1,44275.104416236,11.0623683930087,5892.69465891346,22.7002272911158,8.32313254674284
14,10,108.766378052225,1,1,45502.8008404909,11.0623683930087,7281.80070137465,25.0976522622233,13.2722271682903
14,11,101.61691668208,1,1,45429.6215456826,11.0623683930087,7686.40349448177,24.5300254631486,10.5441021770478
14,12,101.098928908914,1,1,46568.3108327816,11.0623683930087,7059.7582078906,27.5894336177993,12.7759551102558
14,13,107.225328035899,1,1,46178.1543156547,11.0623683930087,7136.73317643389,22.2690110711689,9.82266486520082
14,14,116.654562195474,1,1,47307.2278773023,11.0623683930087,6832.01953263081,23.458392614694,13.6312360208302
14,15,104.300742737438,1,1,45761.5441511594,11.0623683930087,8481.77095134696,22.3759357375926,11.3320427554703
15,1,95.6749050411456,0,0,49232.2838605544,12.2207958270236,6241.84272657394,29.2482888073344,1.24641941601763
15,2,98.8692204066385,0,0,49575.9126265696,12.2207958270236,5341.78109302328,24.4811011172609,0
15,3,98.1377693004849,0,0,49775.3344499379,12.2207958270236,6153.34729960153,22.7389785068887,4.10964913943737
15,4,97.3602183684071,0,0,51426.5562292207,12.2207958270236,6413.87141593695,28.6552484690376,2.73911928537494
15,5,109.118334121548,0,0,53085.3687940829,12.2207958270236,6050.64687605154,24.3982395898066,5.90973074904427
15,6,89.2698831625429,0,0,53679.4652242827,12.2207958270236,6220.0859259824,29.2650735701334,3.00180617959001
15,7,101.259132366946,0,1,55154.3544343856,12.2207958270236,7426.07399461421,21.2671039852819,7.52278071705755
15,8,97.9526065360726,0,1,56275.5183266202,12.2207958270236,6376.37723139972,29.3902990270401,5.19565103232427
15,9,115.353533922428,0,1,57036.8315247968,12.2207958270236,6209.19365985589,25.1281108200419,9.83797345424392
15,10,116.40225308793,0,1,56757.6267301958,12.2207958270236,7619.36164068062,22.6884038589322,10.763081556746
15,11,117.333078536842,0,1,56627.7081202163,12.2207958270236,6900.88315466239,20.9995831119262,11.8006144978558
15,12,104.151896393756,0,1,58549.2777599633,12.2207958270236,6662.1451515463,32.6469894745357,11.4186867695932
15,13,117.86198757575,0,1,60873.0165779887,12.2207958270236,7431.91757990412,22.1045416282099,16.7232476622364
15,14,122.085502250541,0,1,60455.633188172,12.2207958270236,7378.97951719934,22.9194629570294,15.7873678285373
15,15,118.778062786592,0,1,59813.5663136372,12.2207958270236,7502.8795177095,22.740885841082,15.8768624762884
16,1,94.4047296622698,1,0,43865.6035367293,15.1890533678842,6335.47194804917,27.9831515042412,1.05201861858811
16,2,85.8457726232993,1,0,44649.6114665423,15.1890533678842,5405.09398018331,25.9393566710845,1.8620796510307
16,3,91.6771462197955,1,0,44960.7606426462,15.1890533678842,5879.10618797049,22.6352484137284,4.73567991511645
16,4,92.8707554990664,1,0,46528.2973426838,15.1890533678842,4745.55643644694,24.7346526706018,1.2634625247913
16,5,99.2226081513781,1,0,48717.8953513626,15.1890533678842,6051.63308492199,28.6277965012668,4.77354383360038
16,6,92.2266749043278,1,0,49641.2756175635,15.1890533678842,5299.9261105403,24.065631578122,6.90794587483479
16,7,104.098238080673,1,1,48879.3544722506,15.1890533678842,6636.75107225815,27.6095970267859,6.57598871987839
16,8,106.450530904163,1,1,50339.8880696435,15.1890533678842,6962.51733029729,22.494068613203,7.50390892726708
16,9,94.4648537353343,1,1,49868.7059048406,15.1890533678842,6586.56728687545,27.2339028752769,6.10358684855364
16,10,104.617136593897,1,1,51588.6135657955,15.1890533678842,6731.61347260059,25.9590935270377,12.0815172084722
16,11,100.829108048456,1,1,55318.1791312189,15.1890533678842,7861.93016585017,28.9506756559346,3.90823280783005
16,12,105.449117278091,1,1,55801.5202612541,15.1890533678842,6854.32343450088,29.3950284516341,11.8117354037527
16,13,111.285003911257,1,1,55067.8276924494,15.1890533678842,7754.690553474,24.4379439946318,15.6548435585731
16,14,115.479622967075,1,1,55598.1891144192,15.1890533678842,8046.0869865044,24.006179260766,13.1270995508154
16,15,117.548333396776,1,1,55917.602804543,15.1890533678842,8369.52031955484,27.8181516927182,13.5930390646242
17,1,76.302591617957,0,0,32116.1598754257,13.278061460037,5141.03692294069,27.4158514908821,0.852828057952587
17,2,87.8995848016733,0,0,31160.053482794,13.278061460037,5479.32051681677,21.642018943193,2.19587952639312
17,3,82.0192202779728,0,0,31506.7905848819,13.278061460037,5112.48020458146,26.9170763354615,0
17,4,78.8886025675068,0,0,34234.1225684938,13.278061460037,6270.24969386173,24.0124081394596,3.83411161898114
17,5,89.2577530908996,0,0,33111.7851339772,13.278061460037,5705.18055815403,22.3320527415417,11.6764216852896
17,6,92.4554297020612,0,0,35993.2509007361,13.278061460037,5687.60802227551,27.6609347561341,7.64843917960621
17,7,92.9682564082274,0,1,37762.8727416618,13.278061460037,6216.44180522446,17.3276966919753,5.94596839145161
17,8,104.571409338047,0,1,37167.148016095,13.278061460037,6221.26354802907,23.3497258016431,10.2557849973882
17,9,98.1063560040261,0,1,39883.9148558936,13.278061460037,7339.66443386241,26.6325027623434,10.0651821195111
17,10,88.1720787729619,0,1,40129.501079713,13.278061460037,6677.53791348366,28.0397741446739,9.950777548374
17,11,111.060990973384,0,1,39864.4577657173,13.278061460037,8385.362610238,22.6263377186008,9.40958497313756
17,12,96.649930145624,0,1,42172.8938572383,13.278061460037,7316.59402147423,23.9986223396891,9.72977700498295
17,13,103.232476489782,0,1,41949.3823308954,13.278061460037,8063.48069767436,26.6615962751021,14.1602024374055
17,14,105.163172594915,0,1,43175.228536248,13.278061460037,7515.92412612452,28.3084236265914,15.0360851475937
17,15,108.158215650293,0,1,45538.9129363891,13.278061460037,8112.54504029585,23.0968326017157,15.4153708385844
18,1,80.8305509219724,0,0,16227.1671859913,16.2990225324696,5765.99295275449,24.7373656904389,0.033186265432103
18,2,85.0417876532784,0,0,17433.3689482344,16.2990225324696,6090.24076768652,26.2168617955914,1.22878656211611
18,3,75.2546682016908,0,0,19231.8121691968,16.2990225324696,5483.59829288725,21.5493462584644,2.0705268542742
18,4,91.2165506230061,0,0,17762.2314231051,16.2990225324696,4999.67833637243,25.9755053504675,6.45744437546072
18,5,88.2382587992369,0,0,21318.1134319668,16.2990225324696,5850.81541146703,21.6722846116387,4.86508650784513
18,6,90.4843013200344,0,0,22519.782770279,16.2990225324696,6062.18795830384,24.9880926793366,6.53169443383179
18,7,92.2078548408319,0,1,21847.3163061205,16.2990225324696,6384.83721341436,28.2971630279167,8.68106294930145
18,8,84.2334574529693,0,1,22409.7739760051,16.2990225324696,7144.67301034371,22.6739361589237,6.00363283651861
18,9,92.7422422434001,0,1,22246.4288799663,16.2990225324696,6297.28911987613,26.5690628706189,12.1517812414086
18,10,92.4437270177039,0,1,23988.8197062767,16.2990225324696,6183.73187246069,26.4816005521131,9.20172160466937
18,11,98.0202099082906,0,1,23750.8838696383,16.2990225324696,7586.77122259719,23.3735018261742,11.9633108342281
18,12,93.814171197384,0,1,25296.0436032846,16.2990225324696,7385.89583863026,27.2052080282364,11.0631532713965
18,13,99.3779927713395,0,1,25076.2555225831,16.2990225324696,7778.13054489615,23.454155795775,15.7338150305064
18,14,102.911763305183,0,1,27306.2930626459,16.2990225324696,7136.50344163598,27.1325674447318,12.1295996415214
18,15,106.234040418504,0,1,27964.2658633702,16.2990225324696,7647.731252093,26.9509697519112,16.3926259122752
19,1,77.4117698564875,0,0,28868.3815782408,11.9770893887401,5089.89073685872,23.1286290387006,0
19,2,94.5257857030071,0,0,30343.2137653821,11.9770893887401,6446.64382960263,23.0356192395401,3.28979456897966
19,3,78.9207390950376,0,0,28450.1837010972,11.9770893887401,6465.23747477335,25.8644524784034,3.36753002315402
19,4,87.7619020644882,0,0,30798.4363107072,11.9770893887401,5817.90677452962,22.0206241798289,3.29968459113744
19,5,83.3595500141645,0,0,29140.6010541481,11.9770893887401,6532.46496095879,21.9457101810884,6.10760335455699
19,6,92.3861527093108,0,0,30846.0062253587,11.9770893887401,5916.10915100006,28.2195961761913,9.6058720165098
19,7,79.400037056803,0,1,32984.5781513786,11.9770893887401,6211.2793741991,28.3735917726421,6.40194578348449
19,8,82.115213414353,0,1,32036.3437991645,11.9770893887401,6555.4028616377,23.8994686150521,6.46082628511719
19,9,92.9902211328277,0,1,33855.9951321749,11.9770893887401,6091.35373392943,27.5284382875083,7.02777017288531
19,10,94.8867480813659,0,1,33345.5312211652,11.9770893887401,6996.34162906283,25.4356310299322,7.86236753561214
19,11,100.912353374722,0,1,34611.2466937088,11.9770893887401,7316.44553854413,25.7142826319332,11.4373796567864
19,12,98.7090274444706,0,1,35676.4219541373,11.9770893887401,6840.55986169788,24.6997619567444,10.4814321344705
19,13,100.574952523659,0,1,35840.5215969447,11.9770893887401,6864.90994618608,29.2963259507308,9.95229194142369
19,14,107.026630111281,0,1,35242.6097562978,11.9770893887401,9317.59233791435,20.1703739511337,15.7360056060281
19,15,93.5075635731176,0,1,38167.1796584052,11.9770893887401,7761.73008359619,29.0841678905125,14.6492371385285
20,1,80.6242612163888,1,0,32286.1254463665,15.3770028156623,5425.6565022263,27.1566636307174,0.646620398125946
20,2,88.5984732813049,1,0,33045.5074913987,15.3770028156623,5141.29543571394,25.9511959367832,2.71512067395436
20,3,88.414319260497,1,0,33517.6127580249,15.3770028156623,6374.71251127519,26.9464228854027,3.88490275207411
20,4,85.6833129124116,1,0,36004.1317073492,15.3770028156623,5612.01301681247,21.8668763830415,4.06062266823201
20,5,92.5644170285683,1,0,37279.0312765258,15.3770028156623,6232.20924335246,24.6866326031867,6.46327621444801
20,6,89.0509355911773,1,0,34925.3923267901,15.3770028156623,6574.63907630856,23.6128926337231,9.47480716154551
20,7,102.93811360593,1,1,39521.2055867447,15.3770028156623,6131.70083310052,26.4105580931585,8.67904219565705
20,8,91.8391217292909,1,1,37714.6505684377,15.3770028156623,6283.0584256908,29.7238119521592,8.0031027171018
20,9,101.07180944243,1,1,40247.2155195314,15.3770028156623,7332.69862394434,19.2323182413202,6.65447107746094
20,10,100.301396360758,1,1,40580.1603345832,15.3770028156623,7661.35422182894,28.4099138827467,9.32660828921105
20,11,126.027392193384,1,1,42156.795231795,15.3770028156623,7309.15031177658,25.6105096033827,10.9041369996698
20,12,117.34244987841,1,1,45201.3523498179,15.3770028156623,6771.20763827401,26.0444223931723,11.6711559159233
20,13,106.576265787076,1,1,45516.5495357533,15.3770028156623,8012.63235706928,22.5549263416552,11.9954587829025
20,14,113.907981244169,1,1,46573.5017995868,15.3770028156623,7426.40980076121,22.3991114517878,14.9200953821771
20,15,107.744642851188,1,1,45099.1788488757,15.3770028156623,7917.96968222908,21.9632871304593,17.7240677679638
21,1,91.5880018150368,1,0,37422.8437661252,14.6490069330517,5881.68269716268,32.2773715687135,0
21,2,87.0870356946844,1,0,38321.7359681017,14.6490069330517,4578.06694942271,30.0740227602703,4.30412968231149
21,3,85.3586529821155,1,0,39020.2943484655,14.6490069330517,5972.66797185236,24.6060260988021,2.0648067114745
21,4,87.1105038480444,1,0,37652.5142454408,14.6490069330517,5946.52238195477,29.9469421399556,5.43004198537177
21,5,91.268480526638,1,0,40029.7190387908,14.6490069330517,6135.09424266652,20.2302675200914,3.02558352751196
21,6,79.3555855779351,1,0,38163.384599309,14.6490069330517,6331.11945137018,28.0225954910782,5.77583749832569
21,7,104.742324972277,1,1,41763.7477873248,14.6490069330517,6248.83531151754,23.7280736732848,9.17292543237755
21,8,94.1413896157066,1,1,39692.784869049,14.6490069330517,6676.2395830002,31.0684730760317,3.09087257229625
21,9,94.9058305038048,1,1,41722.8579369061,14.6490069330517,6631.18592558578,28.0172910754368,8.68084653173533
21,10,102.668638203683,1,1,41742.1592861163,14.6490069330517,7123.97750085235,19.6742735299474,10.9240067779272
21,11,98.9508413845543,1,1,40827.0618142121,14.6490069330517,6891.46906564877,28.1885817254173,8.26621286409572
21,12,102.811393643765,1,1,43501.3353787377,14.6490069330517,7557.16836508217,20.1837920148585,11.6548248470129
21,13,104.841153761031,1,1,42856.8679561406,14.6490069330517,8337.18207232749,30.9284936502036,13.1190772608167
21,14,107.33546838824,1,1,44108.3132792052,14.6490069330517,7328.48003988358,19.5835647867983,12.5602780130133
21,15,108.082790050052,1,1,43974.5119810237,14.6490069330517,7762.80925664603,21.4571446459598,13.6930286459953
22,1,82.2500743070091,1,0,39281.3550049015,13.8362503827002,4918.36081096892,25.471479691182,0.267045742294516
22,2,83.5895602289564,1,0,39147.172278007,13.8362503827002,5984.46555771859,22.9253142345623,2.09680203826401
22,3,77.9883524030547,1,0,40953.3544114193,13.8362503827002,5433.42782259741,26.1287622714672,3.74274220001857
22,4,91.6946699750072,1,0,40198.5789014325,13.8362503827002,6292.64848579878,21.1800580951603,3.91276963584193
22,5,94.3648239059793,1,0,41790.6820892098,13.8362503827002,5972.6008336685,20.594535609908,6.74729055527585
22,6,94.4902979757617,1,0,42354.5992978224,13.8362503827002,5878.96124700479,26.9340195079174,5.7639543282208
22,7,97.9856686585355,1,1,43532.5215572942,13.8362503827002,6816.69518695603,23.671512281344,8.79319832657139
22,8,106.478884023244,1,1,42780.2532898563,13.8362503827002,6276.94643400993,23.9782785267345,10.3234414548161
22,9,100.550781088142,1,1,44291.6212872984,13.8362503827002,6561.57053044445,27.5303626371261,11.7454895015161
22,10,101.365483256034,1,1,44246.3987149161,13.8362503827002,6762.88908266394,21.5965835571583,10.1390139141097
22,11,109.651390614978,1,1,46447.8356243987,13.8362503827002,7677.98673060211,24.2228508461234,11.1245051804525
22,12,107.416397313745,1,1,45615.1454238076,13.8362503827002,8456.03170778445,21.1638981799947,12.4992612452967
22,13,105.118320331213,1,1,48696.7045042768,13.8362503827002,6926.46156107797,29.3251612042436,14.6397222124744
22,14,118.50474632576,1,1,48467.4714145565,13.8362503827002,7368.53246842815,26.4102722948999,17.5850632333425
22,15,116.810310542501,1,1,48376.025838281,13.8362503827002,7481.64791583705,25.150441598772,14.4695955207837
23,1,89.2361854555158,1,0,37572.164326409,13.2441021203354,4560.90221514003,27.4973208229112,4.41485107824439
23,2,92.0026972240484,1,0,37172.8693269364,13.2441021203354,5491.65906675823,28.9331062851736,2.47984001308351
23,3,94.9155946040472,1,0,38712.2149645822,13.2441021203354,5673.99599139436,23.4870807290463,1.18181369550676
23,4,90.0961856861811,1,0,39568.6394988328,13.2441021203354,5613.41238156974,23.8971724669655,1.31471152836152
23,5,96.467913353259,1,0,40354.9759470995,13.2441021203354,5746.15007904324,25.6113483152003,7.10273888931994
23,6,104.620663277795,1,0,40226.6657008516,13.2441021203354,6514.88556886198,27.6090058980513,8.66973156670631
23,7,105.579671471505,1,1,40464.078068831,13.2441021203354,5379.63328202334,25.8676638687602,8.99081571581705
23,8,111.301351616719,1,1,40924.8140525298,13.2441021203354,7253.97308495958,25.4684249835642,11.0640422164381
23,9,109.120437751044,1,1,43041.6108191739,13.2441021203354,6854.38980556308,24.4333865197013,9.60338633112771
23,10,116.713768925628,1,1,45072.1927862491,13.2441021203354,7426.83109073782,23.2750204718595,11.3375389211413
23,11,116.866627784632,1,1,45041.8545264153,13.2441021203354,7159.61575349387,23.2244757357047,11.3042928588352
23,12,119.598152220694,1,1,44969.0334923217,13.2441021203354,7413.33411357495,23.0807592530828,19.0040921728608
23,13,119.943046656988,1,1,49220.3544436112,13.2441021203354,7456.79651725933,22.5809074464369,10.9253598272744
23,14,121.521421210086,1,1,48657.3786805812,13.2441021203354,7519.90958922579,24.3949655690702,11.7825611676472
23,15,115.151763815302,1,1,50793.4797736697,13.2441021203354,8503.87296003379,17.8108860996228,12.538049525921
24,1,71.551931644009,1,0,20527.2868022493,11.1603528085724,5242.83503245575,25.9189057856158,1.72235259584954
24,2,75.9894338539734,1,0,19179.3165770873,11.1603528085724,4790.89504279439,22.0510510186048,0
24,3,69.8804046160279,1,0,19855.2197391287,11.1603528085724,5806.11355426819,24.590171550107,3.834515283279
24,4,73.4422925306411,1,0,19302.9052110296,11.1603528085724,5352.5733225286,24.9634643982043,6.16496658039962
24,5,86.8521775593762,1,0,21960.5048893327,11.1603528085724,4920.32039844883,33.9357584690585,7.95645288062992
24,6,91.30864922601,1,0,23320.1359353741,11.1603528085724,6140.11362417722,26.1199283276989,6.26281328072972
24,7,90.2674477182605,1,1,21252.4370519979,11.1603528085724,6350.20478418048,27.8632867977877,6.56031175849543
24,8,85.3124577189176,1,1,21447.1695301751,11.1603528085724,6827.70831386631,29.3378701029926,9.1349746918988
24,9,100.709282707185,1,1,24008.4904922825,11.1603528085724,7484.99498442567,26.5467840326541,8.42381420240559
24,10,90.1094682774795,1,1,22085.7786352411,11.1603528085724,7455.67394847393,23.7909454960176,10.7085196648359
24,11,92.5424609242701,1,1,26000.3144755341,11.1603528085724,6816.18857520773,23.3200831638797,11.8300634015063
24,12,90.8029738486174,1,1,25127.2839424956,11.1603528085724,7682.84643659806,22.1855332270518,10.6158235313081
24,13,91.7720351984273,1,1,23316.6983577745,11.1603528085724,7638.13180502183,23.478724763611,13.6345273076593
24,14,98.2090198099228,1,1,25862.9575542693,11.1603528085724,8049.90434427263,26.8080581211281,14.5549160699407
24,15,109.477673154826,1,1,26089.6657712716,11.1603528085724,7804.94002230023,19.1406133556387,19.346958285451
25,1,70.4315861428317,1,0,35184.6564043685,11.6728874724923,4863.41326878968,30.9595528443354,2.33732140701733
25,2,81.5885238964173,1,0,38467.1374797156,11.6728874724923,5913.58385786011,25.6610026663617,3.85450413316076
25,3,74.3907852918554,1,0,38777.6603146589,11.6728874724923,5655.43075610483,23.4785155081357,3.45872185364865
25,4,82.6975103143241,1,0,39333.549662255,11.6728874724923,6137.75407553937,21.8411946428545,5.63390414701513
25,5,81.2987393239334,1,0,41315.4890472493,11.6728874724923,5679.0753151646,26.849405097833,1.63921582156029
25,6,78.7878558413969,1,0,42783.5881022788,11.6728874724923,4816.09521454462,20.0030038330365,4.39665355100124
25,7,89.419231312529,1,1,44515.6322056854,11.6728874724923,6165.85204352962,26.3793989075704,7.9608491307153
25,8,85.213219982663,1,1,41012.0412988622,11.6728874724923,6671.76260632292,23.2166785375279,9.75880795114048
25,9,97.9866369464518,1,1,45244.085845254,11.6728874724923,7804.74602833473,26.8540247430757,10.0427829008697
25,10,87.5360473398939,1,1,44404.0489785951,11.6728874724923,6984.50018261245,25.6638679230454,11.6256091743509
25,11,99.3713267666748,1,1,47368.6558277972,11.6728874724923,6060.41599571443,24.5324225084032,12.1768679526458
25,12,96.640101240792,1,1,47414.1129090609,11.6728874724923,7159.370455847,23.9005087216485,15.6937824131074
25,13,96.688909946864,1,1,49369.1339794498,11.6728874724923,7105.59612526842,23.431605937601,8.89898941496257
25,14,98.6816423851522,1,1,47297.3410741191,11.6728874724923,8051.64618745976,26.5058979356162,13.7912651028328
25,15,109.89899243012,1,1,50130.659249991,11.6728874724923,7872.35269206554,21.5884414438081,17.2056168606945
26,1,79.1932779907886,1,0,27898.2744108273,12.6881864871254,5521.12824416607,24.5883361363429,0.580676397977016
26,2,88.7452720225553,1,0,29826.5501229225,12.6881864871254,5850.85904566544,22.8168205456569,0
26,3,87.4025731400177,1,0,29723.0921725785,12.6881864871254,5136.52534271191,21.1075599650725,5.04347954894377
26,4,85.9875861103808,1,0,32273.8503313527,12.6881864871254,6328.41843368587,22.8059613627386,1.95605704166065
26,5,94.2756602833063,1,0,31860.4454141585,12.6881864871254,5639.10480344066,22.7830519718003,8.33345183070838
26,6,94.6675854941991,1,0,33051.7416899517,12.6881864871254,6108.51131211274,28.9333169535721,6.89051225935561
26,7,101.151983895466,1,1,34681.9311995111,12.6881864871254,6220.3439091713,21.9760690348214,5.19875394386981
26,8,91.9143271631663,1,1,34762.8725298834,12.6881864871254,5548.49873431614,27.2531017787619,7.36883950779749
26,9,93.0805155983405,1,1,36551.1258656419,12.6881864871254,6621.26897505912,29.9764769522158,10.5740799352254
26,10,110.342718985537,1,1,39293.274139169,12.6881864871254,5963.6963052098,19.5862658454581,11.351084476716
26,11,114.948321646524,1,1,41010.6718192028,12.6881864871254,6451.42477879286,17.934399157829,9.66503212071168
26,12,107.523015272656,1,1,41648.6705987358,12.6881864871254,7500.18435392216,27.1721952137373,14.7005875068672
26,13,98.5893483470037,1,1,41285.1235481293,12.6881864871254,7767.46211513154,27.1628307796125,11.3324597296445
26,14,104.205531419825,1,1,43204.041413068,12.6881864871254,8141.34803633658,32.302493773176,13.7033245449855
26,15,114.379536157745,1,1,44159.6239806835,12.6881864871254,7668.60604045156,22.7147574837595,15.739715548534
27,1,79.7587921106889,1,0,30938.581997667,12.1466666720379,5448.66785551995,25.085638931945,0
27,2,91.2433102933883,1,0,33254.2055510562,12.1466666720379,5973.68738638729,21.0108461872926,2.9609723692573
27,3,83.1466157300532,1,0,32971.6918815564,12.1466666720379,5370.43929001339,25.5277437179264,0
27,4,83.6603705231598,1,0,33534.5488595938,12.1466666720379,6082.68102395516,24.1420950422018,3.95603303024199
27,5,90.675337654224,1,0,36119.8664092196,12.1466666720379,5165.66594583536,28.8559649675907,4.8309454082272
27,6,87.2434388933171,1,0,35485.6169300601,12.1466666720379,6008.46876727211,28.2923649777674,7.10376974179906
27,7,101.533039323159,1,1,36848.6879359696,12.1466666720379,6395.76316633533,25.7744233937465,8.64200256974034
27,8,95.145927582955,1,1,36818.2089789105,12.1466666720379,6855.10518487769,27.8423712823226,8.62578351313198
27,9,101.389787785756,1,1,38647.0568509578,12.1466666720379,6333.99406223171,23.9923110372867,8.04086367998848
27,10,98.939407043398,1,1,39882.6468475679,12.1466666720379,6871.27690974852,27.5379519334397,8.16041955545964
27,11,97.7529038279385,1,1,40692.033418397,12.1466666720379,7258.91145869879,22.4888539116835,10.9648694564158
27,12,103.402771978279,1,1,39913.4180558134,12.1466666720379,7852.01970043283,27.8514949490823,11.3204562129698
27,13,109.416885123943,1,1,43045.9061523821,12.1466666720379,7997.64806460174,22.620882364769,17.1238843172894
27,14,102.338026548402,1,1,44080.0234847127,12.1466666720379,7717.66690570886,21.0716025270682,15.5192140834061
27,15,112.36246928215,1,1,43759.1500673918,12.1466666720379,8145.94115965021,25.55339446171,14.7996583197602
28,1,82.3665663783788,1,0,31498.1981602815,14.8296734051587,5344.21006074692,25.3742059359648,1.39424603367036
28,2,81.9680874844056,1,0,32162.3707107255,14.8296734051587,5008.60651765131,27.8532370922301,1.20155448667289
28,3,82.9341975316316,1,0,33086.8829483515,14.8296734051587,6790.92618502508,27.9186409763023,5.29070210528989
28,4,87.680305996573,1,0,33950.0697861417,14.8296734051587,5904.60780836265,28.72358694429,3.48285346871634
28,5,89.795891521486,1,0,34454.7790113745,14.8296734051587,6240.47841615956,25.419203992767,4.33361401478091
28,6,85.7146571747185,1,0,35716.0877583483,14.8296734051587,5534.30603423775,28.0505553468008,7.51665759965142
28,7,97.0241491596233,1,1,35470.8052400633,14.8296734051587,6281.88474633373,22.0760544678776,7.53344517495973
28,8,104.558562426007,1,1,37680.2279059503,14.8296734051587,6510.74833972431,26.3422005925439,7.61393920905849
28,9,105.224367621805,1,1,37257.5093606848,14.8296734051587,7203.4837525529,24.698306314766,10.2837953189893
28,10,109.201006819282,1,1,36283.8073509265,14.8296734051587,7245.4886168193,25.048246532773,10.4922552893378
28,11,102.373720689677,1,1,38684.0901930866,14.8296734051587,7097.50230384547,23.380680302047,10.0328921815091
28,12,101.095270323134,1,1,39975.1402101311,14.8296734051587,7641.06770127503,20.5501302881684,13.3089371986206
28,13,111.065511659871,1,1,41502.4606253183,14.8296734051587,7790.13597104881,26.4842355909023,9.96993746079488
28,14,115.345104823393,1,1,41076.948580107,14.8296734051587,8321.64427212416,27.4353591591381,14.5357271476728
28,15,119.543339968735,1,1,39820.9781408281,14.8296734051587,8567.59537078333,25.896761694378,17.7664711311389
29,1,76.4032859369089,0,0,34325.1482284962,11.6720486304407,5452.6396706802,27.9644525766982,0.982896765590372
29,2,79.4673545692301,0,0,34016.0868834102,11.6720486304407,4824.44258572772,33.0549836879464,1.46954291184226
29,3,74.1815596716358,0,0,35134.1754445347,11.6720486304407,5445.2941776214,32.3685865724956,4.3002177174873
29,4,87.7426937076572,0,0,35979.6364397563,11.6720486304407,5616.78789073602,25.482870401588,5.50344756436832
29,5,81.4850872923864,0,0,37101.0189092855,11.6720486304407,6765.64967877634,23.1405173134931,3.43397416592133
29,6,94.5120764337618,0,0,39932.3572671616,11.6720486304407,6094.22472751954,24.5340497821914,7.38347830341518
29,7,94.6539170656011,0,1,38858.6816198679,11.6720486304407,6074.55432769939,21.6025010220088,5.01664692732643
29,8,90.9917515090182,0,1,40146.1300882656,11.6720486304407,7588.04094838313,25.6389343059047,5.75067981734264
29,9,85.4668191016106,0,1,41664.3486664256,11.6720486304407,7584.67988952305,26.1669234673831,7.77549341575213
29,10,101.101997353413,0,1,43265.5371734113,11.6720486304407,6943.10375099045,21.4850667970978,12.1270312529081
29,11,100.795861484231,0,1,42603.434880564,11.6720486304407,7455.35206203118,25.3154714679042,9.29798895373303
29,12,95.9248173838617,0,1,43338.8983695758,11.6720486304407,6829.66484458824,27.5954216627064,9.63300336745378
29,13,106.818635140406,0,1,44541.4888540387,11.6720486304407,7892.53379900269,25.2304781645377,15.9676569796487
29,14,105.850428883826,0,1,44783.368219826,11.6720486304407,7518.35796108303,23.4418629715829,14.7774841939639
29,15,102.945332255535,0,1,47770.102611336,11.6720486304407,7927.8449850617,27.839428170688,14.7434171869212
30,1,76.8383911000283,0,0,28759.6272943527,11.7888692352365,4781.29178518853,21.2061987905517,0.846361022445401
30,2,81.7793531570863,0,0,31158.0789169393,11.7888692352365,4335.80728439146,26.0598116155898,4.85646228942266
30,3,72.11518435203,0,0,30988.8165380429,11.7888692352365,4900.47689566861,25.3768148189484,1.94477402268175
30,4,82.4656851672278,0,0,31217.3573417895,11.7888692352365,6221.15896069532,25.256409300985,4.38219314147874
30,5,81.5495424662526,0,0,33946.9858889011,11.7888692352365,5325.23802165208,18.4246223804537,3.0698787144174
30,6,73.1972895254328,0,0,36200.7489189871,11.7888692352365,5900.87876194809,26.8681571381706,5.43722467270703
30,7,95.0692339563343,0,1,37041.3391783067,11.7888692352365,5922.08383001439,25.0497249709335,10.5853079562403
30,8,93.4854869765177,0,1,35588.1081809967,11.7888692352365,6527.53930532638,26.1137990495801,11.0359360042138
30,9,96.5361317464082,0,1,36198.1142466737,11.7888692352365,7096.75443288228,22.8325556255493,7.61865287841123
30,10,99.8156090544727,0,1,37101.0292175629,11.7888692352365,6830.36483199269,19.091915844514,12.9760866583743
30,11,99.4899874224292,0,1,39093.5513186609,11.7888692352365,6720.2523862296,26.8396900965021,11.4563568957003
30,12,93.599295011783,0,1,36565.9296897396,11.7888692352365,7696.93309531,23.1506846637819,10.806600013056
30,13,102.074126907593,0,1,40119.5126929844,11.7888692352365,7657.13773046406,19.9372747988361,12.0575980986006
30,14,104.109644838992,0,1,40210.4574033971,11.7888692352365,8517.00351281814,30.7152492379267,11.3901127162235
30,15,95.1623893322042,0,1,40616.2448533961,11.7888692352365,7956.22031161655,27.0171702819197,14.4705669768067
31,1,69.9248982681653,1,0,15616.7592628104,10.547042737303,5703.94601257986,25.5807447536716,0
31,2,66.4396307679758,1,0,18379.7329511634,10.547042737303,5209.18331185847,28.4198893936649,1.23554575304426
31,3,79.2303822311296,1,0,17899.1826713063,10.547042737303,6067.54507999045,20.0316529650879,2.14846705963703
31,4,85.8175005247388,1,0,20495.6116453856,10.547042737303,5852.11658318831,26.5661937367696,7.38130131791769
31,5,71.0890462499145,1,0,20578.6979158803,10.547042737303,5732.57280989008,25.1804819075148,4.33219937855472
31,6,80.3898691394771,1,0,22482.5993923931,10.547042737303,6235.39083856068,24.8708968623086,4.16982205787376
31,7,86.7892038835594,1,1,23859.9638224092,10.547042737303,6520.09090265988,26.5619012457838,5.6517988514792
31,8,96.031031450353,1,1,23857.9010506433,10.547042737303,7444.82396687293,25.9565313852285,9.0324628378817
31,9,91.031751549667,1,1,24301.921436441,10.547042737303,7312.07458855039,26.139751305492,8.76735738223111
31,10,97.3032547096501,1,1,25675.2577384425,10.547042737303,6790.13046280783,23.6312013474034,9.30312949631159
31,11,92.3969425844584,1,1,26582.2865390741,10.547042737303,7181.50664671284,24.9711331493392,8.43634250188143
31,12,102.363288849268,1,1,26719.084288049,10.547042737303,7782.4882686798,21.317375734669,12.4337049849215
31,13,91.9480959990615,1,1,28394.4219780141,10.547042737303,6849.5871067962,25.5449247531864,12.7788529336085
31,14,89.8649215606819,1,1,29944.3151318789,10.547042737303,7907.00715638349,24.9073190947506,14.2986701088908
31,15,98.4146180651871,1,1,30879.5670317525,10.547042737303,8122.3737693153,22.9595524082981,14.9340669540817
32,1,91.8511794985174,1,0,37202.3965509648,11.58499101437,5788.46371194476,23.405771487297,0.729702437218138
32,2,83.1094440179614,1,0,39145.617627091,11.58499101437,5716.66419380995,25.5511860243553,4.21851273972352
32,3,87.9008231953024,1,0,39168.3000285212,11.58499101437,5986.97249661952,25.7689862079065,3.72890171880204
32,4,83.6173307962125,1,0,41291.3030644894,11.58499101437,6002.35357843815,25.0687710011277,4.60821796648392
32,5,86.3287730121447,1,0,40148.4772179169,11.58499101437,6441.99698655296,24.4390841921197,6.87673687259173
32,6,83.0319066859363,1,0,43127.9586855275,11.58499101437,7457.5770516762,26.8909927376707,7.7599774107867
32,7,100.227810459558,1,1,43351.5862762347,11.58499101437,6464.56484239714,24.8751276270885,6.79148620910606
32,8,99.923388413277,1,1,42547.355576073,11.58499101437,7072.08603813204,27.2521510818918,5.80741312224304
32,9,106.376803716718,1,1,45122.1225666822,11.58499101437,7376.9060357909,21.2207105968234,7.74153264760882
32,10,98.6708221579038,1,1,44463.1458065175,11.58499101437,6371.80349746072,23.9071426534142,7.9381960761453
32,11,100.154653268994,1,1,47628.9564156686,11.58499101437,7162.4022332076,32.1906530703812,7.19127679852195
32,12,101.354543464933,1,1,47122.8666878392,11.58499101437,7211.0419649702,25.0166807333573,9.83910345282682
32,13,109.099645293396,1,1,48407.3897387201,11.58499101437,7195.32043627924,26.8291169954949,17.0270394192526
32,14,108.028807553131,1,1,48944.8505297035,11.58499101437,7404.79098851379,32.281062121463,13.6455268358962
32,15,103.523433632145,1,1,49753.0958191723,11.58499101437,7685.65594567258,25.5828257034583,14.9782507213283
33,1,80.2613514293624,1,0,35590.8905882402,11.7937030730885,4881.0566466177,26.015214726854,0
33,2,79.3613995336663,1,0,35681.0937341922,11.7937030730885,5859.9152177127,24.7455864159647,0
33,3,80.4800815047999,1,0,36165.0406205629,11.7937030730885,5940.03081372015,28.466963332521,2.69669045912088
33,4,96.4986451983754,1,0,36363.9858347854,11.7937030730885,5762.01979424157,19.6925799575192,4.46265182182075
33,5,92.0913489347249,1,0,37827.2380225793,11.7937030730885,6006.80589258187,23.8685957299515,5.41484504681146
33,6,89.9830333379356,1,0,38553.1553171895,11.7937030730885,7133.63021075736,23.4286489996909,7.35946334498541
33,7,93.6398180889332,1,1,40295.5014709009,11.7937030730885,5732.76518169934,27.8160867363533,6.8045193879345
33,8,98.9860066248744,1,1,40342.558982978,11.7937030730885,6691.24799874556,23.2868202231062,6.99322540064066
33,9,103.138458234314,1,1,40086.8685305541,11.7937030730885,7125.62762074025,30.9804504351315,10.4000189424544
33,10,110.638247383166,1,1,40878.7029259978,11.7937030730885,7129.82942626361,22.7038970789965,10.5434694868972
33,11,103.357036219034,1,1,41426.0616371675,11.7937030730885,6977.71133982412,25.5336796232103,9.20954235893297
33,12,103.333721795701,1,1,42330.9339729339,11.7937030730885,7629.02987055074,25.5036613590251,11.3101147078136
33,13,103.691708832341,1,1,43258.5269265002,11.7937030730885,7504.49250253305,22.3908677277647,11.572191894639
33,14,106.999384365526,1,1,45518.62994784,11.7937030730885,7494.64591017266,24.6195754481875,14.0679328944856
33,15,108.956743160377,1,1,42767.9278977897,11.7937030730885,7995.2082330359,28.8153683656279,13.0206721422488
34,1,71.1192916696107,1,0,27737.6027378139,5.05879267830175,5290.7333636396,26.5034046966767,1.4007465897245
34,2,63.9378630319661,1,0,28871.2294153077,5.05879267830175,5413.4997192347,27.2555534361328,1.38684138849303
34,3,70.8209980794953,1,0,28285.5132993712,5.05879267830175,6191.09550833483,26.2315968573571,4.71683584298815
34,4,64.7595797148597,1,0,31752.53388168,5.05879267830175,6262.89398843518,23.597928469933,2.46211034187799
34,5,70.8042715103745,1,0,30464.1465390126,5.05879267830175,6420.50491014128,25.5184021240262,2.26760913928062
34,6,78.1658142460308,1,0,30145.838277261,5.05879267830175,5868.69456572918,22.047127717173,3.4038032129963
34,7,78.5810871664499,1,1,30935.8041901139,5.05879267830175,6848.34457013318,25.2718862927987,8.06221336557968
34,8,82.422282622405,1,1,33264.4747078881,5.05879267830175,6626.45236571442,23.7468587538181,6.38378277861346
34,9,86.6589379743674,1,1,34825.7504543288,5.05879267830175,7222.90878673491,32.9875775486301,8.08589413548118
34,10,85.8908489294233,1,1,33397.1341784625,5.05879267830175,7177.5469405875,26.4581034323765,11.2744254970307
34,11,81.5855233385304,1,1,34193.0930581011,5.05879267830175,6978.20670597485,29.2531787715182,10.1029451080837
34,12,82.315061044312,1,1,33702.1907591198,5.05879267830175,7498.42781539879,22.9691039975242,11.1953551659966
34,13,95.5525393736282,1,1,36532.0320983541,5.05879267830175,7325.0700021105,25.1754413179725,14.0992275010179
34,14,95.2081010390588,1,1,36502.705882421,5.05879267830175,7639.84824287222,26.0973598720487,14.1826795358798
34,15,102.659934111823,1,1,34015.4570616675,5.05879267830175,8849.70870089279,26.2002126551885,14.4965686770175
35,1,83.3712209434396,0,0,30836.2793970641,7.90550490835705,5905.02692533447,25.786937500455,3.48749347184245
35,2,74.2587298438274,0,0,31783.7503030483,7.90550490835705,5190.85680609749,29.1508699777628,3.5584325330491
35,3,81.17102261828,0,0,31446.0629785175,7.90550490835705,5356.02047660425,26.0351796930904,3.80461910732389
35,4,77.3407802050985,0,0,32817.355330804,7.90550490835705,6404.52346150465,19.8780098300947,3.26243431072702
35,5,81.5980586969962,0,0,32493.4942066502,7.90550490835705,5993.99194513898,29.2927205720729,4.10541240576339
35,6,77.7843177269402,0,0,34522.5991691531,7.90550490835705,6368.03747744914,24.0307941357395,6.78752620273986
35,7,87.3758417916839,0,1,35035.2918337959,7.90550490835705,6368.68202934329,22.4621952340851,5.47833447536153
35,8,74.6638272518262,0,1,36046.9872775783,7.90550490835705,7189.7906836722,26.0550973364682,7.88640500970473
35,9,81.1284378677638,0,1,36188.8149148807,7.90550490835705,6945.66864497851,26.6050936317843,9.13330466718527
35,10,99.7335518406428,0,1,37902.8286723091,7.90550490835705,6881.10422965676,25.5312415738777,9.20214515058298
35,11,90.9919894990565,0,1,36458.9326106754,7.90550490835705,7631.98969582451,23.8461708685619,12.9180546118785
35,12,86.7614542019296,0,1,35228.1229750352,7.90550490835705,7872.14678428869,28.4206112268156,9.26603094204189
35,13,85.0698080471711,0,1,37943.4414100597,7.90550490835705,7850.91672020375,29.7741229942849,7.86167277378635
35,14,93.2017335220367,0,1,39103.9868965135,7.90550490835705,8558.45541148976,25.8394108350066,13.2418088479956
35,15,93.8915685709079,0,1,38589.2583064834,7.90550490835705,7795.91659963244,27.1587654840635,18.1451044791832
36,1,84.940727764483,0,0,33154.5861674496,11.7825392701441,5102.54680632151,24.8627846681047,0
36,2,85.8601289615336,0,0,33529.8788953716,11.7825392701441,5180.23576799427,19.2556094797024,3.45337642803613
36,3,85.1422137194913,0,0,33654.0040424757,11.7825392701441,6055.56321954791,22.3392292154759,6.37579451091644
36,4,81.6566443987458,0,0,33867.6860281981,11.7825392701441,5782.47440786836,20.0731135350568,3.34283432959802
36,5,91.6725797343855,0,0,33927.8111640986,11.7825392701441,5880.39941342766,28.3772528263884,6.55668738373747
36,6,96.4310034515135,0,0,34983.7689563794,11.7825392701441,4708.6521882048,25.2694475048059,7.50303090239223
36,7,100.279808320104,0,1,36311.2906987002,11.7825392701441,6465.34050732484,26.0561198916779,9.12232102306552
36,8,100.909654690145,0,1,37491.3101661469,11.7825392701441,6521.43101369912,21.4608883872277,10.6632216769381
36,9,87.8835875956363,0,1,36908.7992479538,11.7825392701441,8180.23800895554,26.9516658659898,11.8613581909198
36,10,99.6305651025654,0,1,37158.0611732134,11.7825392701441,6436.71167818824,30.7106127330947,12.7050305239543
36,11,97.6011204691044,0,1,41043.3208203721,11.7825392701441,7609.88364982531,23.4706541583573,9.27692521670809
36,12,91.9895363341811,0,1,39767.6726557246,11.7825392701441,7685.28155046575,26.5366558159082,10.9613435822311
36,13,97.5812293007728,0,1,39026.9128069064,11.7825392701441,7588.38941455529,22.9354705472631,12.6833336854558
36,14,107.49575802519,0,1,41542.8955954561,11.7825392701441,8004.89183563189,25.2782254620863,16.2951190281098
36,15,112.723472747392,0,1,41355.0035638796,11.7825392701441,8438.13900812925,22.3056637055975,16.9736754449139
37,1,91.629603961837,1,0,33554.4210971196,11.2041486754065,5097.00029313887,23.7736684327127,0
37,2,85.3879347705044,1,0,33738.9049012688,11.2041486754065,5089.21308477849,29.026233233058,2.07044786258794
37,3,87.491641285557,1,0,34588.1549975727,11.2041486754065,5292.29992240916,24.910118217065,0
37,4,78.1886814371519,1,0,35696.6717696402,11.2041486754065,4705.97362889842,25.0367390904126,4.7510974373834
37,5,86.7103334842616,1,0,36978.3170460904,11.2041486754065,5882.54421163023,18.4661984919313,4.90715152790128
37,6,96.0819280407884,1,0,36914.9266176039,11.2041486754065,6193.18265551866,23.0340148079843,7.51728432636732
37,7,103.127804360958,1,1,37829.1252189847,11.2041486754065,7077.11798035943,22.6396720439864,6.73508021606905
37,8,104.690204235028,1,1,39259.1853432284,11.2041486754065,6864.9078480534,22.7559092492603,11.462079281944
37,9,99.2070449169652,1,1,40574.7420811148,11.2041486754065,7235.11468755527,26.9673508241767,9.69954158246374
37,10,92.4529447742204,1,1,41045.5402943183,11.2041486754065,6429.45768041805,28.6810194005405,10.792302571664
37,11,108.182910157124,1,1,42639.3774121556,11.2041486754065,7453.91474595189,20.0617687440168,10.2210903021076
37,12,106.224934028526,1,1,42180.1335372056,11.2041486754065,6992.760998098,25.8234538008979,15.477433856684
37,13,101.64962275845,1,1,42810.3865970502,11.2041486754065,7737.6903711793,18.9097749035391,13.6022294582239
37,14,118.025274061487,1,1,47092.8317825357,11.2041486754065,8636.26005087832,21.6039628723382,12.8015243733478
37,15,103.378384753983,1,1,46558.1743631978,11.2041486754065,7343.15562399326,26.9528786143535,13.6596070310227
38,1,84.7989264402784,0,0,43138.1001594939,8.39739201537769,5191.35160677313,24.9785914662818,0
38,2,88.9211810065228,0,0,43663.5294094668,8.39739201537769,5361.95622957649,21.3816129706277,4.9009281826339
38,3,79.8458580483356,0,0,45136.9647540693,8.39739201537769,5908.7382275,17.7754257592772,0.631454732184758
38,4,82.4571989799982,0,0,44549.884373865,8.39739201537769,6817.86719531329,26.9210451980191,5.74093101320425
38,5,93.5281198054046,0,0,45360.6791170396,8.39739201537769,4898.72031082495,26.7534244493801,7.29996747648745
38,6,80.3041892188231,0,0,45312.1974921331,8.39739201537769,6783.30967311839,30.8524995194564,6.33096799092033
38,7,93.2133669767774,0,1,45483.8910253634,8.39739201537769,6045.70109883281,29.0405171332104,9.25236765527118
38,8,103.386854103195,0,1,46995.8308618891,8.39739201537769,6643.21084184339,24.218132100291,7.43742718971508
38,9,85.4238554627651,0,1,46943.4945717876,8.39739201537769,7342.27351921159,24.583879272049,7.66606231072314
38,10,101.574001612897,0,1,48512.1716454764,8.39739201537769,7764.75074928583,24.4318618844564,10.6753305698706
38,11,98.8107966665388,0,1,46493.3210858999,8.39739201537769,7934.1770579805,23.8341249738757,10.8974370730885
38,12,102.1722688468,0,1,47891.7695025939,8.39739201537769,8283.73032258869,19.1203762066831,10.0496903587011
38,13,97.7977753454465,0,1,48226.4469248921,8.39739201537769,6558.85860767555,26.3926346961324,13.4498057459206
38,14,101.833371198118,0,1,47768.9325048668,8.39739201537769,7523.89624487531,27.4767975475146,15.5355904518381
38,15,100.930874007569,0,1,50250.0125301074,8.39739201537769,7842.56589000562,22.5058938009895,15.9347930525694
39,1,71.8632335268862,0,0,28562.9321877115,6.02538547187094,5487.14816862613,23.3744149606757,2.70536614381789
39,2,56.822146645583,0,0,27707.5089146077,6.02538547187094,4938.83197183862,24.6820612078613,0.246003771757056
39,3,63.8532981046778,0,0,28923.6612458984,6.02538547187094,5372.05135148023,20.7155793961354,1.1292360903487
39,4,76.4490471216763,0,0,28833.2032809001,6.02538547187094,5786.30998517803,22.9269045372313,0.875899837616353
39,5,79.5723376317138,0,0,31400.3603224141,6.02538547187094,5087.6680221713,22.2156696654626,5.46778410973457
39,6,81.737773223914,0,0,33326.9112349153,6.02538547187094,6392.03610111691,22.5953155815115,9.95262771027959
39,7,72.2850401717641,0,1,30533.0259271702,6.02538547187094,6373.87586901133,26.5533039330961,6.41940470431733
39,8,84.4504508196303,0,1,31537.2467064583,6.02538547187094,7095.75711749853,26.9517436953682,12.0802331982134
39,9,81.1111173259444,0,1,32331.9467171043,6.02538547187094,6276.02454432426,25.1891599342392,9.36535671116417
39,10,88.3657270599606,0,1,35183.9060700739,6.02538547187094,6961.21739952332,23.8992009131479,7.47454977403058
39,11,80.4662389200919,0,1,30568.6781556449,6.02538547187094,7764.20718727541,24.4260420960776,13.8569155018893
39,12,83.5134123477292,0,1,32806.4608518778,6.02538547187094,6479.70839320733,31.6118893363626,12.0254826560405
39,13,80.4209827655923,0,1,32540.3567985998,6.02538547187094,7976.18402218483,24.548645439324,12.2470997263322
39,14,82.3049966667869,0,1,33938.2617178442,6.02538547187094,7758.403785393,23.7720629238917,14.1417838501141
39,15,81.9908972955521,0,1,34312.7222747486,6.02538547187094,7346.20794813783,24.4614644835175,10.710468888057
40,1,82.3751500754327,0,0,31283.9583001003,10.9368923402597,4831.77233185286,23.4038285755023,1.48298695078988
40,2,80.8828076053139,0,0,34517.1668586968,10.9368923402597,4951.58664769047,25.6263443286719,1.86858695082095
40,3,73.8184979586046,0,0,33609.3205132862,10.9368923402597,5712.21215829059,27.8963513043038,0.717731429167583
40,4,80.847225235958,0,0,36415.0845854571,10.9368923402597,6590.47435573419,25.5000412740173,5.82333776438834
40,5,89.5363409303573,0,0,35514.3598725355,10.9368923402597,6119.53988223963,23.2829144749506,3.65613801939765
40,6,76.8809751059943,0,0,34094.6751311091,10.9368923402597,5930.49652492393,25.9086025423996,4.38001568695107
40,7,84.2480850678751,0,1,35275.7401013449,10.9368923402597,6243.75927830307,22.9518808910235,9.94900730464088
40,8,85.3253781899584,0,1,36971.513770624,10.9368923402597,6833.74004876821,22.3667919530627,6.55626099107093
40,9,90.0443647937428,0,1,36789.820445424,10.9368923402597,6841.90332284491,27.0376764209703,12.28665175162
40,10,95.2731246834965,0,1,38391.2531106347,10.9368923402597,7297.84208135593,27.4155159853531,7.85287365181422
40,11,94.3085822847725,0,1,39438.7800985633,10.9368923402597,7265.00792482012,24.6344541368341,12.5760963110272
40,12,97.3308941906022,0,1,39796.5737683041,10.9368923402597,7419.63856065206,22.2646403662994,12.7400876333344
40,13,84.5754264419941,0,1,39910.0826925301,10.9368923402597,7021.43988019948,27.9277710997659,8.05757610921533
40,14,96.0482930041385,0,1,40070.4006278864,10.9368923402597,7216.25232074282,27.2727635976381,11.7656612875157
40,15,101.068402119328,0,1,40093.8629076328,10.9368923402597,7506.88798228554,30.2162824958912,15.4651008377855
41,1,83.8621856004493,0,0,40566.8448527472,13.9604872970828,5175.16487208684,25.7985274256443,0
41,2,100.892986654324,0,0,42027.1645978379,13.9604872970828,5356.04190246162,28.6825175450741,3.44706692351531
41,3,99.0701480649999,0,0,41904.0384835959,13.9604872970828,6665.28915585678,20.6055042520105,2.90139442448108
41,4,87.9466920582621,0,0,43616.2045156617,13.9604872970828,6396.73402016048,28.0242260444276,6.4811261990548
41,5,98.4945241824655,0,0,45968.9955160573,13.9604872970828,6590.4107038701,21.3587073263499,3.79025412418845
41,6,107.867705384989,0,0,46554.1660840872,13.9604872970828,6551.54974168209,23.3123037221459,6.56584301020056
41,7,101.761575404647,0,1,45004.3182949494,13.9604872970828,6247.60596008716,26.4859975393064,8.78940061496427
41,8,102.788445385592,0,1,46924.8145827168,13.9604872970828,6799.74750313542,25.6611048272144,9.31189550790652
41,9,104.215160879892,0,1,46554.7710731717,13.9604872970828,6758.71645862651,21.8500283629758,9.18469559056163
41,10,97.0254619787742,0,1,48825.6741044155,13.9604872970828,6540.90389344701,24.3031547165498,8.19244047493428
41,11,99.6387616574003,0,1,48956.3765100333,13.9604872970828,7361.33507056593,25.392902604353,9.56986582134554
41,12,106.565206248224,0,1,50171.2061977728,13.9604872970828,6984.51251001817,23.2255389087176,11.0728675727372
41,13,114.153798021665,0,1,49913.4829748931,13.9604872970828,8784.90840633754,25.4143350418588,15.4808763165593
41,14,104.300503489569,0,1,52856.754474731,13.9604872970828,7649.77174251599,22.6328961686615,15.7375080209203
41,15,106.42846916294,0,1,52446.0755620176,13.9604872970828,7986.63292944705,26.1955607308705,15.7664399018775
42,1,91.7954631513943,0,0,38604.8150194273,17.3197158957827,4603.16959928744,27.3460013146654,0.907874832259445
42,2,84.6140202187062,0,0,39591.4003951342,17.3197158957827,4750.70492526708,27.4581554537418,0.0862899373545984
42,3,78.1175278765309,0,0,40361.7069381122,17.3197158957827,5932.65152010326,22.3721430236753,0.818659559284082
42,4,89.5825240032683,0,0,42539.4593601772,17.3197158957827,6060.26735041167,25.7175592981563,2.83641600178635
42,5,100.083729906377,0,0,40409.1581505166,17.3197158957827,6647.1678957696,23.3648631539964,6.26506494173339
42,6,96.956183008487,0,0,44596.1601327083,17.3197158957827,5780.781174926,22.5775338666158,3.52560825862022
42,7,101.514513321315,0,1,41981.1433331214,17.3197158957827,6140.51239404377,22.7434541148536,6.63161174181907
42,8,94.2123815458721,0,1,43546.3858849114,17.3197158957827,7768.53015432338,24.3205240212822,7.59012259616786
42,9,113.846053697965,0,1,41930.8879355691,17.3197158957827,7211.87502958852,26.1955545093511,9.63564769809313
42,10,97.6349812246599,0,1,43951.8555603557,17.3197158957827,7016.13789884412,21.3489793735429,7.37730579685874
42,11,105.402832504104,0,1,45955.3762451811,17.3197158957827,6979.12713545654,26.1625647295426,8.18799231298502
42,12,114.460150893103,0,1,46346.1227299984,17.3197158957827,7146.25374972952,20.0438781124296,13.5449655609327
42,13,105.84754702432,0,1,46868.7486835389,17.3197158957827,7232.63095650951,25.6732153960116,14.2347477477097
42,14,108.034184806455,0,1,46608.6979486207,17.3197158957827,8223.33481759078,24.2410670344242,13.7753291951022
42,15,104.069568429692,0,1,45849.1775764626,17.3197158957827,7907.17981896586,21.5216867894361,14.888433374392
43,1,84.8060299899465,0,0,39066.6300634027,11.884629618872,5085.50765994397,25.9812910296276,1.43305660490883
43,2,85.6958245479583,0,0,40886.9757325572,11.884629618872,4842.58236849591,22.7176211016655,2.09589075362617
43,3,93.78719121092,0,0,42715.7914802912,11.884629618872,6520.63095680734,27.1673117811347,3.35008074239112
43,4,90.0325655520142,0,0,43908.9495941094,11.884629618872,6006.04122166974,21.3208258930106,1.27777455755818
43,5,82.9116158603083,0,0,43745.965870985,11.884629618872,5652.55767920598,17.8674680389159,3.34565409242406
43,6,84.4071558536588,0,0,44874.6511931457,11.884629618872,6125.21438255961,24.4397457986605,4.06299402209437
43,7,84.8130689840462,0,1,45840.7020124536,11.884629618872,5990.8289104444,25.4923440936647,7.67077918076383
43,8,99.3858615072634,0,1,47038.7488753523,11.884629618872,6390.28313823339,26.3750164693295,6.82866059169542
43,9,111.314459560613,0,1,49495.3980354019,11.884629618872,6390.2970434513,28.2746676463093,8.56501788413427
43,10,114.168571618363,0,1,48208.8904291446,11.884629618872,7433.03787752784,33.0932636752272,13.5123374646341
43,11,106.393365685128,0,1,49708.1900451018,11.884629618872,7599.53746253001,30.8303915628928,12.1296280316594
43,12,97.4517651382487,0,1,50969.0288645164,11.884629618872,7843.87117746951,26.2575424651232,13.6797341778487
43,13,113.19087848099,0,1,50529.3864863076,11.884629618872,7473.96967477359,24.5364263443815,12.497163245003
43,14,115.677695469306,0,1,51923.9729517089,11.884629618872,7519.60796294185,31.0337553140536,15.3722301313843
43,15,114.367264287646,0,1,54022.6139429401,11.884629618872,6367.81935370346,26.7631610151533,18.1941946793069
44,1,81.872535946259,0,0,26673.9991132937,16.4795545218831,5540.2418222814,23.0649355882572,1.16867841529991
44,2,77.8375620386839,0,0,28253.6941889659,16.4795545218831,4935.71898352701,27.016792522274,0
44,3,84.2504458604305,0,0,27514.5720171781,16.4795545218831,6458.95667173299,25.4524644803423,3.58182666290052
44,4,78.7480632312363,0,0,30300.852588882,16.4795545218831,5683.09421862969,24.3025512459153,3.47635305462992
44,5,84.6203744909342,0,0,28849.0697443592,16.4795545218831,6061.26561241097,22.4221701318447,4.37435966924882
44,6,85.9660677579636,0,0,28984.0168762075,16.4795545218831,6676.41558147276,21.3530936904733,0.527030178416132
44,7,85.6696474135226,0,1,29500.9605041888,16.4795545218831,6067.47448865569,25.8017866205201,3.87720769081078
44,8,94.1501212076347,0,1,33417.6982187124,16.4795545218831,6821.43088944734,23.1173930295409,6.06256702094816
44,9,87.4108562001321,0,1,33485.1940491083,16.4795545218831,7391.22791347971,20.6439056431908,5.71924571545533
44,10,91.8490603945858,0,1,33916.5740418854,16.4795545218831,7110.60234758814,20.8528066446429,10.7444498579037
44,11,90.0812656069765,0,1,34620.0565388531,16.4795545218831,8112.48453817294,23.8797556355653,11.2638360737606
44,12,100.02394096419,0,1,37366.5993753028,16.4795545218831,7194.09970081974,29.345048034121,9.03172029516442
44,13,111.010572540413,0,1,37848.1634179863,16.4795545218831,8022.34330702401,21.6038320341801,12.0069912763236
44,14,102.009817726878,0,1,36509.9521967588,16.4795545218831,8161.99942201493,25.8003191705622,16.6148520265255
44,15,98.8960751905306,0,1,36989.3489191729,16.4795545218831,8111.72982626609,22.6833582357402,14.2536260843646
45,1,81.7344654493576,0,0,47871.0297996248,12.2490664729079,5850.24556606551,19.4498734372225,0
45,2,90.9837635129593,0,0,48112.2178010645,12.2490664729079,5329.12753229126,22.6936748513947,0.291011986322459
45,3,99.6675162911533,0,0,47806.4970863098,12.2490664729079,5518.52858780874,23.3435376274734,2.78596050491202
45,4,87.0105125737438,0,0,49479.8021133229,12.2490664729079,5865.99341042137,24.9919567574189,0.993853330092311
45,5,94.9460287169359,0,0,47825.9911201927,12.2490664729079,6341.77081779687,25.6507117993488,3.35964566108567
45,6,94.2197802481792,0,0,49949.9528275229,12.2490664729079,5756.08923591446,26.8574629236365,4.76841921666485
45,7,88.9811030610055,0,1,51815.9735823347,12.2490664729079,5774.68638721399,23.731514423228,8.41516660380701
45,8,102.462043793789,0,1,52073.9268141369,12.2490664729079,6098.79991680902,29.3030482144834,10.422755075676
45,9,102.191124619573,0,1,51630.8228853978,12.2490664729079,6545.3545032568,26.1652667050366,12.149757570082
45,10,102.185069901993,0,1,54693.8487365424,12.2490664729079,7432.19531699251,22.5947718406974,7.90208837924949
45,11,90.3096101164181,0,1,55607.5140214197,12.2490664729079,7393.80974025822,24.9779299532777,8.77273219838543
45,12,105.581997230458,0,1,54270.286920113,12.2490664729079,7436.72785317457,24.486843042812,16.4685037530561
45,13,104.196177118216,0,1,55790.7322057992,12.2490664729079,8003.75535237836,28.6134551859073,11.3552794212563
45,14,116.333420678707,0,1,57472.6848507348,12.2490664729079,8339.36982357515,22.7462557105811,11.8717712806632
45,15,105.607189174158,0,1,58371.6678303455,12.2490664729079,7214.82057324946,25.8299283053231,14.7948029556792
46,1,78.2290169947985,0,0,30968.624980113,12.3465963127787,5139.26543757986,24.1828749245917,6.33614456572811
46,2,79.4290813391118,0,0,31582.5983824861,12.3465963127787,5294.59988742012,26.0007472302517,1.98077365237951
46,3,89.5820427675772,0,0,33769.9792562059,12.3465963127787,6248.10019631275,28.8363034249717,5.1216664105059
46,4,75.2766718116572,0,0,32472.6512586372,12.3465963127787,5602.91909895505,27.473208145467,3.79961347284765
46,5,90.6031463384162,0,0,34402.3575146249,12.3465963127787,6070.37195632054,30.2611228780506,5.57572444238631
46,6,85.0422765097304,0,0,37089.7878583371,12.3465963127787,6769.43246053462,21.3595760604939,4.49155692370742
46,7,95.9155191132347,0,1,35576.1679530717,12.3465963127787,7118.51720958083,20.3888129993977,7.37051563464591
46,8,88.7507503697504,0,1,37042.9548591097,12.3465963127787,6988.818701014,25.7818805927058,7.94749206080965
46,9,88.4008097502607,0,1,38966.7125495843,12.3465963127787,6774.35104121746,25.3264009603411,5.11721473878673
46,10,97.0547575901314,0,1,39869.1897393678,12.3465963127787,7173.69944066883,28.9978219293867,13.2297125963892
46,11,82.5722070077479,0,1,39380.9841101241,12.3465963127787,6153.72105206366,21.9581403595422,10.0835546124931
46,12,93.2772800832263,0,1,42608.1733370087,12.3465963127787,6709.35428137467,25.3130743490891,15.391311929173
46,13,101.47535417443,0,1,42041.1037853403,12.3465963127787,6770.81409090628,26.5029648275865,11.7693843628236
46,14,96.6284098328735,0,1,43868.2668123272,12.3465963127787,8328.63958487214,23.706055068609,15.5884132892511
46,15,117.070699343199,0,1,44793.5191700359,12.3465963127787,8397.14968619242,20.209265194652,17.6309913045107
47,1,91.8709449200092,0,0,46509.11653105,12.9744759400462,5753.17860603114,23.243091324695,0
47,2,91.4532008483599,0,0,46624.179363069,12.9744759400462,5769.92436607678,26.2936614569048,0.270605764448191
47,3,90.3697632789954,0,0,47433.4858697983,12.9744759400462,5503.67783218946,28.0385617117322,3.32506351261741
47,4,101.187269563631,0,0,50100.2477319126,12.9744759400462,6051.85165388834,22.1594493117364,7.39071474847888
47,5,100.135890383545,0,0,49695.0748024946,12.9744759400462,6324.29556046365,26.8975010025234,1.97055709880076
47,6,98.9466008065667,0,0,50824.3934156482,12.9744759400462,6830.66888047115,25.8543255114995,7.59373620913073
47,7,91.8972251218249,0,1,51553.4246124327,12.9744759400462,6014.91135318727,27.5838211337571,5.82851659625141
47,8,91.2192448398427,0,1,52527.8336448111,12.9744759400462,6775.84989789131,24.7606644652087,4.14067933218327
47,9,97.9286970609343,0,1,54169.6085177678,12.9744759400462,6147.13349552191,33.0248339665909,10.1173864003694
47,10,100.562829422067,0,1,53654.440922327,12.9744759400462,6078.53663458572,25.3327214152009,7.66185367501529
47,11,100.920369867693,0,1,54832.0620622799,12.9744759400462,6441.97654882287,28.5780535003348,9.94701702338793
47,12,116.261718874687,0,1,57436.5252812357,12.9744759400462,6437.57226989355,21.9629577962593,14.5544078843196
47,13,111.928511362816,0,1,55814.5258675558,12.9744759400462,7162.27421360352,27.0396062183812,12.5274545320314
47,14,122.851388233119,0,1,58513.2461930854,12.9744759400462,7166.22726292504,24.2738121530994,15.2450731293816
47,15,109.321588139708,0,1,57492.8320500407,12.9744759400462,8910.41654629454,25.5442964720215,11.6904177852407
48,1,66.1082724966252,0,0,21613.7311816321,9.38826826421724,5585.19187124116,23.9976747784016,0.252227390707056
48,2,72.9398879629314,0,0,19948.1571211088,9.38826826421724,5277.37229775853,22.8049032154864,2.13429741564732
48,3,75.043367850304,0,0,20510.8452187118,9.38826826421724,5400.72962143296,25.4692474911411,3.36851752107242
48,4,79.3013775913848,0,0,23072.4331144341,9.38826826421724,6535.93995759425,22.1013630988328,4.70215359249295
48,5,76.2446248866422,0,0,23711.7750171551,9.38826826421724,6129.22431670666,22.8784908359625,2.13087304930382
48,6,80.1520175237833,0,0,24009.3673165598,9.38826826421724,5813.19425120494,25.4495701720536,5.98456774109663
48,7,87.2121166643616,0,1,24441.6580029976,9.38826826421724,6336.95779126293,25.5056193276187,8.07615499555374
48,8,80.8884550606212,0,1,25121.1422715568,9.38826826421724,6621.27890738479,20.6237546280937,4.38315684060854
48,9,73.7458249975966,0,1,27644.8561688189,9.38826826421724,6745.0827880502,21.0433181489038,8.25804361052192
48,10,83.9774486880399,0,1,24868.3739621119,9.38826826421724,8112.40040938652,20.6071556057773,11.623207970038
48,11,84.6603951959699,0,1,26025.3851348343,9.38826826421724,7687.21011241688,28.5417710146439,12.136762708377
48,12,86.6137266160652,0,1,26443.394323539,9.38826826421724,7695.11218081943,20.6286206489566,9.23611539449381
48,13,93.155120854343,0,1,29394.1029313791,9.38826826421724,7341.84216471958,27.0469294660334,11.7508140181662
48,14,94.1225154253229,0,1,28898.5185002264,9.38826826421724,8573.85359436603,25.6590757931345,15.6792292165155
48,15,89.0437763862097,0,1,29724.964974221,9.38826826421724,8411.1007573348,29.7475320645587,14.63522208626
49,1,65.5042095836905,0,0,32797.3984960567,11.8448453613154,4365.00146194763,24.6099455197213,0
49,2,94.0987793060191,0,0,31281.2882118166,11.8448453613154,5059.40146992585,20.5471859405529,4.10345087700841
49,3,90.0800552640136,0,0,34729.3322527281,11.8448453613154,6409.69855330493,26.4726263672341,5.83073155995858
49,4,83.970835195879,0,0,32143.3198247248,11.8448453613154,4866.20477233899,30.2721989876524,2.65728727210751
49,5,89.5997963162406,0,0,35716.8192383006,11.8448453613154,5779.62354636662,24.8749424045066,8.14652733231606
49,6,92.7378694521002,0,0,35568.3276147105,11.8448453613154,6267.4107701728,26.3222022289271,7.66871676999507
49,7,90.0941896105067,0,1,35702.8290790277,11.8448453613154,5833.21753354858,22.9750453269099,6.91061501535899
49,8,93.2216121803865,0,1,36764.8156825159,11.8448453613154,7230.38395889241,19.6595029375229,7.80888955089588
49,9,101.796170498641,0,1,39122.8502405655,11.8448453613154,6527.73762090338,18.3613053753811,11.048713500697
49,10,90.9662730142981,0,1,40333.9044320471,11.8448453613154,6799.58851861773,27.6764960262716,8.12581943140891
49,11,96.8880374924252,0,1,37797.8537255025,11.8448453613154,6399.3662182828,29.1140949392344,11.5096570006122
49,12,101.497711943079,0,1,43743.6391417945,11.8448453613154,7409.79034042338,23.4363212015305,14.1900698253617
49,13,98.9592333710489,0,1,43746.7101746989,11.8448453613154,7306.88854713583,24.2442680157505,13.7668734835077
49,14,99.8161742014511,0,1,41489.6686725491,11.8448453613154,7578.53503186898,23.8374106673525,13.5337602021355
49,15,107.694892022574,0,1,42796.8315888815,11.8448453613154,7890.96212209451,26.4676106073245,15.5627654970718
50,1,81.9248316073201,1,0,40265.2718838126,14.7253430963768,5763.84621363242,31.2258412735096,0.351990002079673
50,2,83.2262962019322,1,0,41765.3208223546,14.7253430963768,5065.2966243498,30.0340609036361,0
50,3,89.531146408134,1,0,43527.6840207861,14.7253430963768,5280.75943661113,30.0617871443805,2.97787848092597
50,4,91.858156156814,1,0,43820.6900690664,14.7253430963768,5839.70406548741,24.6181937419993,5.45660192664807
50,5,84.0098054401757,1,0,44838.8369239357,14.7253430963768,6167.73428841842,29.6738043337938,5.17967999750066
50,6,94.305961632449,1,0,47055.1402000232,14.7253430963768,5285.90597674286,22.189609846602,5.81145871809557
50,7,99.0208992170076,1,1,44301.9667903415,14.7253430963768,5715.67791354701,23.3572761590272,7.12010487511925
50,8,105.990356649193,1,1,46943.8948931161,14.7253430963768,6622.03181053891,23.1092509623919,5.76021787265395
50,9,107.754671009768,1,1,48509.2578833763,14.7253430963768,7236.99372667975,25.1718049144946,11.9417868501843
50,10,104.547984739348,1,1,48511.2426463912,14.7253430963768,7104.51282585294,29.3142266812223,10.9284082215726
50,11,112.989222564174,1,1,51284.8121955915,14.7253430963768,6893.5041766839,23.4450575479038,12.0766629976772
50,12,109.437914470231,1,1,50707.8429847779,14.7253430963768,7295.27619771346,27.8532123654218,15.6114441782615
50,13,103.479577768446,1,1,51653.6711447227,14.7253430963768,8084.9295805572,27.670470488539,15.4470759501161
50,14,106.867017909305,1,1,54201.3657706208,14.7253430963768,8181.43480010292,22.5461753245424,15.8238183447281
50,15,116.003360793258,1,1,54776.150714748,14.7253430963768,7423.5604686709,19.7396161027157,14.9214892354729
51,1,77.1571866465771,0,0,24999.011693326,9.75082263944343,5693.15832580533,25.834667267099,0.194592406185144
51,2,64.4530899331245,0,0,25692.818707376,9.75082263944343,5068.51632456366,20.192386799424,4.31470715994758
51,3,62.6493115681587,0,0,25443.6672189509,9.75082263944343,5888.36054763783,24.0373014019567,0
51,4,72.0703982059354,0,0,27065.8045935557,9.75082263944343,5731.08111688516,21.3216575533964,5.44954982232054
51,5,84.2413738210979,0,0,31232.8360792096,9.75082263944343,5915.91163166292,22.6700272637362,6.93118096904999
51,6,72.1480680286287,0,0,29468.187502418,9.75082263944343,6488.09649440612,25.2633290659316,7.13547490680504
51,7,80.8784432819063,0,1,31290.3510754678,9.75082263944343,7641.78361855387,23.6478686188068,9.53840578314766
51,8,76.7797046636603,0,1,31063.5893557322,9.75082263944343,6583.91338826734,25.9483339916085,3.64271447112884
51,9,72.4476776179665,0,1,32729.1968191308,9.75082263944343,6395.23093681362,32.2182045320236,5.67200673652951
51,10,85.8784525371554,0,1,32937.9023829538,9.75082263944343,7519.04932080628,28.9243806899736,8.86640915355233
51,11,93.2234788574983,0,1,35225.8078165956,9.75082263944343,7045.93488215888,21.8866261138195,9.904796478377
51,12,94.119252400237,0,1,34229.5091127522,9.75082263944343,7378.08801107238,28.1199019239343,12.7871904614635
51,13,83.953557312994,0,1,33895.3390301773,9.75082263944343,7132.28593701298,24.7247442754303,9.10364012315579
51,14,98.583393119231,0,1,37374.2055509591,9.75082263944343,8017.73786614018,24.7807682220633,20.8324046285499
51,15,97.4256708722692,0,1,37109.1785103095,9.75082263944343,7283.01173363395,26.3810410194668,16.0094954302855
52,1,75.0926458386966,0,0,26110.2937931984,11.0351817903361,4607.81256461344,23.9344692587096,0.695572739728632
52,2,79.1950743689613,0,0,25439.6624375576,11.0351817903361,5633.48904569482,23.8396474256078,1.70782706507852
52,3,70.1271458281257,0,0,27437.4229733215,11.0351817903361,6286.22535524774,23.180018684019,3.30654139300739
52,4,81.8197885941677,0,0,27002.3070474059,11.0351817903361,6245.69516727492,25.4788574001117,1.3665330348391
52,5,85.8002490567878,0,0,26971.4525666488,11.0351817903361,6377.90862820693,21.9361872483149,5.76634105317669
52,6,78.1008591145134,0,0,28714.4746125385,11.0351817903361,5420.19412339226,27.2817033078734,4.95678756246655
52,7,83.170397958364,0,1,28198.0355335073,11.0351817903361,6627.71062944159,27.1635209393321,5.64914455872089
52,8,85.9768794550453,0,1,31010.4311527928,11.0351817903361,6238.98940470752,25.0135378369137,8.94780195234929
52,9,84.9455581792169,0,1,30140.6538967525,11.0351817903361,6832.01558075268,26.5631876240197,6.89604161969888
52,10,86.9040963797579,0,1,28632.6107454295,11.0351817903361,7668.90806517134,24.7494500871528,8.34130406255651
52,11,84.1774440183638,0,1,30858.6957166632,11.0351817903361,6429.84639332031,26.9372604582701,12.4295604461525
52,12,91.1200137517032,0,1,30366.8918283923,11.0351817903361,7842.66140144044,29.3606535689035,11.4754197958518
52,13,91.506757819478,0,1,30489.3064074948,11.0351817903361,6688.38193162905,20.1070793983617,12.0089637830039
52,14,90.965610749968,0,1,33395.2683230871,11.0351817903361,7110.46505227659,24.2291027041797,14.0885076528852
52,15,79.752666482984,0,1,34652.3182671073,11.0351817903361,8111.97012722861,26.3433902951835,13.1312157836375
53,1,72.0592126439812,1,0,22701.3039234924,8.55668774862224,6016.89851941744,22.0706611136683,2.25741161972796
53,2,70.993629184194,1,0,23104.9289270466,8.55668774862224,5119.27589096027,23.3941252759227,0
53,3,79.9839479613273,1,0,24802.780946955,8.55668774862224,5148.57636071095,24.2811145611766,2.75856439438583
53,4,66.5053012663652,1,0,24825.3268628457,8.55668774862224,5789.82711942979,28.339632123631,4.97781503491171
53,5,77.6093958665603,1,0,28049.8943713591,8.55668774862224,6498.60799622654,25.177450669795,4.14046093811041
53,6,90.8182989800044,1,0,28892.4360223302,8.55668774862224,6626.52689381478,19.8667018234417,8.09932509125181
53,7,88.1128727860592,1,1,27693.6819486685,8.55668774862224,6354.88411096417,26.9654012653814,8.1566965150828
53,8,86.838778877048,1,1,29635.9450376769,8.55668774862224,7102.1173642701,25.0746344232886,6.34423961751792
53,9,93.0748170456908,1,1,32278.27039535,8.55668774862224,6890.78302127391,24.3274316708747,8.0917366954069
53,10,97.8169430848959,1,1,32034.0355459452,8.55668774862224,6961.56446662048,25.2575414142727,14.1525044650489
53,11,106.484363129604,1,1,33182.651114751,8.55668774862224,7221.66567318945,25.2339155078718,14.1847416804295
53,12,98.9253297923656,1,1,34561.4158872769,8.55668774862224,7970.00583295128,27.1381411426079,16.5933369761873
53,13,105.195658458817,1,1,35742.0503009925,8.55668774862224,7200.97381089558,19.4207427983508,17.6751220911923
53,14,94.6219109871641,1,1,37292.4996840332,8.55668774862224,7290.38340869805,24.0485271763441,15.881834518935
53,15,104.044452851751,1,1,37829.862354951,8.55668774862224,7844.86556552873,18.2059023866801,14.3799960305018
54,1,68.3412102094291,0,0,21232.913946337,13.0630565893481,5145.00605959952,24.6793596810161,0
54,2,86.7373657747469,0,0,23278.6413301984,13.0630565893481,5686.87335321591,25.1301724821284,2.768243488416
54,3,82.6140845970877,0,0,24973.9539964221,13.0630565893481,5798.83418213806,24.8347229874222,0.207467290151094
54,4,88.207845869229,0,0,25593.1628696189,13.0630565893481,6690.16955560293,26.0841124386236,3.51651942850619
54,5,87.867710791547,0,0,24553.6647096448,13.0630565893481,5856.19552093483,23.1232053881962,3.72135360975969
54,6,85.3004236625564,0,0,27005.3025109661,13.0630565893481,7153.40235803826,25.3917582917833,3.76928157338241
54,7,107.679428868431,0,1,29808.5556323953,13.0630565893481,7101.89071932205,24.6361871203496,9.17278057121495
54,8,95.1447026498859,0,1,29982.6388882491,13.0630565893481,7018.55202586466,29.5836087677391,7.21959942199839
54,9,95.9005161729611,0,1,29382.6185336809,13.0630565893481,6954.54247247367,24.3993923630736,7.05123753137744
54,10,97.5176371669245,0,1,32101.6924226369,13.0630565893481,7103.84273311326,22.1058759117426,8.8044062086379
54,11,102.550250103826,0,1,32757.6459883112,13.0630565893481,6273.16948862986,20.331928805955,10.378449657574
54,12,99.0486436713527,0,1,34618.7945800319,13.0630565893481,6643.84373275839,25.5095200050952,12.8600614925669
54,13,104.862411043523,0,1,37084.0865534935,13.0630565893481,7204.69337023815,25.1389367131251,11.3304781015706
54,14,99.5508402414758,0,1,34492.2150657914,13.0630565893481,7841.88339920413,26.7079557199922,14.2125843386741
54,15,104.314750425004,0,1,36533.6389199752,13.0630565893481,8629.67528554019,25.1883273247938,14.8183130711445
55,1,81.1681036375624,1,0,27219.2157055231,13.2743993471671,4721.71240607818,19.5047196947671,0.211263870842446
55,2,83.621372720745,1,0,26077.0285567904,13.2743993471671,5553.54867263324,24.5078633909184,0.829195859369631
55,3,85.937378645159,1,0,29037.2684725227,13.2743993471671,4516.14305054615,29.5160955662779,0
55,4,75.9202539458181,1,0,29330.5743418791,13.2743993471671,7026.41789076213,24.8647595247184,3.47910274550325
55,5,85.8156173703041,1,0,33014.6010596798,13.2743993471671,5902.72892340623,25.0282015318047,4.99640091549041
55,6,92.8766233185065,1,0,28716.2769885255,13.2743993471671,5253.72627236153,28.1357882597653,7.14680805775034
55,7,93.5583140946276,1,1,33977.729281925,13.2743993471671,6921.47397799789,23.5520026703472,5.54740669555899
55,8,100.818145355151,1,1,34352.7876927173,13.2743993471671,7215.91120886211,28.7544268068055,6.86559331549836
55,9,92.2542725652026,1,1,34935.1095659551,13.2743993471671,7186.54291285116,25.8732039761365,8.00061147158513
55,10,90.3185601807788,1,1,35202.0848403683,13.2743993471671,7467.99783581959,23.1593134266748,6.46644309506206
55,11,100.901498551206,1,1,35199.727463748,13.2743993471671,7092.53491580235,23.3714707210473,10.6307283351005
55,12,103.920919895065,1,1,37871.4140710424,13.2743993471671,8060.85615228365,25.6218771469712,13.0497844912979
55,13,105.370106612673,1,1,36735.2905165339,13.2743993471671,7483.01015554334,23.9425516573154,9.17019891887732
55,14,110.91738003176,1,1,39171.05431074,13.2743993471671,6850.88089925562,23.9175234486362,15.8241747332889
55,15,118.929415578946,1,1,39734.1865895015,13.2743993471671,8949.84866645795,23.7599482901092,19.6674216840952
56,1,81.8974558922523,0,0,34554.4925125995,13.9450420536722,5795.92673575981,27.6039286297608,0.717739767061353
56,2,87.5603179658274,0,0,33710.5288171682,13.9450420536722,5767.18507034797,23.8837902886344,0.00769203332324442
56,3,91.1407938308985,0,0,34554.9085531721,13.9450420536722,4964.44262828031,24.3139101272478,3.93132822716434
56,4,89.8529641950599,0,0,36266.7936774538,13.9450420536722,6262.30532331748,20.3156549892086,1.64361783830227
56,5,91.0096739800414,0,0,37099.2232016484,13.9450420536722,5932.10109041617,23.5967623956989,7.94098409961402
56,6,94.1874565462955,0,0,38996.3573326287,13.9450420536722,6784.81587295501,25.5000608579589,5.05864011593111
56,7,101.437208429402,0,1,38936.579339505,13.9450420536722,7381.84694543554,27.9445871646954,7.58668046738039
56,8,92.9770350218165,0,1,39424.840882959,13.9450420536722,6347.70584921858,27.3664825969367,8.7912178787958
56,9,98.7966332696028,0,1,40951.4416200192,13.9450420536722,7064.7302363123,27.8603775137088,11.8810011516982
56,10,102.842693010571,0,1,40394.0348928335,13.9450420536722,7683.05200724698,22.2557669957354,12.3170223939267
56,11,101.910635604116,0,1,42859.4355373678,13.9450420536722,7752.14327254166,24.1795091669214,9.06757970401505
56,12,95.9461096884811,0,1,41572.7429697195,13.9450420536722,7425.38246932146,32.2551765083233,10.7133610899429
56,13,104.335131151118,0,1,43762.2528774464,13.9450420536722,7315.46843265511,23.5274230813538,8.6031014728896
56,14,112.951850830032,0,1,42546.0806749533,13.9450420536722,8114.63559859435,23.8301483640239,16.9677026432625
56,15,95.467183918047,0,1,45328.1966292651,13.9450420536722,8340.99396256398,26.4938937529083,14.4884213393877
57,1,63.3735514051784,0,0,13103.2278693362,8.3405699054493,4785.83022358178,26.7393971957394,1.2280300653517
57,2,71.9899834455902,0,0,15224.581039357,8.3405699054493,4614.98394533734,22.8673706573805,2.41040706289415
57,3,67.533391316723,0,0,14483.4855180999,8.3405699054493,5879.52775569385,21.2943610909462,5.99708617520039
57,4,68.3916522926964,0,0,16386.1961221116,8.3405699054493,5789.33344756557,22.9788345390938,3.40068379535068
57,5,76.5442287077425,0,0,17034.5240259201,8.3405699054493,5624.41509394602,25.1418979665065,4.25424869967256
57,6,71.890859922346,0,0,19150.3405726864,8.3405699054493,6201.76682413609,21.0488850024253,3.07107616306492
57,7,81.3405551909759,0,1,18798.3187734568,8.3405699054493,6903.36755790339,25.032220946882,7.69067407115058
57,8,76.0749416253164,0,1,19396.720785514,8.3405699054493,6742.82681144385,27.6505739355337,8.05443447644427
57,9,80.7924496957478,0,1,22171.7065590453,8.3405699054493,6700.19972701443,27.0581462471996,9.53274420308228
57,10,79.3539157915119,0,1,23404.2362647466,8.3405699054493,6645.93516901425,25.0074370507637,5.83018844115888
57,11,79.177354928948,0,1,23613.4212231289,8.3405699054493,7226.36582144732,19.1576092613097,13.4796915047473
57,12,78.2204242667827,0,1,21813.5733176212,8.3405699054493,7277.22191130853,28.6943371444256,9.77269514589659
57,13,84.8817350869761,0,1,25366.3438892019,8.3405699054493,7617.40395665296,27.6537123080278,9.52893623366123
57,14,90.7972662891359,0,1,23646.028219711,8.3405699054493,8209.33818968364,23.4547257046678,14.7738044217835
57,15,92.7506581101332,0,1,25587.4897523129,8.3405699054493,8517.39983988057,28.8588375718019,13.3843734929711
58,1,82.6430664202974,1,0,33662.5848395516,12.3217051042643,4495.96699847953,26.1943980453709,4.4237889588126
58,2,77.5648130091593,1,0,33946.5227251094,12.3217051042643,5672.88231256023,25.6201352034301,1.2749298268911
58,3,81.9636501700335,1,0,35242.3001711422,12.3217051042643,5410.57725101226,24.7783449307517,0.736407716613709
58,4,80.9885828538533,1,0,36750.3585702511,12.3217051042643,6105.94246770172,28.3288976478639,2.23109619125764
58,5,86.1136964709374,1,0,38285.1173353876,12.3217051042643,4923.26307475006,24.3919313736012,5.44132656942288
58,6,93.6874752207336,1,0,39500.8931616149,12.3217051042643,7482.12920674219,26.3960127706609,8.50844486581546
58,7,103.617307762939,1,1,38595.4643979356,12.3217051042643,6379.21109601647,23.4512617672222,6.69944526833525
58,8,88.9967325282469,1,1,41378.4605870029,12.3217051042643,6495.70640336251,27.0259412364438,6.26760922445585
58,9,96.5163374117772,1,1,43073.2305135283,12.3217051042643,6935.82598772071,24.9630265612043,8.1619156235369
58,10,94.5171087935047,1,1,44609.4151712233,12.3217051042643,6553.57374307755,23.9006158466136,11.0809692419078
58,11,107.811747262253,1,1,44933.5980446818,12.3217051042643,7213.80380583853,19.8407124695213,9.86098019279002
58,12,104.307561764908,1,1,45780.5898576709,12.3217051042643,7616.78608905891,20.2600738102661,11.8590932170735
58,13,101.260956456146,1,1,46347.9368657696,12.3217051042643,7432.75768540684,24.1078062657973,13.5965147928863
58,14,117.380489572065,1,1,48219.0005877063,12.3217051042643,8259.83400003987,21.8095204991037,11.8389048183852
58,15,112.674461118772,1,1,50058.5660802438,12.3217051042643,7766.21396940275,27.5313947879628,15.6984986867014
59,1,82.8604239515887,1,0,40113.4574288865,9.16782692505046,5490.56499834725,25.9323431238004,0.571216920535652
59,2,85.0015708077432,1,0,42198.6292723075,9.16782692505046,5266.42652428811,23.1195741393064,2.44085424140352
59,3,79.5778503795537,1,0,42826.6909215118,9.16782692505046,4707.65809663657,23.7381181988088,1.55734419230222
59,4,85.5702542315919,1,0,41705.7143623549,9.16782692505046,5956.16562363021,25.681053446014,3.6673424272348
59,5,93.2588800788128,1,0,44487.0477482667,9.16782692505046,6058.44621522019,23.7909967636569,3.85599125977035
59,6,89.4706460461115,1,0,45566.6836681135,9.16782692505046,6574.32038102996,26.4995112495207,3.95163501418001
59,7,92.9337062731734,1,1,45618.9151264082,9.16782692505046,7207.26863069909,25.1097877954346,7.43744538661539
59,8,103.004214963618,1,1,46709.0094607835,9.16782692505046,6618.01146256252,26.3215231837816,7.36546838329973
59,9,93.616979937087,1,1,47158.5300222233,9.16782692505046,7415.37438868396,24.7948449923941,3.94804036367343
59,10,106.152919678871,1,1,48152.6446928175,9.16782692505046,7019.22994688492,28.6175672193989,11.1390442505109
59,11,91.9528665472725,1,1,48294.254416664,9.16782692505046,6943.95352832568,29.4464166617305,9.69880414599218
59,12,104.262180893952,1,1,50581.7652480984,9.16782692505046,7161.43671155763,25.3232522187842,12.0582916492634
59,13,110.620897585615,1,1,49787.0041625501,9.16782692505046,8085.6830375855,23.6075793704778,14.0282297601465
59,14,105.227339720528,1,1,51276.6192059857,9.16782692505046,7819.15722230137,25.7495492207018,12.0145777147638
59,15,108.446771695977,1,1,51808.7088986015,9.16782692505046,8383.43147338669,20.3553681627887,11.4448777911522
60,1,73.868102816165,0,0,46198.0156258268,11.9988460538519,5255.97979198644,26.748720706041,0
60,2,84.5175378735272,0,0,47468.7188946499,11.9988460538519,4928.81364580945,23.834926340155,3.01713580230126
60,3,85.0094928559056,0,0,48120.3632126108,11.9988460538519,5660.42063364929,24.7051225125049,2.1606059646351
60,4,78.973844231345,0,0,48673.9950437815,11.9988460538519,5343.68757556378,26.9991714743455,1.87507682208955
60,5,88.337997575694,0,0,49888.8642204409,11.9988460538519,4989.94129165113,27.1794623781251,7.07971009184257
60,6,97.3633080579607,0,0,49325.7417034044,11.9988460538519,5752.82862528407,25.30733611917,5.74363117626884
60,7,85.3528514935835,0,1,51790.0188732649,11.9988460538519,5662.81565003423,24.7878739057746,10.5085695588677
60,8,87.8439564482816,0,1,53079.1678589604,11.9988460538519,5999.26422869318,19.5059125617313,9.50981219775415
60,9,100.517877505523,0,1,51932.5642022297,11.9988460538519,6436.90159716338,29.1082726830172,7.58282760952773
60,10,94.4106859750249,0,1,52570.9034669306,11.9988460538519,7396.57266172576,26.744312502483,10.3849365148395
60,11,102.246545876178,0,1,56984.3423928941,11.9988460538519,6991.88540826363,32.0636020344852,7.78155073699205
60,12,117.580012369505,0,1,55760.1937178563,11.9988460538519,7166.26184682,24.1604345130831,15.4381526590695
60,13,102.681572555645,0,1,56342.2205982084,11.9988460538519,7040.68491011686,27.5930530109913,12.6256872231274
60,14,98.5213432165844,0,1,56858.8614099866,11.9988460538519,7725.42940937701,24.1824408735564,14.0283440634261
60,15,108.750829291489,0,1,58318.3578209444,11.9988460538519,8478.20347179061,22.7284747679204,13.9767012288044
61,1,93.7248552462388,1,0,40745.0654382585,16.0278717600182,5589.29459374758,24.033847103575,0.529293997925806
61,2,89.2664224147983,1,0,40460.3288643691,16.0278717600182,5777.4924694097,27.1379814312148,0
61,3,95.0806797395435,1,0,40872.1811892643,16.0278717600182,5826.99110119023,23.1186830377188,2.21101138895059
61,4,96.7962786744718,1,0,41258.5889895133,16.0278717600182,5204.69762138792,27.2993461351614,4.75670273670174
61,5,88.9527097062799,1,0,41581.820739635,16.0278717600182,6132.14585090508,26.5772500959993,4.38911662239928
61,6,94.3376721237866,1,0,41448.207701371,16.0278717600182,5895.69264299312,28.8524345803669,7.11649351681635
61,7,104.230881187373,1,1,43572.4245379695,16.0278717600182,6307.33321477775,20.0654032295549,4.21293534857552
61,8,104.811867213382,1,1,42890.5616097486,16.0278717600182,7184.61522112107,29.5287194324902,11.3697556547709
61,9,114.077288323,1,1,42322.0890641614,16.0278717600182,6840.0240199513,18.0477911595473,6.83766951992503
61,10,115.331561665302,1,1,43984.8210681586,16.0278717600182,7196.03695621106,26.383046137903,8.6017659894542
61,11,99.306040370945,1,1,44042.2172514489,16.0278717600182,7428.49538706179,25.5935580279835,9.54818869518925
61,12,102.501209988836,1,1,43852.8256311484,16.0278717600182,7666.29538799162,25.8766510833733,8.96516439392339
61,13,112.112036575495,1,1,44689.7035189319,16.0278717600182,7063.22179556408,22.2116484270178,11.6253080366549
61,14,115.164192509296,1,1,43680.859096168,16.0278717600182,7992.09878844513,28.3565776160828,16.2768172431939
61,15,116.093669311212,1,1,44686.8142784509,16.0278717600182,8419.22183957046,25.5519590450931,13.3436866771092
62,1,77.5523986536874,0,0,35541.9870530344,10.4894241391972,4714.78594580839,23.4218006534223,0
62,2,74.7284073839883,0,0,35844.2749699319,10.4894241391972,5140.81151001213,21.8003964378904,1.2106863965773
62,3,77.361504318347,0,0,37183.6304011677,10.4894241391972,4573.02729930085,25.5375343864174,4.36038043884383
62,4,83.5524439574343,0,0,38169.9974995918,10.4894241391972,5937.66084025659,24.6773923176672,7.3494267783115
62,5,86.1398716214501,0,0,37575.9108146537,10.4894241391972,5935.65603740757,28.8210698732442,1.75570937049868
62,6,88.5558805964506,0,0,38800.8018640466,10.4894241391972,5635.33796113605,22.1719783265562,3.72139555172879
62,7,96.8330078700774,0,1,37632.3575184387,10.4894241391972,6168.98169252149,27.6744334405429,5.69395875746502
62,8,85.4212483912192,0,1,39503.0100343841,10.4894241391972,5884.8939568405,26.1076023724654,10.519658309086
62,9,89.2962540621539,0,1,41607.3582080388,10.4894241391972,7244.15486931403,21.740674386987,5.6841722459725
62,10,104.383014668447,0,1,39772.2186826269,10.4894241391972,6616.86698028999,25.1226269020908,9.58969790185234
62,11,93.8199219917845,0,1,40217.6462072538,10.4894241391972,7465.14636912771,24.9210694976892,11.9424671932719
62,12,99.927470554652,0,1,41677.6604157873,10.4894241391972,7267.58950241513,29.9038521532829,12.253861211422
62,13,99.6176881505123,0,1,42919.1362542714,10.4894241391972,7818.66603958154,25.911760329178,14.5535870627751
62,14,98.2167646698936,0,1,44107.5183338025,10.4894241391972,7478.60786069307,23.4641696382086,14.9275331399476
62,15,105.764336895988,0,1,46012.0935438799,10.4894241391972,8445.94161027887,27.9715155554846,17.2437129074132
63,1,79.9739435978141,0,0,17771.515405038,14.1500499628165,5155.49564996348,24.5783236193423,1.57550927079522
63,2,75.3505505200405,0,0,18426.5410533948,14.1500499628165,5630.84353791135,20.0845713219876,0.114017266851329
63,3,75.5953778129944,0,0,20567.477003785,14.1500499628165,5835.86511686211,27.0153900510839,0.347429155058988
63,4,74.5209660812749,0,0,19023.0939427274,14.1500499628165,6173.30302574088,26.2478493872233,2.33782044052691
63,5,87.2638312785492,0,0,19895.1342009641,14.1500499628165,6035.12943043621,29.0182366284335,6.74130049020213
63,6,93.5011484572283,0,0,21146.2191159651,14.1500499628165,6414.06613472234,24.2969600055088,10.4406167768152
63,7,83.4421649250875,0,1,20257.32628139,14.1500499628165,6121.42181572464,25.4329512419234,5.9641515008621
63,8,80.3105857824934,0,1,20626.4430306805,14.1500499628165,5513.30872607312,22.1336996384707,8.3521148174118
63,9,89.8836601405727,0,1,25053.1344200246,14.1500499628165,7268.07712962168,25.9541322920929,8.8412111491983
63,10,94.7488916576162,0,1,23455.8146633539,14.1500499628165,7035.21460481356,24.0403169298917,10.9289155703147
63,11,87.4215356205153,0,1,24357.3949089491,14.1500499628165,6795.44856337708,21.9862542308968,8.54233073149515
63,12,94.6215409270685,0,1,24606.7853596306,14.1500499628165,6941.97024024549,24.86795826643,10.3457709942308
63,13,96.3276061258757,0,1,26528.2790821639,14.1500499628165,7569.41010126165,22.9229157595006,12.1146999228693
63,14,106.100567150911,0,1,27759.8123678115,14.1500499628165,6859.03351059699,20.9845533056111,15.1268823628659
63,15,93.3152551656792,0,1,27724.5259673803,14.1500499628165,8634.49957932324,22.6841164345963,21.0903912060834
64,1,71.3091473870947,0,0,26043.9098384617,9.75099424774892,5084.52628864179,22.7000552945669,2.26104468077019
64,2,79.7978333288264,0,0,27821.8568688117,9.75099424774892,5442.48394612171,29.0450644227899,0
64,3,71.262858655423,0,0,27700.9546858378,9.75099424774892,5814.79591556874,26.078648966637,0
64,4,73.3960296790801,0,0,27991.6380996432,9.75099424774892,4971.1246161425,26.0789752376861,2.82422719376464
64,5,83.1216601839749,0,0,29333.6302993423,9.75099424774892,6816.0794066329,25.3059986399828,6.32165804029712
64,6,83.8790430677721,0,0,29393.1728437095,9.75099424774892,7061.93728028444,23.3072816724402,7.15090508818189
64,7,83.6387127210784,0,1,31178.6460823656,9.75099424774892,5612.75144302572,20.0085016867233,5.53403867480279
64,8,80.1661201358839,0,1,31020.0910235464,9.75099424774892,5966.61605978539,30.2223528484497,9.29396366129
64,9,79.3754474161709,0,1,34153.20106194,9.75099424774892,6954.63610339143,30.2418185094465,8.39157216037718
64,10,88.1443750334888,0,1,31114.010521251,9.75099424774892,7366.80174492941,25.9666467907241,10.9579492400217
64,11,78.6254510604669,0,1,34843.0873704112,9.75099424774892,5880.9213840957,24.1115703112704,9.63958365593933
64,12,95.5564838131088,0,1,34795.0248206083,9.75099424774892,8675.98601583068,24.8401162843216,14.0419141275958
64,13,93.173261858946,0,1,38111.4596606876,9.75099424774892,7124.37601715436,28.4808963179098,13.422751133328
64,14,95.5672029744508,0,1,36731.1062308191,9.75099424774892,7675.76031352934,22.15766547236,19.1135961589011
64,15,97.4250130605033,0,1,38288.6658308744,9.75099424774892,7979.65593974495,25.984181009365,14.2854306091464
65,1,79.8013698884699,1,0,28425.8968083157,10.5644153686491,5000.75476407659,26.1223628232449,3.59286107222046
65,2,73.687537394423,1,0,29142.0497402205,10.5644153686491,5084.66222707797,16.9591236588087,1.78780765848321
65,3,87.8602751994767,1,0,30267.8716580067,10.5644153686491,5628.11083868889,23.5372726446758,0
65,4,87.203858269504,1,0,32602.5400483125,10.5644153686491,6511.16574395048,23.8714107440143,6.61270772164756
65,5,81.2411553249593,1,0,32388.0096298814,10.5644153686491,6668.53852556008,22.9207127657194,5.53591472912968
65,6,84.0163371817311,1,0,32512.2994468506,10.5644153686491,5521.41549092345,20.6006918500714,6.09229730170394
65,7,91.0269674391286,1,1,34961.5160087328,10.5644153686491,6155.35813663552,26.4037774613021,8.76330947677529
65,8,95.9183426660169,1,1,34609.8220307076,10.5644153686491,7471.91449122738,22.7250513421399,4.95704972931386
65,9,89.104760394385,1,1,35532.3323723916,10.5644153686491,7575.86541826162,29.6187787553825,6.85181323770587
65,10,97.321675147566,1,1,36982.4034136808,10.5644153686491,6489.80663547323,28.099948805808,11.5681972212712
65,11,103.444218371245,1,1,36753.8543828546,10.5644153686491,8131.72636958536,32.1044964752746,8.34826214907311
65,12,89.109329298233,1,1,38173.6129400646,10.5644153686491,6908.66968013522,25.6540393815842,10.1830583350169
65,13,97.8133336005147,1,1,38029.016522247,10.5644153686491,7285.91817173634,23.9000568843609,13.1848105839293
65,14,89.8673026349125,1,1,39283.7072975477,10.5644153686491,7900.61583640889,24.2315579269956,12.7253305299166
65,15,108.069231715256,1,1,40053.8883512514,10.5644153686491,7904.34571988197,26.2509325393985,15.8404916845277
66,1,79.8663102326019,0,0,35952.7595406126,13.3161652517599,4262.58449725357,28.5725763552263,0.109236089876102
66,2,88.0632844876489,0,0,39591.4471531645,13.3161652517599,4785.60328943755,26.1397255469493,1.98885405571548
66,3,85.2688550376702,0,0,37962.1976909355,13.3161652517599,6009.67620006253,21.6715042286351,2.80941670422576
66,4,86.9364865835308,0,0,39129.617235742,13.3161652517599,4531.47440627564,24.0526191002101,6.91748162894578
66,5,83.6480217381646,0,0,41774.1153928612,13.3161652517599,6223.37827767086,26.695577101265,4.54907915284931
66,6,92.3229822465241,0,0,41393.3771293645,13.3161652517599,5489.24866169975,28.7651261178514,7.07881080779603
66,7,98.0249503512142,0,1,43546.4271418725,13.3161652517599,6321.13961017912,19.1488308519482,8.82884403541358
66,8,85.1183136391812,0,1,42735.2449498581,13.3161652517599,6581.06852460972,22.232139541378,9.69981435152642
66,9,100.772457935452,0,1,44294.0617675572,13.3161652517599,7427.26116771075,24.0347037674533,11.3353206284411
66,10,102.63636461174,0,1,45020.267904526,13.3161652517599,6764.00359604966,24.3227834820726,11.7451015452164
66,11,101.122009682872,0,1,45266.3924986355,13.3161652517599,6928.10424073713,24.7768344845724,5.823152393926
66,12,104.755931951909,0,1,46896.4955417648,13.3161652517599,7821.01496293234,28.0700592434765,10.7717146727783
66,13,108.07691459865,0,1,47508.8417115564,13.3161652517599,7401.24386302739,31.6519906250198,14.4789911778844
66,14,106.474550322652,0,1,49985.8575322583,13.3161652517599,8045.43655219361,24.5175041353858,14.1314714398804
66,15,109.097334978666,0,1,49801.7279803774,13.3161652517599,8514.93468558631,22.0734008932715,13.4206144616188
67,1,75.1401809374213,1,0,29833.0176416614,9.9626631886264,4828.83191305147,25.7807689959152,0.235765613217858
67,2,79.9707741509115,1,0,29849.1236714368,9.9626631886264,5774.26011174941,23.9151645032418,0.915147791181592
67,3,76.7808561331269,1,0,31653.3368879885,9.9626631886264,5415.3884745192,25.3079090676531,2.00011048866654
67,4,79.8811557129333,1,0,30587.3710436098,9.9626631886264,6037.62314771767,24.4543226461656,8.99981029785316
67,5,79.3227235075797,1,0,30010.6051343661,9.9626631886264,5787.56118937961,22.7238527076985,5.69158350176508
67,6,85.278461305936,1,0,35601.7527800511,9.9626631886264,7019.99578251959,22.7706523159244,5.02009888342318
67,7,85.709943253672,1,1,35240.0776523439,9.9626631886264,6902.88140999932,19.8804703691532,9.09029880276273
67,8,84.9516045651336,1,1,35878.7141071175,9.9626631886264,6502.85455831875,23.5774973460929,6.8055018710293
67,9,91.8788126093977,1,1,33768.64672539,9.9626631886264,5483.03979956327,25.43795907954,9.7706322566039
67,10,92.1237996368872,1,1,37443.4536263561,9.9626631886264,7645.10860641952,25.048738695327,7.04325135601063
67,11,95.4150989428769,1,1,38047.3082980429,9.9626631886264,7109.1285129179,26.6107364098458,10.4975070950425
67,12,92.4380603560542,1,1,38211.0085042008,9.9626631886264,6732.56518964105,27.6947066617112,13.6593080227467
67,13,102.339407621392,1,1,39874.8718263904,9.9626631886264,7659.21926380294,29.0493128753556,12.6222646316289
67,14,99.5028106188499,1,1,40931.5716125787,9.9626631886264,7810.71835252407,28.7630858389099,11.8998759065182
67,15,98.3506161897246,1,1,40450.0085008215,9.9626631886264,7770.25718640425,26.1354437038341,13.8443740508331
68,1,77.2327932004261,1,0,22919.065812074,6.89110549456369,5714.58364188452,25.4728516831011,0
68,2,77.9506856585433,1,0,23005.0091928115,6.89110549456369,4979.95304041347,23.4505585486746,1.02367743933696
68,3,74.1628228166823,1,0,24283.949633494,6.89110549456369,5691.22902126622,23.4419248521382,6.05638640257829
68,4,78.9922490057566,1,0,23787.364396272,6.89110549456369,5172.42895148666,25.0443887306538,7.46585009184329
68,5,79.9717850465609,1,0,25014.2769143397,6.89110549456369,6187.9208894894,22.8454632829724,7.13209504345063
68,6,79.1669148102162,1,0,25265.7321064438,6.89110549456369,6358.66805418839,24.3310780267961,7.96602515678561
68,7,88.3973018412087,1,1,27638.6043732746,6.89110549456369,5659.42821375225,22.5699506197112,5.58372352981587
68,8,82.714257077719,1,1,28538.1644810712,6.89110549456369,6415.81774117851,25.6065983278368,9.07626741149171
68,9,93.0556535529141,1,1,29408.3543595289,6.89110549456369,7145.52478234701,25.8458115835839,8.96868374106599
68,10,97.3722869100091,1,1,29679.301135618,6.89110549456369,7600.14722732467,21.9819244594318,7.07536251173799
68,11,91.3644659681538,1,1,31170.9368282493,6.89110549456369,7473.60737641572,19.1360699539632,10.0947332034087
68,12,99.9467234254337,1,1,34430.9358650414,6.89110549456369,7224.90477615822,15.1104276965259,8.03031873260388
68,13,104.768311813061,1,1,32559.5824840681,6.89110549456369,8700.11923920015,31.2720932220613,11.2016794234669
68,14,93.1265703432826,1,1,34125.5693674436,6.89110549456369,7565.93914886058,22.3916292863841,13.8982275895015
68,15,93.6008742489106,1,1,34171.1448051539,6.89110549456369,7421.43677469309,26.4013753584394,16.1759866492406
69,1,86.5231535832709,1,0,42850.4533886031,15.79550530564,4865.75014391433,27.0422327164332,0
69,2,96.200800413634,1,0,44420.1140461699,15.79550530564,6073.25018935445,23.7101995510692,1.99533122745781
69,3,88.3584282971947,1,0,44931.2887372441,15.79550530564,5399.05219600407,23.6033022196104,2.3973981112544
69,4,97.7718949712538,1,0,45321.3712662247,15.79550530564,6062.78359647981,23.4508977930099,3.5123909706612
69,5,95.328992211121,1,0,45780.1253123505,15.79550530564,6820.77911870128,20.3137660737205,5.74621126938721
69,6,111.717917745353,1,0,46973.0394900905,15.79550530564,6030.16835192353,22.3507251982427,8.3721072837603
69,7,110.674449153728,1,1,48919.3837478559,15.79550530564,6073.39487499613,21.8006408077591,6.70353048844549
69,8,98.5226851756042,1,1,48043.2588106349,15.79550530564,6355.04440253142,23.4974289054019,7.58179227606176
69,9,113.937970784701,1,1,47733.5529239646,15.79550530564,8201.08044802731,23.7347241801096,12.3482457604719
69,10,109.13453398295,1,1,48563.4017745131,15.79550530564,6611.86461237746,24.9192823928882,8.204616290072
69,11,116.685910283586,1,1,48243.8027213687,15.79550530564,7359.81949672644,24.3260407519421,10.1184653067165
69,12,112.508590393816,1,1,49153.3308396479,15.79550530564,7840.51964419714,26.1340998362691,12.8936971437199
69,13,117.839946905354,1,1,50732.1237705291,15.79550530564,7033.22888986592,24.3355256940831,15.2706421006545
69,14,115.398553074132,1,1,51118.8252834837,15.79550530564,8012.05223084903,25.3751765390215,13.7076712132181
69,15,119.28022483412,1,1,51561.9114255431,15.79550530564,8477.16423453619,25.8634712152303,14.219337984226
70,1,83.5591283607747,0,0,39838.6854440865,13.0810717136395,5190.58276539964,23.2128543639633,2.20302468118664
70,2,100.951724867027,0,0,40158.884328889,13.0810717136395,5001.34113323739,28.9431734473795,5.45806497549892
70,3,87.8967814131099,0,0,41530.4740027148,13.0810717136395,5502.9989582251,26.1166999787909,3.26507060361555
70,4,83.0416653209251,0,0,40300.8720595546,13.0810717136395,5984.29174753863,25.1183840980763,4.30293560126985
70,5,92.3915356165244,0,0,39921.4390690854,13.0810717136395,5747.65099663004,26.4083691456597,2.11996329960426
70,6,89.8907909251603,0,0,39597.7383753854,13.0810717136395,6546.63728235618,21.2281380205893,3.91760739906735
70,7,90.7065467707831,0,1,40098.5442636112,13.0810717136395,6275.01901715198,25.7764764545591,9.91074873003107
70,8,96.8492837438994,0,1,41260.748034188,13.0810717136395,6271.90261560137,27.5569874897479,7.07326297682243
70,9,99.3041653665679,0,1,43596.4543641666,13.0810717136395,7550.3919248295,21.8026976209425,8.39009812050213
70,10,98.2020405121573,0,1,43540.7154558207,13.0810717136395,6275.21947893575,22.1882888533821,9.82455363693312
70,11,103.381518331147,0,1,44322.0565466653,13.0810717136395,7360.81162361695,22.5307750316287,10.4675010249904
70,12,97.8661667214226,0,1,43803.7463775677,13.0810717136395,7268.30585922478,28.8433922540775,12.7646062346656
70,13,105.349886600211,0,1,42995.5429182898,13.0810717136395,7546.40974493851,24.2232555667594,10.9464920990933
70,14,113.666349446104,0,1,45433.8933889067,13.0810717136395,7749.13930688218,30.5640607888903,12.9140617849112
70,15,106.896480269408,0,1,45451.190200974,13.0810717136395,7591.64197816415,21.7200876234403,12.038917915246
71,1,75.4531612285798,1,0,32149.6866372681,10.2490816783197,4882.34510129677,21.6529658927569,1.10105606565245
71,2,73.2062782093101,1,0,35192.020937299,10.2490816783197,5144.36559882789,21.4909658336367,5.04307736446486
71,3,74.4951365965423,1,0,34431.7417566145,10.2490816783197,6071.95625730397,23.196538347372,1.1199431208122
71,4,82.1860372949756,1,0,33887.8470341978,10.2490816783197,6284.95441329864,23.3565525533035,4.27569984204683
71,5,78.1477327897703,1,0,32767.0095828511,10.2490816783197,6385.65873908812,27.3941544700547,3.84317223716233
71,6,76.4482137393109,1,0,34938.0172961399,10.2490816783197,6660.86680598049,24.2795980854457,4.97228981171912
71,7,93.648480743743,1,1,36769.2504514531,10.2490816783197,7500.44407954485,25.055865027701,11.0778282491182
71,8,98.1395969266144,1,1,36705.8852885564,10.2490816783197,7982.0931983077,25.5276131349032,10.0757890596258
71,9,93.7530181049957,1,1,37159.3744283469,10.2490816783197,6576.35767912607,23.9876325469397,9.95273474400993
71,10,91.1070132013657,1,1,38486.5634639487,10.2490816783197,6135.88977618039,24.2361324914557,13.2152336426768
71,11,94.3322514854611,1,1,37826.662602095,10.2490816783197,7472.59844171679,31.4227664631709,13.4818179010415
71,12,93.8447585390619,1,1,38204.0733285823,10.2490816783197,7034.38840233099,24.0389947887505,12.2097704211288
71,13,99.9986569013732,1,1,38850.1119846193,10.2490816783197,7785.22834763281,30.7813683022276,13.8284561020349
71,14,85.1521871220331,1,1,40392.7938102382,10.2490816783197,7228.76869032416,25.4346722179976,11.3897733363263
71,15,98.3885224109158,1,1,39943.1355163024,10.2490816783197,8251.09020599006,21.6295803706831,12.1407684953737
72,1,82.6399420413708,1,0,41453.6294298829,6.0177636380082,4590.95117023326,18.1604852334425,0
72,2,80.9399246424075,1,0,40413.6040729225,6.0177636380082,6370.63150962575,24.5616960601148,4.71040746465284
72,3,81.0796490719996,1,0,41319.1820757364,6.0177636380082,5140.56890194588,26.0449113595444,0.398828622055697
72,4,87.3632834006929,1,0,43666.0901102622,6.0177636380082,6362.16373152154,27.8846032323987,4.57279111888251
72,5,90.9978630865884,1,0,45247.549064781,6.0177636380082,5534.29813598156,26.3347399571801,4.02243197632925
72,6,92.6429335241317,1,0,45027.9723956081,6.0177636380082,6399.14114225711,23.7293879762544,8.84241785882679
72,7,100.557325820318,1,1,45806.6633715496,6.0177636380082,6174.25086175713,20.8944263606489,7.9150435345737
72,8,91.6785306444021,1,1,44493.167954396,6.0177636380082,6939.68144643176,26.5509094014102,6.58209327631933
72,9,101.539408074467,1,1,48655.3244003632,6.0177636380082,7470.21602013788,27.8797470213496,8.42762408290113
72,10,110.280103353975,1,1,48326.6079522367,6.0177636380082,7868.52153098257,18.7979554369761,5.99224881368879
72,11,112.430743338516,1,1,50580.4972419999,6.0177636380082,7316.27784301824,23.0199522646324,12.8027902733662
72,12,111.249909984176,1,1,52553.5934636075,6.0177636380082,6847.59161108299,23.1153591598345,16.0049599697396
72,13,109.872093988056,1,1,51578.9220995641,6.0177636380082,7227.8351722667,25.7396685363653,13.4361113450118
72,14,115.982214417283,1,1,53720.0259318826,6.0177636380082,8787.84695905592,25.0706832848337,9.62518953340894
72,15,110.272745115693,1,1,53819.2141818684,6.0177636380082,8064.33786271266,26.0479237763069,11.8649677647805
73,1,83.7574050293331,1,0,20441.826349364,17.7066293141979,4983.57576546023,29.9315957124601,1.87201924586454
73,2,75.1974151823813,1,0,19700.838339905,17.7066293141979,5656.539056506,25.924201813091,1.44153139983366
73,3,81.0305129582424,1,0,22057.8773316448,17.7066293141979,4890.83740335273,30.6798577750435,1.24237709188839
73,4,84.8813565346612,1,0,23728.4312926978,17.7066293141979,5590.30513618304,23.4985170115344,5.5539809656433
73,5,90.6680753272769,1,0,25003.5976154021,17.7066293141979,5587.73595755696,27.1654555840273,8.3371380837205
73,6,79.6868830696567,1,0,22802.9211164561,17.7066293141979,4935.37334630232,28.7112470602059,4.20533958061045
73,7,98.3578888448126,1,1,25307.4027912025,17.7066293141979,6637.20669013907,30.1601443302102,7.5125642389862
73,8,94.6317059462919,1,1,25049.1096236117,17.7066293141979,6331.2238084203,26.7771053789121,12.2869963623033
73,9,104.214741992766,1,1,26863.2704340133,17.7066293141979,6912.5648574377,26.1815665717596,11.0650584002059
73,10,100.69611013716,1,1,26945.5019549853,17.7066293141979,7429.38691433307,20.7150143266812,9.19560213115569
73,11,110.338491653324,1,1,27659.3485633724,17.7066293141979,7178.08272207357,25.9689590402371,13.9784856757696
73,12,88.2505098393041,1,1,29372.8973372458,17.7066293141979,7905.07239444665,30.9941870013168,9.22476008186513
73,13,112.302676454311,1,1,30220.4153787741,17.7066293141979,7139.14001996606,23.7571914667035,15.827166788621
73,14,110.948670199207,1,1,30536.7069013565,17.7066293141979,7813.10127426576,20.431327693764,11.6174519164193
73,15,111.289068476643,1,1,31505.0952571488,17.7066293141979,7496.57166717044,27.7955246999742,16.2399831018924
74,1,87.1552010408549,0,0,36622.9863792158,22.1711124638146,5848.23598908562,23.9153624558338,1.73366622038457
74,2,83.9488362672264,0,0,37480.8635525996,22.1711124638146,5795.93299388416,19.0508846909622,0.264302871561265
74,3,91.2006001271273,0,0,38251.6832955177,22.1711124638146,4988.27608788513,22.6625200330254,1.14403623947729
74,4,94.7489630750055,0,0,40034.0269455396,22.1711124638146,6122.8052749007,17.5350110338268,3.30707468759133
74,5,97.0361766903099,0,0,40786.2795963943,22.1711124638146,6210.60265224834,23.503574372488,3.06619899946327
74,6,92.6856826296235,0,0,41828.276727075,22.1711124638146,6526.18820150555,24.3706725878251,7.69621181605052
74,7,108.548138573092,0,1,43099.2759713612,22.1711124638146,7480.61441041527,24.2460273931108,7.13397626589094
74,8,104.512206507347,0,1,43499.6083902458,22.1711124638146,6198.47625043811,28.2196597266802,9.07191619676674
74,9,108.784490475187,0,1,43755.2363129006,22.1711124638146,6936.02027786766,27.0559124991489,9.26128855231677
74,10,104.774530798214,0,1,43776.7278027141,22.1711124638146,7406.3072907251,29.8277802268293,11.879028403524
74,11,103.913325178686,0,1,45336.1293565219,22.1711124638146,7124.6226072878,30.0912350220787,9.72157711041811
74,12,107.512570272714,0,1,45912.1704773868,22.1711124638146,7207.67849460429,24.1205365806635,8.68719305639883
74,13,107.300515818429,0,1,47441.5803920765,22.1711124638146,7774.54970090064,26.8931712693321,10.6168680495492
74,14,112.205105925329,0,1,48172.7579907754,22.1711124638146,8211.90342916272,26.9716280305823,11.46676047968
74,15,115.626779722532,0,1,49459.330331903,22.1711124638146,7407.18496326547,25.0679680705438,13.5551862855317
75,1,82.4182035516336,0,0,25539.259786907,12.6224412220664,5116.11891083371,22.5494333928137,1.26692728108202
75,2,77.939093526512,0,0,26687.3163042958,12.6224412220664,5268.01552928547,28.1164943280453,3.09490374968162
75,3,83.0713691016732,0,0,28411.6642936363,12.6224412220664,5625.4908677961,21.8512511842189,2.38266714870303
75,4,75.1802976191695,0,0,29016.1418057496,12.6224412220664,6587.49431410244,26.0367005941679,0
75,5,78.2441807194833,0,0,29144.9248863634,12.6224412220664,5582.55600375881,25.0243397588275,3.25671017749569
75,6,89.3140574431028,0,0,31308.2756156751,12.6224412220664,6133.26787490631,26.0794937578711,5.24810886224932
75,7,91.2074888373068,0,1,29400.7825579796,12.6224412220664,5630.30573934435,23.2678356471017,5.72583583686875
75,8,86.4538130451488,0,1,32271.1293235617,12.6224412220664,6282.61072826477,26.6851184434448,5.43711346015723
75,9,84.8888619563331,0,1,34104.6599978105,12.6224412220664,6721.66867445094,26.4359903442138,8.32462248563338
75,10,101.805214453698,0,1,32873.4403881298,12.6224412220664,6793.35992292789,25.1800605058089,12.0640685218278
75,11,107.138830227186,0,1,34415.3317801079,12.6224412220664,6902.41433159731,23.0735322579033,12.6895128130119
75,12,106.352628903189,0,1,34215.9175744313,12.6224412220664,7576.74659479185,25.3444451654152,10.494400139723
75,13,99.7293228699698,0,1,35498.6492572041,12.6224412220664,7568.72628894662,23.4469438397393,12.7739014790183
75,14,93.0137621238923,0,1,37082.7264712552,12.6224412220664,7450.58962643624,21.010449463036,13.3945312486802
75,15,94.4540865973027,0,1,36099.5672434278,12.6224412220664,7431.73095651131,22.2117642781494,16.7432639861446
76,1,82.0466845830674,0,0,35596.764956614,14.5494199425336,5548.50982955902,22.2156424287343,1.1236890865619
76,2,88.3734300234506,0,0,37365.4306813054,14.5494199425336,4841.453891054,21.327105685041,3.55820276665164
76,3,90.2564358574452,0,0,37930.5386032025,14.5494199425336,6020.08655688765,24.0006768861291,0.783463560523491
76,4,88.7021086170588,0,0,39003.3096748478,14.5494199425336,5751.48601129485,25.6254818759439,5.20311930444085
76,5,87.3070456426435,0,0,40130.8202694894,14.5494199425336,6203.77304114338,21.8237339826905,4.24016179693023
76,6,86.50546749261,0,0,40329.5463939318,14.5494199425336,5413.20053145051,28.6968012928776,4.75487371776068
76,7,91.5806909704242,0,1,39163.6826244946,14.5494199425336,6384.3695815998,18.3029123762153,3.96356662952641
76,8,105.431785595708,0,1,41076.7181778092,14.5494199425336,6697.33842568415,22.2955715606061,10.5492480814778
76,9,96.1992253356274,0,1,41205.4709705737,14.5494199425336,7702.95220933464,27.53379224884,13.0872955240931
76,10,103.256069255593,0,1,42280.3224722673,14.5494199425336,7509.2678479644,28.5293864926338,10.4613997690656
76,11,101.992551955747,0,1,43885.1639053267,14.5494199425336,6993.94400863487,26.070044245568,13.2224860342971
76,12,99.2213150509001,0,1,43925.5785733643,14.5494199425336,8479.2943950629,24.3887502257389,11.2723202827141
76,13,106.723154368661,0,1,44486.2330692613,14.5494199425336,6942.73058670165,28.9235698309786,13.1538144969232
76,14,117.745598253251,0,1,44892.551543212,14.5494199425336,7999.68892614056,21.8889652907058,15.6659346462329
76,15,110.529178249907,0,1,46091.3063730243,14.5494199425336,8167.15964563379,24.1264251408483,14.8878285771549
77,1,74.3125852275768,0,0,29061.128659136,15.6736809362225,5728.40790395575,20.5135753256916,0
77,2,79.1528943991235,0,0,30544.5353086617,15.6736809362225,5659.30950321545,26.0554965964429,4.11829242522064
77,3,84.9934605772948,0,0,33308.9888536863,15.6736809362225,5567.02661228083,23.9823364329788,2.59790989468403
77,4,88.1139941798088,0,0,33034.8651459159,15.6736809362225,5579.51477758945,26.9183214311193,2.38153056831763
77,5,87.9635086798779,0,0,32183.2777608281,15.6736809362225,5336.11013572848,27.6517128285374,7.34705424353337
77,6,88.8152762754936,0,0,32642.8446132183,15.6736809362225,6791.36601222339,28.4379063757074,6.9446072575538
77,7,79.5115269095953,0,1,33638.400503953,15.6736809362225,6389.26472057382,25.1474243921703,7.46172493844431
77,8,94.2866409674281,0,1,35904.2170990803,15.6736809362225,6295.64532793795,24.5427701711781,4.75296766464422
77,9,95.8049370620568,0,1,36483.5486920743,15.6736809362225,7262.06993737618,26.3041837756181,7.61896187068642
77,10,99.3975301865711,0,1,36208.1369093253,15.6736809362225,7402.17548754048,28.4032173958219,9.01932714674692
77,11,92.7577083634837,0,1,37134.3643565422,15.6736809362225,7339.66037343718,27.5118051891944,5.94253913683781
77,12,89.1634732636256,0,1,39207.6062519414,15.6736809362225,6568.63832339352,24.0361777661624,6.11099466442821
77,13,104.073190045437,0,1,38648.6340574245,15.6736809362225,7838.75909161027,20.2322532850616,13.3566729732682
77,14,96.8227725950203,0,1,39623.62787252,15.6736809362225,9090.32634543045,25.2331019849029,12.9336774284361
77,15,100.725542225635,0,1,40760.9003844986,15.6736809362225,7257.18344936156,28.9719707392076,17.655985655122
78,1,79.5060239511872,1,0,35310.8347088944,9.89458669938417,4906.91159447747,28.5230411315902,1.58117201561881
78,2,86.853331855565,1,0,35187.6125701521,9.89458669938417,5969.09653251718,23.3675394921277,0.853588351165914
78,3,82.9236988615816,1,0,35939.1743345502,9.89458669938417,5682.29791439808,20.9576074014648,1.21639375478247
78,4,87.8968587713826,1,0,35700.5918096595,9.89458669938417,6024.09581274262,31.0035866311771,4.78574436749772
78,5,94.0399757556498,1,0,37680.3814960176,9.89458669938417,6166.18635220058,28.2117017346032,4.09399341521802
78,6,89.7453178076589,1,0,38972.5856376791,9.89458669938417,6015.87212476094,22.5877222487044,2.67431368401015
78,7,101.03205887506,1,1,38314.2847861823,9.89458669938417,6694.78869955248,24.649587246124,6.77465272343051
78,8,89.824500578048,1,1,39312.2280116587,9.89458669938417,6720.63874468131,24.3859209496998,8.90845038862748
78,9,107.501131024865,1,1,38277.8403956822,9.89458669938417,6269.28278172844,25.6073456027504,9.56563563045206
78,10,103.00172321986,1,1,39218.1432795046,9.89458669938417,6135.31924966694,27.6939296583475,10.562238263281
78,11,100.771898483955,1,1,39651.8165343262,9.89458669938417,7185.22035046371,22.7016306362996,11.6104895225565
78,12,92.3913237816938,1,1,38786.7647009723,9.89458669938417,6298.70693683513,24.8511270982483,12.0613805029007
78,13,114.795696736489,1,1,40735.7749037542,9.89458669938417,7330.09170809188,23.1038860005426,12.5846335994869
78,14,113.015902065038,1,1,41555.5958553438,9.89458669938417,7751.6340667373,27.8978254096968,13.7787660023964
78,15,115.937688750597,1,1,42189.2416870652,9.89458669938417,9243.97260362273,30.0772760707485,16.8115862886208
79,1,88.8251070307904,0,0,42565.871909167,10.9464113113304,3922.90691594182,23.138795542592,0.699082699429112
79,2,78.7671511888588,0,0,40343.645379532,10.9464113113304,5893.49194289534,23.6726364367083,0
79,3,85.9205418378858,0,0,43000.0232232473,10.9464113113304,5243.67065035943,26.527571692519,0.00598700500652161
79,4,76.362218701727,0,0,43665.5227849765,10.9464113113304,4819.24959884173,29.6372230430461,3.15163559420629
79,5,88.5840341924986,0,0,43304.4998520363,10.9464113113304,5372.52563502772,26.7152637145505,8.21290471289322
79,6,86.6960253939155,0,0,44683.0619407268,10.9464113113304,6490.24729591621,25.6422216356204,4.73575066695561
79,7,92.1127594788437,0,1,43232.1470811537,10.9464113113304,6298.26847180538,21.5851671012688,6.44200475921834
79,8,96.808421470272,0,1,45427.1511777533,10.9464113113304,6625.39616213662,16.6041773084612,8.50091336364037
79,9,100.185921316035,0,1,42649.745260338,10.9464113113304,6599.92570874367,20.5610138826904,12.240430948009
79,10,95.0192164023533,0,1,46656.9687027924,10.9464113113304,6933.21900084919,19.0701228927572,10.0624946599868
79,11,94.1130620738771,0,1,48512.5508025684,10.9464113113304,6455.10697899267,26.1679629335965,10.7423994394902
79,12,98.448265481351,0,1,49019.0513231895,10.9464113113304,7841.65970846967,25.0042330759001,11.5957013443656
79,13,100.102455509539,0,1,45383.4718636625,10.9464113113304,8197.92197804954,24.8848798797928,13.7121722835337
79,14,99.8371188684985,0,1,49144.2450339998,10.9464113113304,8145.29870076039,27.3680630670298,15.5292806277387
79,15,105.053154028866,0,1,48825.5741448858,10.9464113113304,7378.83857292779,24.5386446684685,12.1598936943186
80,1,71.7852310016441,0,0,30544.905735167,6.81863689006441,5039.78537859924,29.0435076484501,1.81489341160575
80,2,84.3473094207169,0,0,28865.3734082783,6.81863689006441,5698.18913260379,23.0751957678417,2.5962216156739
80,3,75.0594860969163,0,0,31978.1404358953,6.81863689006441,5857.94723340632,25.1075666104018,1.27164761170098
80,4,66.6426018483443,0,0,31577.9723177055,6.81863689006441,4677.15542235848,24.6524230745303,2.20075606222935
80,5,92.4896598524537,0,0,32990.1755650756,6.81863689006441,5242.94214966065,20.4994520445427,9.4903168184598
80,6,77.4682459557867,0,0,32936.6609465484,6.81863689006441,5821.79687026051,28.9077853584714,6.18653917392703
80,7,85.9759625320618,0,1,32614.0346622611,6.81863689006441,5468.30966430581,19.9382476167182,5.2281225332141
80,8,88.6275994428381,0,1,34484.2616244688,6.81863689006441,7022.97234997375,31.3108203985951,9.42826867933597
80,9,84.894464113271,0,1,35257.7274304011,6.81863689006441,6604.95742797078,23.6095066013631,10.8454435493799
80,10,90.0076481637989,0,1,35228.570717249,6.81863689006441,7472.50491211229,24.8010272829199,11.1739246947682
80,11,87.6075250833026,0,1,36252.9460879847,6.81863689006441,7118.08558798172,25.6745454162168,10.0616517669823
80,12,91.5627588290039,0,1,35733.4269425389,6.81863689006441,8056.24653967922,23.1989901634749,11.1180591323387
80,13,87.5951874486015,0,1,37993.8314570632,6.81863689006441,6208.1399929894,29.658860796287,10.6541066153812
80,14,92.854238787334,0,1,36862.6514309259,6.81863689006441,7433.10241709654,24.0524076654988,13.2312229628508
80,15,100.770514005327,0,1,37152.5648936139,6.81863689006441,8455.58170225871,26.7620119607773,12.3675250315191
81,1,91.8311224400626,0,0,40192.9263324925,9.79026530318438,5354.52246309856,23.8234556083346,5.17569522811964
81,2,78.8952068319423,0,0,41277.0801854848,9.79026530318438,5269.29770032641,20.6503876003106,0
81,3,91.2307488312343,0,0,41853.718095903,9.79026530318438,6348.1772756055,20.0919035670168,2.19834785312521
81,4,95.8364583654143,0,0,42404.4335731231,9.79026530318438,5609.77208722807,19.38646213745,6.1450009298103
81,5,102.255403939284,0,0,44789.6773522402,9.79026530318438,7309.02213061449,28.1092810779557,6.01663540459842
81,6,90.0268715307436,0,0,43195.0149280737,9.79026530318438,6185.1599255866,23.8012483555488,2.01607809235947
81,7,93.9017463900384,0,1,46354.2902693237,9.79026530318438,5987.39600250098,25.6517271576357,4.78127192768653
81,8,84.5293288906006,0,1,47941.7785652623,9.79026530318438,6520.3755869287,24.0053156718934,3.58738704388602
81,9,102.343322301828,0,1,47292.8587593091,9.79026530318438,7152.61811269122,25.0897603288918,13.3356100232632
81,10,85.2156382299494,0,1,48834.8356435129,9.79026530318438,7642.1238519694,28.8053123828673,11.7790354200696
81,11,98.1751105575679,0,1,49869.6802876052,9.79026530318438,7687.11316185725,27.4749235679525,10.4844803118
81,12,91.3985874882969,0,1,51464.4245566679,9.79026530318438,6955.84479249869,29.0260053455189,12.1424191177384
81,13,99.5871957168139,0,1,50422.8965761319,9.79026530318438,6631.96057002345,26.9201428841898,13.9425600957381
81,14,106.162237120823,0,1,53188.2776504967,9.79026530318438,8080.22005189238,27.7186058137477,13.1603417189727
81,15,112.679867523509,0,1,51594.4888453739,9.79026530318438,8057.82838711879,21.3891856927384,17.0460029911574
82,1,76.301955468212,1,0,23249.9652459337,13.8672293486583,6064.76660100948,22.2717318687655,0
82,2,76.5720823580184,1,0,21282.2559229756,13.8672293486583,5575.1735931912,22.2895363450726,1.1549621819861
82,3,84.1075873186605,1,0,22217.9386985118,13.8672293486583,6307.54714848379,21.1830456299012,4.52144349827114
82,4,82.7092161000291,1,0,23473.5488223757,13.8672293486583,5685.33495379387,23.1838292510125,2.01445682157883
82,5,91.9239029757738,1,0,22644.8855672497,13.8672293486583,5981.6733685799,24.8684619372721,7.40113237869164
82,6,88.1011160463075,1,0,24312.8367659448,13.8672293486583,6106.55700811971,24.1309320620948,6.98766514568796
82,7,103.023056790731,1,1,25317.7530313738,13.8672293486583,7171.83788909949,28.2694783482419,6.67998577887527
82,8,93.7641277175774,1,1,25596.8320844576,13.8672293486583,6968.98560894667,26.4357816617374,7.37776508959254
82,9,95.8690201784067,1,1,28643.6276157076,13.8672293486583,6470.63030197419,22.6708264987528,10.9453889057636
82,10,102.489550275762,1,1,25511.1068851341,13.8672293486583,7049.55424984535,23.5068001608171,12.383246244897
82,11,98.0913626505726,1,1,27873.0131021761,13.8672293486583,6772.68755139624,28.3806036076673,9.76168428632051
82,12,104.866398051601,1,1,29837.7827881387,13.8672293486583,6084.60512231208,20.011890216156,10.5973227574074
82,13,105.536928820402,1,1,28503.3046768094,13.8672293486583,7251.81926370337,23.9217420641977,12.6043817507136
82,14,105.154645951057,1,1,29881.0523411943,13.8672293486583,7572.32172685493,23.8161700117646,15.411242439115
82,15,107.652759075266,1,1,32643.8223415009,13.8672293486583,7716.52664733337,23.1422442709128,17.2024490910224
83,1,67.9356285884349,0,0,23317.7108494195,11.1278520322774,5622.96724920949,25.0309510113355,3.03612118898787
83,2,70.052144128533,0,0,25339.3505524699,11.1278520322774,4629.93555261945,20.1322645833785,4.01209845429188
83,3,69.1588981562936,0,0,25902.4318256079,11.1278520322774,5440.42850397755,21.383065972142,1.5244579558721
83,4,78.3278305804722,0,0,28688.2537430339,11.1278520322774,5956.22454892611,28.1129782880134,6.05705642817421
83,5,73.7887716824652,0,0,28150.4958063415,11.1278520322774,6062.13202868449,28.9225973013837,4.14824106624367
83,6,75.9664597077342,0,0,30442.3219028269,11.1278520322774,5892.88965934617,21.030914156789,4.38149855853155
83,7,73.5218047760863,0,1,30286.6018882116,11.1278520322774,7007.48832411655,22.8855229567629,5.83349353892364
83,8,69.9919713027623,0,1,31737.7746813177,11.1278520322774,7936.08459607297,26.5249965983138,3.56744246916534
83,9,87.0061393833904,0,1,33704.4070909108,11.1278520322774,6814.05724889799,26.8311198955557,11.1199547275903
83,10,81.0163590912993,0,1,33943.0879357208,11.1278520322774,7072.81813230706,20.5733020032088,9.11777135577124
83,11,82.1100090599502,0,1,32823.2706986839,11.1278520322774,7879.86986865744,27.2759025341164,10.3947750025009
83,12,76.6027448183529,0,1,35185.9806557471,11.1278520322774,7773.94499602923,30.076084293816,11.6429674792051
83,13,99.6409520078102,0,1,37393.355191443,11.1278520322774,7875.33034483634,24.112079519408,16.6538638837406
83,14,94.3037736998247,0,1,39497.8003839632,11.1278520322774,7176.38349598213,22.5059678725233,15.2163481575185
83,15,88.5393994155769,0,1,37480.7178899074,11.1278520322774,7789.01011105385,26.013499027491,12.5024269287218
84,1,63.9966122510394,1,0,43028.4187753543,11.3573653974508,4550.25168422245,29.4049791487751,0
84,2,78.5678851902165,1,0,44278.7480519273,11.3573653974508,4915.09656841204,27.1268732956526,1.90253896713157
84,3,91.3897418328393,1,0,44731.0695647584,11.3573653974508,5079.24682226363,22.5511011117869,6.16449777945842
84,4,84.8639097210493,1,0,45184.3013494032,11.3573653974508,6248.14494788462,23.5818059170748,5.38287659868496
84,5,93.3380938912516,1,0,49509.0288931414,11.3573653974508,5210.84266725209,23.1121953708427,5.50744531472432
84,6,98.1736900525172,1,0,50251.864872553,11.3573653974508,6333.89521859037,22.9025137814728,7.06991239325372
84,7,94.6920666477651,1,1,48470.0418168664,11.3573653974508,6200.31955903926,24.8960294495107,7.72364723457458
84,8,90.5981804220778,1,1,49096.1545216847,11.3573653974508,6738.44191234946,25.8666720018217,4.21806792975244
84,9,101.627467173515,1,1,51806.0585465437,11.3573653974508,6183.16329645711,23.4139036450462,6.1873647355172
84,10,103.089233168308,1,1,53617.1506996806,11.3573653974508,7376.78745935783,22.8857604662891,9.19614356412117
84,11,103.583292626741,1,1,54161.234346773,11.3573653974508,7344.63051032842,22.7472567186951,11.1535901765104
84,12,103.969115811527,1,1,56522.5837305799,11.3573653974508,7737.56803855038,22.1085451855504,13.191057192629
84,13,110.516320872636,1,1,56250.0887624934,11.3573653974508,7212.43244824571,23.7144021152521,12.9667201496304
84,14,108.85206560385,1,1,56434.3675600522,11.3573653974508,7295.0503827854,23.9887309734309,15.9447635882304
84,15,111.381125963691,1,1,60223.0957891317,11.3573653974508,7181.72061846867,27.6636593688845,14.6815428701291
85,1,85.070793384543,0,0,33546.7220785568,11.6623213454925,4901.3396126749,26.2748829376644,0.148679617649516
85,2,76.657277286451,0,0,34258.4202735085,11.6623213454925,4987.34617773797,32.7494917275206,2.25017510118095
85,3,82.8336867028378,0,0,35040.8806146045,11.6623213454925,5653.23725777882,23.9818151410695,1.22475902082455
85,4,81.3898411956566,0,0,36121.6882406617,11.6623213454925,5691.29281221289,23.8867976750803,0.253642303249574
85,5,89.9597881504779,0,0,34508.6670854147,11.6623213454925,6246.23138367251,21.7402849128795,5.89462270778825
85,6,100.349854862724,0,0,38272.2711452773,11.6623213454925,6502.85952947123,25.541216509169,8.81243822556293
85,7,92.5957220662378,0,1,39071.8509501491,11.6623213454925,6403.72639191744,25.5688209028258,7.61315000668632
85,8,93.1910658667762,0,1,39741.5092804264,11.6623213454925,6965.71651017155,22.8219081961875,9.0481791032161
85,9,94.6114452345285,0,1,39462.783507617,11.6623213454925,7458.51047058234,21.2498160321705,9.64503179114515
85,10,94.1958625912645,0,1,40734.8625928524,11.6623213454925,7308.31319850784,29.2755350521359,10.7440106412307
85,11,93.5276764499713,0,1,39962.2865325051,11.6623213454925,7697.22151971551,36.1100518793339,9.86854051912432
85,12,96.0055949799097,0,1,42518.624596598,11.6623213454925,8137.64946869343,24.4346498537869,10.8769856687893
85,13,94.5172425204144,0,1,42103.4339234508,11.6623213454925,7769.74694469414,25.0619654001535,10.3278937042773
85,14,102.455662549436,0,1,44999.0272435422,11.6623213454925,7777.89600497043,25.6038509042515,12.1494026411214
85,15,103.877385610998,0,1,43517.9557888708,11.6623213454925,8263.80877699763,25.5931852828088,15.7124120102449
86,1,66.3064735892555,0,0,12379.9078348652,6.40899905251319,5434.98019884859,26.8791415084051,1.52689204258391
86,2,74.2367057429833,0,0,15468.4281830341,6.40899905251319,5463.50479801087,23.8148934969105,0.931822069582677
86,3,80.2763275715212,0,0,14521.9886476957,6.40899905251319,5297.78269579764,17.9163294073813,4.78429890547613
86,4,70.2492622272716,0,0,16081.4739425027,6.40899905251319,6098.40929304013,28.1907781651862,2.32974882341616
86,5,80.0036889670033,0,0,18670.128633025,6.40899905251319,5585.51113175711,25.6929901502278,6.07317288456766
86,6,80.3265096668276,0,0,20595.2038727923,6.40899905251319,5902.42076047892,25.6014188300775,6.09785147190626
86,7,74.6965711172974,0,1,19316.9698154086,6.40899905251319,6265.383622669,21.6897936627603,6.15125188052979
86,8,69.7813111719451,0,1,21408.0749843745,6.40899905251319,6235.48526798237,25.026870023208,4.98683803474306
86,9,70.8602182799963,0,1,19915.8356062724,6.40899905251319,6672.96729890498,24.8819457630016,9.88741906764304
86,10,84.969600548443,0,1,23880.4765635187,6.40899905251319,8183.17708558235,25.5666979537261,11.6297640206748
86,11,79.4382504676567,0,1,23001.6638490502,6.40899905251319,7676.2642101743,25.4696347446622,12.7031274757659
86,12,88.9001649015656,0,1,23083.6465683563,6.40899905251319,7018.92839948693,22.4697794803076,11.7374987821315
86,13,94.9775245942249,0,1,25117.8465144619,6.40899905251319,8902.26601165849,26.5599293672559,12.9812051744836
86,14,86.9386296480498,0,1,24767.8294376096,6.40899905251319,7494.17432812511,25.316930471815,14.0622749069476
86,15,81.7893557080725,0,1,26484.1771858359,6.40899905251319,8110.2436972821,24.3596470630883,12.140976464518
87,1,73.7297596181701,1,0,19639.2589211836,14.512889802695,5829.44383482228,23.9821774698649,0
87,2,71.151204038318,1,0,21156.3969216458,14.512889802695,5982.28247057245,28.9684174180144,1.16014511540929
87,3,76.6953518579115,1,0,19870.4687778063,14.512889802695,6121.09859264751,23.6465375590875,1.58161310245789
87,4,72.5799759655101,1,0,20511.5060795006,14.512889802695,5374.92658394541,25.4394782443341,4.67883993554203
87,5,77.8092427068827,1,0,21460.626402941,14.512889802695,5326.61694268236,26.3879050300391,0.0893651903159443
87,6,80.2596215437128,1,0,22683.793837799,14.512889802695,6905.50376910596,27.4588774252038,4.5612214938396
87,7,86.4429532481734,1,1,24131.8028493599,14.512889802695,6372.04271558822,27.1730333547077,6.91984903882894
87,8,92.8333705033581,1,1,24268.1788079777,14.512889802695,6727.33502280061,23.5930988979,7.23671224904619
87,9,81.9564860538649,1,1,24096.0342022112,14.512889802695,7028.7874248252,23.8060635281217,11.3109526318732
87,10,84.0755549002825,1,1,21682.4883674444,14.512889802695,6125.25619150419,27.9978590718155,9.31128394931623
87,11,100.729261598873,1,1,24982.6765945449,14.512889802695,7138.40833837443,24.4592032843126,13.9667748334718
87,12,89.0829072068544,1,1,25238.5587089634,14.512889802695,7847.13513294917,27.5184835408521,12.1765797469207
87,13,89.5073264842217,1,1,24237.1277058894,14.512889802695,7867.5306260003,19.1319118721272,14.4805668786461
87,14,86.9920497987086,1,1,24819.7811179977,14.512889802695,8426.47265884322,26.2990440860525,11.8693710452338
87,15,89.4329754991108,1,1,24465.3474802108,14.512889802695,7780.55891596486,24.8209944368539,16.5003197757385
88,1,65.1229589016303,1,0,29017.4709450035,7.66952133319374,5161.95204637012,25.744442594833,2.47120187122902
88,2,86.1733961990249,1,0,29756.9139799574,7.66952133319374,5419.42518056679,22.8789454869766,1.38131018823376
88,3,79.3728007389019,1,0,28548.9995481306,7.66952133319374,5471.15219871716,18.0783993490872,2.61300105568511
88,4,91.2362001548429,1,0,29357.4784202962,7.66952133319374,5567.74005607353,27.2731686012212,6.6125531688472
88,5,81.7172237584591,1,0,31749.5671751846,7.66952133319374,5519.94253330162,19.7400829492168,1.54941146147036
88,6,89.3443732120773,1,0,31184.4642038955,7.66952133319374,6073.91009392653,22.3229490619771,7.83256791258625
88,7,88.3071715441895,1,1,32548.3978643898,7.66952133319374,5737.15609657029,24.2599787372611,4.52656963315088
88,8,89.6907599985914,1,1,34491.596917366,7.66952133319374,5862.98506788262,24.8914335195072,5.79177548512655
88,9,99.7633689819243,1,1,33694.235074468,7.66952133319374,6530.89284359274,24.4687436286196,8.80428798484585
88,10,103.650633254708,1,1,34883.4766350744,7.66952133319374,6341.71602039807,25.0307363551962,9.40643477148812
88,11,98.8412440394003,1,1,36008.4493893266,7.66952133319374,8345.07621026526,27.8330061018684,12.9576158147655
88,12,98.6826809352601,1,1,34904.2866982184,7.66952133319374,7573.56541547964,24.3513002885336,13.2186302136049
88,13,95.9094385120977,1,1,37907.8874756807,7.66952133319374,8051.89082699551,26.4505954420488,16.0976976784779
88,14,106.335004940064,1,1,38218.4918555113,7.66952133319374,7542.38846341689,17.6551139737194,13.2003167964772
88,15,101.042225921002,1,1,39210.7078357221,7.66952133319374,7249.02962802972,25.3507509425667,17.2483505270261
89,1,82.2755137635814,1,0,37311.2771016523,11.3742895127531,4960.98044771842,24.8381954924454,2.56762870813763
89,2,86.0354639518302,1,0,37084.4015848277,11.3742895127531,5989.79308151641,26.4730823402816,6.90507144525567
89,3,95.1351301333228,1,0,39871.1270940865,11.3742895127531,6138.13593012255,23.3225346045684,0.589119000554273
89,4,86.4311895182051,1,0,40789.7393659664,11.3742895127531,5384.66703893471,28.2924701646931,2.52930857346766
89,5,93.4593835090722,1,0,43522.8187079152,11.3742895127531,5017.83760101843,25.5607321238061,6.99111222843987
89,6,90.7059617185772,1,0,43513.1859799853,11.3742895127531,6023.11334976154,24.2660544875536,3.77439933231789
89,7,93.5349967644886,1,1,42140.0532592982,11.3742895127531,6251.95592176624,23.2433921205979,4.64644740969855
89,8,97.889998495791,1,1,42409.4017034955,11.3742895127531,7016.35710510412,27.848576591562,10.8980744254664
89,9,93.1667088559908,1,1,44848.4109270089,11.3742895127531,6488.525665764,19.6159463346222,7.60273314438233
89,10,110.475609019656,1,1,47031.907425985,11.3742895127531,6217.52620892277,21.9533161036448,8.4325590878397
89,11,107.153423798715,1,1,44666.7739378099,11.3742895127531,7539.67957854573,20.4229582889268,8.89605611316419
89,12,103.00270159442,1,1,45880.6492646082,11.3742895127531,7025.26695458533,29.2031705349347,9.10667840610521
89,13,112.670206154598,1,1,49220.0888309737,11.3742895127531,7758.46398313933,27.588698418906,15.5423870162231
89,14,111.51764211431,1,1,50120.8237951148,11.3742895127531,7706.42793982847,19.7023739017806,12.823132193275
89,15,121.158900746671,1,1,49289.4361972709,11.3742895127531,7777.74323055766,24.0136931839253,15.3819493838388
90,1,72.1148600143718,0,0,28424.521050707,10.6843096138235,5353.76658183102,27.6317750459894,4.91480078918959
90,2,74.9164433898901,0,0,30361.9981881894,10.6843096138235,5649.41345421194,28.0307973807285,1.00950006384117
90,3,73.3654776563907,0,0,32931.8049367549,10.6843096138235,5133.34563719064,29.7355351421755,2.215938124606
90,4,68.8487276840993,0,0,34777.9370518245,10.6843096138235,5652.86062917769,24.8171823212733,4.84165394295498
90,5,87.8812870443583,0,0,33468.1443174418,10.6843096138235,6540.54712089909,27.2728946844419,6.17878179938983
90,6,78.7004139928217,0,0,33712.3931043176,10.6843096138235,6065.93595418906,25.1415832395293,6.56358245089936
90,7,84.268428519853,0,1,35508.9429351984,10.6843096138235,5650.20687467535,26.1740647808144,6.65848842120269
90,8,94.3808551154141,0,1,36208.3516035082,10.6843096138235,6010.1426877417,22.6850474145885,10.6786671569416
90,9,88.2628649697715,0,1,36013.9550740928,10.6843096138235,7176.11610059344,24.2399742087269,10.9679093858684
90,10,88.5676270369297,0,1,38374.9919346697,10.6843096138235,6772.6392858395,25.3611111457541,11.3181188121025
90,11,91.1479658061177,0,1,40033.369449409,10.6843096138235,7295.05646608009,30.9192748618671,10.5996701891928
90,12,80.1900788908641,0,1,39515.8629495704,10.6843096138235,8150.0916703063,24.8350759905104,12.8170961663679
90,13,91.005232695166,0,1,40988.3101035121,10.6843096138235,8179.46895280748,27.4973365856347,12.6181395639592
90,14,101.572751789399,0,1,41474.4623168168,10.6843096138235,7862.17741139805,26.2267098974254,13.9371539996342
90,15,93.3003615385265,0,1,42543.7607580975,10.6843096138235,7855.89922914387,21.4015329276948,14.2769995083744
91,1,81.5276945423418,0,0,35427.9970622956,11.3442185494314,5356.60278050934,20.1215721246539,3.18196042253078
91,2,86.441565711368,0,0,37487.6165871593,11.3442185494314,5099.44869032242,27.9453253733237,1.30183342706551
91,3,86.7345428532491,0,0,37169.6640392278,11.3442185494314,5686.53803613713,28.2556114721963,2.60839323361947
91,4,97.5219924481689,0,0,37083.1398303754,11.3442185494314,6320.18547637439,19.5818372395177,6.23490291798989
91,5,91.1581665589368,0,0,38864.5587893534,11.3442185494314,5688.50049483407,26.7116077540288,3.04706322754568
91,6,91.0530440088944,0,0,39839.5195611875,11.3442185494314,6677.17415706979,28.9444103263765,6.65623985012926
91,7,91.0968627021158,0,1,39455.8595488051,11.3442185494314,6841.3765461409,20.5443751449279,7.53361691159289
91,8,99.4704010520663,0,1,37500.2983776661,11.3442185494314,6959.27980855036,23.5554674093043,8.45470510185057
91,9,92.740502562001,0,1,42462.7475516146,11.3442185494314,7126.12119362795,30.0082536925768,11.2666090578726
91,10,92.2572731325716,0,1,40724.0729929311,11.3442185494314,6770.17313990867,26.5431308673908,11.7653783497162
91,11,93.338278256881,0,1,41773.6800104839,11.3442185494314,7661.41125495533,22.2763866584554,9.43444730699696
91,12,88.1059145850024,0,1,44389.5750344429,11.3442185494314,7655.20794272677,23.1274296074623,9.29598324153795
91,13,102.877305816496,0,1,41521.024782686,11.3442185494314,6342.80850818654,21.9081585843607,13.8158309612364
91,14,105.803100429815,0,1,42960.6406872972,11.3442185494314,7964.85661845551,23.5946163008236,13.780322426068
91,15,102.966923287937,0,1,43965.8547155172,11.3442185494314,8267.932174638,27.4739119422056,11.1357539207988
92,1,86.6025444556103,1,0,37696.1334520201,16.3798978342074,5361.19273259745,22.291196021595,1.22017147768359
92,2,87.2932786217509,1,0,41449.2749459581,16.3798978342074,5365.64458473709,23.9223764806273,0.844126494871351
92,3,91.0836257023162,1,0,42947.4545554822,16.3798978342074,5904.33400085033,27.8976988997228,4.13352965330508
92,4,98.3518957893889,1,0,43520.8063527846,16.3798978342074,5528.1495262469,22.4344729833204,5.6508116975742
92,5,91.3154176372031,1,0,43917.4961958026,16.3798978342074,6655.14355458882,22.5009998190717,2.87505705962013
92,6,100.441899108772,1,0,45270.1938457626,16.3798978342074,6421.81389535974,28.2116232534629,7.82544584304627
92,7,103.789038049305,1,1,46462.7725490128,16.3798978342074,6168.4192700339,24.4826997396092,6.95681760628671
92,8,99.0582465355482,1,1,47843.1110547837,16.3798978342074,7029.98618346769,23.1925938422048,6.37391812392108
92,9,100.528305606637,1,1,50187.6148147808,16.3798978342074,7464.05181945815,26.4451330740838,8.79854166464942
92,10,95.8851764841902,1,1,51951.024386149,16.3798978342074,6608.25650870013,26.8480004627337,7.34399340852655
92,11,94.7093727504303,1,1,51922.1551335828,16.3798978342074,6749.2756597101,21.0337574551505,7.88743095896505
92,12,111.260859725666,1,1,54034.6950194138,16.3798978342074,7005.74049345505,29.8252428012747,12.663906796111
92,13,110.074498781956,1,1,52666.8836693974,16.3798978342074,6648.46641285208,21.9672501241156,10.0661619914837
92,14,109.051001818751,1,1,56465.4851932952,16.3798978342074,7683.41709212227,25.3158521411092,12.820999902369
92,15,117.986259760474,1,1,56848.1781636081,16.3798978342074,7177.20290264578,26.3431634058664,14.5901281598175
93,1,92.3243464275327,0,0,45175.2937828881,10.2538202462539,5804.45087044031,29.9578678233368,2.74291594432825
93,2,94.8688191531834,0,0,45970.9069829002,10.2538202462539,5615.59327984109,26.3758121001281,5.849775180372
93,3,83.809653232619,0,0,43296.9091663441,10.2538202462539,5426.25257018773,28.7054322757731,3.00412281185534
93,4,86.559046711596,0,0,47124.0440381017,10.2538202462539,5299.44490353772,25.1411690505322,0.792986710906998
93,5,96.1605675631303,0,0,46344.3200980933,10.2538202462539,6338.99353400728,25.2794583571347,4.90184636676853
93,6,96.4698953999652,0,0,47454.4294423148,10.2538202462539,6449.31455185472,21.4571913585752,8.44312854166577
93,7,87.6830229046163,0,1,49225.1932631896,10.2538202462539,6267.12329524834,32.0864943168765,6.88034848477098
93,8,102.727577918095,0,1,49724.1817273787,10.2538202462539,7382.08665957415,25.8304845210925,10.0377730594458
93,9,85.6494113901696,0,1,48924.3131351945,10.2538202462539,5914.74594607788,29.892527084785,11.572600200706
93,10,109.060710734723,0,1,50771.725109695,10.2538202462539,6991.26691916306,25.6969561140811,12.4677083738045
93,11,103.575583135123,0,1,50692.9050936844,10.2538202462539,7302.73238528852,22.1970470695197,11.0405330469479
93,12,96.0723752629605,0,1,53120.1576331283,10.2538202462539,7703.10552997475,28.1874317321531,11.2496641029077
93,13,106.045081174351,0,1,51005.1516837333,10.2538202462539,7076.58362755079,27.6849899128722,12.3770546946127
93,14,106.066483150076,0,1,54104.7006935272,10.2538202462539,8266.75263297304,23.1951994974432,12.4592616900461
93,15,110.188708715286,0,1,55384.3643018227,10.2538202462539,7777.59017181948,23.3981072809971,15.2655216591745
94,1,73.4466984181169,1,0,28651.4575683399,9.65070721286431,5585.67007894002,28.8013850390909,0
94,2,84.9081246596207,1,0,32721.5778858122,9.65070721286431,5158.60198982237,22.7599337683883,2.5336743758077
94,3,77.9928182648748,1,0,32523.7004181063,9.65070721286431,5051.29673836138,23.3255624138246,5.43093355116503
94,4,84.2412542557633,1,0,33809.7504625218,9.65070721286431,5166.58231161253,19.907910345707,4.23352504601057
94,5,92.2808229438614,1,0,34242.3032752699,9.65070721286431,6583.28303351924,26.9756217141392,6.88630506092012
94,6,84.3408225512695,1,0,36017.3234410895,9.65070721286431,6216.11673262837,25.7156726610547,10.0138317920119
94,7,96.5422068557941,1,1,37066.3551509538,9.65070721286431,5762.98273026752,22.7719590013118,4.45414660294413
94,8,91.0735069402251,1,1,37544.0536581475,9.65070721286431,6535.80440350976,23.3865343322089,2.62645567950426
94,9,98.2692379962122,1,1,37657.4794993112,9.65070721286431,6412.11357283711,25.3802997858436,10.0708189055776
94,10,98.5705210556677,1,1,38152.4918505909,9.65070721286431,6324.62742353642,24.194222392219,10.5889599405282
94,11,93.4559181535496,1,1,39249.155938767,9.65070721286431,7348.48467007255,22.6724103834755,6.39929996292075
94,12,100.357437266673,1,1,39975.0272508,9.65070721286431,7093.51420821431,30.8487071210679,13.4461544890765
94,13,101.009214475405,1,1,41220.229051671,9.65070721286431,7173.13524855046,25.318241639377,12.8023044402367
94,14,100.804894412544,1,1,41003.4203362201,9.65070721286431,8397.66799340304,27.5950135526877,12.449432189144
94,15,109.711229042944,1,1,43225.4451197683,9.65070721286431,8092.62568260337,26.37602038432,12.4859687318217
95,1,72.6372470698898,0,0,29515.8044581132,7.44103801516847,5401.70200587173,23.2826851437144,0
95,2,73.6218234328783,0,0,29959.779991287,7.44103801516847,6186.79628122585,24.0113798958127,0.920812746851708
95,3,77.4517823507722,0,0,32631.7973539324,7.44103801516847,5706.54613974935,24.8211278378541,4.20500371597579
95,4,80.0155981035589,0,0,33719.2682483344,7.44103801516847,5049.37146510681,24.3837929996439,3.01081116241976
95,5,76.3805369464729,0,0,35259.356190619,7.44103801516847,6221.32537601289,22.1683836907172,4.69375675095459
95,6,88.149919708748,0,0,35889.9710590579,7.44103801516847,6959.72016343968,28.395299949582,7.68819929018268
95,7,93.6720649153679,0,1,36313.6407407141,7.44103801516847,6141.10777571063,22.3085923875741,10.5726417042394
95,8,94.758730070228,0,1,37715.4113497945,7.44103801516847,7872.60300677518,22.2414215602291,6.97501784922469
95,9,88.1651545200955,0,1,36973.272376058,7.44103801516847,6921.7210202065,29.2247829534589,6.42228794035494
95,10,81.563861200014,0,1,37743.1187809984,7.44103801516847,7125.56722561664,27.1838988388519,10.591439164965
95,11,86.9981952747904,0,1,38598.1988614957,7.44103801516847,7412.15936794159,23.536882392311,13.6590989313403
95,12,94.1386268908048,0,1,40788.3737680446,7.44103801516847,7942.24267216138,27.1634578657266,11.3254790204415
95,13,84.4808273530002,0,1,42335.0739798329,7.44103801516847,7096.22781538886,28.531937528052,9.80534894634734
95,14,111.76130115524,0,1,43509.9542257253,7.44103801516847,8512.37921365708,17.8287471221389,14.0974375737483
95,15,90.9202236974659,0,1,45017.2218050635,7.44103801516847,8771.19806647025,24.3100003267855,14.6546349189479
96,1,64.9922680601655,0,0,17098.0979874819,9.58290575516625,5924.36821755055,23.1339266497643,1.43544966256017
96,2,70.5765973388901,0,0,17435.5022236081,9.58290575516625,5585.46217481971,24.8760536040349,0
96,3,70.2493434478534,0,0,17697.2130030079,9.58290575516625,4332.05291781269,26.9882395482324,3.07035170502723
96,4,75.0779440040189,0,0,19407.3544386894,9.58290575516625,5798.96805563424,29.1396970700292,5.12002797992344
96,5,80.2132500310392,0,0,19883.7272172847,9.58290575516625,6306.68534595321,26.7517545437802,3.76293803794918
96,6,78.7204193751785,0,0,20417.7494484709,9.58290575516625,6600.38979247527,24.9126396798762,6.03166950806045
96,7,77.6740047773117,0,1,20860.6519728957,9.58290575516625,6534.81617966287,24.564759065133,8.47838347692971
96,8,82.2195135205161,0,1,21326.6064131948,9.58290575516625,7309.16904914358,28.9263518580216,7.50932701054076
96,9,75.5019845529448,0,1,22144.3205862418,9.58290575516625,7219.86591193772,23.4122315904779,7.74084466403984
96,10,78.9334741873258,0,1,25390.8942191518,9.58290575516625,7000.40576468399,21.2168056590281,7.00209631225751
96,11,74.5482437955757,0,1,24967.4779636526,9.58290575516625,6893.47878115378,19.7847857295733,10.9270143651755
96,12,87.2231505134043,0,1,25081.584646771,9.58290575516625,6956.90921117736,24.5795572729458,11.222819785465
96,13,96.3852068441195,0,1,24727.2615968897,9.58290575516625,8302.96888146682,23.0240887339771,10.9773232570424
96,14,93.6027808479015,0,1,27294.1126864053,9.58290575516625,7941.04796685333,21.3278533911001,17.9656603718117
96,15,87.3483719480883,0,1,27398.7451673594,9.58290575516625,8678.10444954568,22.1853187181386,10.717559834438
97,1,71.1361211345696,1,0,31380.0157239551,8.50144587789679,4229.78680336301,26.1391121085085,0
97,2,77.443875144133,1,0,31930.045042602,8.50144587789679,5065.59758009792,18.6331881136142,1.91495301653403
97,3,73.5696169270684,1,0,33584.5357091889,8.50144587789679,4569.1657570754,26.8643349132488,4.85988824351344
97,4,83.510402291825,1,0,33411.1315840281,8.50144587789679,6083.66372646637,25.0390455345695,7.44667024674721
97,5,81.2204179517751,1,0,33973.0519486448,8.50144587789679,6399.57503754978,19.7696091986547,5.27801293301203
97,6,75.7341815729396,1,0,37195.1783668013,8.50144587789679,5795.33399709899,25.6048992806983,3.09666453811019
97,7,85.7226010928068,1,1,36580.830608442,8.50144587789679,6883.05120381239,22.9504744488261,4.61760124151502
97,8,99.1101532295333,1,1,36294.9311647611,8.50144587789679,7191.14243662716,25.4692862769741,7.79959568679251
97,9,94.3671770782434,1,1,36105.0014594258,8.50144587789679,7401.55605825655,21.2610138103248,9.84998494055092
97,10,104.77743379373,1,1,38686.6156622015,8.50144587789679,6590.24739178546,25.4415914956608,13.5720236921587
97,11,95.7572863968977,1,1,37246.1229450502,8.50144587789679,7057.98174519507,24.9249608424615,9.62453248166646
97,12,104.487371111861,1,1,38801.9948506099,8.50144587789679,8015.54104131737,22.3261053254913,14.857319907534
97,13,107.291670751085,1,1,40373.9312949531,8.50144587789679,7620.08253070489,16.0776959890973,12.1592957556837
97,14,96.5744143237566,1,1,39781.3199537008,8.50144587789679,8623.86410540263,24.1420183134843,13.6953324638986
97,15,102.254722605377,1,1,40496.7087677126,8.50144587789679,8614.44603735899,26.7171786977664,12.5304320054329
98,1,74.3178193552119,0,0,26874.5698110312,13.2238385887449,5736.55914424141,22.4949380475063,1.21947606788681
98,2,68.23297198731,0,0,27582.7929350517,13.2238385887449,4880.74052472701,30.9678995114359,3.75982808210612
98,3,86.7898994381368,0,0,28203.1303232046,13.2238385887449,5999.46137943398,20.8349841849748,3.10215301426984
98,4,80.7989365658087,0,0,29252.0700330643,13.2238385887449,5846.1044921477,21.4590838043263,6.96481938233193
98,5,80.4703530275235,0,0,30721.4044266019,13.2238385887449,6693.45573434201,24.2777220363228,1.44881101517375
98,6,78.4182210337976,0,0,31946.2950010054,13.2238385887449,5733.65527958998,20.7435733894651,2.89451354457717
98,7,85.5827537108057,0,1,33782.8892823372,13.2238385887449,6434.50522219544,27.3105909582126,5.86520690658236
98,8,93.4414702655127,0,1,33078.4563198364,13.2238385887449,6785.3122556778,22.154908180331,6.2158810307908
98,9,97.3942689853462,0,1,35823.409183253,13.2238385887449,7045.5900009508,25.1445919001583,5.41132859054493
98,10,94.0642753490416,0,1,34050.5945079192,13.2238385887449,6827.34075138353,20.8796355963937,7.97774639942913
98,11,89.9983990451248,0,1,35879.7854276613,13.2238385887449,8179.35869080002,21.8872823636722,6.98033684518231
98,12,84.2034143502568,0,1,36181.031280844,13.2238385887449,7635.75291775962,23.0270854611437,12.921389614035
98,13,93.1274385588282,0,1,38852.4358248838,13.2238385887449,7035.2732377968,30.8339695195146,12.6855809353793
98,14,100.362553988157,0,1,39972.9167766562,13.2238385887449,6587.50920453927,23.3690612083973,15.0564018056078
98,15,97.1442214991971,0,1,39195.09111014,13.2238385887449,8049.99913339462,21.798379301648,14.1533780324295
99,1,71.1875563427068,0,0,23378.8968743655,9.41098726197637,5597.76724109254,26.8561074178192,2.34878386074694
99,2,58.1029642221724,0,0,23540.2751926403,9.41098726197637,5748.06688225966,29.513671939813,0.18003305469185
99,3,75.502314947462,0,0,26071.0933865858,9.41098726197637,5613.05729485692,22.3094745401589,3.49446648885945
99,4,76.7597541001595,0,0,25145.4457567211,9.41098726197637,5611.54214096722,23.6990470659127,3.41235446628679
99,5,73.0006770651567,0,0,28688.1859765974,9.41098726197637,5838.58084598841,26.2834544427025,3.02707837730383
99,6,84.0423248898601,0,0,28902.1697930475,9.41098726197637,6599.0398490745,21.5544565013937,3.9165222369801
99,7,81.3187344169422,0,1,29033.7440963159,9.41098726197637,6229.82977264166,25.3981830380423,5.54968895555068
99,8,83.3213398673144,0,1,31109.8737426859,9.41098726197637,7392.8933660248,19.0899673294786,8.68556221532825
99,9,94.2593382009219,0,1,32050.2378942012,9.41098726197637,6534.9711807222,23.9404817193254,7.20780064129095
99,10,99.5525342147066,0,1,33074.5526098825,9.41098726197637,7972.37539232158,22.0108679323538,11.9216914635611
99,11,95.1507521669956,0,1,33064.7739570572,9.41098726197637,7382.97130297362,22.2866547923451,13.0377056010836
99,12,84.9883429440005,0,1,35100.0219572955,9.41098726197637,7435.88263995691,25.8594141647868,10.8755296105953
99,13,99.1295574432787,0,1,36635.013555084,9.41098726197637,6900.47940578877,23.6970378328411,13.0408500532564
99,14,91.7452956199135,0,1,36448.1980352653,9.41098726197637,8357.75166893358,24.5267029671473,14.0566876638219
99,15,112.694076320415,0,1,39356.9206923716,9.41098726197637,7940.88365352823,21.8006161120667,15.9870180972476
100,1,75.9059697512296,1,0,30727.9277434687,12.9121261050844,4840.80731984956,25.5993078197426,1.00725921029969
100,2,74.7166942414525,1,0,30930.9597635457,12.9121261050844,4847.76519204722,24.8175060406477,1.20669527798777
100,3,80.989470134506,1,0,30144.4008114646,12.9121261050844,5596.04972032331,23.3456201966623,0.941425398303958
100,4,84.7779458232595,1,0,31080.1287576446,12.9121261050844,5568.9664420799,22.264433924031,5.08192437241899
100,5,84.7860097192397,1,0,32065.3639260895,12.9121261050844,6488.85000485115,26.8318384583802,7.69025662310202
100,6,82.4577477795332,1,0,33931.0108017468,12.9121261050844,6391.88073167274,25.4388645273501,5.83232663147594
100,7,86.0285096197437,1,1,34079.6590548985,12.9121261050844,5888.4827953304,22.1809349040556,9.40106305448306
100,8,86.0584135567428,1,1,33968.1832951477,12.9121261050844,6362.89812696944,29.2883803958731,8.43146629119236
100,9,92.2711576997603,1,1,34195.3163931455,12.9121261050844,6781.0993703025,23.3633431303755,4.01421814974245
100,10,95.606484763289,1,1,37060.6593724986,12.9121261050844,7139.02882423346,28.3976424332644,12.0356673243871
100,11,103.871165425828,1,1,36251.4599649352,12.9121261050844,6874.84371419783,25.2123546400788,8.83869839117507
100,12,107.681448577614,1,1,38586.4966935379,12.9121261050844,8029.72290375737,22.2974225555522,9.59227237319301
100,13,99.8628076318979,1,1,38956.6167424715,12.9121261050844,7352.71375980387,20.1825812972604,12.5741881368396
100,14,104.184250524358,1,1,40399.3780476233,12.9121261050844,7732.0147646887,21.3656138191461,13.8701609136896
100,15,100.345319423937,1,1,41565.8397395199,12.9121261050844,8161.73949489002,24.9122569167247,16.2654932392579
101,1,81.4214434828898,1,0,37608.7044615323,11.5607175364562,5296.92398285337,25.357961801275,0
101,2,71.9363619148224,1,0,40966.755977655,11.5607175364562,5014.85599543246,22.3095326389405,3.11696682273231
101,3,73.7864706714094,1,0,41544.720868112,11.5607175364562,5626.71305136816,24.6506937352298,5.26824890693905
101,4,74.21156650047,1,0,41461.9043686108,11.5607175364562,6311.62561741287,28.8548192822691,2.45985770880594
101,5,73.5034188087593,1,0,42662.063671782,11.5607175364562,5311.93937746408,24.9490503148898,0.352399638180851
101,6,81.0620366110892,1,0,44082.6645821346,11.5607175364562,5837.08027543868,25.1510606866519,4.02609425566011
101,7,86.6844907040366,1,1,45167.2204758676,11.5607175364562,7086.54727763812,26.44064321086,7.49747000896298
101,8,84.3920663870953,1,1,43705.1298072796,11.5607175364562,7489.58188109252,29.2055961110165,6.86001560085911
101,9,100.048778428461,1,1,47790.4835847821,11.5607175364562,7034.25503450698,19.7396201255548,8.69193573720887
101,10,92.7815584871563,1,1,45836.1845893915,11.5607175364562,5693.58615120628,21.2305183057928,10.2335130194816
101,11,106.495086439178,1,1,46075.3694225671,11.5607175364562,7497.07329919168,19.6700676926101,9.1771078940179
101,12,102.233179593214,1,1,50023.2263965669,11.5607175364562,7363.53190258289,21.7335887646716,11.3703307698444
101,13,102.715685665498,1,1,48469.848225544,11.5607175364562,8005.01371803754,27.1777240334213,13.5534952936421
101,14,101.928510308787,1,1,50669.7508150452,11.5607175364562,7679.27808438118,26.0833268586519,15.1821630812831
101,15,104.268906561885,1,1,50459.818522647,11.5607175364562,7411.54929607765,25.6763615880574,16.3525208026584
102,1,59.7272545105223,0,0,13043.9452814431,7.69931346026759,4967.61365273769,25.3399426450679,1.42178090825738
102,2,59.0222228645686,0,0,15176.9330950398,7.69931346026759,5292.65001776016,22.8838911559472,0.880715230836968
102,3,65.4817894908543,0,0,17046.6766158887,7.69931346026759,5213.61767583659,24.7466109314021,0
102,4,71.3559145824032,0,0,17495.9814718069,7.69931346026759,6225.15401776319,25.7612011636228,6.0669836367799
102,5,80.7898478404806,0,0,17318.1257756695,7.69931346026759,5989.52877820265,28.4602437611477,10.8257710886185
102,6,68.1571331433282,0,0,18725.3600452174,7.69931346026759,6241.99892142952,22.7061308360382,4.68105187722195
102,7,78.1137372214009,0,1,19422.9394450902,7.69931346026759,6033.78698076174,28.4323109421438,9.1461969933706
102,8,82.1104200567544,0,1,20278.6276043257,7.69931346026759,6926.46326570813,26.9515914835346,6.37257913386116
102,9,80.8706975926704,0,1,20636.6312979934,7.69931346026759,6744.68401822383,26.9980180732909,4.62492512335516
102,10,86.555470252988,0,1,22224.1369960964,7.69931346026759,7498.04315677461,24.913974131647,8.05773382673135
102,11,96.1834708426436,0,1,21561.0020827941,7.69931346026759,6993.13284472302,20.7322499109565,10.8946026842989
102,12,84.9373553627615,0,1,23801.7394898596,7.69931346026759,7211.53100357346,26.2990710693877,10.6128275405658
102,13,82.938565578856,0,1,23865.3318899053,7.69931346026759,7535.88704369437,22.7695180402336,9.3710037895676
102,14,94.9228824997162,0,1,24649.6585026557,7.69931346026759,7233.02658804547,24.3179859394069,11.7279363225152
102,15,91.2683712343096,0,1,26471.5786886173,7.69931346026759,8707.41211455085,30.766459928856,16.9634082153412
103,1,72.9885879716607,0,0,27157.4849238789,9.62817664283191,6050.84034409352,19.7308065278851,2.4883142777278
103,2,78.1593671920728,0,0,27602.9975378999,9.62817664283191,5120.84719393909,25.9827618027572,4.34142533244099
103,3,80.27997601416,0,0,28388.6004914656,9.62817664283191,5776.67840709507,34.0022183897571,4.90143563608176
103,4,82.9274262579273,0,0,31263.962619883,9.62817664283191,5912.4841097476,30.9374114060101,1.00718613736823
103,5,88.895329889895,0,0,29264.9335427197,9.62817664283191,5923.94446756169,18.0456656546332,6.1099496908358
103,6,86.9593948606506,0,0,32184.5963900361,9.62817664283191,6369.20947867769,22.2161264533814,9.17775711457251
103,7,98.1975442700563,0,1,33786.2593947853,9.62817664283191,6559.18067003501,18.6100253584341,5.37735440217819
103,8,93.7012152564392,0,1,33233.1336425281,9.62817664283191,6353.2155440915,25.6996041749651,10.3348994416116
103,9,101.307367327837,0,1,35618.3480529442,9.62817664283191,6721.68550629209,24.4074047547262,9.65783407440109
103,10,91.1119055070792,0,1,37284.9161566951,9.62817664283191,7282.95290853244,20.8755386114207,8.48899589944876
103,11,100.713609063979,0,1,35793.5385939914,9.62817664283191,7438.70424145457,27.4769356953804,11.0622132743914
103,12,100.791360360737,0,1,37734.0442659854,9.62817664283191,6919.898679606,18.6413806228578,11.3903689510015
103,13,107.445247228384,0,1,41386.811712366,9.62817664283191,8345.68905910318,24.8109244552713,13.0497992858186
103,14,104.674675403445,0,1,39973.2158904499,9.62817664283191,7854.75128800447,24.9265820423416,12.8456595565511
103,15,112.293108819441,0,1,40665.0368955342,9.62817664283191,8503.20206881227,25.8499851018969,18.105000390219
104,1,76.2479214992626,1,0,30644.1462280595,14.655337365173,4881.19303860538,26.1806483479396,3.44708359954239
104,2,78.9565770475889,1,0,31636.3119113778,14.655337365173,5180.34886282046,26.3999723934388,2.73073877610268
104,3,89.3826635666723,1,0,32825.3177183589,14.655337365173,5681.21154277884,22.3166458209933,6.65150857007511
104,4,94.2324037782766,1,0,32504.4970863384,14.655337365173,5973.45587239742,25.1767090467748,7.51611681608246
104,5,86.0629586126381,1,0,33978.6504735693,14.655337365173,6248.697976168,25.3278863004151,3.34270842802485
104,6,93.8141064469748,1,0,35047.6501428253,14.655337365173,6469.80531701581,29.3880564989048,8.35719181040052
104,7,107.419561302932,1,1,35250.645428918,14.655337365173,5972.24389666907,23.549131088229,8.71679789930654
104,8,94.6898647875127,1,1,36233.0561391413,14.655337365173,7006.61991257864,23.4618949071889,7.64719616895746
104,9,100.939128468162,1,1,35251.1146238054,14.655337365173,6681.78888745864,21.4593296020369,9.01680489672231
104,10,102.69012285735,1,1,36498.0220870779,14.655337365173,7165.97867477454,34.6720742361986,9.31771391403731
104,11,110.358280187656,1,1,37853.8185927913,14.655337365173,6218.98422599948,28.0713443374589,14.0884639795116
104,12,96.9721936750255,1,1,37813.2544056728,14.655337365173,7438.58452291184,30.0093238025953,9.28291213085842
104,13,99.1483290188266,1,1,38539.7580774274,14.655337365173,7609.38371055298,22.9078189295001,12.5609963441386
104,14,107.315469166532,1,1,38946.6902444542,14.655337365173,7600.17899791807,22.5476111483867,16.7061875249495
104,15,105.631233151653,1,1,39647.5129365517,14.655337365173,8482.17625440223,22.6862535123998,15.9222369491745
105,1,76.5050966148982,0,0,24093.8385559875,14.7092282578637,4979.56559093193,28.894699792002,4.7454152673606
105,2,80.0896913488356,0,0,24283.2925309473,14.7092282578637,6097.3090446763,27.4982790759348,1.61908737417567
105,3,88.0698535931446,0,0,26820.8549050295,14.7092282578637,5406.47285231321,29.4969137163253,4.01364447199321
105,4,85.7364279654587,0,0,27455.6608964067,14.7092282578637,5817.49042616986,27.4094431077819,4.94010474196331
105,5,88.4174057064787,0,0,30610.9785253564,14.7092282578637,5707.61450644656,25.8053062209187,3.44631191537764
105,6,86.0700513985707,0,0,29909.7815387409,14.7092282578637,6509.71908142302,27.305580054328,4.78396611893799
105,7,87.3310779724926,0,1,31855.6951492245,14.7092282578637,6746.58604737967,23.4938205235002,4.84096199206179
105,8,95.0915173515229,0,1,30994.4544738554,14.7092282578637,6788.68995590594,34.2673839901942,5.93511627773679
105,9,98.7483005408735,0,1,33573.0090820492,14.7092282578637,6419.05144221532,27.5165395452833,13.3767359831835
105,10,99.9425752834711,0,1,34667.6072386666,14.7092282578637,6518.8731402151,21.1582401627165,12.8235111990217
105,11,89.0722725557407,0,1,37991.9354754153,14.7092282578637,7207.06141261363,27.6528619697111,7.48623686467233
105,12,99.8536667796901,0,1,37873.3180262119,14.7092282578637,7072.56394446058,23.7711296149617,9.09855655430666
105,13,102.718373741699,0,1,39433.5322966025,14.7092282578637,7330.02766594676,27.4253051920153,10.142871134816
105,14,98.5698494872503,0,1,40853.0449787939,14.7092282578637,8352.80027813539,22.9179976844832,12.7819363564197
105,15,101.197840447675,0,1,41285.8086322792,14.7092282578637,8293.4239728818,28.4239903701445,13.9360692136401
106,1,85.1490095534052,1,0,33651.2324321202,18.0167198229019,6131.09320795187,23.0103004507038,1.03964720299637
106,2,88.1088514552862,1,0,35536.4350813983,18.0167198229019,5712.45519840351,28.6490353639879,2.21104867819555
106,3,85.2749545646286,1,0,35326.0975012776,18.0167198229019,5583.27109804402,23.0367861008254,2.40733129949645
106,4,91.2694885986355,1,0,36102.7985999662,18.0167198229019,5158.67542003396,29.0610507509572,4.57999095295408
106,5,98.9000214482243,1,0,35233.1694664536,18.0167198229019,6427.31188105647,25.6926324017216,1.59033575461703
106,6,87.6952274464709,1,0,36926.0335819246,18.0167198229019,5783.47298369252,24.4691125558738,5.96053003285927
106,7,92.9606829873739,1,1,37719.6262298055,18.0167198229019,7054.33441997871,23.0806247250416,7.90677238410552
106,8,111.388989901148,1,1,37450.4719134409,18.0167198229019,7631.11037360277,21.8144994951723,8.45240474363192
106,9,104.345260159873,1,1,38902.2878423107,18.0167198229019,6334.01253900595,23.9112522674541,10.4757515519672
106,10,121.883093358792,1,1,41437.6891348165,18.0167198229019,6555.24628821769,18.3381180263013,12.7916861832718
106,11,106.943372059455,1,1,39168.921562898,18.0167198229019,7625.93389511208,26.9570541515507,12.897675702588
106,12,107.48904929223,1,1,41375.6961965096,18.0167198229019,7342.08262111115,24.1900145787313,13.2889774004984
106,13,105.847089145062,1,1,40428.2211659919,18.0167198229019,8076.06647800385,26.3684389316027,8.50178945858812
106,14,112.154943780346,1,1,42533.3328154669,18.0167198229019,8201.79024557982,24.6626114873481,13.7496584245294
106,15,113.682569103331,1,1,41818.8050208878,18.0167198229019,7990.60730349046,23.3781897572546,14.4359076624166
107,1,77.0055566131296,1,0,34390.0206337242,11.9892590748007,4784.76372649128,36.276106554732,1.29955430059425
107,2,90.9680341393562,1,0,33039.4597003519,11.9892590748007,6028.32368264842,25.9589737650616,0
107,3,88.530785008927,1,0,34836.6073809701,11.9892590748007,5262.96121131364,24.9457054365106,2.64449706104492
107,4,102.560754645189,1,0,36665.6760921497,11.9892590748007,6278.01630734642,21.0010479278377,4.48620002249454
107,5,88.115464782748,1,0,35610.1158630383,11.9892590748007,6391.39657732339,23.8616630740891,4.3377594024041
107,6,95.8465943570486,1,0,36234.4224733965,11.9892590748007,5168.98146029677,25.55697677392,5.19598347758853
107,7,97.9296247911334,1,1,38253.2404965023,11.9892590748007,5440.62755248971,26.8727699621085,7.89833071063234
107,8,104.554328586199,1,1,39393.5768549864,11.9892590748007,6185.4568816035,25.7241031427512,7.73488495668065
107,9,107.069267934985,1,1,40348.615531644,11.9892590748007,7613.43952961937,18.6296750139861,9.13636383534047
107,10,105.636808740948,1,1,37980.1152116192,11.9892590748007,6737.87770308276,23.7013366069441,8.80833545054189
107,11,102.4821719145,1,1,37826.834062503,11.9892590748007,7073.65137623823,31.852668832044,10.9677749073943
107,12,113.216659031576,1,1,40041.3551126919,11.9892590748007,7169.68974751327,24.0052549572804,13.9841373908949
107,13,103.136567214999,1,1,40334.0263316436,11.9892590748007,6279.02084166673,23.1190640823822,15.746315075511
107,14,111.117026724646,1,1,41691.8692388658,11.9892590748007,8462.44003222138,25.4184630830053,10.9105257083443
107,15,127.7981000536,1,1,41065.1044892953,11.9892590748007,8429.60159192541,23.9319361552202,17.3438885571521
108,1,72.6185546902293,1,0,30626.3465198024,7.51251955805358,5321.00715802627,27.2005608857063,0
108,2,80.0877832078513,1,0,32709.102229348,7.51251955805358,4760.79694706652,25.7666198536761,0
108,3,80.0228503553031,1,0,32087.1507994512,7.51251955805358,6272.67738461727,23.4808740470183,3.08460435065637
108,4,82.7181860225579,1,0,33337.211590982,7.51251955805358,6121.24254947748,20.8814994650896,7.25563642291315
108,5,82.3720694085954,1,0,33869.3104435976,7.51251955805358,6312.19828183838,23.3512106297829,3.66277955432947
108,6,76.951840329528,1,0,34070.1374127689,7.51251955805358,6602.50924472992,29.510286221666,6.13951796010021
108,7,92.7424774300333,1,1,34309.6146044915,7.51251955805358,6457.13310007842,28.868045473879,6.76020153066063
108,8,93.0904043186488,1,1,35236.6943587607,7.51251955805358,6929.36262282977,23.8045031196094,5.31126316195418
108,9,99.8949579251128,1,1,34355.5316687215,7.51251955805358,6846.70325378909,22.7408037944961,5.95166900963963
108,10,93.4498661312332,1,1,38312.3300879049,7.51251955805358,7548.16063667197,25.620510445944,8.85096835780591
108,11,96.4893810843436,1,1,36168.5806767593,7.51251955805358,7512.58421509697,24.4399564998716,13.6779809902955
108,12,96.611661374536,1,1,37902.807457219,7.51251955805358,7732.02209048075,19.112029388436,12.4077850006786
108,13,108.947338506974,1,1,38852.9933293603,7.51251955805358,7957.343886326,21.1160911424506,15.6713807572612
108,14,99.3652720082783,1,1,41158.6691663393,7.51251955805358,7632.60822466636,27.6678127105658,15.5175753489163
108,15,98.9277181884927,1,1,40740.807948461,7.51251955805358,8317.97884000052,25.5543538513452,18.0919587746331
109,1,67.7542461624579,0,0,12046.3814361255,9.69474891895452,5730.60763773561,25.7036616860718,2.59531960632494
109,2,78.6473668516128,0,0,11637.2659940852,9.69474891895452,5598.52191596914,25.6665841917974,4.48642129470608
109,3,71.1852488535338,0,0,14432.2079888469,9.69474891895452,5132.24095248073,21.9070609997875,0.481458186281211
109,4,78.9692910729472,0,0,14077.1790555927,9.69474891895452,5532.07919799929,26.8814760204904,1.49622134362357
109,5,76.8766424455535,0,0,14966.8171514329,9.69474891895452,5678.96127034062,24.6879864155842,3.82799235033663
109,6,73.2235865950703,0,0,16126.3956148628,9.69474891895452,6656.89901986152,30.6334504318884,4.18020174537818
109,7,77.7909298540227,0,1,14595.9740749938,9.69474891895452,6604.71560067758,26.039820518824,6.238571763193
109,8,78.4309605372404,0,1,16897.0240121508,9.69474891895452,6356.48752908078,26.8426879726995,6.7682724135992
109,9,87.0309578910114,0,1,17951.3139699244,9.69474891895452,7376.7175331783,25.5965151531364,8.57783056425384
109,10,83.2944666862153,0,1,17799.502169873,9.69474891895452,7177.36615658074,22.0574800576988,11.6470871170774
109,11,86.6611416386614,0,1,19407.7436350039,9.69474891895452,7303.30125340248,28.8152015460405,13.8841353968154
109,12,79.5444997455774,0,1,19503.5744810194,9.69474891895452,7365.47786009332,26.1598560770759,11.2528051777542
109,13,79.4405852009767,0,1,21274.0039383764,9.69474891895452,6775.68998126789,26.0663308529942,15.531891051643
109,14,95.5135589510723,0,1,20098.7699823039,9.69474891895452,9180.01883816027,29.7074081366887,15.201247204857
109,15,88.1460337124811,0,1,22997.3494910283,9.69474891895452,7669.40768682798,26.8758035476758,14.3851408193473
110,1,80.5297097200914,0,0,51060.1159149405,13.2254655145204,5119.8795551112,21.0529640963226,0
110,2,82.813203367639,0,0,53760.4535474171,13.2254655145204,5064.58374903507,20.4655008209777,2.52601145253511
110,3,92.9021965823777,0,0,51972.727393388,13.2254655145204,5950.26267390534,25.458654863719,3.57295131957135
110,4,86.9144083241099,0,0,55113.0754423831,13.2254655145204,6054.31581755141,30.0887964441155,0
110,5,94.5839342802937,0,0,55974.3767321509,13.2254655145204,5812.21441379222,23.9827138825376,3.32507290267003
110,6,94.6791122756181,0,0,58260.5342292778,13.2254655145204,6051.31383105335,25.7416143735312,5.57705726168936
110,7,96.2710373244112,0,1,56864.7237488726,13.2254655145204,5514.36997509313,25.8063922431906,6.24643272431031
110,8,96.7338129071315,0,1,59020.7280841565,13.2254655145204,7277.58602990396,27.0799855419438,6.04993981542933
110,9,92.2651186359185,0,1,61406.0448581194,13.2254655145204,6496.49619422191,27.7632528720322,6.05152680046889
110,10,105.791456055809,0,1,62431.7812048921,13.2254655145204,6829.9538451265,27.7945457433482,9.47682501025794
110,11,98.195690970333,0,1,63299.9659314285,13.2254655145204,7509.12323432686,27.0159087625932,10.0612901363481
110,12,98.4076856595298,0,1,64356.9263726345,13.2254655145204,7115.91456189324,24.0498711809477,9.77009782207451
110,13,108.824355335526,0,1,63524.5385928741,13.2254655145204,7352.31810980981,24.9494908176163,11.5517164285757
110,14,102.154771807382,0,1,67168.8667456163,13.2254655145204,6861.06431250512,26.6686985837012,16.1133228752263
110,15,104.976447843752,0,1,67658.3048534239,13.2254655145204,7839.39510072216,28.0688737164684,14.0042075341211
111,1,84.7680200864144,1,0,27525.1407903118,17.7004090046842,4519.27353868287,27.1502145822594,2.92520580472831
111,2,85.4317659895977,1,0,30148.6384808108,17.7004090046842,5800.23912761395,26.6346075997277,0.574469470403325
111,3,96.2558026557664,1,0,32258.0995075892,17.7004090046842,5546.91635134739,31.0686401260901,4.06091190009521
111,4,95.8218259351659,1,0,32990.3612661493,17.7004090046842,5824.21595566933,25.9758575607328,5.65140052486946
111,5,91.7583306812144,1,0,32637.5306666232,17.7004090046842,6833.22693723608,25.7518198741295,2.18532421224603
111,6,93.983913460465,1,0,35158.6493205899,17.7004090046842,4878.5830275956,26.3837494051071,5.8005724086685
111,7,98.7126804471376,1,1,34836.3361620006,17.7004090046842,6263.16189457829,28.2155588044358,5.31699186292039
111,8,93.7382289857731,1,1,36597.500388542,17.7004090046842,6502.0103212482,28.2688205228622,10.4693072140265
111,9,107.254748338227,1,1,38126.3160595854,17.7004090046842,7191.57239419676,24.1651038169113,8.5290451600695
111,10,110.596850716935,1,1,38570.6013825652,17.7004090046842,6512.8018352405,29.9320291679418,11.5177086260529
111,11,106.461443638227,1,1,38509.5646804042,17.7004090046842,6987.0852390664,22.9688107767588,10.027363316862
111,12,106.289375326021,1,1,40964.4915313201,17.7004090046842,7092.21390107709,25.2394904819587,12.5851632946354
111,13,118.603599399229,1,1,42604.1811856432,17.7004090046842,7755.61705366172,20.9664103467236,13.9421094125536
111,14,110.765081153121,1,1,41179.7966014215,17.7004090046842,7787.38023476907,23.506460766465,13.5953615048199
111,15,114.164132093366,1,1,42909.0406373824,17.7004090046842,8230.50167972179,23.6945955460686,14.7117292758753
112,1,80.9020835661132,0,0,37041.6964107849,12.3300273703192,4925.71835594178,23.0358893124809,1.45670009599423
112,2,86.646731839878,0,0,36014.537737391,12.3300273703192,5252.77007390297,23.6417544327879,1.09254634007227
112,3,88.5413604212775,0,0,35975.6455089657,12.3300273703192,5522.99241151134,27.6847623002986,1.1811900597944
112,4,90.1084992272303,0,0,38028.8139630332,12.3300273703192,5680.95298876623,21.5198365103321,6.18034139140747
112,5,95.5111440497561,0,0,40418.4944622055,12.3300273703192,5386.66870864032,23.3150292668952,6.68585785286832
112,6,101.206063070145,0,0,38818.6487384128,12.3300273703192,7072.31598626026,27.0761079090112,6.80156316936084
112,7,95.4233143250871,0,1,40760.6842269647,12.3300273703192,7051.20796584509,19.8631690199587,8.45483665627314
112,8,89.5682834765088,0,1,42799.4098221232,12.3300273703192,6531.08032383546,27.2770538808867,7.32829663753024
112,9,89.2286077307319,0,1,42712.8988846556,12.3300273703192,6825.02015206913,23.5509262789342,8.20633956128321
112,10,96.513998539028,0,1,44061.3821711279,12.3300273703192,6640.53685111021,27.5756151435684,9.05780542110684
112,11,96.409052909366,0,1,45946.9349632511,12.3300273703192,7356.16020560934,21.4528893796879,9.83987508207876
112,12,93.6394267902986,0,1,46052.2177010664,12.3300273703192,6681.46790006772,23.3828069195601,10.937557962002
112,13,105.757466557682,0,1,46571.128827493,12.3300273703192,7852.89323432719,24.8567107059305,12.8757563808768
112,14,103.648587510442,0,1,47299.4162706134,12.3300273703192,6794.08058344368,24.1769061314067,15.3697824938985
112,15,91.5351670831316,0,1,46478.5049452021,12.3300273703192,7481.72518548744,22.2325527329684,12.120361133077
113,1,79.8535042107449,0,0,33551.4321169346,15.4211604753854,6177.28806357288,26.1879660260411,1.97189228125392
113,2,94.6120644616352,0,0,33776.4451405691,15.4211604753854,5360.97790990541,26.619215200467,3.92120150102917
113,3,71.0757178227215,0,0,34160.0625481718,15.4211604753854,5470.8253682221,29.257479126647,1.55662111992002
113,4,88.5243573999232,0,0,34335.7454528768,15.4211604753854,5741.52466946769,28.3052811193267,4.79138173676489
113,5,82.200030132604,0,0,33529.6005212031,15.4211604753854,5740.18227891231,22.9460146119825,0.691184249389815
113,6,78.2739576716365,0,0,35476.3454514833,15.4211604753854,6674.3819512983,24.7571279233379,8.15345072223803
113,7,87.7224087336529,0,1,37099.8110899266,15.4211604753854,6281.25513541748,28.263698449955,6.06464304800869
113,8,94.0145474533862,0,1,35755.2453300634,15.4211604753854,6957.63515077136,21.3097690039677,6.36627175855466
113,9,91.0817483784688,0,1,35088.2123376369,15.4211604753854,7712.36070283466,20.4138383219474,11.7189364289669
113,10,96.9882534773603,0,1,39249.192750502,15.4211604753854,7776.39072633114,26.2133809722429,13.1374022780231
113,11,96.3131561683295,0,1,37368.9902387322,15.4211604753854,6966.11521194354,22.593393518696,13.047401233443
113,12,100.851342186249,0,1,39595.7280713732,15.4211604753854,7377.41363717217,26.4733574465346,12.7340892914716
113,13,93.5007304232777,0,1,39601.528236396,15.4211604753854,7999.25785553098,32.4583306240816,11.2900911649505
113,14,98.5313890322028,0,1,41157.3141613711,15.4211604753854,7401.88906852193,27.9405258057123,12.3246012313222
113,15,97.4966665419624,0,1,39979.5907717806,15.4211604753854,7510.2250248386,27.0123696955835,13.6108802448265
114,1,91.730492073215,1,0,38523.7338014394,14.3042439140768,5360.38810165877,24.1926954589772,2.74361733107523
114,2,88.8640005388024,1,0,41183.2287598297,14.3042439140768,6097.63783128445,29.8529633432747,0.160662509434856
114,3,88.3061017206989,1,0,42234.293055143,14.3042439140768,5449.25137537356,21.0552572512305,3.74170327386094
114,4,90.8988001657292,1,0,41023.0745631604,14.3042439140768,5881.65014599717,28.1689763633668,7.66265849199895
114,5,90.2338289304286,1,0,41501.1951793981,14.3042439140768,5165.11354916855,28.541540291816,5.96952817230751
114,6,93.2133376113914,1,0,42700.4900832313,14.3042439140768,6725.63405185743,20.6792642967335,5.84124207282718
114,7,107.313660854246,1,1,41912.3963455963,14.3042439140768,6112.94691985359,22.1031507900858,6.50875888717235
114,8,98.2339885304454,1,1,43709.5516394589,14.3042439140768,6820.94943934952,21.3256213845118,9.00153096191816
114,9,101.390320311037,1,1,42848.9059359963,14.3042439140768,6314.14625320929,26.4652553605367,7.29907678674136
114,10,110.424148049431,1,1,44167.8307747903,14.3042439140768,6682.64778427684,27.7235499405374,8.37017703700826
114,11,100.9018629238,1,1,45886.9863740998,14.3042439140768,8306.04044221784,22.8258633684121,8.72790706327994
114,12,109.360458495768,1,1,44955.9418811584,14.3042439140768,8374.89407516604,28.6778542863626,14.0605809814028
114,13,117.759740660383,1,1,47196.5483660308,14.3042439140768,7210.7063380167,22.8921497538086,10.8798933746435
114,14,111.747307143665,1,1,47474.659253151,14.3042439140768,8177.9723972844,19.9939882135586,13.3118661339409
114,15,106.75189212011,1,1,49033.0151800465,14.3042439140768,7607.99186625938,22.2714342789997,15.6352075871188
115,1,75.9944451064576,1,0,39474.2815739016,8.495725133648,4996.84792905276,27.8450689567279,2.28253497947478
115,2,77.1419463566882,1,0,37500.5858405304,8.495725133648,5839.25163030391,25.3429438878142,2.69187507945407
115,3,75.0582830161483,1,0,39233.9434442585,8.495725133648,5530.88329322627,25.13402149848,3.21188314173397
115,4,87.7411016659291,1,0,41169.3114063052,8.495725133648,6564.49253879489,26.4663362167969,0.815303886941628
115,5,85.8286131906615,1,0,40577.03606649,8.495725133648,6552.03056973932,22.9251901364013,4.46996726972188
115,6,87.4752746101159,1,0,40491.5206509979,8.495725133648,5455.43932539656,28.2889337262353,5.52899548343089
115,7,95.994816850924,1,1,40915.1058604564,8.495725133648,6009.13542410381,23.2074462321794,8.58374083918188
115,8,91.7874446945194,1,1,44080.4639826351,8.495725133648,6139.9848880674,23.5623449264769,6.8039313497835
115,9,95.6940927010229,1,1,46046.854398664,8.495725133648,7196.26146449894,22.2047890243828,9.01317947561664
115,10,102.05159953105,1,1,43167.4054235232,8.495725133648,6653.55970336847,23.4339955550558,11.5303678835752
115,11,101.67235491177,1,1,45092.5860241104,8.495725133648,6711.34755469564,28.2904471414585,10.1716794836794
115,12,102.014783365805,1,1,44181.3225880281,8.495725133648,7261.95827078103,27.6653812154841,9.90264448118617
115,13,96.4437098257343,1,1,46586.4059535107,8.495725133648,7182.16266656965,24.7124323830611,9.14667822613323
115,14,107.077462883722,1,1,46976.8978959984,8.495725133648,7417.57804048667,22.9054961641964,12.3109407387421
115,15,99.4802180636558,1,1,48039.3674880511,8.495725133648,8601.75572638574,24.7633217266913,15.3052682396115
116,1,84.2160872208461,0,0,32527.1142436687,11.4866620432054,4685.33063734502,22.104493166389,1.64980757227129
116,2,77.4294113266702,0,0,29544.1845970965,11.4866620432054,4552.74661614192,23.9976879144596,1.81007372583414
116,3,87.15056176251,0,0,32685.5836999547,11.4866620432054,6196.28462412441,22.8770480471157,4.58206663319665
116,4,92.2656408715287,0,0,35396.7332376518,11.4866620432054,6568.88737310008,24.4097905342097,5.24962416523103
116,5,83.8564751107326,0,0,34263.6582002167,11.4866620432054,6655.6664027631,23.5989542257379,1.55975915695026
116,6,87.4599440776037,0,0,35365.9432531645,11.4866620432054,5950.64692126442,24.3684823400176,5.21064823283928
116,7,92.1637039728034,0,1,37544.2006494626,11.4866620432054,6991.56591424786,26.5599951904468,4.00597683156721
116,8,107.359322221585,0,1,40107.0477816653,11.4866620432054,6458.97074888705,26.2777150575695,9.72734187776862
116,9,88.0186564122523,0,1,39773.976793996,11.4866620432054,6956.48177720666,23.6727625211849,4.35600452507084
116,10,92.1187074677196,0,1,40401.9155863148,11.4866620432054,6469.36240041818,27.1671740027863,9.12458971416368
116,11,99.589293763541,0,1,42808.8606215778,11.4866620432054,7577.53672765418,19.2675578854304,11.9242448808354
116,12,104.176763098503,0,1,42031.0980343666,11.4866620432054,6666.34616741265,28.891651556371,10.0807619612709
116,13,104.834919901082,0,1,43884.0674041824,11.4866620432054,7012.7467273709,28.7494890489978,13.0040168105403
116,14,101.720079820085,0,1,47756.5905459526,11.4866620432054,7088.19914037022,27.1801892394642,9.70632724098517
116,15,106.399854172944,0,1,48439.5485449961,11.4866620432054,8630.83264975086,25.9334830538699,15.6422024316033
117,1,70.7551137430426,1,0,31279.3002328604,15.9157846090431,4319.59380728744,22.255562908645,1.58393951030323
117,2,85.3819809874514,1,0,34498.8674052036,15.9157846090431,5646.86177124099,20.4940602710286,0
117,3,81.1677027493459,1,0,32004.4102806881,15.9157846090431,6064.78441962877,28.0282086171962,5.00411627120074
117,4,81.2202062988354,1,0,34290.1914064482,15.9157846090431,6521.75612127205,25.0611859397622,3.26797722325167
117,5,84.7340094128794,1,0,35464.6052804084,15.9157846090431,6989.33507602939,30.2562150638093,6.44576251286419
117,6,94.2907481199179,1,0,34164.5945018814,15.9157846090431,5498.06059766826,22.8231839645074,6.46461344507826
117,7,103.372858023045,1,1,37288.5210577952,15.9157846090431,6914.64422967873,21.7882209474526,8.75108176647294
117,8,100.185600708264,1,1,37663.4838488639,15.9157846090431,5896.02071023322,22.8060632697945,8.00921755654472
117,9,95.0582459511081,1,1,36202.0766130321,15.9157846090431,6773.21219036187,24.4903329992617,9.46488954229103
117,10,105.303562683213,1,1,38425.9089391137,15.9157846090431,7477.83805061505,21.3060554880778,9.60146894828779
117,11,101.573613778951,1,1,37929.3912909476,15.9157846090431,6920.85947890545,31.0837325880951,8.67092697280481
117,12,105.580052782227,1,1,38810.9091882111,15.9157846090431,7462.71315810697,20.5157508979344,11.4954613777752
117,13,101.73270825644,1,1,39259.7546726022,15.9157846090431,8507.55517156572,20.2811525160102,10.2108050688909
117,14,119.606371623446,1,1,37732.5472047243,15.9157846090431,7881.51840771942,24.0993631530727,14.7918858656634
117,15,111.128673161411,1,1,37418.5498722233,15.9157846090431,7638.26681458845,22.7068795342546,16.1961481287501
118,1,88.6384329766018,1,0,25668.2663457489,14.6282883287877,5490.47746549871,21.6515286347155,4.18889173280111
118,2,72.0467173159605,1,0,24720.5411416584,14.6282883287877,4995.14350674979,32.7596393802855,0.667361431764225
118,3,80.8763744764553,1,0,25891.0044023013,14.6282883287877,5517.42611637929,22.1733443120006,2.58727612194851
118,4,81.7548936976412,1,0,25348.6045541876,14.6282883287877,6218.08117950851,28.5846193842934,1.33131758868264
118,5,81.8787289350656,1,0,28700.333844665,14.6282883287877,5583.05337775299,29.2814979458701,5.31400353376901
118,6,79.8581458035838,1,0,30433.4717281757,14.6282883287877,6908.16963677118,23.5637736660092,5.48722134520475
118,7,89.2099171059722,1,1,31148.0759681417,14.6282883287877,6933.70617100112,26.9258830480431,7.2270621791964
118,8,98.5565297812795,1,1,28622.7897712047,14.6282883287877,6538.45067504918,19.8968546954179,13.1866320414029
118,9,93.4374838356595,1,1,30632.1197256984,14.6282883287877,7172.12158016659,23.7884016065686,10.7610947039527
118,10,93.4515520134259,1,1,32796.6302564914,14.6282883287877,7663.99781021195,23.3432223132489,8.28705303526378
118,11,104.511914546169,1,1,34421.8903844558,14.6282883287877,6505.02656594799,26.4711608850091,10.4023154815359
118,12,101.22536736857,1,1,34207.3719988292,14.6282883287877,7713.197320996,29.2337984371641,12.60699090745
118,13,103.697072175285,1,1,34918.9221438645,14.6282883287877,6914.26452397499,20.8904568836452,12.9512452035682
118,14,105.580480623824,1,1,37033.4683125136,14.6282883287877,7583.63198711532,29.4467580714943,15.7904694170844
118,15,105.596186460145,1,1,36887.2501549394,14.6282883287877,8749.95303057895,30.4166863450753,13.5053341314751
119,1,84.6773877441342,1,0,39593.4415378521,13.3913884247034,5547.82481374468,24.0638066179536,0
119,2,87.7443864517673,1,0,36418.9949844011,13.3913884247034,6290.07164138719,20.2971460695109,2.2993637981076
119,3,95.2010930639351,1,0,39447.8357402543,13.3913884247034,5907.62494740637,26.6353144301909,3.65221520373635
119,4,92.9215632875066,1,0,37637.2694746773,13.3913884247034,6274.67301173027,25.3082475369643,1.50635013647771
119,5,96.5682625205357,1,0,39833.8269127727,13.3913884247034,4740.1979296909,22.6275528651366,9.73771176240898
119,6,93.3408566340414,1,0,42507.0402626715,13.3913884247034,5506.47431970188,30.6717871942774,4.7690534656884
119,7,109.530243424485,1,1,42839.0247013885,13.3913884247034,6538.85004991487,22.8332659956195,9.42957489619628
119,8,109.193363360088,1,1,41011.9486275204,13.3913884247034,5485.34390823733,25.6681368897157,8.55958183597598
119,9,108.283657486828,1,1,41630.2643878789,13.3913884247034,6629.34086807745,26.2890558249851,8.59235711102818
119,10,107.814513504553,1,1,43859.0214124675,13.3913884247034,6687.99167515378,20.4497600124836,12.0435469729134
119,11,116.723317388489,1,1,43542.4920825337,13.3913884247034,7429.20336782198,29.3869602014402,16.9290576742025
119,12,105.591671576276,1,1,45595.7919846618,13.3913884247034,7413.98311083557,30.5627307873979,12.2929120419548
119,13,115.592699940705,1,1,44900.6365344912,13.3913884247034,8072.47000345226,26.6607066578561,14.2196152121375
119,14,115.138208891128,1,1,44969.0051509697,13.3913884247034,7470.16661441985,28.5248232184488,11.9952220152532
119,15,124.965397600352,1,1,46843.512547596,13.3913884247034,8044.21438946074,23.2287248177336,16.0205051500331
120,1,87.2183133423488,0,0,26220.6808361259,13.4313427361306,4572.62962590474,24.1033394330127,0.214369241972098
120,2,94.1550111955725,0,0,29664.7316162422,13.4313427361306,5718.47905178742,26.6712423276405,5.64616095728809
120,3,80.3625720001209,0,0,29376.4822485365,13.4313427361306,4994.74043332106,25.9509971483364,0
120,4,87.628680885056,0,0,30806.6453050151,13.4313427361306,6163.0118754613,22.5600343440155,0
120,5,101.081725699905,0,0,33358.2755188051,13.4313427361306,7333.45669680625,25.2042256405282,6.24305499699489
120,6,91.4631957376639,0,0,34968.703611327,13.4313427361306,6180.00878001264,28.7142487214654,5.20863296603847
120,7,95.0660847691659,0,1,34191.130331095,13.4313427361306,6689.54433636441,22.8289926322855,7.53166972962598
120,8,94.6675142942443,0,1,35710.614929685,13.4313427361306,7198.0743897733,23.4939337885899,10.508755226296
120,9,95.6082078471799,0,1,37819.5745909389,13.4313427361306,7047.45282876633,21.7001979473842,10.0153345937821
120,10,100.905760539436,0,1,37469.2128440534,13.4313427361306,7650.39632531039,27.2657645380022,8.68172985564869
120,11,90.8256205892837,0,1,37733.2474037903,13.4313427361306,6722.84193886069,22.5649093756054,7.9669440827366
120,12,103.628202663195,0,1,40904.2718150565,13.4313427361306,6481.90663588058,26.7416304132831,14.6170184821589
120,13,103.280662854413,0,1,39518.6350892626,13.4313427361306,7874.30629968018,22.1015245233269,8.75666620917176
120,14,102.907324149635,0,1,41931.2146797401,13.4313427361306,7732.00965670848,21.9347093001946,14.984194401754
120,15,112.005955964572,0,1,42907.510911064,13.4313427361306,7780.31413188965,24.7444289480434,15.8334939485559
121,1,83.733445343726,1,0,49383.6023659433,10.5257840993718,5289.98675241473,21.2957147751656,0
121,2,85.7139588064842,1,0,47724.8978201673,10.5257840993718,4865.58415360727,29.3889882568889,0.0935931452819609
121,3,92.0216941740037,1,0,50463.7662041143,10.5257840993718,5031.27497788563,25.862699929844,1.19498123930419
121,4,96.6546088596871,1,0,52889.1392490529,10.5257840993718,6348.75020416752,24.0158479868241,2.55943733267213
121,5,107.778705268752,1,0,51726.115535299,10.5257840993718,6569.89163312227,20.7877127371674,6.519242480097
121,6,92.2345170287148,1,0,52148.1028771297,10.5257840993718,6096.89567887399,17.8597187815846,7.29165652800317
121,7,108.990646834321,1,1,52673.1664516045,10.5257840993718,7037.01100313527,29.4667705088085,7.30487504222901
121,8,100.238767907465,1,1,53036.7265126474,10.5257840993718,6946.37722746328,30.4127924680301,7.1883267220835
121,9,105.132238872604,1,1,54629.6473821946,10.5257840993718,6926.88972742834,27.5172001548359,11.4506439340011
121,10,118.576365506588,1,1,55648.5662584465,10.5257840993718,6114.60234893238,22.1073956926708,13.1044110220514
121,11,105.56576797615,1,1,57076.6511724708,10.5257840993718,7769.73461734409,29.2407998594959,10.6781426518462
121,12,112.502136302294,1,1,54634.0140058619,10.5257840993718,8224.02550453252,27.4416305445645,13.5245909080425
121,13,111.161032412485,1,1,57167.6184970585,10.5257840993718,7701.02768580765,21.034808764061,15.2726796622687
121,14,113.130341835925,1,1,57191.1910784169,10.5257840993718,7751.15389939563,30.367086837269,11.6080435240745
121,15,130.302212411868,1,1,58201.8709289578,10.5257840993718,8068.41211438066,19.8533869554274,17.1640724231043
122,1,71.5409877432638,0,0,16588.6162130008,8.04184405996739,5249.15143657639,19.2582610096985,2.64432023641521
122,2,75.684246273484,0,0,18494.5695459711,8.04184405996739,4702.90671116154,26.596036241198,2.86699553956384
122,3,70.7312463187729,0,0,18124.1689881544,8.04184405996739,5202.07182962882,21.6372563585963,2.89072838803445
122,4,74.4032976867965,0,0,20766.2106986126,8.04184405996739,6409.27919323901,18.6372731583041,5.61869656616882
122,5,81.3268922642405,0,0,19989.0422524263,8.04184405996739,5958.07001638623,21.0444215846288,5.15504949325134
122,6,74.2730531103597,0,0,21827.5039946577,8.04184405996739,6050.70801463381,33.7914119425648,3.25031637052544
122,7,90.6396352451472,0,1,20465.4486860932,8.04184405996739,6734.35882775922,26.5222615096231,9.24482242920826
122,8,80.9577898807934,0,1,23748.372871048,8.04184405996739,7222.97790550273,20.9677875507118,7.45416239671442
122,9,88.1089915989755,0,1,25357.853554589,8.04184405996739,6389.33941685106,23.6296616626738,6.54980639256422
122,10,88.2415205583663,0,1,25845.0181805949,8.04184405996739,7031.46394953647,26.263222721508,13.7173577247485
122,11,83.7846843191348,0,1,26961.2529330639,8.04184405996739,6900.37648640729,24.0507743557207,9.55472380068896
122,12,81.7386791671658,0,1,25380.3617992236,8.04184405996739,7537.29077951639,26.0784052258393,9.47871677803591
122,13,92.5189110692376,0,1,27395.7278580443,8.04184405996739,8353.41991427828,24.2223660930213,13.2751602917498
122,14,98.8694927400924,0,1,28324.0529035318,8.04184405996739,8416.33037047519,27.5907748506518,11.9471409535261
122,15,94.353321993131,0,1,29942.6741871779,8.04184405996739,8128.95276037489,27.4585872309592,12.0260254536957
123,1,79.7445373683006,0,0,26700.4099913928,15.8862773724939,5140.52817990823,27.8140161863462,3.26499216590003
123,2,73.6774462602267,0,0,27245.0027635756,15.8862773724939,5121.41189975555,24.4426708735733,0
123,3,87.2584302589649,0,0,29706.4997413627,15.8862773724939,4617.46507557564,20.24441551547,2.67864019242245
123,4,87.9151558629352,0,0,29699.3964309383,15.8862773724939,5281.60854169449,30.6456414134755,5.77403499363208
123,5,86.1008209833039,0,0,27432.1064848973,15.8862773724939,6097.35721258365,23.5685157169075,0.820644217143933
123,6,90.9621803690445,0,0,29384.0301332337,15.8862773724939,5478.07411652242,23.5560231851794,7.27207913985289
123,7,86.2915324800046,0,1,29356.5725504902,15.8862773724939,6628.05751533636,32.3905863287514,6.44402661586179
123,8,92.1239055724121,0,1,33900.4055828318,15.8862773724939,6845.53515590555,27.9014413552679,7.56160854276038
123,9,95.7847834866428,0,1,31014.5758298606,15.8862773724939,6405.4654742299,24.7029833530829,6.69919249247798
123,10,103.361638260817,0,1,33237.0399563055,15.8862773724939,7120.10298050017,27.1147096437606,8.72498327611237
123,11,93.0096539423527,0,1,32765.3612335717,15.8862773724939,7508.31855536061,26.0441001676183,9.42282773850595
123,12,93.554435137355,0,1,33358.0100063301,15.8862773724939,6823.70184062806,25.4693228984338,11.6396977666845
123,13,98.2781451077678,0,1,34324.5065568825,15.8862773724939,6629.15174750573,23.5964470225812,11.2109965881273
123,14,96.7552697223272,0,1,34266.7159218351,15.8862773724939,8141.25049760716,28.7699215776832,14.263167357952
123,15,101.154285468364,0,1,35822.3862272232,15.8862773724939,8602.33894118538,27.08151027389,12.4287391003364
124,1,67.615078197411,0,0,38143.5659608301,7.73934152499921,6213.89817753387,24.4584054940463,0
124,2,71.268052550964,0,0,36879.3495269111,7.73934152499921,5627.26357851896,27.3141948472351,2.80431287273693
124,3,72.3078719297656,0,0,38989.5364453069,7.73934152499921,4838.00146638652,24.9650767872858,3.14187948626839
124,4,73.7967531159337,0,0,40002.4989198527,7.73934152499921,5252.2298693595,25.6003817542017,2.17359270074896
124,5,91.7750734135915,0,0,41000.4510021019,7.73934152499921,5767.47307378434,29.3925596583831,7.34193478334715
124,6,85.6276531140415,0,0,43552.5434989278,7.73934152499921,6608.13263344583,26.0961406837003,7.62724683001796
124,7,81.2344527954372,0,1,44954.9889333546,7.73934152499921,6560.86510633602,26.1245717507201,8.05276503233396
124,8,93.2046930486725,0,1,43526.8642349656,7.73934152499921,6507.79911088805,27.4109579322511,10.1187977618064
124,9,91.0832817357179,0,1,45970.8039352275,7.73934152499921,6332.68048176102,23.5143466560094,11.8652463606162
124,10,89.8152852650722,0,1,45240.3038287675,7.73934152499921,7362.60525764729,21.7087150348104,8.84792459795183
124,11,95.0084668978669,0,1,46833.694663382,7.73934152499921,7641.3262227024,28.6052907080349,11.296042157864
124,12,97.2277631846414,0,1,48669.9438689701,7.73934152499921,7889.54345941096,28.8605896952041,12.0914301649558
124,13,88.2191461946766,0,1,49163.2588214998,7.73934152499921,6925.57901804417,27.3324565691008,12.1901500752738
124,14,92.0536679527518,0,1,49652.4346927639,7.73934152499921,8241.63952369728,28.2715006203935,13.6766294236666
124,15,92.7126487919485,0,1,50056.1396394222,7.73934152499921,7365.29244276373,29.2235498504118,13.2329289737965
125,1,76.0992624098447,0,0,34866.0497360901,9.18331224088251,5410.33551334003,23.4204231950577,0.422727553458545
125,2,71.1165405493927,0,0,36327.0702162937,9.18331224088251,5986.99188400056,29.1153787050147,0.834830503494328
125,3,89.4118627934367,0,0,37933.5618807372,9.18331224088251,5272.14608306567,25.4561771978561,4.61050102001493
125,4,87.7930591913363,0,0,37592.2671426572,9.18331224088251,6248.65302090178,17.9688452796815,0
125,5,82.5864439703938,0,0,40151.5958265583,9.18331224088251,5796.04283032763,26.5215674248816,6.25601331967505
125,6,94.5488839343084,0,0,39497.7561906434,9.18331224088251,6356.8801104845,26.0395078042246,3.49349859159436
125,7,98.666157882566,0,1,41212.2396371828,9.18331224088251,7528.6328589789,14.5337990507511,6.09899640628184
125,8,96.6792225593917,0,1,43305.4847268788,9.18331224088251,6561.43852976951,21.9190120453966,7.23516812866509
125,9,98.1481780986797,0,1,43259.3479805727,9.18331224088251,6415.29981100189,21.7620100138448,13.7926797736267
125,10,101.704815056829,0,1,44269.0232435402,9.18331224088251,6794.52730602629,23.9621669061574,8.36658104338139
125,11,99.1381736467173,0,1,46098.0425903325,9.18331224088251,6997.10892479548,24.1090051170435,9.54040942909235
125,12,98.2626871712656,0,1,47277.5657135925,9.18331224088251,7783.05286835011,26.284459723662,13.1647309172375
125,13,98.8841196101941,0,1,49273.3690044859,9.18331224088251,7005.2453815233,26.3651126053699,13.0893046733687
125,14,96.6955196692086,0,1,49202.2569232402,9.18331224088251,7484.81711912381,19.0807138641877,10.5011262107404
125,15,118.608872949311,0,1,48831.6107582438,9.18331224088251,8405.1126830533,24.6922331610472,13.1016868343797
126,1,68.7808938881615,1,0,25818.4577943466,13.8868949775595,5264.62060642663,23.1456650686458,0
126,2,88.5063768645282,1,0,27033.9696260929,13.8868949775595,6636.83257442921,25.8158458957702,2.6882895423688
126,3,83.0733944652753,1,0,27922.2567064167,13.8868949775595,5723.04059256897,24.4688444696803,5.29574881394973
126,4,98.0989019079638,1,0,30366.632199211,13.8868949775595,5460.82344884014,21.7199227564853,3.17590496657562
126,5,92.262866706239,1,0,33736.6377943409,13.8868949775595,5512.86459796469,23.1614545801828,3.14020118500275
126,6,94.6158404990362,1,0,33219.1843709815,13.8868949775595,6830.98651899635,26.7701808423641,3.07700831956055
126,7,104.288364687224,1,1,33460.3215411353,13.8868949775595,6009.16340825186,23.5426112821485,9.44078586517774
126,8,86.6228336677606,1,1,35308.9724862015,13.8868949775595,6676.12062763352,24.2627785312952,6.64114612574074
126,9,98.1731427583931,1,1,37438.217744169,13.8868949775595,6480.98446012821,20.7170287813309,8.3480594130815
126,10,105.433843701471,1,1,36876.3265275121,13.8868949775595,7591.74870221013,24.8742207789482,7.03751290130991
126,11,100.920931777484,1,1,39040.2183764884,13.8868949775595,7543.30422493742,25.8948980978214,10.6553105062344
126,12,100.551455967311,1,1,40127.7812237021,13.8868949775595,7449.32909142043,21.0852053266365,7.6765729204663
126,13,108.737986984712,1,1,40633.391482728,13.8868949775595,8337.17650326347,31.2780804418489,13.9975995801107
126,14,97.7004577817441,1,1,42002.7165164405,13.8868949775595,7021.57224023789,31.0225392993683,10.9172838021061
126,15,115.609071673954,1,1,43788.2057140959,13.8868949775595,7934.65939057012,25.9517507163799,14.106596471297
127,1,77.6348858044186,0,0,22959.0355508612,8.2134163518312,4542.97383885457,27.4955546323861,3.10769633835136
127,2,85.8195005876446,0,0,23605.2853292524,8.2134163518312,5516.58303123575,20.2479332759678,4.22535595299089
127,3,76.9801090630388,0,0,24310.3244768125,8.2134163518312,6037.16069634447,24.8851489487651,4.10152066195487
127,4,78.7469119760416,0,0,26154.7966644483,8.2134163518312,5979.97504300961,26.1303368627222,4.71763840987304
127,5,85.7236460267478,0,0,26768.3327222224,8.2134163518312,5571.01686326084,23.0254161435422,7.83943673961001
127,6,98.0695584339702,0,0,27411.1365742538,8.2134163518312,6032.45616676128,17.845536399957,8.27712425163794
127,7,91.6825905808606,0,1,28918.9834526245,8.2134163518312,6123.12868323335,24.4652964169506,5.15503092977551
127,8,91.6009030078832,0,1,28928.8481924931,8.2134163518312,6377.96048643786,24.0607572188592,7.82469864824622
127,9,92.4928912054592,0,1,29859.0156376519,8.2134163518312,6696.78701874117,24.2614997659563,9.20162129055291
127,10,96.5168525262816,0,1,32994.521510182,8.2134163518312,7365.07404508579,25.0883413637006,8.65049916009068
127,11,97.2731264954792,0,1,31699.1194463561,8.2134163518312,6688.57293410257,26.9210816307207,13.521319391882
127,12,94.5129631009142,0,1,33855.783701082,8.2134163518312,7172.63828544246,26.1626035299636,10.3468240138297
127,13,97.8655290455133,0,1,33531.1291934343,8.2134163518312,8309.89477010227,28.4958165419624,11.0286017649084
127,14,116.549870058471,0,1,35228.426257095,8.2134163518312,8206.33845613052,25.2636573013996,17.6244168994913
127,15,104.464198446498,0,1,36808.9183172419,8.2134163518312,8414.81960714653,26.1819050083967,16.9009159092201
128,1,66.2315628350165,0,0,31314.9221044225,10.3443887601816,5859.58416439478,24.3340407220417,0
128,2,79.4167465277527,0,0,34088.1508106437,10.3443887601816,5538.45695103445,25.6200233611177,0
128,3,69.5435882432219,0,0,34880.6806190078,10.3443887601816,6067.82260009616,20.0010941400458,1.94367125442831
128,4,72.4833431725724,0,0,35513.8123507032,10.3443887601816,5531.95375462362,21.6629208223542,2.22453398647417
128,5,75.4846346066791,0,0,37244.5384346659,10.3443887601816,5430.55776240893,23.9765799106581,5.30995155630609
128,6,83.0864670034187,0,0,38242.7699784422,10.3443887601816,5724.38747584328,27.2110132867579,8.72725998281003
128,7,83.7224259045372,0,1,38496.7283603255,10.3443887601816,6007.9227057103,21.4336903441762,7.50550093837877
128,8,82.7333099454934,0,1,39107.9677248023,10.3443887601816,5813.90289871747,22.9822037938674,7.39976958112046
128,9,84.4793284036807,0,1,41779.8166647077,10.3443887601816,7320.17069241916,29.7277365069421,8.94853291343326
128,10,89.7348700460615,0,1,41837.6169767488,10.3443887601816,6655.39068186463,26.7520344327659,9.47458594818957
128,11,91.142157909026,0,1,43975.7714083921,10.3443887601816,6315.93101297789,21.5172956416589,8.37820251708951
128,12,81.9899884941277,0,1,43531.5684831886,10.3443887601816,6858.41368382788,26.0698776311546,10.3060436160364
128,13,86.6949045049442,0,1,45419.2654097004,10.3443887601816,7017.34768088689,26.5349415506663,13.1033238343262
128,14,91.8897930608218,0,1,47789.0619646971,10.3443887601816,6843.46972918042,26.5058484064557,16.0340731897662
128,15,97.6734812010664,0,1,49730.9271960094,10.3443887601816,8215.11033674774,28.0392940067399,13.6224809368607
129,1,74.1841715634406,0,0,31104.1040256123,8.45160147965257,5315.63002056085,26.6472692345721,2.34435030085688
129,2,71.510596587604,0,0,30989.6752755492,8.45160147965257,4512.35944142921,19.5284407321186,4.12030521849255
129,3,77.1464056055746,0,0,32618.0576415377,8.45160147965257,6404.75853523192,23.9516900958496,4.88092913131541
129,4,82.4373725344263,0,0,35176.3159482613,8.45160147965257,5458.87097495129,26.5980708873052,6.48853564697298
129,5,84.6404986528015,0,0,35650.6488608942,8.45160147965257,5752.06418222214,25.7068315925172,6.45896587637154
129,6,93.0606815627953,0,0,36968.289724048,8.45160147965257,5964.06540919702,23.7485907796939,5.95794234811997
129,7,81.2629160622969,0,1,38227.2351205809,8.45160147965257,5112.92816355374,25.6385762237324,5.98314639662875
129,8,88.2230226223118,0,1,38657.2869257444,8.45160147965257,6757.72154526572,26.4055409021687,5.87741866916513
129,9,86.69307608294,0,1,40438.4837278921,8.45160147965257,6698.90505021672,30.2489881572911,9.3427309790006
129,10,99.1025510967451,0,1,39405.1745562524,8.45160147965257,6832.22235555864,26.5117083905577,13.9708999033436
129,11,96.8032189690058,0,1,41727.3185495261,8.45160147965257,7551.32322181023,22.3150511303167,11.2918049858483
129,12,97.7860245664073,0,1,42137.4757541262,8.45160147965257,7557.16747838061,29.0481835564517,13.187910815959
129,13,101.981034482231,0,1,43727.9817522765,8.45160147965257,7276.61845160177,25.71899820339,10.8981068432434
129,14,101.613281807462,0,1,45900.9256098428,8.45160147965257,7641.25850977297,23.489161425167,15.4747320164458
129,15,102.668162127813,0,1,46128.6059026725,8.45160147965257,7202.47093606429,27.7197324158972,16.7053722508149
130,1,74.630420520389,1,0,15821.7384257306,13.8619906731869,6621.49789961244,27.7691588477759,3.25845194364209
130,2,74.5967128463846,1,0,16874.8460242407,13.8619906731869,4869.12365954318,27.5885413626659,3.99736302746097
130,3,74.932456932424,1,0,17047.286527985,13.8619906731869,5244.23875901951,26.5075846898009,4.18650846886447
130,4,79.4449285711258,1,0,18682.4359211793,13.8619906731869,6618.83191568334,18.9818518582829,4.50351866875287
130,5,85.7437847631276,1,0,19046.2782919848,13.8619906731869,6168.28986742931,27.8564366649661,6.09572578751336
130,6,75.2128801008124,1,0,21111.0729026621,13.8619906731869,5534.35295288589,26.4557086547782,8.88356963517175
130,7,94.6809548294287,1,1,20600.3976210402,13.8619906731869,6646.67612190915,20.2441147706134,6.41896999728929
130,8,82.4581108290125,1,1,22577.064953981,13.8619906731869,6282.13554694224,23.6459588869646,7.19892745127925
130,9,102.690472168224,1,1,23361.1053944717,13.8619906731869,6677.30810524551,28.201536053198,7.78532956891784
130,10,101.957623217074,1,1,22978.6700621748,13.8619906731869,7453.66804358931,20.1687981706078,9.83820492857521
130,11,101.712824843733,1,1,25614.117038971,13.8619906731869,6695.59360114898,25.0045285153872,11.3628783758491
130,12,94.2497210550508,1,1,24988.1746188378,13.8619906731869,6956.05747601906,23.9438043172787,10.9700440476661
130,13,96.5584771797164,1,1,25082.056909099,13.8619906731869,7628.58700467211,29.0308018822477,12.5500243381761
130,14,101.877087406283,1,1,26582.8996999721,13.8619906731869,7153.50895430638,30.5770426792408,16.4806601254843
130,15,99.9000143935559,1,1,26291.1628479435,13.8619906731869,7986.71429488603,26.4297657458443,13.7185947828829
131,1,71.1155286429235,1,0,31822.8092642973,13.3389390499143,4421.68060615229,27.3582333508202,0
131,2,84.0968734506523,1,0,31172.0554442747,13.3389390499143,5014.47671562665,21.0446600561649,3.60211590165506
131,3,92.2218100938588,1,0,34255.6238150511,13.3389390499143,6578.48243827003,24.8624252175485,5.02375455353343
131,4,80.4097182817623,1,0,31783.8317420024,13.3389390499143,6083.62212086329,25.2337475636174,2.71490095608242
131,5,79.8515918200209,1,0,33640.9856530619,13.3389390499143,5923.61603898883,22.7024968290421,2.51676128324126
131,6,92.8803003600851,1,0,35310.5073305524,13.3389390499143,5620.21993433674,22.3486937370702,6.17823260486331
131,7,91.9751651611506,1,1,35843.5631506987,13.3389390499143,6797.29888821406,25.2476411337263,5.35840070527761
131,8,93.4119095441767,1,1,38786.6132896509,13.3389390499143,6067.06823469573,30.1155847419714,5.94017389708678
131,9,102.581105039365,1,1,38274.6495940573,13.3389390499143,6543.35396508824,28.5397722966236,10.9814982757429
131,10,105.86847809481,1,1,39585.287429265,13.3389390499143,6467.04506258902,28.4340174615035,12.591993442595
131,11,107.396451822764,1,1,40833.2600186283,13.3389390499143,6878.41210628109,22.1280417808975,14.4443285810248
131,12,93.9982582825461,1,1,41174.1758603112,13.3389390499143,7808.70702404793,25.1188377188408,6.80755182247277
131,13,105.166466081204,1,1,42877.7153942468,13.3389390499143,7285.44432947924,19.8455896444019,12.7044864369211
131,14,102.726014232991,1,1,43251.8290311401,13.3389390499143,8545.53323857726,24.5562988393059,16.7264001047554
131,15,102.523884336414,1,1,44405.7340561142,13.3389390499143,8116.92490189052,21.8009498047464,14.2995945599572
132,1,71.0333844559391,1,0,30641.4362188896,13.2656540798211,5196.10029765431,28.2287655921651,0
132,2,84.0734189200243,1,0,31606.7231068784,13.2656540798211,4742.54159749459,25.7937061663626,4.18224009683691
132,3,81.9287007405306,1,0,31112.2385126675,13.2656540798211,5767.69288886732,20.0837561442898,3.45493546317467
132,4,94.0028925496123,1,0,33690.974292615,13.2656540798211,5753.41632644718,17.8534965018185,5.85791962740942
132,5,87.9635293330452,1,0,35981.6048102618,13.2656540798211,6323.29810689168,29.0665573640909,6.37229492396653
132,6,73.1536978554808,1,0,34177.0466395525,13.2656540798211,5715.33413391919,25.3179022755766,5.09779985016334
132,7,89.7307732094898,1,1,36076.1138517217,13.2656540798211,7240.59559359208,26.1033451739589,9.47730060225633
132,8,103.706730159042,1,1,36807.6079513651,13.2656540798211,6778.65370629353,22.2914419238996,8.18071480626507
132,9,93.6000705327447,1,1,37210.7793441735,13.2656540798211,6329.90042928557,26.0926195504979,9.90811728705997
132,10,100.161737364957,1,1,37293.6314881456,13.2656540798211,7029.77801321586,25.2821626258096,13.3612313097943
132,11,95.1461958938708,1,1,37565.3112176691,13.2656540798211,7249.3232643717,22.4535948116093,7.97740395312974
132,12,96.9709793830786,1,1,38152.2884573928,13.2656540798211,7562.22111786128,24.8365063314879,10.9817932872948
132,13,95.9299981479157,1,1,39412.1108228619,13.2656540798211,6892.68340630939,25.1143440159103,14.3528235517892
132,14,105.842235191169,1,1,41299.8971444949,13.2656540798211,8225.14092531529,25.0033941800436,12.9053096404885
132,15,99.0055211952703,1,1,39812.3524059679,13.2656540798211,7529.55316375959,26.1446362854127,11.4846042949152
133,1,89.2937205014638,1,0,32038.2363548615,13.3273943164369,4940.62062462548,24.5277072586034,0
133,2,86.7837389162537,1,0,33022.9984646951,13.3273943164369,5662.33182353335,18.1131438189664,3.92384368484704
133,3,95.0813190920395,1,0,34478.1033643209,13.3273943164369,5388.60280820216,24.5661554809605,2.71950057095437
133,4,85.9983382291741,1,0,34218.3213233096,13.3273943164369,5713.0489877182,28.3926532946976,4.07237178926432
133,5,87.2801361976872,1,0,35850.3263138791,13.3273943164369,5575.71157408238,21.8361368026024,5.46703234997888
133,6,94.6890310058293,1,0,34478.8357644988,13.3273943164369,5783.54016039442,23.4560506380961,9.35077144539272
133,7,106.881494130367,1,1,37456.9277941365,13.3273943164369,6702.27373875077,23.6654075391911,6.0169648748593
133,8,101.57163341555,1,1,37597.8587125833,13.3273943164369,7087.72093478152,23.1353010158642,7.94871308736849
133,9,100.099795329409,1,1,37168.8019966044,13.3273943164369,6222.11886069598,21.2344739316737,11.3202194749606
133,10,101.352198090992,1,1,36697.048200731,13.3273943164369,6643.10049636746,24.4287365583241,10.9615109269639
133,11,104.08445069844,1,1,39425.0297682413,13.3273943164369,6874.89668498116,26.8982279753144,9.28392064299965
133,12,102.56952760848,1,1,41222.1867014185,13.3273943164369,6549.8413020542,26.8431969890668,8.82138526289817
133,13,113.746292217888,1,1,41635.3408313305,13.3273943164369,7491.6959520211,29.7233961149719,14.413032183087
133,14,107.210948536882,1,1,41715.0787117465,13.3273943164369,7919.85210561882,23.8930203666886,13.7319315993242
133,15,113.491680371009,1,1,42892.2700239793,13.3273943164369,7977.04672984954,23.1900140623703,16.3121031104718
134,1,68.9571099689973,1,0,22760.0470027484,13.6717372391368,5038.73975558221,24.9461543646728,0
134,2,93.7996517337626,1,0,22895.8386163232,13.6717372391368,5720.48342933424,23.6400823516455,4.89720958951946
134,3,80.7688905953973,1,0,24746.9969631192,13.6717372391368,6969.6369290046,24.6978090521889,3.48555579649655
134,4,75.8723253601078,1,0,25848.9031728258,13.6717372391368,4638.80729886719,20.8770309065541,5.86471142682572
134,5,70.7508075509341,1,0,26057.9959070791,13.6717372391368,5122.07979285872,26.82515432431,3.81345737332637
134,6,87.6421817152125,1,0,28023.2156730117,13.6717372391368,6333.11864547002,25.9302679687348,2.69537494490738
134,7,98.4939904923039,1,1,29179.7731647046,13.6717372391368,7141.14683974132,22.5086800048526,7.51611475995574
134,8,85.3197983651905,1,1,30439.7291942424,13.6717372391368,5820.45019166358,22.0324366244104,4.5981794702253
134,9,95.510215553216,1,1,31668.6448562261,13.6717372391368,6747.98476664972,25.798217159606,8.05607933626575
134,10,100.059162915617,1,1,32412.1016891356,13.6717372391368,7617.52249563112,23.3455773863725,13.8777767464971
134,11,96.427789633069,1,1,33347.382744738,13.6717372391368,7642.67678565967,21.1606791091923,10.7400327704501
134,12,93.99995156839,1,1,33994.7464627535,13.6717372391368,7454.64512023846,23.895219276555,12.0640236205106
134,13,108.298018179521,1,1,35583.1296061112,13.6717372391368,7619.16881996997,23.5686148053507,15.7980903908934
134,14,96.9874022358206,1,1,34909.317000444,13.6717372391368,8106.75368225432,28.0498426955081,13.8096563941742
134,15,101.664205996426,1,1,37877.0249772665,13.6717372391368,7892.25805632297,23.3931788011742,16.4760835774333
135,1,84.3101611843239,1,0,34182.4136804871,13.9180694759116,6026.76133936114,24.618389261058,0.708497567870917
135,2,86.7282905974482,1,0,37963.1087064967,13.9180694759116,5121.24642265382,20.989450121127,3.2856976483937
135,3,95.4886116693297,1,0,35937.4986535856,13.9180694759116,5262.20357351276,27.7729321413687,3.07216775489786
135,4,90.0289210287023,1,0,34554.463712158,13.9180694759116,6274.07293667149,25.5069029611433,6.08082827898522
135,5,95.4551423115851,1,0,39722.4356707748,13.9180694759116,6205.22599638607,19.5078395052885,2.16849464727361
135,6,103.180673727606,1,0,38659.954816921,13.9180694759116,6851.89843067349,23.7266342037315,7.23989240652009
135,7,104.832022745921,1,1,40759.8149451559,13.9180694759116,5340.47816537946,28.8585132972057,6.01981139461609
135,8,96.4694698434917,1,1,41300.8629257961,13.9180694759116,6529.29025243627,27.7300356617556,6.15763751777299
135,9,97.1731035386272,1,1,43079.6897468274,13.9180694759116,6597.45470189729,26.4138396598233,9.41535243812412
135,10,101.510125642643,1,1,41988.3684894624,13.9180694759116,6813.56705389188,26.4359775582694,8.12104654736664
135,11,111.845378427751,1,1,42610.8297508343,13.9180694759116,7715.501257699,25.1967190332079,9.63829655402829
135,12,96.0983894054903,1,1,45773.1171709576,13.9180694759116,6698.08585852629,25.6557189434326,13.368297032641
135,13,116.139655093072,1,1,44657.8375319692,13.9180694759116,7663.78015415357,21.6143772331556,10.4255631456284
135,14,114.581534293916,1,1,44990.9677102985,13.9180694759116,8370.07466530971,29.4940654271419,15.9894964725484
135,15,113.75026197695,1,1,48210.8881518779,13.9180694759116,8351.07333296148,27.2105897095438,15.400851338974
136,1,80.654191323369,1,0,41854.7742864086,6.09401532997734,4289.07747943052,23.0552650187177,2.37153648353235
136,2,72.6421606689425,1,0,45089.708252713,6.09401532997734,5143.22124086666,24.0608396668726,1.96821198790956
136,3,77.4944502132847,1,0,44046.5851172838,6.09401532997734,5110.89590401239,25.3811303426986,1.24620675779575
136,4,92.3024847062289,1,0,44241.3542206129,6.09401532997734,5337.23639985957,23.2668107586096,2.19850925170133
136,5,87.8858064197767,1,0,44858.7338774044,6.09401532997734,5566.36201207505,19.0358048922384,4.73318468355702
136,6,81.7185117901698,1,0,48061.998566928,6.09401532997734,6557.84073847995,23.9493649214915,3.49813153578701
136,7,90.3349386968123,1,1,46053.9334757179,6.09401532997734,5877.97220514717,25.9770953013342,6.57047242125012
136,8,94.0784278331566,1,1,48777.2948715854,6.09401532997734,6999.80293742207,23.1002681924366,7.55165917793802
136,9,108.036700856445,1,1,49613.4843078459,6.09401532997734,6814.03469486596,21.5145562101298,13.7224539008326
136,10,103.49184696958,1,1,49370.469827285,6.09401532997734,6401.31934913222,26.0232578854291,10.1686106326353
136,11,96.8974555173953,1,1,52370.465105074,6.09401532997734,7323.73809976536,29.478714170709,7.69052603653041
136,12,98.3490368852327,1,1,50978.5632271063,6.09401532997734,7969.30355218849,19.5158695000843,12.1282008317633
136,13,113.605383733933,1,1,52598.2183000438,6.09401532997734,7779.52040643467,23.4424877652901,13.6371323670811
136,14,107.040299555032,1,1,53896.7900281413,6.09401532997734,8283.02361217781,18.5261815906735,12.5792097754767
136,15,113.704722926451,1,1,56723.7590640153,6.09401532997734,8189.09270646508,26.253469231463,14.3387046736607
137,1,86.7981595908735,1,0,34857.4172558158,11.5535509159204,5264.07492264248,18.5445619183819,0
137,2,81.0043404305829,1,0,36566.1868386957,11.5535509159204,4327.64365087835,26.5177211233908,3.66545890984247
137,3,85.8882799667949,1,0,34698.449978424,11.5535509159204,6103.87105043598,26.2764762780315,4.83222399388353
137,4,86.5786968007086,1,0,34273.9460869052,11.5535509159204,5021.40455316469,24.6763467306296,3.07580384752587
137,5,88.5347745161813,1,0,37501.1169709339,11.5535509159204,5312.57294541376,27.8955966697448,6.10855170813211
137,6,88.9546049540265,1,0,35575.6649781277,11.5535509159204,6442.0472967073,28.6008498225679,6.93237832422245
137,7,98.8191004043626,1,1,36454.2974059818,11.5535509159204,6609.60886149696,26.8005965908225,7.08149955114632
137,8,110.167982151154,1,1,38999.6517641773,11.5535509159204,6764.54163399423,27.6516781397798,10.7926497090615
137,9,107.97004305935,1,1,38925.4787273329,11.5535509159204,7641.37624908963,22.5508770673155,8.33457201197969
137,10,103.534580591139,1,1,40420.6484277238,11.5535509159204,7477.86241003312,28.2945824240108,9.20458366328146
137,11,103.212861340259,1,1,41599.1776793944,11.5535509159204,6899.70884113724,22.018951244432,7.13022234849068
137,12,110.62546643399,1,1,41671.1216128498,11.5535509159204,6854.27207357098,27.8307231652039,11.3270109134405
137,13,112.165563173709,1,1,41733.0805033587,11.5535509159204,8365.10403352643,24.7367922943521,13.5205591765574
137,14,100.402398473599,1,1,42495.142927943,11.5535509159204,7665.74648967675,29.4556641001103,12.7707483170329
137,15,106.06610733585,1,1,42680.324758215,11.5535509159204,7989.45940340857,26.7350450988369,11.9836900553524
138,1,73.7776831273552,1,0,23302.7818766637,12.3373914376557,5809.56922121449,25.0765045822677,0.0575407274511387
138,2,80.9395316750147,1,0,22325.8763273237,12.3373914376557,5202.36496153548,26.3177180737345,2.51458219163262
138,3,72.5349577085478,1,0,23759.7281307404,12.3373914376557,5388.24893419609,28.5379469129405,1.65327954411116
138,4,76.6836324037021,1,0,22691.5653725454,12.3373914376557,5415.33662190631,21.1490129875552,1.86036264321565
138,5,79.8718745429522,1,0,24350.0212435184,12.3373914376557,6376.80982553723,30.2461670942922,7.79678593243123
138,6,80.0200395533348,1,0,22992.2490324202,12.3373914376557,5771.6403300561,23.9730155751147,7.27410656559863
138,7,83.0277993123421,1,1,25807.7033162205,12.3373914376557,5323.46034260087,26.345713669486,9.0430395980236
138,8,91.0722967260143,1,1,24859.794302331,12.3373914376557,6065.27695299548,19.5209933086173,6.88143795199864
138,9,88.7434498457414,1,1,26894.2940379755,12.3373914376557,6741.03344666749,24.193507560544,9.34931500889953
138,10,86.6683756523591,1,1,27466.1489020534,12.3373914376557,6528.98296568021,24.143556453027,12.3103465665719
138,11,94.0705687562209,1,1,29357.3824078619,12.3373914376557,7340.4362677936,28.0694979107623,9.91879969317688
138,12,84.8001818779544,1,1,28422.2290333186,12.3373914376557,7556.51153576564,23.5620736905023,8.44505018766114
138,13,88.2325304155639,1,1,29079.3793949891,12.3373914376557,6794.72649204636,27.9371901653662,11.4573179033473
138,14,89.2941264955527,1,1,28449.6414812448,12.3373914376557,7670.88026509789,27.5090098224153,15.0906282002746
138,15,93.7476932667772,1,1,31722.1342467532,12.3373914376557,8451.81010068864,21.8035301740173,15.8088968050441
139,1,82.9142761072252,1,0,28250.5866579647,14.1740286079433,5393.14160477244,30.3808576246981,1.05949740825076
139,2,88.7882085105101,1,0,27582.9165980157,14.1740286079433,5453.01521918445,20.3787548467667,2.29131694680193
139,3,86.7708170483399,1,0,29936.310573726,14.1740286079433,4706.49165693921,20.1862519105239,5.84013109720369
139,4,85.4724389267024,1,0,28693.3953760203,14.1740286079433,5868.43376197257,32.3953779787035,1.61476541747686
139,5,97.5224523213122,1,0,28747.9081867272,14.1740286079433,6695.14079986041,21.7292667567091,8.37387240440099
139,6,89.6706770658897,1,0,30626.4544252342,14.1740286079433,6826.55361539182,23.8831740844719,7.0002247170571
139,7,100.598167892528,1,1,31730.6723627043,14.1740286079433,6166.40473707926,23.2249854453221,4.77891275119681
139,8,101.716030024513,1,1,30197.9462478168,14.1740286079433,7055.43270872068,24.1955805702931,5.48985914569666
139,9,94.8720522018519,1,1,30702.9120160256,14.1740286079433,7241.40864842683,24.0927271308071,9.27671176824767
139,10,108.677752196852,1,1,33032.0440958582,14.1740286079433,7703.28372511441,27.2668702383012,9.02922599995258
139,11,109.986137501555,1,1,34113.1382993362,14.1740286079433,7608.80615841979,25.1011668213371,12.0379661399441
139,12,103.412561684324,1,1,31935.2954350999,14.1740286079433,6693.33121940552,24.963070844637,14.5244028539208
139,13,112.566535397608,1,1,33220.673107163,14.1740286079433,7979.62687563177,24.7113968340427,14.1848376259546
139,14,97.9049868658384,1,1,35881.7093435698,14.1740286079433,6774.00566860962,25.001017086529,10.2481788421058
139,15,103.045560492969,1,1,37109.7526584208,14.1740286079433,8560.59316534405,24.6695561243572,10.3239768083956
140,1,80.4585915445506,0,0,33266.9525410011,8.43754177198415,5841.82950110797,26.9730982619672,4.05881443328717
140,2,80.794539217436,0,0,35727.3696750204,8.43754177198415,5522.70838327927,24.7446906827889,0
140,3,68.1011912060863,0,0,34792.2200608087,8.43754177198415,4628.69879807399,27.0951979276396,2.60423023658117
140,4,77.4441393150728,0,0,36118.3698398316,8.43754177198415,6333.93507333696,24.9083742481243,3.98579305169569
140,5,85.262105604422,0,0,38513.8675675882,8.43754177198415,6461.03010735645,27.4894244503222,4.39444203512459
140,6,81.3692571162656,0,0,37961.6266378689,8.43754177198415,6847.90420413358,27.1270140530332,7.20539399598883
140,7,74.9915868769813,0,1,38948.1162765329,8.43754177198415,6318.451213292,22.1184615014347,4.75228928913587
140,8,83.7315446453699,0,1,38901.4316413858,8.43754177198415,6574.52188534073,21.5736413977045,6.16427709507916
140,9,85.5923924220357,0,1,40747.3721268433,8.43754177198415,7473.92432101958,20.4045339556358,10.7924162860336
140,10,95.6407673556926,0,1,40915.1551117566,8.43754177198415,7292.50350933707,21.487763938072,7.28185112109915
140,11,81.2711660344417,0,1,40639.0403535163,8.43754177198415,6657.94128983631,15.9422578019833,10.2126471765755
140,12,94.0397693543468,0,1,42347.0471724221,8.43754177198415,7715.71592434549,30.0349079244345,11.9662110450871
140,13,90.3830448000629,0,1,43957.9491278748,8.43754177198415,7811.10634062137,28.0532205617935,13.1027276625109
140,14,96.7005765690087,0,1,45239.2891384438,8.43754177198415,8146.40661551181,22.4575308628941,15.3989145407609
140,15,109.159633281713,0,1,47022.7524628138,8.43754177198415,8261.87839947535,23.4184222882483,18.7994303300875
141,1,79.1409623593099,0,0,25464.0676501826,10.5011994305523,5460.16851285236,30.6131164594876,2.044997081652
141,2,80.0542749959497,0,0,25900.0251729381,10.5011994305523,5771.8702869857,20.232356090933,1.17405625379942
141,3,73.2248410449373,0,0,27735.463760867,10.5011994305523,5453.64103611954,24.934078727525,3.35678063408987
141,4,83.9249849011181,0,0,29646.2852381392,10.5011994305523,6519.06740872227,20.8546645516269,2.29710791818902
141,5,80.578447182847,0,0,27747.6895693561,10.5011994305523,5551.2411622654,26.3041077224406,4.1978331759024
141,6,75.0000090809866,0,0,29613.0113834316,10.5011994305523,6460.7914266806,29.6132490288639,5.83523563385764
141,7,75.7087952427705,0,1,29523.1071316805,10.5011994305523,5393.36621759357,27.1556161529928,6.68648811554904
141,8,79.7197906145976,0,1,29562.7767623337,10.5011994305523,6637.85890511749,26.3452617536818,8.90732117402697
141,9,90.4256413902528,0,1,28319.8361646631,10.5011994305523,6777.73288218312,22.5300688776942,8.62455943804861
141,10,82.5803063195871,0,1,29875.0669430177,10.5011994305523,6742.50927492973,29.2474131178226,11.6746595722305
141,11,86.5183759021089,0,1,30887.7742301264,10.5011994305523,6414.8123621777,25.4481109433239,15.5856755635669
141,12,92.3308000576008,0,1,30936.2094525907,10.5011994305523,6427.06933458231,28.5673691105411,12.4144129968712
141,13,89.475958132975,0,1,31487.0651706344,10.5011994305523,7529.30793481755,26.959225862172,11.3614147637363
141,14,92.0622566815743,0,1,32837.2880991974,10.5011994305523,6903.80587978387,23.8747933288914,11.4783025400088
141,15,95.0151157587412,0,1,34804.0014925346,10.5011994305523,7945.01447882297,26.4476696964972,17.4536332479924
142,1,66.0205633271556,0,0,12731.0570713961,8.77907102774652,4694.8744752146,25.0487199073752,0
142,2,72.195790214402,0,0,14681.8209938784,8.77907102774652,5906.91895459722,26.8676085985586,1.36951936270665
142,3,73.9210438617986,0,0,15273.0613585775,8.77907102774652,5981.51090079918,18.8132275108168,4.12071387031483
142,4,71.6633647266178,0,0,17181.562231112,8.77907102774652,5518.54527909984,23.7863676267106,3.67354330387124
142,5,79.4943688669805,0,0,17339.3075514528,8.77907102774652,6475.04343972227,20.9434904920133,5.24287569446408
142,6,81.5886745194277,0,0,18045.1159961786,8.77907102774652,7218.45248689232,26.1219945204835,6.75244747039091
142,7,86.0433744714469,0,1,18541.4978570309,8.77907102774652,6762.66955233872,21.7644539343436,9.21010013772997
142,8,87.8586766176833,0,1,20929.9942105541,8.77907102774652,6828.40561818444,21.4655654758379,3.58436512964085
142,9,85.8662945571967,0,1,22089.8368981046,8.77907102774652,6473.61315325878,23.6274297601819,11.8074536633965
142,10,93.3046820340855,0,1,21882.354583544,8.77907102774652,6574.35914108151,22.9554280609819,10.6393723004087
142,11,90.6753230480851,0,1,26047.1031290372,8.77907102774652,7148.51928922548,23.454140107307,10.7046911900536
142,12,89.8731098206259,0,1,23684.735443942,8.77907102774652,7780.50552546879,25.8952420892886,9.5571468319062
142,13,88.0513415439406,0,1,27523.9608842671,8.77907102774652,7140.91151781535,24.8128453162408,12.8530713860772
142,14,94.7124275878929,0,1,25378.6656900898,8.77907102774652,7389.1906016286,25.7067089266317,15.1347562593154
142,15,96.9176357312098,0,1,24854.2464280082,8.77907102774652,7749.72400328642,21.3730710733929,16.5217064746964
143,1,86.4557592891345,0,0,36225.9566976682,15.171720638129,4856.08567885271,25.9713453952778,2.24320820856665
143,2,95.5070770386277,0,0,37355.9700523645,15.171720638129,5332.6805185794,22.8855480403619,1.58235931895307
143,3,93.6703949127253,0,0,40282.5646955081,15.171720638129,5012.10584531199,24.6750912672222,2.23088662992875
143,4,94.0355588888344,0,0,41084.196732805,15.171720638129,5044.91490201347,21.844956005615,5.66615867496597
143,5,94.0339845046734,0,0,40355.1987412535,15.171720638129,6726.21787469257,25.9594609208941,7.66610441336824
143,6,99.1630124966076,0,0,40842.8021584735,15.171720638129,6493.20602657605,26.5762835865867,8.51459790001685
143,7,109.668715755472,0,1,40574.0682908807,15.171720638129,6574.85603090371,25.3543451087012,7.68697004228099
143,8,105.180167788641,0,1,41011.0647047641,15.171720638129,5789.83203073606,25.3255514805529,7.74906318211318
143,9,100.349058997245,0,1,41546.5539165857,15.171720638129,5400.65091513883,28.4837006179893,10.4541995423673
143,10,99.5037392512121,0,1,41970.6237414576,15.171720638129,7476.10063121381,26.6322889945069,9.50295862404746
143,11,106.245168220048,0,1,42877.9680041236,15.171720638129,7543.95706377149,27.6239979977024,11.0915051727181
143,12,108.060826536634,0,1,43371.9174036265,15.171720638129,7675.1266671674,23.8777287940829,14.2495195688407
143,13,116.285878055906,0,1,45099.861338761,15.171720638129,7962.75655765172,24.3073310095816,12.9476953331614
143,14,113.697762286198,0,1,45918.8592785058,15.171720638129,8244.87110267636,27.2212735916922,12.7529574403737
143,15,110.695781946278,0,1,47327.9380788601,15.171720638129,8025.52822454647,25.4734986483011,16.9888351254106
144,1,68.8137084621013,0,0,22081.2638450017,15.837217749628,4406.28413962902,26.1566742527943,0.2370589694868
144,2,74.5601619533014,0,0,26190.7109721573,15.837217749628,5325.45467178288,31.2902617789713,0
144,3,76.3009116823993,0,0,26542.8289035958,15.837217749628,6396.72353108265,27.902682499475,2.92327046397937
144,4,85.5895534731642,0,0,27760.6128709619,15.837217749628,5508.47398254873,27.0344480581642,3.55895907593066
144,5,76.4953204175376,0,0,27551.005455201,15.837217749628,5462.14690460839,31.7410759655916,6.28391195623925
144,6,88.9052299072935,0,0,30325.5376019604,15.837217749628,5253.84640344997,22.3185408181444,8.76773557047691
144,7,89.9400425310679,0,1,30748.1146429027,15.837217749628,6561.67099168392,27.4090958581914,5.59915403787346
144,8,96.7559185617525,0,1,33045.5872682684,15.837217749628,6958.77467836046,23.3352627097391,10.8816936144035
144,9,88.2060624735926,0,1,32742.7247474547,15.837217749628,7246.19601484703,26.043512546866,7.72741147522309
144,10,103.001925147824,0,1,38467.2320014744,15.837217749628,7300.21349899517,20.583745594268,10.8827393985254
144,11,101.340747766501,0,1,35404.8472478937,15.837217749628,7702.58085810004,21.6943334509564,10.2187585879515
144,12,97.8739803080998,0,1,37070.4488951967,15.837217749628,8057.95218021152,28.1930191704283,9.48077808172833
144,13,106.713210493473,0,1,37289.5921068443,15.837217749628,7367.78974673774,20.6169249209029,14.4635625419203
144,14,106.945074206532,0,1,39358.8913932191,15.837217749628,7401.64495486285,21.1589063876754,18.1822079766597
144,15,111.901751112463,0,1,42984.0250868183,15.837217749628,8392.11186692619,26.1438977141813,16.1111250853539
145,1,83.3903910283349,1,0,25916.744020818,14.3630301760777,6103.41819577357,23.3675680077115,0
145,2,75.42977115991,1,0,27805.958231464,14.3630301760777,5447.73420205371,22.0707675195779,3.51992952515889
145,3,80.9925540753996,1,0,27148.0928684047,14.3630301760777,6046.66635502142,21.8790374132996,2.72217846657731
145,4,81.0524872317776,1,0,30518.3545014522,14.3630301760777,6295.57201346952,23.5450743907001,0.0627566947970331
145,5,80.3376937087227,1,0,30340.4607814979,14.3630301760777,5768.70637288043,27.8681430338973,1.87807843667455
145,6,86.6155326093576,1,0,30047.5944255286,14.3630301760777,6272.59616897027,24.0800039481181,4.42088040243166
145,7,84.2177274887843,1,1,31886.7846679851,14.3630301760777,6618.62362319721,27.2364955259061,5.55336310245958
145,8,101.460495843317,1,1,32161.6003017049,14.3630301760777,6949.80877217689,21.2794390772418,7.1933051600334
145,9,99.1203230144389,1,1,33949.2907294222,14.3630301760777,6582.38035768753,25.283574561965,6.58067117128074
145,10,95.39218552714,1,1,33523.3039354653,14.3630301760777,6390.51065824096,25.4653732249664,11.0369281463671
145,11,105.878920338508,1,1,35688.0346623889,14.3630301760777,7535.25781854133,25.3861559566491,11.1682979706202
145,12,103.018650023944,1,1,37700.1154336052,14.3630301760777,6646.44956530995,22.3252299385336,10.7993869141144
145,13,111.024999096201,1,1,38271.8169704652,14.3630301760777,7363.67869857108,25.1029252451356,15.7268039516084
145,14,120.448699521562,1,1,38206.1661251775,14.3630301760777,8306.45436995886,27.2810248769397,16.2397062638893
145,15,115.070506751495,1,1,39126.9685171023,14.3630301760777,7758.38978381191,24.9509389010042,18.528971957647
146,1,77.8906767453788,0,0,43112.5071585243,8.33278985226903,5299.37449368448,26.2376222410756,4.05794418281099
146,2,81.1533143324395,0,0,44249.1831827776,8.33278985226903,4972.76303335561,27.0977842629398,0
146,3,82.5888413701108,0,0,44396.5298515459,8.33278985226903,5743.18272418057,29.0114962152752,7.73156279418281
146,4,86.3754598073194,0,0,45276.492099542,8.33278985226903,6166.79976329863,24.8179875009944,3.18995653156679
146,5,89.3398152159478,0,0,45968.0127873058,8.33278985226903,6573.19450763474,21.0847981062363,3.94044566617605
146,6,81.9651649924933,0,0,46217.7943810436,8.33278985226903,6493.97410738866,27.5434068832525,5.67580184799266
146,7,78.656332655414,0,1,47370.2492389624,8.33278985226903,6338.4888164468,29.1901701054855,4.79601137824287
146,8,86.15020859126,0,1,47367.4384491557,8.33278985226903,6160.72403080026,25.0079882931307,7.42153638916164
146,9,94.658945710039,0,1,48980.6847562406,8.33278985226903,6664.60844707987,22.1821102066331,10.4944386594749
146,10,95.5973363012973,0,1,48200.946274797,8.33278985226903,7359.59068713635,20.9070501150871,12.4797988482183
146,11,96.2043423928152,0,1,49482.7678673163,8.33278985226903,8068.36041932484,22.5575833810512,9.28951580018641
146,12,103.540863046088,0,1,49981.2603144846,8.33278985226903,7529.65034987086,25.3974419535681,14.7396190369058
146,13,105.680410575389,0,1,49534.4409260341,8.33278985226903,7339.70296158798,25.4949136022949,13.5392489541399
146,14,99.1742006362451,0,1,52467.2207474652,8.33278985226903,7225.17263946527,25.739975544495,14.1717031603631
146,15,103.135775807097,0,1,50765.7608218758,8.33278985226903,7831.86753801987,24.4375710853591,14.8616668405844
147,1,82.8825264579551,0,0,25960.1789708194,13.35585635021,5989.53466879318,23.1273017921991,1.33546840967886
147,2,76.9452475878344,0,0,24434.7924604397,13.35585635021,4670.02759631308,20.9938094706799,3.78769522616152
147,3,82.7401692226055,0,0,25369.3846570744,13.35585635021,5097.04027087348,27.7083458915965,0.228105162925842
147,4,77.1517941393009,0,0,28060.5658002325,13.35585635021,5956.76450177868,26.0687966830291,4.70149254726196
147,5,91.7706511575446,0,0,27966.1415684901,13.35585635021,4449.59227633328,20.6441605119348,8.5133747046861
147,6,97.5742959576679,0,0,27050.9048428546,13.35585635021,6892.63880975517,25.4059458932075,9.60403754435257
147,7,87.3306172863125,0,1,31247.7252507922,13.35585635021,6268.37300439476,24.845943946011,4.77671544220469
147,8,94.221942899551,0,1,28103.9866243549,13.35585635021,6482.60614180482,27.9493037436655,7.34533312445736
147,9,89.8327108996669,0,1,30748.1972203386,13.35585635021,7083.49353425286,20.6501595076154,8.48864328119794
147,10,89.184584674431,0,1,30768.5930848829,13.35585635021,8376.79645681534,20.0696540168872,11.3999609716507
147,11,98.8582777186092,0,1,32569.1741125455,13.35585635021,6699.80702114548,24.6698060782098,12.8065397003659
147,12,101.139851154277,0,1,34074.0319302908,13.35585635021,7064.96622773959,27.5702290547812,13.9343126432869
147,13,99.8559352878011,0,1,34500.0192121697,13.35585635021,7880.65403835381,24.815848446949,14.9588512876013
147,14,100.615897356186,0,1,35102.9150242499,13.35585635021,7012.2388504518,21.1308857039633,16.4290334638434
147,15,101.918233661271,0,1,36366.1825049312,13.35585635021,7980.12825353511,27.271716018056,11.7285121452444
148,1,95.5436951061441,0,0,37764.5270924268,15.4513475591428,5312.46639285544,34.8065217532273,2.84751545189903
148,2,88.1155264197591,0,0,37369.1114597362,15.4513475591428,5524.09950094953,21.2674931155595,1.82209301050229
148,3,80.3260462866819,0,0,36879.5241753268,15.4513475591428,5626.97568148993,26.6776615175864,2.17131661009776
148,4,80.1540084613485,0,0,38758.043897844,15.4513475591428,6150.11286237315,26.0635318563528,7.3787014423109
148,5,88.4902309702556,0,0,38509.0413310122,15.4513475591428,5811.27000558069,20.7832895258657,2.88450487641143
148,6,91.3474984457379,0,0,41778.2472163069,15.4513475591428,6317.4517805945,29.7194159784058,3.16289392853328
148,7,104.109060756847,0,1,43742.5762305246,15.4513475591428,6872.22086164687,23.7739264050343,9.07821826176312
148,8,101.06670654409,0,1,41456.4652642684,15.4513475591428,6892.36707086021,19.8500827843229,9.64320827055913
148,9,95.9818360236767,0,1,42446.0011187335,15.4513475591428,6907.53200142205,22.6924412342856,8.66078251295611
148,10,111.549687671569,0,1,43185.4120223713,15.4513475591428,7050.16360186283,21.9134149774872,10.8521660774115
148,11,102.69967639513,0,1,45578.8457395545,15.4513475591428,8407.15285412943,28.5253301551401,10.5619900203254
148,12,104.033937088906,0,1,45551.3093273415,15.4513475591428,7268.85438164235,19.2257860128911,11.3420898941622
148,13,105.023410576159,0,1,46738.4218194656,15.4513475591428,7479.95576680245,26.8874457823018,12.9087336567956
148,14,107.62316384672,0,1,47750.4532423673,15.4513475591428,7919.93336759918,28.6504736133692,13.3304679811689
148,15,111.528080150897,0,1,47956.3273324996,15.4513475591428,8485.98592739836,29.6631015000364,16.4059884717058
149,1,85.5119148359468,0,0,21236.59819954,12.5038229422094,5195.77281659044,21.4944754125695,3.38986428767174
149,2,72.3721258093237,0,0,20500.4308881322,12.5038229422094,5420.08046860308,30.4761191903985,2.75973464087638
149,3,70.7580907462865,0,0,22475.4374632018,12.5038229422094,5215.76482745472,29.5910800559495,1.82953349135726
149,4,81.9775117931831,0,0,22795.3518726906,12.5038229422094,6496.2814270438,28.4338728945396,1.90250246146873
149,5,78.4182857727325,0,0,22980.8556255818,12.5038229422094,5797.1303141304,27.2502527291487,5.08565726320789
149,6,80.7577337956651,0,0,23990.930178135,12.5038229422094,6357.00089325658,20.0702889000828,5.34015502602338
149,7,87.7589983858144,0,1,26971.7536608306,12.5038229422094,6999.67781497429,23.9207879600496,5.85506505074396
149,8,79.8274707951599,0,1,25607.8267180293,12.5038229422094,5775.78769620892,25.724812554411,8.85020529114753
149,9,87.2224729556069,0,1,27378.2752702555,12.5038229422094,7477.22760276731,29.5615927958579,8.47129783055729
149,10,91.1761066118492,0,1,29639.3979381944,12.5038229422094,7279.04572118075,25.0327312259196,9.08701966064177
149,11,94.5633136336514,0,1,29860.3219740724,12.5038229422094,7073.61359198529,25.7334324363765,13.0561642247382
149,12,94.2174995333854,0,1,31057.6393063274,12.5038229422094,7719.65454221541,23.409782861231,12.183673332869
149,13,89.0563747580421,0,1,31610.9010229397,12.5038229422094,7311.78960842181,27.4813501486996,13.4811974768008
149,14,94.7062432779169,0,1,32004.8759196038,12.5038229422094,7795.2858470668,26.3526458229436,15.1628419038187
149,15,95.101348056645,0,1,30828.2632707692,12.5038229422094,7591.70112955649,23.9079890511389,14.8188190585759
150,1,74.1858130976267,1,0,27403.5288042637,10.3016720013121,5440.5245728253,24.2729793427046,0
150,2,75.1694727969738,1,0,27482.7658928448,10.3016720013121,5267.98132072559,33.2052372008917,1.19960108401773
150,3,88.8689469566615,1,0,29331.6961207961,10.3016720013121,5484.88872067421,25.0054227096964,6.43751119286976
150,4,95.3370543917792,1,0,32612.5940235334,10.3016720013121,6501.85278502339,22.7082051182451,8.02308787566942
150,5,87.4525309730563,1,0,31545.4188974324,10.3016720013121,6739.55171150085,24.7285867501594,2.81483139341631
150,6,86.9274478436197,1,0,31536.7537601672,10.3016720013121,5850.62751752298,23.5924905428825,7.81392236322439
150,7,95.743572594377,1,1,33993.2990223281,10.3016720013121,6830.45583103394,24.0456602629211,6.79806974894593
150,8,103.453577801311,1,1,34444.6860538994,10.3016720013121,6845.05335619461,22.891638805905,8.97483360027667
150,9,92.447232989573,1,1,34721.6696000709,10.3016720013121,7170.23542600989,20.1198046617674,8.07096694755752
150,10,96.4858535944371,1,1,35423.0949624041,10.3016720013121,7314.52026477943,29.6686432808345,9.95147855235295
150,11,94.2235467474457,1,1,36353.9471734504,10.3016720013121,6902.58522116021,28.3315383830316,12.4461046725619
150,12,104.423789231266,1,1,37276.7192748576,10.3016720013121,7401.0457771426,27.3226078074312,11.4174752069968
150,13,99.1532987398551,1,1,38816.3760888339,10.3016720013121,7271.89583273276,26.5216986709889,11.0665196657592
150,14,109.030981752167,1,1,39173.2090641839,10.3016720013121,7647.14364397733,23.7411089005129,14.4391549517028
150,15,97.7109476341849,1,1,39266.8822859911,10.3016720013121,7748.16747904479,23.4145362462088,14.5948403100931
151,1,81.1048441548889,1,0,30843.1005063138,8.74164527816595,5124.68501977795,20.7243547256733,0
151,2,84.898753008363,1,0,29907.502229532,8.74164527816595,5800.47027919394,30.1989689866272,1.9141515370104
151,3,79.4720997539131,1,0,32512.3238255,8.74164527816595,5006.64107587668,29.982555443327,3.80288345652368
151,4,87.0012386565422,1,0,30820.0828818906,8.74164527816595,6015.31818186806,22.4396917109902,8.43325860127484
151,5,85.6255038566891,1,0,33145.4227769922,8.74164527816595,6108.37354722161,25.8071677962609,0.806975701612558
151,6,82.087592686793,1,0,34252.4114603952,8.74164527816595,6680.64617275872,22.4170889100699,7.11472165093377
151,7,93.9413373905091,1,1,34813.9753575599,8.74164527816595,5621.71784484538,20.4466583144446,4.67250057227444
151,8,100.893371908168,1,1,34076.8083279493,8.74164527816595,6872.4219632304,24.9488104691832,7.81870223060487
151,9,105.625319346002,1,1,35478.3464790517,8.74164527816595,6963.88441120544,22.947000316297,12.2038719797546
151,10,101.937405555289,1,1,33245.6820017301,8.74164527816595,6755.59538359799,25.4796729213849,8.04918933603449
151,11,97.0106008713822,1,1,36424.7366510932,8.74164527816595,7262.03060633704,24.2073590619826,8.05207593748985
151,12,104.737086077955,1,1,36468.3909581627,8.74164527816595,7213.03094011216,27.0356590359072,10.3504204917513
151,13,108.425870164791,1,1,37774.6796537708,8.74164527816595,8434.82337408816,25.8147755614881,13.4242421458768
151,14,115.128635608752,1,1,37880.7912371444,8.74164527816595,7952.20912556778,28.8729286614618,18.9050928177698
151,15,114.186269929335,1,1,39664.0062275405,8.74164527816595,7935.16937455751,22.3487027369634,15.9323033462065
152,1,71.9196635444982,0,0,21121.8750731832,10.0040916133195,5169.29719727878,22.5384960005315,0
152,2,63.6367413723953,0,0,22668.0025717734,10.0040916133195,5097.90814717178,24.767478098192,0.00311837180346952
152,3,66.6740588059937,0,0,22470.0441956943,10.0040916133195,5734.63112381316,28.7007584160007,4.1832416265116
152,4,65.5714800127766,0,0,23873.5000735008,10.0040916133195,5315.70843331276,22.0441983956159,2.72623892430553
152,5,75.9282508086826,0,0,22628.2086324164,10.0040916133195,6095.3287592143,26.4074725743347,3.52192353818892
152,6,71.3898974374915,0,0,25107.781464061,10.0040916133195,5267.01336950998,21.9256925862379,2.38468409109323
152,7,86.9971894559145,0,1,24753.358718026,10.0040916133195,6254.42905959457,27.8591202026158,5.07187325842943
152,8,74.9029446903515,0,1,26179.5014186251,10.0040916133195,7152.65488838758,23.184223123674,8.2301005604407
152,9,85.3198563628236,0,1,25551.1050739526,10.0040916133195,6595.82559463323,24.8875020554472,9.2972317286227
152,10,75.0455544700139,0,1,27609.8017590921,10.0040916133195,7334.82265493496,31.0703685494076,10.2643498714199
152,11,87.2476530212562,0,1,30701.4233985337,10.0040916133195,8232.64461894038,25.6926392686071,9.46641536142148
152,12,88.9601410466485,0,1,29892.1558019243,10.0040916133195,7913.31554473422,21.3378761745082,11.9295302298178
152,13,94.6679134679459,0,1,29973.7513145793,10.0040916133195,7919.1659232106,26.9794132123868,15.7195467438141
152,14,95.3004794739933,0,1,29016.094775529,10.0040916133195,8189.97751761932,24.571491148606,13.0445224263701
152,15,88.5382865442041,0,1,30601.7074344137,10.0040916133195,7317.33024043315,24.5047233414462,14.2417416703016
153,1,86.4878053290067,0,0,25623.5942867306,14.144545067848,4740.18220922033,21.7133044281485,0
153,2,73.2997406098819,0,0,24656.7224598176,14.144545067848,6419.24693463839,19.0094885492224,0
153,3,86.1520274500259,0,0,27261.6021944751,14.144545067848,5336.58559536709,20.5046929244316,3.46577558381642
153,4,72.2166904691563,0,0,28045.1507822531,14.144545067848,6371.040067694,27.1826744423107,1.79812208637379
153,5,78.7620444235843,0,0,29131.977249596,14.144545067848,6242.74641243139,26.5252071643859,4.13290400982989
153,6,90.7744269764189,0,0,29549.5193087092,14.144545067848,5551.21431312087,23.6102717800607,8.4210141994392
153,7,88.9331798916501,0,1,31593.2739991272,14.144545067848,6766.22821959338,21.2314943394806,9.35548263123194
153,8,91.102010680278,0,1,33719.9443560149,14.144545067848,6339.49208130563,24.1876017198999,8.57534273916637
153,9,91.39220316414,0,1,33816.9396646038,14.144545067848,6576.98568829103,21.5990514413197,9.28908963548559
153,10,92.5426198469994,0,1,34181.3864293763,14.144545067848,6722.29707749203,24.0021786884455,7.72767334003216
153,11,92.1772425824559,0,1,34436.1890747393,14.144545067848,7706.75510503585,16.7257162835643,13.2472085689412
153,12,88.3424257795371,0,1,35316.7711043783,14.144545067848,7780.25550239616,29.6706252327452,9.16637538980512
153,13,101.147928668016,0,1,37258.4800428648,14.144545067848,7857.80303781578,25.5152222604397,15.1668925357678
153,14,92.7688572004643,0,1,38242.5250973972,14.144545067848,8151.88617520446,30.1977868453917,12.0200739810916
153,15,103.946740754024,0,1,37228.8480778497,14.144545067848,7064.70984108985,26.5781516121783,12.3948755425595
154,1,87.6271491485957,0,0,31846.881307827,10.7050166988542,5178.68876414541,22.8372835657592,2.47226169906591
154,2,88.9808048671197,0,0,30841.7785549998,10.7050166988542,5109.83311951959,22.9986791576591,0.881088572477819
154,3,78.1475997114467,0,0,31960.0401170457,10.7050166988542,5217.40206627434,26.4645684733993,1.55009443060826
154,4,80.6299461221835,0,0,35876.292438369,10.7050166988542,5387.15394804715,26.5900622391615,4.53732147727776
154,5,88.0798559182104,0,0,35445.2587538268,10.7050166988542,5803.93387694662,28.1256584973983,4.21087939127422
154,6,102.965375889268,0,0,36569.9119665086,10.7050166988542,5792.76762471177,18.8551592960503,4.02899932769311
154,7,89.0156359134361,0,1,38642.9632685096,10.7050166988542,5875.5155914137,27.890476430384,4.31330534252587
154,8,94.4827641207713,0,1,38595.0940444301,10.7050166988542,5850.99843263734,22.0498842404646,6.78392381981228
154,9,104.856022080704,0,1,39072.8966248438,10.7050166988542,7737.7224999938,20.4420500373355,10.3704430437753
154,10,98.0269837285781,0,1,41185.7287190628,10.7050166988542,7235.98271584143,27.6640767730168,11.6823531328545
154,11,96.5206526067463,0,1,40466.5484397972,10.7050166988542,7250.95854007973,25.7445003900062,12.3094065569381
154,12,110.271192244129,0,1,42830.5260540373,10.7050166988542,8094.25805097318,24.9479435155299,12.1719827333692
154,13,101.943536254291,0,1,44274.0623783933,10.7050166988542,7089.68547664331,25.5221566504737,13.6352773297598
154,14,111.618914511722,0,1,44116.0502362823,10.7050166988542,7815.92692417431,18.5229217075387,10.3535269609761
154,15,105.112494719485,0,1,46871.1876387658,10.7050166988542,8497.31133362344,24.0015746429069,11.910374894393
155,1,81.4081961758165,0,0,35649.7580489618,12.6828448198203,4976.78673452234,25.4728964367953,0.805313536835459
155,2,85.3095415250619,0,0,38513.4920865746,12.6828448198203,4755.23525296053,28.5382106702534,1.92576412416992
155,3,87.1932148687219,0,0,38135.295918601,12.6828448198203,5309.8283625549,22.1478499281564,1.2533940888341
155,4,87.4644577928627,0,0,38342.26108016,12.6828448198203,5430.38943598193,25.1512126326187,6.8990971130361
155,5,92.6186927707364,0,0,40689.4074962796,12.6828448198203,6228.87873486304,21.6706333332984,4.80493226728093
155,6,93.9412001358889,0,0,41413.890476219,12.6828448198203,6644.00591937262,24.3070711431189,6.11766695488819
155,7,85.3735585478972,0,1,42524.349444243,12.6828448198203,6409.97856617267,27.7501999374065,7.42899561044113
155,8,104.825597740986,0,1,43716.4097080911,12.6828448198203,6414.33424542161,29.5339463215541,6.20252945786175
155,9,91.3873797156475,0,1,44123.8573653432,12.6828448198203,5669.54374835932,18.6371308291739,9.18758917388583
155,10,100.005938560449,0,1,45208.2108934193,12.6828448198203,6879.78206243687,23.3464133404862,11.3061527714319
155,11,103.50924364681,0,1,47199.7289873024,12.6828448198203,7538.85844341612,30.5981311860993,12.2602506334174
155,12,106.274078543639,0,1,49195.3855869787,12.6828448198203,6919.97262979424,22.281490775617,13.6833395775773
155,13,103.943548250896,0,1,46659.8781989195,12.6828448198203,7729.57300793566,25.9908812367098,17.2122346193542
155,14,104.198203824059,0,1,49466.8149616355,12.6828448198203,7910.48802601865,22.7973348481228,11.863960184573
155,15,108.764298359125,0,1,51599.101080813,12.6828448198203,7396.13505241705,21.4200301518585,13.0272818713369
156,1,63.2308065431131,0,0,16291.5022257748,15.8848373870109,5941.70465356489,24.8815055368073,0
156,2,61.2200506874008,0,0,19312.6140377086,15.8848373870109,5666.63267393827,24.6319280741211,1.81659500010024
156,3,65.297006557437,0,0,18441.659753131,15.8848373870109,6018.86978298957,28.7903095941454,0.427438511327581
156,4,77.0767245964865,0,0,20203.725795122,15.8848373870109,5556.53686334806,22.4060778416034,4.45756814733107
156,5,78.6207005538796,0,0,21644.8259570828,15.8848373870109,6748.31224069701,27.0954008794043,5.1076788874344
156,6,83.6276262804248,0,0,21744.7235176137,15.8848373870109,5910.31991409798,21.7916313893133,2.95842740609363
156,7,82.981938002749,0,1,22735.5482125992,15.8848373870109,6497.85503018072,23.7765727388484,10.6331374584172
156,8,82.6960593687645,0,1,19988.4926364204,15.8848373870109,5952.43201850131,24.9035149161223,6.49760302654924
156,9,77.1240739233319,0,1,21598.0433964318,15.8848373870109,6406.2719493193,20.9749051826806,8.22032970714644
156,10,84.8837170372348,0,1,24127.9593632522,15.8848373870109,6935.93841729772,25.7880751869268,13.7477926827761
156,11,85.9675046329454,0,1,23310.7984124472,15.8848373870109,7566.01488518791,29.3986559256054,10.0672252070766
156,12,81.3366437574742,0,1,24344.7912204147,15.8848373870109,7154.83905276014,24.0873530184878,14.6085837312216
156,13,88.9218843787733,0,1,26955.9744678367,15.8848373870109,7282.2310666436,28.3292898009538,14.4778067002338
156,14,83.8940031457799,0,1,26363.3328501915,15.8848373870109,7789.8486759636,25.7161401665391,11.3622185219992
156,15,90.9707502772646,0,1,26967.243110228,15.8848373870109,7107.1298455234,22.2668828277471,16.5285404228839
157,1,73.741224999863,1,0,27921.5650346238,13.7350048214084,4663.08036534088,29.7952078882301,0
157,2,77.5899857625699,1,0,27534.4397282524,13.7350048214084,4614.54823356197,24.2317118412858,1.70920452533039
157,3,73.6323480172397,1,0,28216.94586227,13.7350048214084,6163.02374502007,24.0160914761333,2.41591852955696
157,4,76.5783068249601,1,0,30844.9381637975,13.7350048214084,5736.7099414889,27.2181293084088,4.10992481992195
157,5,87.2734843320049,1,0,32382.6277828935,13.7350048214084,6026.4204791255,25.3116112350762,5.31548834768983
157,6,92.8896344229935,1,0,31674.1287871339,13.7350048214084,6141.73594379102,24.9687172365237,7.28293706266135
157,7,97.9952377648031,1,1,32150.4780514597,13.7350048214084,5707.70695435308,27.9412272195684,8.89345520076735
157,8,89.9490548262691,1,1,36198.951865865,13.7350048214084,6209.43366148323,26.7041146832905,8.13313664351364
157,9,98.9447601794448,1,1,36395.6256603945,13.7350048214084,7164.66910482478,29.4932641352362,4.67912338362312
157,10,104.737260721215,1,1,37335.9067612945,13.7350048214084,7087.55574153279,24.5601966119769,11.2569134286527
157,11,100.872812794791,1,1,38736.0929677092,13.7350048214084,7627.7665822606,26.9040800638159,10.4574576076253
157,12,104.6467538842,1,1,39338.9246206872,13.7350048214084,7567.42501048091,25.2974088269173,13.1509090031265
157,13,108.700661276336,1,1,38693.8629489923,13.7350048214084,7545.73506289277,25.7936979998356,13.3410844990085
157,14,106.82021726911,1,1,41964.7052665074,13.7350048214084,7575.12693141703,23.9693952816427,12.8858922827377
157,15,108.765222928185,1,1,40402.3747378455,13.7350048214084,8934.08939197648,30.7103012472718,12.6762910551479
158,1,89.6665922390749,0,0,36362.9495170923,16.0940183444206,5041.22942153437,21.9818986467867,4.10554802836195
158,2,91.4895186662807,0,0,37965.4197884954,16.0940183444206,5279.25160520858,24.4877053614807,4.16156189151941
158,3,98.8892209691112,0,0,38703.1089658613,16.0940183444206,5766.59326595359,21.6256201064294,3.62868307009269
158,4,94.4961564192412,0,0,39801.7323268737,16.0940183444206,5907.38768881503,21.8750232113131,4.67256953395488
158,5,95.1289139250082,0,0,40879.2752349968,16.0940183444206,5283.8655620634,21.7025759231599,3.49526151050771
158,6,83.1045326474065,0,0,39983.2971543203,16.0940183444206,6101.95989098709,23.1886217852419,4.32382038075247
158,7,92.7864404793785,0,1,40295.8295267223,16.0940183444206,6689.47703522648,23.741068485047,5.16410962617219
158,8,96.0322175662353,0,1,41205.8090550018,16.0940183444206,5980.74257232358,22.2332715128661,10.0023894590859
158,9,99.3098379873298,0,1,43738.3116104417,16.0940183444206,7393.64770429495,22.7573141673641,12.2876449439073
158,10,98.4728169209278,0,1,43491.3605264503,16.0940183444206,6472.00588736483,24.1435614147503,10.8534788560329
158,11,98.531311041853,0,1,45157.3132609281,16.0940183444206,6259.1712429928,22.0745324997304,11.7716857449781
158,12,105.583586397526,0,1,46717.6690724903,16.0940183444206,6733.84264950373,29.5578794148084,13.4001070651431
158,13,101.397826020146,0,1,45653.2398143216,16.0940183444206,8204.72536650563,26.1396445080867,12.381623683056
158,14,111.466512896341,0,1,48039.9590679778,16.0940183444206,8304.8257586739,23.0687158582301,11.9591279764039
158,15,104.98692199128,0,1,47260.6539341668,16.0940183444206,9037.25917013639,23.9386820515585,14.6499143888551
159,1,72.8830517675678,0,0,27166.6033354228,6.89526059201878,5141.17643074948,21.675272575123,2.46397001528678
159,2,61.0585537014655,0,0,27444.1267789705,6.89526059201878,5174.98081818739,31.0241849974851,1.98775135765312
159,3,78.37789944921,0,0,27419.8754632228,6.89526059201878,6106.01886607071,24.8739463887192,0
159,4,76.6312455089412,0,0,30078.4280132841,6.89526059201878,6289.66624851439,27.1710505817018,4.88355455801854
159,5,80.4562143785171,0,0,30713.4447705649,6.89526059201878,5121.32967474125,24.1283878741284,5.23626404979789
159,6,67.8346236877625,0,0,29982.4968499184,6.89526059201878,6117.20127411173,29.8991125517162,5.85329816213025
159,7,74.7199903203085,0,1,31749.0676373301,6.89526059201878,6339.69605164306,24.8989557116649,9.27266817473354
159,8,81.5262204505217,0,1,35094.0266333569,6.89526059201878,5738.38852978276,23.2330956427479,7.31734722731889
159,9,86.063176370397,0,1,32680.0285026665,6.89526059201878,6668.44233192869,24.1505669609632,6.32476695473904
159,10,75.4066615796583,0,1,34125.4411611222,6.89526059201878,6543.48561355757,25.4327964498019,10.0910133703356
159,11,93.0699927244355,0,1,36555.3098238043,6.89526059201878,7317.56350104531,24.4491329935659,12.0521866844233
159,12,84.095343847118,0,1,34898.9817575174,6.89526059201878,7813.47765930487,26.8739461713742,11.2143899859279
159,13,98.5999690767936,0,1,39253.3558511581,6.89526059201878,7237.65567852429,28.744076324759,15.2810448438418
159,14,87.9011107991071,0,1,37065.9028002331,6.89526059201878,7920.1132024353,21.2688024477167,13.1703666203753
159,15,88.6349086255969,0,1,38072.0354790123,6.89526059201878,7855.9729175988,25.4136573867983,12.2724327966874
160,1,89.144488097565,0,0,32631.8539154104,11.1579711608586,5065.70640845695,24.2655429724478,1.81552074459126
160,2,94.6464661528674,0,0,34597.1563914528,11.1579711608586,6236.63852756604,23.1726378001418,0
160,3,91.1471296327647,0,0,37610.0950843688,11.1579711608586,5373.45238451744,24.5143715481134,2.50636078477794
160,4,88.2827143035914,0,0,35709.9392011549,11.1579711608586,5900.71633976908,26.0243955492044,0
160,5,83.2503580481097,0,0,36698.3130833246,11.1579711608586,5778.03690360119,25.3918359460335,3.93396726793802
160,6,92.1565933335634,0,0,35557.2404879743,11.1579711608586,6377.24809857503,24.5786164801938,4.75861565873195
160,7,97.2947050128896,0,1,37924.083199252,11.1579711608586,7607.462371849,20.4704921197213,9.0491345005119
160,8,94.579543430886,0,1,36275.1311194911,11.1579711608586,6167.26482637613,26.6151822588736,5.38301040548494
160,9,98.4771060108332,0,1,39228.7128133786,11.1579711608586,6288.40987515495,26.74268949518,14.2545117542322
160,10,93.3272406380936,0,1,41800.4834488476,11.1579711608586,6825.88783587035,26.5112380150514,6.06789257116673
160,11,96.4875016877828,0,1,40993.0606033118,11.1579711608586,6775.0384397861,26.2937310615919,10.5686970855709
160,12,97.774969323387,0,1,41985.5603177245,11.1579711608586,7281.49908628113,23.6429496363998,12.81457469126
160,13,100.082538495683,0,1,42934.3198906621,11.1579711608586,6862.39470981438,26.6577114596411,10.0456488859086
160,14,92.8493212921282,0,1,43623.6180578124,11.1579711608586,7835.85608281416,33.6921679764717,13.0728301858754
160,15,100.762912341769,0,1,44699.4694278392,11.1579711608586,7026.29701462357,23.7529557182174,15.5649271450321
161,1,86.9728911101987,1,0,33741.6850942478,12.1952040584766,4789.69701840159,26.9528440883419,3.99616277264012
161,2,87.8857957816417,1,0,36087.1370341145,12.1952040584766,5279.77759871214,24.5969918557722,5.37030047476628
161,3,88.8266407851429,1,0,37541.5107707417,12.1952040584766,5022.21687622156,24.294067300359,3.78910977238662
161,4,97.344067270076,1,0,39767.9617395211,12.1952040584766,5945.98656473936,26.0064759222189,5.70667128331625
161,5,91.6680209463479,1,0,40720.6549606098,12.1952040584766,5467.17632147275,28.0182988892905,5.15304561103509
161,6,96.5700230213929,1,0,41069.7758047289,12.1952040584766,6152.15763521031,25.0485067109684,5.1563577878829
161,7,112.525275913951,1,1,43992.4720746369,12.1952040584766,6535.85432980321,21.809260133578,10.521323343442
161,8,103.315331072603,1,1,45685.1336035782,12.1952040584766,6178.28780758414,22.2483417808032,8.37548636816174
161,9,105.414356395289,1,1,44494.2204645098,12.1952040584766,6393.21668081713,24.5644524029493,9.10745405250961
161,10,119.046841515246,1,1,47272.7391986172,12.1952040584766,7501.34997160822,20.4634299774388,10.9214152795429
161,11,106.647679979773,1,1,47654.7922746474,12.1952040584766,6933.72973029413,30.1518618421282,9.17049017570408
161,12,110.501427150635,1,1,49110.7594622215,12.1952040584766,7924.90314255584,30.4766234023459,15.2524460223423
161,13,121.05793509806,1,1,51453.8615709246,12.1952040584766,7109.87060041276,26.9369763267585,13.3624811227379
161,14,115.950104067862,1,1,53190.9376945751,12.1952040584766,7105.43767909852,23.4513239738353,8.72131436099461
161,15,131.00472898406,1,1,54044.3347884223,12.1952040584766,8309.10287735065,21.583934109043,15.2844715990699
162,1,80.7848590075331,0,0,32170.778030133,13.7357678748255,5228.69194360091,30.1117749964554,2.84076417700974
162,2,75.2484169200382,0,0,34398.2766077204,13.7357678748255,5440.21231286892,25.7065001862314,1.30678040355027
162,3,80.3259012147825,0,0,34863.3964681476,13.7357678748255,4946.70189813738,24.845128756875,5.6580041046649
162,4,86.4376149026643,0,0,33405.0664986137,13.7357678748255,6495.19299808803,24.6380109761493,3.15473121848172
162,5,91.6046916917764,0,0,35270.5598376278,13.7357678748255,6011.46694627943,21.4217938788086,4.72508448594362
162,6,85.8981997950262,0,0,34360.6687795957,13.7357678748255,6217.17102003351,22.1783475853896,5.15992688267257
162,7,84.1126627187467,0,1,37550.0093269019,13.7357678748255,5990.27457704975,21.9782104151754,6.50700754025516
162,8,85.7419541063317,0,1,36916.277603742,13.7357678748255,5351.25244783393,21.3156609337967,10.4924057422797
162,9,91.8796698025638,0,1,38276.2955847835,13.7357678748255,6407.18339124948,26.2241348508956,8.12514415944273
162,10,89.3886196002748,0,1,38160.2463029851,13.7357678748255,6734.21601236258,27.3937127445366,6.81547723640327
162,11,101.349306203755,0,1,38226.7743526628,13.7357678748255,7374.95296351118,20.9529631951775,12.599748958018
162,12,93.1162172761255,0,1,39648.4755194,13.7357678748255,7122.30861226543,22.0873494930459,14.457376429974
162,13,108.211804156799,0,1,38357.6114683692,13.7357678748255,8194.88645491857,22.8349085733067,13.945623076195
162,14,94.8397214291961,0,1,38591.1890266116,13.7357678748255,7766.89777194267,23.0475286113967,12.4206048761323
162,15,98.025789758841,0,1,39955.660052557,13.7357678748255,8197.25292328351,25.1822171486669,15.1246510169463
163,1,76.1787663749704,1,0,36309.8633586151,8.49238013541309,5457.21554914435,22.7026341547949,4.0518575766807
163,2,77.8656388333028,1,0,36452.741308871,8.49238013541309,5535.43870589795,26.5842542967739,0
163,3,88.6425684939801,1,0,37221.4946092833,8.49238013541309,5711.98329464218,22.9355671625295,6.16019320889313
163,4,85.7406735898528,1,0,39427.6488270271,8.49238013541309,6332.19659782842,24.6116887339735,6.195013438161
163,5,79.0103249122101,1,0,38824.7885809054,8.49238013541309,6147.84217604436,27.3202659057968,5.2806718464539
163,6,93.1719817880228,1,0,41121.6221383932,8.49238013541309,5964.51992411792,27.3357047109141,5.05769643418074
163,7,99.2966433840662,1,1,40194.4133206617,8.49238013541309,7544.60628045649,22.7487326525769,8.48511977247977
163,8,99.0369000236155,1,1,41531.0498475149,8.49238013541309,7114.82308240501,26.1655168300862,5.52126523815434
163,9,96.0389108261907,1,1,41781.4038372157,8.49238013541309,6691.63872030807,20.2565203136925,7.24339669080244
163,10,112.16437040771,1,1,43001.7018321939,8.49238013541309,7208.18604821897,25.7831727616495,12.9273360302551
163,11,103.7700290341,1,1,43086.3882572579,8.49238013541309,7832.13546385102,24.8963535266798,10.4863982769235
163,12,103.731956611391,1,1,45515.2560697346,8.49238013541309,7272.46158212901,25.977916975781,11.4859192633502
163,13,97.3850425661224,1,1,47070.7673680397,8.49238013541309,8159.2226343363,24.882353355781,11.3756755882518
163,14,118.747073732432,1,1,46991.9957351818,8.49238013541309,8158.88713383973,18.5894105696557,16.2173939705191
163,15,97.9705831477136,1,1,49241.0888574708,8.49238013541309,7618.18800107441,26.2650293741442,15.355130887029
164,1,76.085960225756,0,0,27822.2352498376,14.4185545663419,4355.96589955912,21.2413965489271,3.29680954232269
164,2,84.2586829126924,0,0,29154.7877230482,14.4185545663419,5935.35485622138,24.515325557834,5.71492319894238
164,3,84.3455552106505,0,0,30874.9887420916,14.4185545663419,6959.62123901876,23.0831657647712,0.70269146400357
164,4,84.5151793150329,0,0,31427.7281701995,14.4185545663419,6553.99081888374,25.7422507658249,4.39169271409852
164,5,85.4577542901837,0,0,31565.3501432626,14.4185545663419,6076.62299706651,27.1607198163843,2.94642174633369
164,6,102.62975396197,0,0,33428.042958735,14.4185545663419,6404.22637614174,22.9987270678652,6.77386004366801
164,7,96.7413676313493,0,1,33801.7520754697,14.4185545663419,7823.07955345906,23.6027698338198,6.72812706542113
164,8,91.5089329235741,0,1,31111.0626900309,14.4185545663419,7510.61468578558,21.4736051590404,6.8030628137242
164,9,97.1927573851144,0,1,32596.9673409713,14.4185545663419,7030.78648975334,19.4591771576455,11.141170946083
164,10,103.167375741167,0,1,32024.3427655731,14.4185545663419,7093.24685687531,21.416243877805,9.5512087198587
164,11,87.1738638513831,0,1,32871.6067063458,14.4185545663419,7748.03531896016,23.4827614591063,6.83455994037842
164,12,87.8201988197938,0,1,34594.6416152059,14.4185545663419,8036.02079229616,23.7668234152557,9.56823594613388
164,13,101.636841275277,0,1,35141.7975374323,14.4185545663419,7649.91397546535,27.3937499332866,12.4598994870958
164,14,96.3997738900311,0,1,34453.9426109361,14.4185545663419,7189.96500339971,23.9086481010722,13.054448431628
164,15,101.758748329142,0,1,35979.9992931459,14.4185545663419,7867.85006793541,22.1572168890796,15.1364735190394
165,1,78.4053900414284,0,0,26880.7196476786,12.922170228487,3721.41450131269,23.8965364572624,0.601865626738164
165,2,77.9208052135053,0,0,28775.9361293303,12.922170228487,5180.0745562024,24.6107618699765,5.28810956925999
165,3,73.8851882270568,0,0,29557.6347005604,12.922170228487,5291.32668495468,25.8232273312996,0
165,4,81.7223340013372,0,0,30078.4440489336,12.922170228487,5808.20828692958,27.6202002233303,3.09041105909406
165,5,94.7465060810387,0,0,30320.3313512464,12.922170228487,5047.7841766226,27.934802346188,4.14886061382923
165,6,74.600075130824,0,0,31733.065938721,12.922170228487,5361.29847217274,27.0718663219852,7.33208196766596
165,7,100.261774152197,0,1,33607.5043875282,12.922170228487,6872.53352373126,18.3214103965884,6.07315763147224
165,8,96.124747232861,0,1,33540.14352412,12.922170228487,6410.50287881312,20.9701846630599,12.1989979562217
165,9,86.7305561811128,0,1,34626.7847609812,12.922170228487,7094.49677588108,24.8067408061285,8.20406958369277
165,10,100.656849404121,0,1,34800.4990552221,12.922170228487,7409.02943245256,22.6677075557143,10.4276374500171
165,11,96.3227713909459,0,1,36354.1121249495,12.922170228487,8173.59601685514,21.6887621318994,14.0160156794397
165,12,86.8135662643979,0,1,37681.3374625628,12.922170228487,7089.02311500839,22.8589786462458,13.3533541910779
165,13,100.266321053499,0,1,37895.0524454944,12.922170228487,7662.51245899956,26.8265422569558,12.9095384199758
165,14,107.915887636696,0,1,39159.416136219,12.922170228487,9259.73690065537,26.4492163523359,14.9405082515126
165,15,95.393279524756,0,1,39359.4015397948,12.922170228487,8231.89078507583,28.5131394424605,11.9009038444237
166,1,81.5233442847671,1,0,10623.2948353529,12.7914180408142,6009.33498194051,24.9573628680373,0
166,2,71.7536661012223,1,0,13103.2269503668,12.7914180408142,5927.89285469943,21.0808261981089,0
166,3,76.074718951237,1,0,11487.543237881,12.7914180408142,5198.70911935967,29.7437971112124,7.203576944045
166,4,85.4784554881284,1,0,13398.7614484349,12.7914180408142,6074.08405546768,22.723919758878,3.73027484225405
166,5,76.952396605616,1,0,15533.3843025583,12.7914180408142,5236.90396619375,25.4263470823278,3.60712919845839
166,6,88.4617038697184,1,0,14586.2943873612,12.7914180408142,7060.71862034099,24.942191613588,7.48866637648693
166,7,83.4428017584866,1,1,15600.895260093,12.7914180408142,6516.52014721856,26.0136683970826,8.97307690738083
166,8,88.37118876359,1,1,17656.6570812929,12.7914180408142,6287.68491370005,21.6698479943838,7.46848519251478
166,9,83.8790888759579,1,1,17076.3578335837,12.7914180408142,6571.40867712565,20.4844733723602,5.85522065756631
166,10,99.2096073832921,1,1,18874.8888241213,12.7914180408142,7932.20114499328,26.7256127684133,7.24348434446843
166,11,101.277159700795,1,1,19514.1819462941,12.7914180408142,7362.61657655631,23.7264352565334,13.6137942216238
166,12,101.978209052883,1,1,20118.8316920829,12.7914180408142,8470.75967006743,19.3793046454882,10.2675125584899
166,13,101.987453201444,1,1,22526.6863689309,12.7914180408142,7209.81534817391,21.153268226129,16.406057408945
166,14,102.614054956855,1,1,22986.4982114127,12.7914180408142,8310.12864521022,26.5416020141462,15.5110998815805
166,15,101.501160257876,1,1,26314.1595913455,12.7914180408142,7456.99028199386,24.8797393935172,14.7304924723407
167,1,79.5428786662649,1,0,27502.5864053504,13.5254543748151,5052.75955616128,22.2595790533845,3.36332908024522
167,2,81.401324122754,1,0,32080.0186781074,13.5254543748151,6080.74138795816,26.8451591060564,0
167,3,77.7764299783421,1,0,31702.5474897443,13.5254543748151,5942.05128352641,25.6205793821784,2.3967618718208
167,4,92.6146439303672,1,0,33326.7724754671,13.5254543748151,6004.06177252545,25.0543379135684,6.37822369599367
167,5,85.8557442822084,1,0,33613.3331093894,13.5254543748151,6704.52681015447,29.0278258503001,3.29281862962746
167,6,86.5897325131675,1,0,36369.6670303409,13.5254543748151,7040.60669591348,23.1055921543331,4.01806949377555
167,7,101.978258577895,1,1,38235.8167589877,13.5254543748151,6563.60900938535,25.4732813510124,5.66422291339493
167,8,107.532294932642,1,1,38458.6436385293,13.5254543748151,6642.52093544648,29.5867499450875,11.0855064733462
167,9,103.142192057838,1,1,38146.8073617897,13.5254543748151,6674.55113957767,24.4332524072007,12.3810794136717
167,10,96.3507278770824,1,1,41762.273803209,13.5254543748151,7049.34295912753,30.9836802029725,7.87437226179953
167,11,95.9533925280269,1,1,41073.2021170012,13.5254543748151,7011.37426859641,25.5988632587854,11.3376599704261
167,12,98.4089356717373,1,1,42504.7999325888,13.5254543748151,6702.1961254108,25.7888990147276,13.9220024015568
167,13,94.6880381714293,1,1,43365.9550501981,13.5254543748151,7430.9010314579,29.636368581989,13.7018098148553
167,14,107.331696050814,1,1,44288.525403667,13.5254543748151,7459.45090853588,25.1057009013273,14.4656673662044
167,15,104.04104918694,1,1,45674.4356585083,13.5254543748151,7977.92346917288,21.8367289602346,15.0338929118955
168,1,78.7635678649232,0,0,32826.6957839286,11.650924680369,4855.08712674135,20.0721247331111,0.0896397954241066
168,2,73.3026572562858,0,0,35425.4307724679,11.650924680369,4889.1610292864,23.5427146718753,4.73594746724754
168,3,83.0651743584427,0,0,35333.5193047162,11.650924680369,5392.29530409494,22.5803940347379,3.62433651349892
168,4,78.4524817174132,0,0,35180.9899247885,11.650924680369,5994.65897103503,22.8519284023944,2.63293777781912
168,5,77.989933922909,0,0,36462.5380488952,11.650924680369,5794.26002436501,28.4731597895369,1.78209318862188
168,6,82.0047096697606,0,0,34709.9544779527,11.650924680369,5487.88454125448,28.1609284631077,3.5364462860329
168,7,92.918737892371,0,1,37432.2031819134,11.650924680369,6770.53015850391,26.0718187044118,9.64956068986464
168,8,87.7046387461106,0,1,36974.0470414681,11.650924680369,6112.73544457935,25.9329731336202,7.74788079568483
168,9,90.2857291852882,0,1,37680.2371444846,11.650924680369,5662.99914123072,20.8244459142647,10.3330518233969
168,10,92.4482126447421,0,1,37136.2750731277,11.650924680369,6934.3785195448,29.6657745111298,7.99900144705144
168,11,95.8831820055204,0,1,37224.6644302971,11.650924680369,7080.77333828217,25.3758892696606,12.3798211971709
168,12,99.5880116180986,0,1,37875.7259161003,11.650924680369,7396.47948823111,21.4981063078509,13.6165447624043
168,13,96.4322408982592,0,1,39873.1529623786,11.650924680369,6046.75778141406,29.1672811718939,16.6171540570283
168,14,86.7458391508743,0,1,40342.6475207686,11.650924680369,7406.82583953772,29.7978688255006,10.6548383104867
168,15,90.6442387143224,0,1,41221.7142134753,11.650924680369,6593.16388515193,28.8954637104549,13.8170670772351
169,1,73.9337235334823,0,0,35103.7474208886,14.7766382954973,4722.17353755576,26.3872150938899,0.744598713051669
169,2,75.7727735499924,0,0,35292.2420830693,14.7766382954973,5637.49673378932,21.9815972042782,0
169,3,89.7929078088729,0,0,38403.3185990142,14.7766382954973,6183.10667563474,20.8506475554312,0
169,4,83.203236892365,0,0,36261.4614296019,14.7766382954973,5928.87021566954,29.6543438989474,7.63962725645428
169,5,80.7375636991412,0,0,38537.0748458501,14.7766382954973,5599.58558451438,26.1778450364548,5.78219545956453
169,6,93.4950485922551,0,0,40181.771143367,14.7766382954973,6374.25747874993,23.9462958483264,7.47315469978443
169,7,89.1553299288573,0,1,39298.7832839373,14.7766382954973,6497.46854169928,22.9084447002196,3.05531069355686
169,8,97.549969234902,0,1,39783.5261386648,14.7766382954973,6746.84313797502,28.0543374101631,11.2652736566021
169,9,100.870494043442,0,1,42715.3614075079,14.7766382954973,6136.55577395593,22.2430188625699,9.22173784821151
169,10,100.441057259975,0,1,44729.78022881,14.7766382954973,6597.85413724271,28.0931168185782,14.3476200482603
169,11,100.241773018827,0,1,43276.5470923335,14.7766382954973,7079.04890638865,28.2548924806605,12.4517584072504
169,12,104.317683029502,0,1,44187.1500830442,14.7766382954973,7606.97186139041,24.3729952666893,15.457784425899
169,13,107.116208780892,0,1,44814.7876535316,14.7766382954973,8037.97352124199,26.4569480087336,13.0747603152151
169,14,107.037422960196,0,1,48123.6713180924,14.7766382954973,6633.24373420555,28.5775159319853,12.6497259888253
169,15,102.261059973578,0,1,46813.5640241566,14.7766382954973,8190.70928849767,26.4044025895354,12.3143246851562
170,1,77.6200841652056,0,0,25839.0033733444,13.9446893211945,4985.75553346117,25.2809583129234,0
170,2,74.0134224089751,0,0,26991.091180678,13.9446893211945,5108.4013046141,21.0321535532237,0.471859002582951
170,3,92.3747859554909,0,0,28325.8911706551,13.9446893211945,5348.96058751554,23.3843074966871,7.92467940050273
170,4,83.0865845283469,0,0,29434.7512086514,13.9446893211945,5773.01245770882,26.9002067495584,1.41882778252497
170,5,93.1908771897004,0,0,31757.5906154378,13.9446893211945,5922.40254919523,22.8383201556749,4.04522158787736
170,6,90.6124950805671,0,0,32571.5452438752,13.9446893211945,6217.15495818938,29.3497692969594,7.50318110493651
170,7,100.751512579065,0,1,33863.239375456,13.9446893211945,7134.00705048225,30.732615081276,7.51129992874106
170,8,98.8797041756476,0,1,33876.9648218249,13.9446893211945,6533.0590477476,24.2015889222131,7.76112077169632
170,9,90.911565529224,0,1,36350.3534120561,13.9446893211945,6892.32751013009,26.1690241888309,11.755375686835
170,10,107.217714923659,0,1,33701.3782496837,13.9446893211945,6660.0483177531,26.1269581350392,12.0601952725036
170,11,95.4632652463294,0,1,38990.8892539052,13.9446893211945,7719.55044720403,24.696918348298,10.647061892891
170,12,86.7470816775127,0,1,39181.7074561581,13.9446893211945,7023.63033425323,25.4911204355765,12.8798591951635
170,13,98.0355114994345,0,1,39695.4328768031,13.9446893211945,7586.25730961109,24.1471662753668,13.7290061056443
170,14,114.646885710085,0,1,41694.7365526138,13.9446893211945,7456.85783757162,21.7617297652524,12.1474844501464
170,15,113.598348624786,0,1,41114.7609597084,13.9446893211945,8439.23434763989,28.7557666431104,14.1234402328144
171,1,74.5448845438353,1,0,44320.5065510045,11.5493718774969,5330.94077416867,26.6414503502206,0.992749881929088
171,2,77.9245799211184,1,0,45779.588550664,11.5493718774969,6513.5185149405,23.018595742951,1.58248238708861
171,3,68.3158409628713,1,0,44825.0571762397,11.5493718774969,5289.93325148287,25.2166569609317,1.90079286605469
171,4,80.8773763845744,1,0,47064.5651549525,11.5493718774969,6366.1975265943,26.5989571294237,2.0023555487439
171,5,93.884173451447,1,0,47785.6774854402,11.5493718774969,5690.65799461,19.7609735919938,5.00328678653724
171,6,86.146158718343,1,0,48260.2786610585,11.5493718774969,5780.62163848495,25.327573489325,4.39262281844486
171,7,88.9503772211827,1,1,47963.2716205626,11.5493718774969,6058.76996560634,21.2838133944468,7.10252759264959
171,8,90.3165020079889,1,1,51140.3987034788,11.5493718774969,6164.25705838278,23.6523253703737,7.15144357146996
171,9,88.1692771938988,1,1,49205.4206776124,11.5493718774969,6524.7327587355,20.2121230376596,6.39021356273942
171,10,94.0561481925164,1,1,49930.8711417968,11.5493718774969,7205.14709929819,20.1109824338429,9.30964162107823
171,11,94.6694496895191,1,1,51542.5480232412,11.5493718774969,6689.46114128395,18.5272864440566,11.2027198718215
171,12,103.050454114711,1,1,54391.6889978119,11.5493718774969,7672.47156912794,26.9425981771086,12.2962734495221
171,13,98.6371272403744,1,1,53666.4649650562,11.5493718774969,7197.12885041182,30.7601905216699,12.9050913415473
171,14,111.378726337842,1,1,54536.3455904355,11.5493718774969,8370.23342306943,28.4999956346363,17.9293320564201
171,15,107.645517392099,1,1,54777.986987187,11.5493718774969,7845.89130265061,22.2020522793239,10.402660821006
172,1,83.8054628067197,0,0,33319.8126622653,15.1211310580221,5089.13047382651,22.9036542280865,3.87678197448308
172,2,84.8063735957802,0,0,34439.7243916017,15.1211310580221,6244.91108501533,28.6776499614106,0
172,3,101.67685548939,0,0,35271.5743692961,15.1211310580221,6160.49623088982,18.967675581514,3.09669410128424
172,4,82.6978286811824,0,0,36692.3563997571,15.1211310580221,6208.7133414117,23.2796182418399,2.72588900381247
172,5,93.459109867272,0,0,35301.188690871,15.1211310580221,5354.15912187579,24.3170205537355,3.83248500709366
172,6,104.075046673898,0,0,36678.7011736349,15.1211310580221,6870.98445096892,19.9785963788618,8.44567562990816
172,7,101.96044500705,0,1,38007.9232753235,15.1211310580221,6778.47300188347,29.6217192205126,6.38292955057566
172,8,99.614575033931,0,1,39177.0302310281,15.1211310580221,5980.06653556469,26.2660196852051,6.40231496246931
172,9,99.1261827665463,0,1,38776.5021505064,15.1211310580221,6179.68349362283,28.5688204259884,10.155083189443
172,10,96.1077750225039,0,1,40517.8682582771,15.1211310580221,7742.45258013921,23.9730693084409,8.58152554768866
172,11,104.342050015519,0,1,40076.2115035128,15.1211310580221,7888.50545136205,25.3141373770955,8.32385023021207
172,12,107.091014023508,0,1,41040.7576273655,15.1211310580221,7588.40066301191,25.8140943101813,13.0932757047301
172,13,103.460431595818,0,1,43151.947739869,15.1211310580221,7782.07259280163,29.4204086858198,10.9515063490935
172,14,108.669521464306,0,1,41014.6193653486,15.1211310580221,8603.84828471874,29.7336400979923,12.3090514473117
172,15,114.342937902228,0,1,43876.490501508,15.1211310580221,7240.1561415738,23.1323963236726,16.4338762651945
173,1,78.4282775932523,1,0,32729.1594148523,12.8776760548385,5201.97656276789,28.3014175044942,1.45009503424545
173,2,81.3595650938946,1,0,32251.1349970666,12.8776760548385,5321.26168353377,26.4425175459075,0.615217747986776
173,3,77.7005421856451,1,0,34013.4602640779,12.8776760548385,5823.83835145793,27.5412051425467,0
173,4,76.8491706069022,1,0,33474.8007961663,12.8776760548385,5575.40193753183,20.7787615881859,5.31125982229076
173,5,94.0599948964586,1,0,35145.1970598297,12.8776760548385,6272.00364506664,24.1917957639871,6.99192524811958
173,6,78.1135845984298,1,0,35776.4609579411,12.8776760548385,6191.96474663087,29.1008142655476,4.27325808317477
173,7,87.184091044352,1,1,36530.7830384183,12.8776760548385,6184.98904027914,25.413516586677,3.80151103765628
173,8,88.592057845264,1,1,36076.2800479979,12.8776760548385,7475.69201493289,25.2612149489885,10.500730491959
173,9,95.0286168006634,1,1,37982.1718266319,12.8776760548385,5980.41798301433,23.1423499915525,10.6109814712217
173,10,96.3664142188653,1,1,38123.4997552442,12.8776760548385,6987.63660671702,28.2493018099558,11.623453252163
173,11,96.553228971588,1,1,39370.5376973773,12.8776760548385,6724.16393216184,25.1594558570584,8.08363866224376
173,12,101.046089075703,1,1,41547.0815296475,12.8776760548385,7138.85676472656,25.4939143097847,12.8324422565339
173,13,105.133357205703,1,1,40748.9375078819,12.8776760548385,8173.22169392465,22.7715854788836,12.0178409250873
173,14,107.836654746329,1,1,42075.4934844275,12.8776760548385,8570.50013811863,28.5430372040771,16.8874963409885
173,15,94.3819894172334,1,1,43003.938822888,12.8776760548385,7386.72321319359,25.1054669251706,15.0921991101552
174,1,83.8252814573423,1,0,40861.6719516223,14.0062541983184,5486.74965670312,28.4774395209635,2.60803352845204
174,2,76.7935942992691,1,0,42730.2322268783,14.0062541983184,4317.68902583333,24.7595303923614,1.74603971671801
174,3,81.7106991690191,1,0,42754.6976627685,14.0062541983184,4200.27975158363,25.1884368272992,6.9207406955268
174,4,88.1681593277822,1,0,43825.0474625581,14.0062541983184,5318.61942215953,25.5555636476048,1.07630270670002
174,5,90.0992337090767,1,0,43652.8717866983,14.0062541983184,6086.2273216974,23.5935367856836,2.72113682609397
174,6,92.6781014458823,1,0,45033.8976612548,14.0062541983184,5638.45714535245,19.1946991284877,3.86346335883993
174,7,97.9560521483452,1,1,45642.1560557296,14.0062541983184,6300.56402697283,22.715653557348,7.48487362215671
174,8,92.4820377849451,1,1,47636.4425300665,14.0062541983184,5700.72671260212,22.432665387432,5.88322233019764
174,9,100.737855578541,1,1,49186.6969116199,14.0062541983184,7538.62875760995,24.1718373418978,10.4699101683238
174,10,104.87423648399,1,1,48447.540244918,14.0062541983184,6076.51903555554,22.1913987257625,9.41895582211875
174,11,105.286608276473,1,1,47565.9131040551,14.0062541983184,6844.64730672685,24.4977457940539,11.1795690362669
174,12,112.188521729874,1,1,49808.6664666733,14.0062541983184,7177.37014517869,24.7572687599474,8.97330599031829
174,13,109.695940877573,1,1,50592.9070948003,14.0062541983184,7118.95601001927,29.8375067222895,13.1964945545087
174,14,114.685351665836,1,1,53580.9415270183,14.0062541983184,7576.55706217738,24.386994396428,13.2241532935467
174,15,117.915711044467,1,1,53416.1841740049,14.0062541983184,7691.19368948805,30.7490492135624,14.6988886638442
175,1,76.145934925004,1,0,26750.0396639933,10.2174670751273,5052.04748805094,25.2482138457876,3.58047845114258
175,2,75.5154363284438,1,0,26519.2383072897,10.2174670751273,4574.64588376243,25.2550367251801,0
175,3,68.5142285056361,1,0,25503.8089341813,10.2174670751273,5871.52747742784,26.3785643639835,1.44962537880578
175,4,92.2096955335711,1,0,28479.3087483011,10.2174670751273,5088.47143521633,25.2953043036076,6.34011834210609
175,5,85.4740554099925,1,0,28169.5762103412,10.2174670751273,5708.31294507323,22.2475446684052,6.07073223383268
175,6,84.4346148190939,1,0,29851.0654397315,10.2174670751273,6710.18626503125,26.2411654179358,4.81007687822981
175,7,81.7105351162119,1,1,30681.8406843655,10.2174670751273,6203.07905135854,28.1631260616029,8.18663364120852
175,8,82.0611343032143,1,1,31572.4678880098,10.2174670751273,6559.23367166198,26.5690608676969,9.85636876756374
175,9,94.8432617329959,1,1,32318.1889490548,10.2174670751273,6696.82192000448,25.2198412622898,8.23394062999961
175,10,92.5556053575571,1,1,35503.7981355511,10.2174670751273,6908.42870564781,22.6003917177725,11.3594802646725
175,11,96.4096751691516,1,1,36025.4768140639,10.2174670751273,7913.56375718957,27.9897954166708,12.5056852853429
175,12,97.4231284531598,1,1,34559.3695331651,10.2174670751273,8368.56856771,26.227327320761,9.02414992410181
175,13,108.334426123338,1,1,36580.366113433,10.2174670751273,7059.75000391767,23.8927908533566,11.5871374345724
175,14,100.72685172731,1,1,38466.0825614886,10.2174670751273,7972.73590583243,23.1610140067517,16.0080613768644
175,15,103.75762478765,1,1,39350.2754273545,10.2174670751273,7711.87367147369,24.3280680891598,13.8686730424766
176,1,84.115774061973,1,0,26565.4721392813,16.7412955109578,4965.08456000042,27.2417845090708,1.0149696556864
176,2,88.0783400524769,1,0,29934.2202609344,16.7412955109578,5195.55366504818,23.720047197822,0.534206623632949
176,3,94.4478912140941,1,0,28883.3877417933,16.7412955109578,4967.49734041539,27.5483689357885,3.22171815072716
176,4,99.4423539659707,1,0,30778.1902488399,16.7412955109578,5788.28282295378,21.2825500194331,5.02783585628499
176,5,96.0951428633599,1,0,31883.8676961072,16.7412955109578,6245.25832713255,27.6373670619145,3.77188344199364
176,6,93.5644846380598,1,0,30858.6849445023,16.7412955109578,6459.39893973072,24.7549553283957,4.85830485679269
176,7,100.554981352463,1,1,33708.9328255647,16.7412955109578,5949.55473521292,29.0980276544381,6.72196521605528
176,8,100.65066810632,1,1,32805.4178495208,16.7412955109578,6970.48234040908,26.3264756039452,5.76578035301026
176,9,106.466088190298,1,1,34003.0300951012,16.7412955109578,6003.07828015401,26.8980686412759,10.3414508341616
176,10,109.620563575221,1,1,37353.4482084425,16.7412955109578,6255.61828802544,20.2718051385472,9.68670190941156
176,11,124.434360905512,1,1,38437.7403734016,16.7412955109578,7688.18038330919,24.3725156213511,12.1794574401417
176,12,122.59733039414,1,1,40134.3958302092,16.7412955109578,7748.92423369981,24.8204147318011,12.9607426605226
176,13,116.365698928316,1,1,40603.1715044715,16.7412955109578,7229.30305158545,20.0263327008425,11.1813392387723
176,14,121.171768628863,1,1,40613.4201873803,16.7412955109578,7562.69046124224,20.886281572249,11.9109946207385
176,15,115.600136588723,1,1,41550.026585633,16.7412955109578,7925.2609279862,25.2566831641274,14.8218025857841
177,1,84.7413521786733,0,0,50765.0768291013,11.98803316695,4606.55313502143,21.2501518211501,0
177,2,89.7081522685152,0,0,52192.4604529778,11.98803316695,5110.87861144139,23.0361384155878,0.559738774718391
177,3,90.3968970356349,0,0,52321.1209971558,11.98803316695,5363.76201263885,27.1637643464074,5.0374853297423
177,4,87.8684432237875,0,0,52520.1545574218,11.98803316695,5347.92410898227,27.3448001755475,6.18989051384415
177,5,102.199856467681,0,0,53015.1350536707,11.98803316695,5723.98614034785,23.8075322244051,8.67214573716372
177,6,91.4275734696894,0,0,55493.4516939716,11.98803316695,5727.13696467648,24.8733270506719,6.50225078980612
177,7,86.7500256072009,0,1,52154.2502323528,11.98803316695,6181.33597826307,27.7049285649059,6.87205819016702
177,8,97.1864304696809,0,1,56419.7487966549,11.98803316695,6236.81929190653,22.5649817179218,7.58893340895305
177,9,108.732908062988,0,1,56040.0468956441,11.98803316695,7280.53739313071,23.8176347268636,8.80871168929007
177,10,95.2014937829112,0,1,55861.5434798649,11.98803316695,7858.30336628775,28.6960466451611,6.45714209308353
177,11,108.797860481821,0,1,58606.2091818199,11.98803316695,6846.57004886132,25.2796500288319,10.4024821507979
177,12,103.826279574125,0,1,57570.1709768467,11.98803316695,8203.2735896881,20.7984674508343,13.6139492066616
177,13,108.048218806014,0,1,59675.3580934709,11.98803316695,7514.20777136408,24.0477536719627,12.2403632748969
177,14,122.156615256091,0,1,60297.7891483297,11.98803316695,7000.94394121275,20.4691977612901,11.6657750793678
177,15,114.918101183895,0,1,61034.3566820584,11.98803316695,7676.33936520544,22.8276049199036,13.3368056072556
178,1,81.8342765709586,1,0,29076.1917040822,14.5435283066804,5495.36169328509,21.1770611609658,0.0438452369481983
178,2,87.0169320159276,1,0,31929.9647340548,14.5435283066804,5221.82420999951,22.1027216643608,0
178,3,93.0507092269701,1,0,32113.6213622193,14.5435283066804,6043.50272875252,22.451591572569,3.38041971857447
178,4,92.7917481144288,1,0,32742.2708676077,14.5435283066804,5719.27215345196,23.5657456022311,4.95276653760776
178,5,89.6568441014719,1,0,33101.690836891,14.5435283066804,4997.34326036775,30.0827974119056,5.79485209018166
178,6,87.1723965583769,1,0,33985.8689703002,14.5435283066804,5357.9378428985,25.2657774537892,8.03354132130377
178,7,109.068329440646,1,1,35118.2192928977,14.5435283066804,7332.60772766691,19.6749289368259,7.87853294106769
178,8,95.6619498863855,1,1,38050.0687785981,14.5435283066804,7112.98947561529,19.0731484991914,7.55667013198906
178,9,95.0397649118202,1,1,38337.4989915073,14.5435283066804,6934.70023682345,22.3269247312786,9.57466688888938
178,10,99.8684078558833,1,1,38756.4220690201,14.5435283066804,6572.60954941652,29.5626952255777,8.47107648878394
178,11,105.512994476127,1,1,41037.3304704564,14.5435283066804,7503.70604324754,30.0078508847075,8.62324658895534
178,12,100.472216133274,1,1,41772.1820042661,14.5435283066804,6587.47871440415,22.1543510915813,11.5737369466773
178,13,104.047330496667,1,1,41902.3171840964,14.5435283066804,8111.27753009091,27.4378078933694,11.9538370656796
178,14,109.655944351312,1,1,40655.1700388482,14.5435283066804,7994.63007442247,28.6915352449945,15.4067668009375
178,15,108.508198433032,1,1,44110.9476580939,14.5435283066804,7705.68660758067,21.5432804630173,13.1225312045856
179,1,95.4269857296071,1,0,44164.0203112264,11.6996504223219,5001.40255481767,19.5426131599982,0
179,2,90.9374070134433,1,0,45421.0752242375,11.6996504223219,4933.2972945992,22.0080976573286,7.22273078719457
179,3,83.1610737177646,1,0,47198.886217195,11.6996504223219,5821.55514750565,22.8317611326606,0.780801779631047
179,4,80.3603060279343,1,0,48321.8833885859,11.6996504223219,5348.86013108357,23.5108201647414,5.05095237492725
179,5,102.324796312275,1,0,49062.665194933,11.6996504223219,5319.16549345835,30.6901827435828,6.31571869816067
179,6,104.678689653411,1,0,51539.0142989738,11.6996504223219,6511.45333009804,25.005114213926,8.24549078503538
179,7,107.908922759093,1,1,51669.7019089456,11.6996504223219,6361.59738304529,25.4573410201048,8.83995863703761
179,8,107.669977958564,1,1,52884.5488074691,11.6996504223219,6770.63392058665,24.6691356775555,7.01019821633089
179,9,111.10032092961,1,1,54492.6501427604,11.6996504223219,6104.7882452254,22.5324021488473,9.17291237629725
179,10,100.098164982043,1,1,55284.8602544525,11.6996504223219,7218.72144118748,22.026870558857,6.30319828760999
179,11,115.838786936204,1,1,57495.824707514,11.6996504223219,7552.59268671082,29.4947514317244,12.1663809847788
179,12,124.453979399248,1,1,58542.488778184,11.6996504223219,7505.94354439365,24.0948098401892,10.1512143246709
179,13,111.699503544938,1,1,59641.441275671,11.6996504223219,6986.6928541705,26.1337621993245,12.5043661775328
179,14,130.783819031069,1,1,61698.7328090495,11.6996504223219,8370.39940020708,21.3299692662449,19.5783420533606
179,15,126.701359298441,1,1,60707.7100645477,11.6996504223219,7806.20532247959,27.5285962513253,15.2075407226277
180,1,69.6250951945903,1,0,19630.6085382362,11.1611102790582,5753.75873664821,23.4398368888761,4.00628259910798
180,2,72.9727575949706,1,0,21165.6346664106,11.1611102790582,6194.02680554877,25.6922373002229,0.741382614553076
180,3,65.4557339270919,1,0,22031.0468874091,11.1611102790582,5712.77928527715,24.6004009256387,0
180,4,79.7228553605405,1,0,24268.5960820057,11.1611102790582,5851.04842869617,18.8236400821911,0
180,5,78.3472270861804,1,0,22283.21093843,11.1611102790582,6770.81597734152,28.8922268236036,5.69782976688006
180,6,71.8087845844628,1,0,22829.1618999306,11.1611102790582,5785.1721364043,28.0884899068273,7.91818532163311
180,7,90.107077073003,1,1,25021.5833160343,11.1611102790582,6795.13448190408,22.5352485283532,5.58777765835816
180,8,89.3741128914739,1,1,23896.4427306345,11.1611102790582,6788.70715549845,25.4659413263516,12.3305901934269
180,9,96.5842367441498,1,1,27678.6164832764,11.1611102790582,6651.49447115737,21.8475149991129,9.55738941015233
180,10,102.307770832391,1,1,26307.0311062864,11.1611102790582,6185.43655125028,27.5061552802248,9.6642808856305
180,11,97.2336460270281,1,1,28678.9112582377,11.1611102790582,7715.14161235835,27.0145495701176,10.3914889665833
180,12,98.49498825341,1,1,28788.7790797473,11.1611102790582,7777.13079745611,18.1388176582201,16.4919073485462
180,13,85.766171688142,1,1,27633.327668039,11.1611102790582,7511.16942521243,20.4433436280113,13.091594856868
180,14,95.3518863801182,1,1,31158.3687318089,11.1611102790582,8014.43814628967,22.435488678445,11.525013464951
180,15,102.760801670193,1,1,30682.2389422511,11.1611102790582,7519.66731402195,25.2403963327462,13.4526847443887
181,1,76.5917770772812,1,0,30235.9172646307,14.35331473584,5347.92020611651,21.4493751579334,0.698125944061332
181,2,83.0353384639474,1,0,27699.8758177447,14.35331473584,5206.15246488892,26.9894640447657,3.89258629337243
181,3,80.9124180839897,1,0,30858.1136300298,14.35331473584,5604.36666059861,24.6318664790579,2.55613048263032
181,4,87.5304198182873,1,0,30773.4710607539,14.35331473584,5779.0599999872,25.1309279402958,5.14442997904554
181,5,79.4250622962181,1,0,33791.7845943008,14.35331473584,5567.48199049698,22.2671569550444,0
181,6,91.5843331004865,1,0,32774.5346756239,14.35331473584,6375.17558257069,26.7997503620302,7.24947533817761
181,7,99.388011380009,1,1,35275.4605259267,14.35331473584,6170.80171644116,25.5251909174094,10.0342075434143
181,8,108.318657905759,1,1,34709.5784547488,14.35331473584,7028.36353430389,25.034614635662,8.99980431072676
181,9,107.426669324655,1,1,36145.4422492187,14.35331473584,7788.64468559028,24.6031292667877,5.25361915284733
181,10,101.37641569975,1,1,38315.7246435109,14.35331473584,6895.50867070368,23.0405898153504,7.22313997189189
181,11,99.8537234486069,1,1,37008.9530485394,14.35331473584,7038.4665102317,21.3333424110781,11.8886592143278
181,12,101.757691161422,1,1,40347.4914327891,14.35331473584,7246.78577622542,22.0979366800037,11.2097540468335
181,13,108.349908713099,1,1,40352.7820361616,14.35331473584,7955.29139309315,18.428927654172,11.1905158470425
181,14,100.702694646591,1,1,41488.9756115472,14.35331473584,7668.74270193684,26.1329541411465,11.2392975648107
181,15,103.331111629759,1,1,38795.724342246,14.35331473584,8147.59259805902,27.3856129855892,15.369175964356
182,1,84.2989591348024,0,0,33390.4259724497,7.24615006622648,4695.59791247769,21.6233467519293,0
182,2,66.9255708315798,0,0,32623.8773514656,7.24615006622648,5654.59369945116,27.0444985776987,2.0157087789805
182,3,85.9520245907685,0,0,35381.3203899138,7.24615006622648,5548.13296440334,22.5817629200429,5.05903261422609
182,4,76.9051195721871,0,0,36376.3737580979,7.24615006622648,5317.74932229649,24.0676227581479,5.33156682098102
182,5,78.9785772031775,0,0,35067.6127146696,7.24615006622648,5666.23353240546,23.6364224475142,7.82392180085916
182,6,82.7641513395906,0,0,35704.925536531,7.24615006622648,6465.46960344737,17.1266933322971,5.80534807832288
182,7,91.2090054274017,0,1,35126.6706607134,7.24615006622648,5823.87521222322,26.4114052060705,5.44847871525121
182,8,83.906263374369,0,1,38070.7398639757,7.24615006622648,6060.05243699624,24.640316542368,7.55551454590034
182,9,92.5639440406708,0,1,39272.875558803,7.24615006622648,7069.69769556137,25.9591867108382,9.71427110828206
182,10,91.9312143143474,0,1,36642.9727628143,7.24615006622648,6781.88597963633,32.3080466039463,12.4241778554822
182,11,85.6586614441439,0,1,37061.9416082254,7.24615006622648,6269.1583472197,25.4470126686584,11.8366912297051
182,12,95.1688951729219,0,1,40550.1488258358,7.24615006622648,7851.83290109771,31.1292254796158,10.2100054840851
182,13,105.690063618413,0,1,41286.1009605941,7.24615006622648,7386.84943270355,26.3031791939751,13.9782608546952
182,14,87.5071121337677,0,1,40840.6669333743,7.24615006622648,7298.57098942446,27.6676673736308,12.9004618792481
182,15,100.687679469315,0,1,41242.9108855465,7.24615006622648,8771.60000067858,22.4295393571965,11.8815886074213
183,1,76.4143426840364,1,0,32579.6210230727,13.4350984433821,4202.11942601878,26.6096712593501,0
183,2,89.7291153084973,1,0,34340.4888512491,13.4350984433821,4916.35074837096,22.8574287649097,4.30297986434222
183,3,84.0260741823203,1,0,34349.881864188,13.4350984433821,5921.32531956607,23.0715743187221,3.37114501537167
183,4,89.8013214410536,1,0,37645.8264122701,13.4350984433821,4668.04254318125,23.6255210719178,2.57443705995923
183,5,84.5378925509829,1,0,35953.8267241929,13.4350984433821,6502.10317598407,25.4439845943752,5.50877790263554
183,6,86.4379542028991,1,0,34066.3510907977,13.4350984433821,6135.53295171416,23.2708933452359,5.95493664922602
183,7,103.483138367826,1,1,38504.2690373936,13.4350984433821,6234.07221584354,23.1008043007383,9.31741651344949
183,8,101.394970717511,1,1,37547.7364481598,13.4350984433821,6570.01647823843,29.0167657961713,9.21317916557473
183,9,103.41248020122,1,1,40428.2106755263,13.4350984433821,6144.39280827983,24.1039518949473,14.3556831074526
183,10,102.487271067401,1,1,38859.9243755384,13.4350984433821,6671.17620452586,20.8357113481096,6.30547723031831
183,11,110.294616457181,1,1,40947.810907427,13.4350984433821,6611.91371619384,21.3355011292121,10.4281984799513
183,12,109.202598144519,1,1,42397.5702530638,13.4350984433821,7341.84189746595,21.4805347539495,12.1125756745028
183,13,105.593898768607,1,1,42610.4638823844,13.4350984433821,7341.5750891632,26.6681073522546,12.8233023260309
183,14,110.030541513989,1,1,41661.3558155167,13.4350984433821,7735.68660532102,25.715415525187,12.9972426334135
183,15,112.041125469149,1,1,42981.238331096,13.4350984433821,7958.19670566879,21.1969057750409,15.2679423096374
184,1,73.6199468487482,0,0,21860.2266510223,13.1806991189844,4759.81303061487,23.8380317661682,2.61249383663789
184,2,69.3721281707493,0,0,25090.8485556244,13.1806991189844,4049.2996691843,24.7968718830899,0.801128251722989
184,3,67.0736802276534,0,0,24095.4760706145,13.1806991189844,5983.29575531433,27.7151681817117,0.842167824119484
184,4,83.464200879072,0,0,26253.4510288578,13.1806991189844,7002.76782825276,30.6422039681124,3.22188928795664
184,5,82.0777325197308,0,0,25913.0799474623,13.1806991189844,6230.05981572485,27.788686161607,5.07015538909614
184,6,72.5265062637312,0,0,25995.1446607394,13.1806991189844,6205.07394647075,22.4911097789111,3.6598211947636
184,7,81.4594845804149,0,1,28372.6467756487,13.1806991189844,7181.06906018913,24.3382810209146,7.05221427742772
184,8,93.8199810003013,0,1,26853.8385302619,13.1806991189844,6806.42302273069,18.6894556983282,11.1001672605816
184,9,93.3115594532354,0,1,30237.5414452989,13.1806991189844,6205.56890405836,19.996577370932,13.0460460310187
184,10,83.9589177710761,0,1,30428.4488300379,13.1806991189844,7357.27496604987,21.706111426081,7.28030076520747
184,11,90.6212073380398,0,1,30603.1234040509,13.1806991189844,7492.53808693107,20.0031363813356,12.2442201218115
184,12,84.8757417864287,0,1,31598.4024847872,13.1806991189844,6774.0194155405,24.8514981132324,14.9105287994113
184,13,95.2946487406925,0,1,31983.0815875661,13.1806991189844,6660.21672545538,29.6779087787386,11.9546605427991
184,14,95.5225639747072,0,1,32088.1555030245,13.1806991189844,7806.04153371585,23.7861281798655,13.3297506233062
184,15,95.6930612503045,0,1,32947.4055368572,13.1806991189844,7645.94555286121,27.358078299125,15.5603279833959
185,1,71.1462496819744,1,0,30348.0292345703,3.91401189262645,5390.04824054654,27.2173874874417,1.90177459473542
185,2,62.3503378036938,1,0,32988.3283835514,3.91401189262645,5433.15414739194,28.1113161730831,0
185,3,86.061496847964,1,0,33146.9387524237,3.91401189262645,6470.05835147214,21.5988717306387,6.41682699595712
185,4,74.7198135360261,1,0,33236.5037755592,3.91401189262645,6614.78705628087,21.3840705574895,5.0030465649432
185,5,83.7825627735952,1,0,33004.1714024407,3.91401189262645,6277.40503623096,30.0061171603263,4.84744721131173
185,6,74.8796124902216,1,0,35260.6745397901,3.91401189262645,5866.61101361656,29.6084737988546,5.67864188373385
185,7,77.4444285982915,1,1,34732.0619012406,3.91401189262645,5680.72337700345,24.7091999358838,5.26954414081702
185,8,93.1842187206392,1,1,35684.788826478,3.91401189262645,6333.93881070505,25.3983210677214,8.84269715461443
185,9,96.5055056458806,1,1,39372.9777480455,3.91401189262645,6190.89190411685,23.4212780237926,9.26012235469207
185,10,100.693618570264,1,1,36736.0003137998,3.91401189262645,7422.77123287831,21.2071685261698,13.94286324705
185,11,86.6118761260951,1,1,38046.7783740199,3.91401189262645,6871.10172398363,27.3557546590913,10.8684673544113
185,12,88.8192999283514,1,1,39146.7580755602,3.91401189262645,7532.60010184101,20.5339622898763,11.7611850044878
185,13,103.391615055406,1,1,39929.5993527335,3.91401189262645,7907.02483940064,23.7266292384133,13.9479158494341
185,14,98.1073950351853,1,1,40197.6204915439,3.91401189262645,8338.80925087026,20.8995006958848,11.2132327435375
185,15,96.9622222718057,1,1,41933.2112187815,3.91401189262645,8505.04770405429,27.4262732326434,20.6360865825047
186,1,70.4139254719442,0,0,21027.5092036988,13.1051319855998,5136.69244437991,19.4254429784698,0.136646100345405
186,2,68.8324265127736,0,0,24092.9282651693,13.1051319855998,5473.91650889899,21.8677999022195,0.915744779149905
186,3,67.993295708657,0,0,23558.8971156278,13.1051319855998,5353.75951475927,25.4143916514976,0
186,4,71.575169967893,0,0,24978.4484522409,13.1051319855998,5852.9167112477,27.4148345564761,3.32543305096519
186,5,81.418022701266,0,0,23399.7892104403,13.1051319855998,5186.4348028874,19.1773552424375,3.57268676455434
186,6,74.8910402779403,0,0,25475.676508178,13.1051319855998,5471.58641163464,29.949297813823,5.63988652450369
186,7,79.4575569972251,0,1,26720.6257581896,13.1051319855998,6647.87449991313,29.0680111539218,10.0549441274488
186,8,73.2308071485951,0,1,26958.078638088,13.1051319855998,6630.23789821928,27.4690513425057,3.86205329228113
186,9,86.612348977955,0,1,27562.4796499953,13.1051319855998,6896.0113826173,25.946700123822,9.82441829047768
186,10,74.8325933512484,0,1,27195.5193724921,13.1051319855998,6420.55759303809,23.9655232536054,10.7733258993136
186,11,86.0643226086441,0,1,28285.9988346781,13.1051319855998,7343.0973943329,25.1183474243596,9.17468681217704
186,12,96.1376701781948,0,1,29194.7310287836,13.1051319855998,8588.63281305559,23.4019499303521,10.98676473301
186,13,89.1420705202252,0,1,29482.1776915393,13.1051319855998,8255.93425501862,24.5307418366323,15.1580079396439
186,14,96.2996549499822,0,1,31733.272535701,13.1051319855998,7533.78456653254,28.7639241734785,12.8822998119328
186,15,95.8030691380179,0,1,33413.9947871607,13.1051319855998,7532.65339999268,23.5087177479015,11.7876312250546
187,1,69.7979231961159,0,0,37679.4435532117,5.49474675795898,5945.2268546194,22.9364431267591,0
187,2,71.8609408612378,0,0,37449.7405697505,5.49474675795898,5513.78063341485,27.0489039298949,3.82223431156457
187,3,81.5770672305831,0,0,37571.2295202338,5.49474675795898,5325.80303878537,20.7431396648687,0
187,4,73.065992255468,0,0,38928.1798083082,5.49474675795898,4963.40220383994,25.0309296167851,2.53211009349549
187,5,80.6317379986432,0,0,38226.1967421209,5.49474675795898,5766.43898535304,27.4817726956282,6.1984079213072
187,6,87.6384287341795,0,0,39942.3649315184,5.49474675795898,5666.33072637012,26.9620636528957,6.9296782681495
187,7,82.6355266522949,0,1,40506.5508865556,5.49474675795898,5598.36656498039,25.3848124973906,9.61840435538211
187,8,79.7981417983942,0,1,38657.6983436934,5.49474675795898,6927.57669179287,25.6265130974476,8.62741729451566
187,9,82.7200883950321,0,1,43561.9954471642,5.49474675795898,7172.72920207968,25.6932993490837,7.86112437359326
187,10,93.8174784590797,0,1,40996.4338622302,5.49474675795898,7261.24659723215,25.8517904843989,9.20937637017619
187,11,81.4419443354754,0,1,40364.7545270214,5.49474675795898,7317.53245828281,26.6086631168839,9.13154737722796
187,12,81.6931767988696,0,1,43652.9265639446,5.49474675795898,6958.02904390769,23.0537500059136,8.26580954757089
187,13,90.8302155991364,0,1,44423.3182002909,5.49474675795898,7801.89949446288,17.6016024125589,12.574560710823
187,14,99.9422881713149,0,1,44970.5373438844,5.49474675795898,8185.20083860505,20.9717993282332,13.0239792387558
187,15,97.0944989451831,0,1,45781.7442584743,5.49474675795898,8098.87905732695,25.1259758487563,13.484160512175
188,1,100.864012950063,1,0,38149.1186545398,13.9794131306782,6263.98199292991,24.3234908775617,0.922739878728356
188,2,93.1286036875647,1,0,40582.388370314,13.9794131306782,5055.50252020163,30.3149664837824,1.85954274566193
188,3,99.3127537088297,1,0,42026.4241211362,13.9794131306782,5925.58333895706,21.5012214605629,6.33802540007998
188,4,98.913133917659,1,0,40462.8532298785,13.9794131306782,4928.79418400267,23.1366915384494,6.8191762169254
188,5,99.8147723983045,1,0,42263.3013233578,13.9794131306782,7346.22051197233,20.6670075769828,4.19504202656225
188,6,96.1326346065816,1,0,42342.3720430538,13.9794131306782,5794.8450956119,25.2890688919079,6.09062272575547
188,7,98.5593662505488,1,1,43208.3317297861,13.9794131306782,5762.89989498328,23.6356148402791,7.62855686694291
188,8,100.056116849681,1,1,44900.6713628332,13.9794131306782,6131.20337011311,25.7602340912514,7.97571444468659
188,9,107.885050995128,1,1,44858.5763910493,13.9794131306782,6923.19796930884,30.30051131335,11.2542620537418
188,10,111.744190192664,1,1,47168.4945211253,13.9794131306782,6484.72044132655,23.9684329785288,9.65340894865524
188,11,110.322279442787,1,1,45560.2081224061,13.9794131306782,6933.60740741415,24.7270606275239,14.3010828917788
188,12,104.057593246398,1,1,48030.2872956816,13.9794131306782,7520.1913292896,24.9898832234007,11.6055608563787
188,13,100.851575988276,1,1,46748.5337120309,13.9794131306782,7478.12776702761,30.9816606395305,9.1229465798195
188,14,122.486835434016,1,1,47628.7121481264,13.9794131306782,7829.3232611696,22.9894337295951,12.4795003256055
188,15,117.914092196342,1,1,48188.7621962101,13.9794131306782,7535.8092908989,27.9666646175624,17.6688533154878
189,1,60.6488254047121,1,0,13245.0995549999,10.6382587998564,4934.60066286817,26.6297040077402,0
189,2,50.471036250433,1,0,14180.830848748,10.6382587998564,5156.32349701624,25.8375718329992,3.38405737441992
189,3,68.6974605138606,1,0,14616.5568056625,10.6382587998564,6417.87464847945,25.9896364820002,0.39435498956359
189,4,63.5400461861121,1,0,15827.8201498968,10.6382587998564,5627.24802088498,30.0782558051249,5.76421006783925
189,5,52.1567973753076,1,0,15203.661570302,10.6382587998564,5675.95694964861,30.0583138947017,2.29437051842673
189,6,73.4723271905989,1,0,16503.8144934337,10.6382587998564,6543.08842338599,27.7140012687969,7.78693237031563
189,7,86.9698631175379,1,1,18151.927453784,10.6382587998564,6819.17472753571,18.2420966662802,10.698794760035
189,8,74.4256187903396,1,1,19294.9697745793,10.6382587998564,6617.24190476597,26.0899788414089,8.04967012177155
189,9,79.8272231980863,1,1,19352.3314031461,10.6382587998564,7279.56689029806,26.1288678287423,10.9157609954072
189,10,79.3815775549293,1,1,20480.479222817,10.6382587998564,6643.21820875757,26.2794396538629,11.3445511285788
189,11,82.3672206510673,1,1,21368.2496526858,10.6382587998564,7877.03620986532,25.0316737927285,9.38342092680034
189,12,83.1311271640241,1,1,21894.5965862099,10.6382587998564,6991.25141790135,26.5568923453311,9.56975885919169
189,13,86.279205295797,1,1,21818.6690205837,10.6382587998564,7984.40413885236,29.5153631575881,16.91741670665
189,14,94.7726861911471,1,1,22635.1418666767,10.6382587998564,7445.17717133337,25.0637506246459,13.3156341214565
189,15,84.5807830828196,1,1,24178.5787142876,10.6382587998564,8655.83576444603,26.3160656025813,13.4748716743508
190,1,82.4018938226524,1,0,40503.7904043863,9.91518952429532,5189.94669033516,21.7401930738315,3.25737025973547
190,2,81.2010735619081,1,0,41900.817000385,9.91518952429532,4875.91761708415,25.0809375437088,2.51736443102442
190,3,71.2780170317159,1,0,43014.6202790141,9.91518952429532,5380.12722420679,27.1012266173346,1.16758681978416
190,4,74.9809682128529,1,0,42593.2448100331,9.91518952429532,5938.65738028359,28.1537279253234,2.01705188374716
190,5,82.1455152320495,1,0,45587.8692444367,9.91518952429532,6012.98152600779,24.4445000480223,1.71400896611471
190,6,78.9052465063074,1,0,46897.3137186117,9.91518952429532,5362.16022213491,24.9369751002679,7.95391219865028
190,7,86.2722037882646,1,1,47339.8300386031,9.91518952429532,7051.82972133862,18.6107758990371,4.03148791729299
190,8,92.4285217699167,1,1,50268.6271351913,9.91518952429532,6550.24602085999,28.839799039592,5.30525380689438
190,9,92.8635545195909,1,1,49372.4040956834,9.91518952429532,5929.33638342724,27.349418609617,11.495770846259
190,10,94.6150302408443,1,1,51200.6122312427,9.91518952429532,7319.01554591124,24.5484939092036,10.1025520309248
190,11,95.5600519382339,1,1,52228.0376523024,9.91518952429532,6960.87367084601,26.7118505752169,9.60360006591778
190,12,97.3029498356012,1,1,53553.7451115201,9.91518952429532,7736.9729367516,25.9619550501162,12.5712156023217
190,13,105.799010945391,1,1,54260.404670092,9.91518952429532,7923.99199213733,25.4643829114323,12.3112313913706
190,14,98.9098136505273,1,1,54725.0385324172,9.91518952429532,6944.99433858671,30.4280719907243,12.2034476078296
190,15,110.404724591958,1,1,56553.2988916475,9.91518952429532,8299.44157372229,21.191405212605,15.6987331377932
191,1,75.3667817488802,0,0,21334.9836916571,11.979461090482,4931.21965399245,22.54884927586,3.89912092982031
191,2,82.0824145772477,0,0,22334.8008163238,11.979461090482,5200.99850599841,26.291223843101,5.51220618911917
191,3,85.1483242501527,0,0,23820.6862513828,11.979461090482,5606.75994316214,25.2819282815591,1.75518589224755
191,4,88.6142458146761,0,0,24883.6463070146,11.979461090482,5919.42263111158,23.04375352181,5.00553962219263
191,5,89.1534969259048,0,0,25112.2077878152,11.979461090482,5943.34081651443,28.0260051258796,3.77411350907783
191,6,89.8637011254301,0,0,25741.4788224215,11.979461090482,6568.11443909551,27.1490299713162,4.10856406212907
191,7,84.9211349469569,0,1,28468.5986568428,11.979461090482,5713.49794380766,28.5655995766131,3.75715844515768
191,8,92.1102445129993,0,1,28203.1951802892,11.979461090482,6325.87260763294,22.0422550100206,9.17916530966695
191,9,81.8784193606236,0,1,28783.7347953732,11.979461090482,6932.40137094001,19.2252751594201,7.76484827821033
191,10,86.8258865447318,0,1,29223.5789317725,11.979461090482,7024.32643866314,24.971275100101,9.55713167254666
191,11,92.1819087240064,0,1,31449.6240872721,11.979461090482,7921.14061400764,23.9525274267891,8.58712958347345
191,12,91.7216668007992,0,1,32576.602516599,11.979461090482,7414.14198693629,19.0572400310114,12.0011780327809
191,13,106.657513888044,0,1,32061.216653415,11.979461090482,8189.62539585498,22.0663049908043,16.2684886463592
191,14,103.9561248591,0,1,32860.7320903636,11.979461090482,6965.26425383571,24.5573355201846,14.2870595586345
191,15,100.904352303667,0,1,35403.1010247487,11.979461090482,7973.17525820005,18.8900875780702,14.1711337018232
192,1,84.8178134000738,0,0,33547.2594729414,16.119156134952,5236.4595101949,18.9279181289197,1.25854345861298
192,2,90.3725639128964,0,0,36442.7794046669,16.119156134952,4872.40010486025,27.7059530006683,3.56886208652056
192,3,88.0710625781111,0,0,34714.9696770222,16.119156134952,6389.41323155256,21.3988075710624,2.43146491443329
192,4,85.7255029252591,0,0,35001.2709430035,16.119156134952,5492.17002232594,22.3735058757221,3.92650239108762
192,5,86.8128028934062,0,0,37208.3310938076,16.119156134952,6256.55527989787,26.0331126658589,2.50642389336824
192,6,99.703806644942,0,0,38474.1891007509,16.119156134952,6704.18297013332,20.986124023504,11.0059151227292
192,7,92.362309507505,0,1,38891.0701324905,16.119156134952,7340.06726033701,22.5660426129838,8.66760895563898
192,8,93.1304669597786,0,1,39341.3343258674,16.119156134952,6849.46281579866,27.458118177535,9.66666044728635
192,9,100.065720986886,0,1,40568.9997648903,16.119156134952,6589.68459354418,22.7018632567713,8.7257023727306
192,10,101.983496194057,0,1,40149.8182720312,16.119156134952,5743.04787806286,27.4380874611802,8.88992468822207
192,11,104.831693291448,0,1,41873.2008258291,16.119156134952,7236.42436344714,17.0508997499671,12.4778618217833
192,12,101.702599123756,0,1,41540.5266020254,16.119156134952,7213.34305336115,20.79116879085,9.99174654054394
192,13,108.997921542074,0,1,42297.8239904831,16.119156134952,8028.46886763411,27.4316455431913,14.8721859924659
192,14,103.430615443988,0,1,43936.9392902124,16.119156134952,8554.99857638686,26.7473903343503,16.3655506397603
192,15,112.427587809579,0,1,44969.693706547,16.119156134952,7188.76284293164,25.0062266966748,15.0771111098385
193,1,83.492504879246,1,0,34872.9162491889,10.0940307683463,5270.11334745954,23.8574532039517,2.5237316629971
193,2,80.1602166593019,1,0,34653.8769708459,10.0940307683463,4912.8555898412,23.6413649527947,3.94643087294337
193,3,75.0836426539203,1,0,35641.321254742,10.0940307683463,6150.65497053906,24.964258541948,3.42769651853388
193,4,81.2020388703953,1,0,35130.2849536543,10.0940307683463,5802.7305125428,28.9394977183699,2.25174739755596
193,5,91.9509101035107,1,0,37722.3218359352,10.0940307683463,6244.3985288227,23.637171805422,4.08147408387214
193,6,92.258915904105,1,0,38640.8901299575,10.0940307683463,6031.04630205248,28.9825460755939,4.95452900666264
193,7,103.743400285347,1,1,40320.8672139601,10.0940307683463,7116.79829071766,19.1432862298398,4.50560240240385
193,8,100.28665754931,1,1,38087.0263964917,10.0940307683463,5904.92782573007,25.3406137616325,10.8548728062955
193,9,104.998341483044,1,1,38972.0336741796,10.0940307683463,7355.11964488538,30.8390592067482,11.6577817728228
193,10,105.61013948953,1,1,39798.8793952435,10.0940307683463,8045.19244029856,26.552811186603,10.337921305148
193,11,101.04719040646,1,1,40607.7879398619,10.0940307683463,7585.53537030439,20.5317517611197,7.84527668665283
193,12,107.277489419001,1,1,40034.6732998672,10.0940307683463,7309.70804465518,29.1591688169909,10.8942363948757
193,13,108.45691290841,1,1,42225.1705030036,10.0940307683463,7410.32161414977,22.1003182991043,12.7794923360207
193,14,107.983334252058,1,1,41378.9658722967,10.0940307683463,7718.20905669745,25.4604265004492,16.5274407674703
193,15,99.9996379952628,1,1,43206.6423160133,10.0940307683463,8039.79132635926,28.3452870952187,10.5931350507381
194,1,85.5354656153133,1,0,27402.7463822537,13.6743098818463,5388.76550363134,22.576913808932,5.22287409303764
194,2,75.7774463214638,1,0,29500.8133384445,13.6743098818463,6190.42515502431,24.452360205314,2.59635207442107
194,3,84.8246543887846,1,0,30639.9060489892,13.6743098818463,5804.55734185078,21.0661822219272,2.22877842442249
194,4,84.406302085156,1,0,30433.0237079844,13.6743098818463,5948.17168566288,27.528215193352,6.20134930897398
194,5,92.1549224103547,1,0,31077.6111768313,13.6743098818463,6218.3364215683,25.4577715869608,3.7179382636006
194,6,86.050648216783,1,0,31549.6470008353,13.6743098818463,6822.61456496101,26.3054343089024,6.72491821293173
194,7,100.814997862635,1,1,32921.8852820795,13.6743098818463,6969.97578244135,22.6245137157135,6.25103275584469
194,8,90.1829889104349,1,1,34711.8462487927,13.6743098818463,6315.89209694378,22.8552902271643,8.11009226693766
194,9,100.379139157764,1,1,33056.3320924573,13.6743098818463,6858.00955191652,24.0994214597334,9.14784327988739
194,10,100.698217568456,1,1,34612.7110590676,13.6743098818463,6860.69074347948,23.9615431024323,6.19565615504819
194,11,108.654349821574,1,1,34860.2309677741,13.6743098818463,6814.02537577937,23.9594291512581,12.2989616025403
194,12,101.047986570355,1,1,37387.0843681769,13.6743098818463,7172.62062350257,23.3918996700349,14.3655361750429
194,13,106.98673597891,1,1,38532.692643397,13.6743098818463,7631.35049129418,26.2320011152533,15.8079359650326
194,14,106.977777157798,1,1,37736.7809031269,13.6743098818463,6920.18534649458,23.6820210345718,16.3617386090252
194,15,111.937793052081,1,1,37933.4419646934,13.6743098818463,8056.57208898935,23.0620678383905,13.7600975992266
195,1,70.6318431767616,1,0,26913.7860414618,13.0234736052656,4327.66959155979,20.4164863721409,0.835985888287292
195,2,76.2327290607001,1,0,25794.3690001873,13.0234736052656,5397.14437775971,28.6822841311124,3.19276328422363
195,3,88.0809429341894,1,0,26907.611643707,13.0234736052656,5240.38567612196,18.807104643265,4.5954578742213
195,4,85.6978969528882,1,0,28723.1084976747,13.0234736052656,5487.91677018278,24.2648607510761,5.46141738063606
195,5,75.2652084530847,1,0,28487.0415472787,13.0234736052656,5617.07908607951,23.928028270644,4.28453281175629
195,6,83.1931719259574,1,0,28614.362858595,13.0234736052656,5770.2624021393,26.1323009912129,5.33345755429966
195,7,99.6720521932232,1,1,29983.2099504304,13.0234736052656,6877.80386245305,22.4373275171043,9.12928726286882
195,8,101.317772357122,1,1,30059.0376664299,13.0234736052656,6368.11724985852,23.8075393259485,6.73965616352082
195,9,97.8015600536991,1,1,33085.0378081755,13.0234736052656,6825.72593156753,28.6125598447882,9.86494888739895
195,10,103.105784012429,1,1,31540.343671548,13.0234736052656,7495.37399893018,22.9223255988517,9.84935257039129
195,11,100.723826284161,1,1,33572.7777543482,13.0234736052656,7283.78335344335,19.4071472069645,12.643967916765
195,12,102.149933817866,1,1,33341.6034447425,13.0234736052656,7448.01871229542,29.4668118906438,12.6250782153494
195,13,103.787582393281,1,1,35379.261995431,13.0234736052656,7071.46574095805,26.3239810761095,10.1381183894245
195,14,109.961439639984,1,1,35688.0831993596,13.0234736052656,8182.87397880616,23.3150454752774,12.19811249738
195,15,106.755949595186,1,1,34817.049817845,13.0234736052656,8686.73865921084,22.1393467555272,12.8501112769586
196,1,81.2003595844096,0,0,32425.3533662542,8.46144411257533,5452.06386077244,17.5160724097614,0.865926132528427
196,2,83.9570403629227,0,0,32818.2069434982,8.46144411257533,5198.69508273,27.8438015611968,1.96327360412251
196,3,75.3933050109537,0,0,34287.5338306267,8.46144411257533,5953.5643100955,23.4313578902234,4.27821502847485
196,4,95.0704114818072,0,0,34559.1176627026,8.46144411257533,4527.17128811205,18.6284137241205,3.61537107907183
196,5,80.0070198609673,0,0,35896.5408274231,8.46144411257533,5675.58124439412,25.7551434762456,4.58626595125136
196,6,85.4702094713765,0,0,36129.9546709299,8.46144411257533,6239.46670954026,26.5860967798913,3.3695625944523
196,7,91.1072076940703,0,1,38023.3037784579,8.46144411257533,7435.09509954606,25.1389617278105,8.43883004045646
196,8,101.578186246827,0,1,38201.5559199296,8.46144411257533,6022.12759206557,26.1028983941914,11.3671092460168
196,9,93.5714939857638,0,1,37393.2511506925,8.46144411257533,6435.13925927656,24.8701453179995,10.2111126262372
196,10,91.9928351816102,0,1,39509.1144989555,8.46144411257533,6746.24429007221,28.3552237975535,12.387601249521
196,11,98.3099801565273,0,1,40013.9088745053,8.46144411257533,6951.30330415201,26.1181178548921,9.82207736862027
196,12,99.5668295261254,0,1,42287.7361187271,8.46144411257533,7511.99087646904,27.3915161528932,10.074539444474
196,13,101.519017003517,0,1,40840.3576440693,8.46144411257533,7805.84345082419,23.668565505487,13.4526082545664
196,14,98.6350792759799,0,1,40767.7596140738,8.46144411257533,7541.37133752067,23.2207765381104,15.5284219597583
196,15,102.360859883932,0,1,44101.1575122687,8.46144411257533,8049.41578787669,27.9604481435878,14.3303719832692
197,1,67.8501126754311,0,0,35119.9902146981,6.77693394799809,5257.09771035411,25.5784678992861,2.60034955279629
197,2,75.3285372529137,0,0,35298.417051552,6.77693394799809,4909.78786269514,24.4204351601373,2.57933003205917
197,3,67.0690811438716,0,0,36865.76789081,6.77693394799809,4881.96079285591,26.1971518491309,5.4567939266793
197,4,76.7689943819902,0,0,37082.41947286,6.77693394799809,5912.1486425151,23.2736914795132,3.67548045573293
197,5,78.0798146641537,0,0,35917.632198434,6.77693394799809,5945.82293193102,29.1942429579593,7.30785116300421
197,6,78.6153509184465,0,0,38445.9458692215,6.77693394799809,6137.06009889535,21.0433614783751,4.98570895683657
197,7,80.066386441518,0,1,37594.1227788955,6.77693394799809,7201.72167199008,25.3769547816975,5.0424953250026
197,8,90.5301566326204,0,1,39955.4655226397,6.77693394799809,7110.71051542045,25.772255251242,11.4378923776467
197,9,81.8639442814736,0,1,40510.7384170865,6.77693394799809,7044.52536184664,27.556216348143,7.55308437938674
197,10,80.7778867066325,0,1,40135.5470141683,6.77693394799809,6298.08907628081,27.7439091388672,11.5258310806414
197,11,89.1929330893736,0,1,41920.7507575204,6.77693394799809,6722.61799201336,24.5582848290078,10.2143532384214
197,12,88.1481097299576,0,1,41252.3946218428,6.77693394799809,8128.30183096228,21.5680448458056,11.15563223636
197,13,87.8368457337673,0,1,43198.7762879758,6.77693394799809,8230.98357371019,26.1823466240143,11.0694472838461
197,14,89.9396573896464,0,1,40548.814683563,6.77693394799809,7045.58728022183,27.6201627757413,11.8244541597113
197,15,96.9330481659655,0,1,42471.3354994749,6.77693394799809,8413.76732264816,25.9740937832892,13.0333990895802
198,1,69.6706407351723,1,0,38415.3161223079,6.02224268628257,4796.05850056166,22.6644764146443,2.81934556291918
198,2,77.1021635365699,1,0,38958.4351661942,6.02224268628257,6163.15924208577,25.1685850820202,3.72595073922262
198,3,69.2190403475529,1,0,38002.4727374966,6.02224268628257,5524.77661861325,20.1666637796218,2.26467887108398
198,4,84.049254306343,1,0,41036.5364878776,6.02224268628257,6059.46212861695,25.027647055088,8.10244628310641
198,5,94.3724045677184,1,0,44687.061836215,6.02224268628257,6675.4158143048,24.7940243398979,5.60370812151233
198,6,76.3274855801114,1,0,43065.6604985155,6.02224268628257,6772.31829395967,27.2142967816912,6.30232455166862
198,7,95.7784424553561,1,1,45642.7135679144,6.02224268628257,6358.11255097908,23.025760726373,10.6377230286153
198,8,98.0375681203782,1,1,46183.2130196969,6.02224268628257,7187.97869902376,17.6628540309776,8.54697477989922
198,9,96.7845307461047,1,1,47896.7638048462,6.02224268628257,6482.42227886563,25.879254224589,8.17422040621904
198,10,100.602277989598,1,1,48902.4189935565,6.02224268628257,7155.61724937066,22.0757728202577,8.24278281243506
198,11,108.737351648742,1,1,50145.2058412781,6.02224268628257,6928.62702858607,26.3899029264172,10.4914725720241
198,12,92.9094271317499,1,1,51359.9480624164,6.02224268628257,7601.89963936809,22.6327025351292,13.0824276526172
198,13,92.1142254156711,1,1,50506.7987663276,6.02224268628257,6941.31180978376,21.7986419084393,11.5428662170693
198,14,103.066130318213,1,1,53885.6880785441,6.02224268628257,8099.17760717978,24.2575358654781,14.0817914790892
198,15,106.518813287473,1,1,55214.8165969338,6.02224268628257,8619.00685037524,20.1082690637315,15.8579317715284
199,1,70.3887300739122,0,0,14739.1873094853,13.6538226344037,5839.07445994912,22.9391471651783,4.46913786216198
199,2,78.1845894715942,0,0,16439.6362879435,13.6538226344037,5332.91807541327,24.7378774734919,4.69153987428962
199,3,73.6784962434877,0,0,15854.7037483322,13.6538226344037,6779.93311534813,22.7389462395426,0.796001663702373
199,4,73.5456265539974,0,0,16834.2619972416,13.6538226344037,5517.3031850566,25.9020058995063,5.94370737615643
199,5,78.4933518646365,0,0,15881.3802845914,13.6538226344037,6171.54689220643,24.4958009452409,7.60118843441508
199,6,83.3570737195077,0,0,18154.157768408,13.6538226344037,5538.47552769614,23.2999219968674,6.91976439933566
199,7,72.3500503538743,0,1,17244.677702241,13.6538226344037,6581.81586738004,28.2936905753117,4.50066069616092
199,8,75.2485395015096,0,1,21544.1653787384,13.6538226344037,6725.64791772995,23.6205387958286,9.4094922543334
199,9,88.6848273508607,0,1,19934.1999979835,13.6538226344037,6063.75696084749,24.3174273159707,8.47219642733938
199,10,97.849508753419,0,1,21388.929949974,13.6538226344037,7019.39676177078,26.3483426137464,13.2468268290066
199,11,85.5920657518375,0,1,22223.651351494,13.6538226344037,7359.63463868664,28.3963189290248,8.91839902551912
199,12,90.8988176308044,0,1,21220.3690644256,13.6538226344037,7646.22444295147,20.0390445770661,11.6362422733029
199,13,95.6661834509509,0,1,23740.2893966963,13.6538226344037,7698.47858200305,21.6957613104835,9.79520923935531
199,14,96.6502423333278,0,1,22946.0550874472,13.6538226344037,7435.65009296088,22.2425317066999,15.0189141901064
199,15,84.2743802330592,0,1,25223.0071930225,13.6538226344037,7314.34875845915,25.9158679167936,12.0807592803068
200,1,78.6838417431926,1,0,16847.3718705972,11.8957738154061,5938.98654752532,24.6498330647599,0
200,2,82.947995111974,1,0,17343.4506759074,11.8957738154061,5241.0021711139,28.4100123766357,2.49963677037579
200,3,91.1005393947458,1,0,18994.8053554815,11.8957738154061,6219.82057993022,21.4115299181039,3.59585321079831
200,4,86.3783896984756,1,0,19504.2375650831,11.8957738154061,4803.57041935923,24.6918574293339,5.64968844253887
200,5,86.4273374538018,1,0,19446.1147207929,11.8957738154061,7010.48872768679,25.9337365331885,5.00103077039442
200,6,88.6511454850564,1,0,19515.9030667177,11.8957738154061,5660.97388654204,18.8972509493799,5.43645582382179
200,7,96.8802046644954,1,1,21003.4493526274,11.8957738154061,6261.33574847343,23.0792685920991,9.17771127325709
200,8,91.2818360262395,1,1,21317.9009212645,11.8957738154061,7000.75647690661,30.4801926747133,5.21293428672639
200,9,86.8225339941045,1,1,22883.3662889696,11.8957738154061,6926.64083207111,24.2013832748581,4.56815700613919
200,10,109.391375579673,1,1,21848.9929791413,11.8957738154061,6639.80840552417,23.7226545497291,10.5189088783923
200,11,102.438885015194,1,1,22915.2205469835,11.8957738154061,6020.79235073673,27.9656943215592,7.24693619333951
200,12,105.375084356235,1,1,25866.2823437552,11.8957738154061,7420.3037792416,27.4302235565246,11.7531704867172
200,13,92.2789828454721,1,1,22868.7938072752,11.8957738154061,7158.01933523945,27.3476725004258,11.661882109408
200,14,109.042862743603,1,1,25027.1727612174,11.8957738154061,6317.14070509205,25.5284079656598,14.3449319192391
200,15,97.2921811170396,1,1,25677.7829590404,11.8957738154061,7795.4792629674,24.1006888695777,14.8629711987448
201,1,90.2415544038926,0,0,41766.0758781606,17.5517151108319,5404.02804403374,26.8269879977004,0.750781479315732
201,2,90.1776145643177,0,0,42277.0379635637,17.5517151108319,5081.20171398323,26.1839805216765,3.70715949414145
201,3,93.845114476584,0,0,42301.2576140954,17.5517151108319,5585.87597589844,26.6873414847752,0
201,4,92.5070188394031,0,0,43112.6128736754,17.5517151108319,5996.8580119995,28.9494153366649,2.43372420526022
201,5,97.8788238599002,0,0,45037.9362817022,17.5517151108319,5122.29705822532,23.5087912099775,3.99659066347572
201,6,100.311225319291,0,0,47326.4914298123,17.5517151108319,6830.94184550713,19.8923167241162,4.62509111511425
201,7,103.942307740019,0,1,46899.1599534086,17.5517151108319,6362.11163178348,18.4152871684903,8.48564056702503
201,8,105.710686185347,0,1,49162.9196249779,17.5517151108319,7994.72161011134,29.4337594743723,9.97608748358069
201,9,105.306565205658,0,1,47786.7112776324,17.5517151108319,7416.93638242956,24.0546887372037,7.23726081614738
201,10,108.609893955403,0,1,49739.2978151718,17.5517151108319,7919.67568046566,22.3551135855793,9.09670756527659
201,11,108.707641854181,0,1,50056.8414693198,17.5517151108319,7052.76756782115,21.679206446015,7.8658092073325
201,12,101.604435336237,0,1,51066.8406029497,17.5517151108319,7116.37814723865,22.2079753286818,9.62105849267044
201,13,109.619879383027,0,1,51681.3396984799,17.5517151108319,7820.48678667449,24.5805739286606,14.3754932431693
201,14,119.767369427901,0,1,53025.4133827351,17.5517151108319,7899.38416825054,23.4812168332425,15.5325310700463
201,15,118.79323327129,0,1,53011.7016262176,17.5517151108319,7281.48185354695,21.9239583972384,16.4955527610723
202,1,88.3324747942334,1,0,39940.4576096967,13.7210253247891,5661.88829028126,24.3643951342057,5.50567331417608
202,2,92.9209655919123,1,0,40061.0646616872,13.7210253247891,5698.04813979888,26.880004142232,4.54317478387927
202,3,95.2910406444932,1,0,40160.2669076027,13.7210253247891,5789.90234326992,20.2701091274068,3.68364318393181
202,4,80.4728800376884,1,0,40655.9187240799,13.7210253247891,5784.27981050406,32.45913311459,1.77664751590997
202,5,91.997748236671,1,0,40090.9819841049,13.7210253247891,5651.00208011824,24.7658654097376,2.93419086478989
202,6,90.671954212962,1,0,41317.9770799611,13.7210253247891,5730.04220129513,27.6095867656667,6.32156661937897
202,7,95.2390449637836,1,1,42302.194599682,13.7210253247891,5919.04255170031,25.0625755274988,7.10120084857394
202,8,96.8781744852474,1,1,44100.0609554122,13.7210253247891,5422.55707077675,27.9962196815245,7.4522644164543
202,9,110.130691742032,1,1,44554.6701490707,13.7210253247891,7759.34757524625,28.2460190116726,13.8757032879068
202,10,99.8716584209492,1,1,43556.000600929,13.7210253247891,7530.91414060303,30.915795931367,9.01638734895306
202,11,108.84473400938,1,1,44484.8773740957,13.7210253247891,6723.33375872501,22.4699378653162,11.5025679463198
202,12,103.806464246324,1,1,47297.2639800951,13.7210253247891,7336.88875258125,31.3890056130758,9.95797825357658
202,13,106.456522383544,1,1,44746.5319700533,13.7210253247891,7450.69271100838,25.0061231149947,12.9280873599364
202,14,107.087719780915,1,1,46937.3256116076,13.7210253247891,7669.52919304012,23.9361867196257,13.4762411363051
202,15,119.432724081364,1,1,47634.5539916867,13.7210253247891,7886.06808035882,16.0873529162227,16.2591783322201
203,1,82.1227367269154,1,0,33811.8395093088,14.5490876732478,5543.87109459539,19.048676727898,2.12933298042349
203,2,81.1711440141973,1,0,33772.2834150924,14.5490876732478,5319.39815804083,24.1394262557566,2.72236494961391
203,3,82.7394169981913,1,0,35582.4875645005,14.5490876732478,5739.25860504882,26.5778278792282,3.21040225343006
203,4,84.0032737763125,1,0,39495.7604876511,14.5490876732478,6170.43605048543,23.2823376506696,2.60224966232134
203,5,88.16266271352,1,0,37528.7005210137,14.5490876732478,6233.7649984877,24.0270511669984,5.68138118101199
203,6,93.537421397131,1,0,38246.5774737867,14.5490876732478,6140.6568540807,21.9615026895164,6.53645385765016
203,7,97.8848371238738,1,1,39480.2965097347,14.5490876732478,6603.02638818512,30.3635590119967,7.82132826833501
203,8,101.080684474305,1,1,38963.3447826942,14.5490876732478,5403.91771326275,21.7709703693498,6.12015782012583
203,9,102.847191120534,1,1,41714.5883915569,14.5490876732478,6547.33685886341,26.4154924691067,9.24767017098361
203,10,103.559355059775,1,1,42514.019108795,14.5490876732478,7743.73890472482,25.5469639470075,10.3211413661709
203,11,102.424659306043,1,1,42277.7089718627,14.5490876732478,7354.84848786742,25.2287657098905,11.2320663891275
203,12,98.1384309603894,1,1,43516.4191346567,14.5490876732478,8121.48652498728,26.1638479254097,6.99203632794909
203,13,109.219052928266,1,1,43783.2779520931,14.5490876732478,7436.93096266242,23.7004415606735,15.8081018234919
203,14,110.604032790948,1,1,45809.4393030597,14.5490876732478,7293.17975874005,25.8210552276863,18.5530187619456
203,15,103.677566545606,1,1,44291.9999397651,14.5490876732478,7529.46051001679,29.3160652671319,16.4786952784118
204,1,88.1377866836065,1,0,36345.9029814727,16.0031507560049,5224.82487165104,24.2307773766075,3.34681782702541
204,2,83.9136255327215,1,0,38038.3023576901,16.0031507560049,4740.83497486808,28.7806971770665,4.5198933841751
204,3,85.0395206807098,1,0,39948.9438636869,16.0031507560049,6198.82247218267,23.6146062442427,1.72462326432076
204,4,83.3207822322291,1,0,38199.8326466523,16.0031507560049,5935.72055012153,24.6015208063902,5.00567358772927
204,5,95.8353781707517,1,0,38836.4387746185,16.0031507560049,5832.35761912625,25.1034110265378,0.771929403867461
204,6,105.335293600604,1,0,40693.576583731,16.0031507560049,6827.20467158215,23.8144904218635,7.43393527546896
204,7,100.710034218307,1,1,41590.9950810857,16.0031507560049,6520.49677449127,24.0730025368505,8.10651143662867
204,8,92.2000188300526,1,1,43253.2832913477,16.0031507560049,6451.22846644725,25.9227963781974,10.6517821455008
204,9,106.645624318908,1,1,43227.5796552366,16.0031507560049,5937.13724318826,19.3481277740931,8.21686673904922
204,10,113.372040182515,1,1,43614.6762016387,16.0031507560049,6308.16341554742,30.4794522288906,10.802439351211
204,11,107.945838922123,1,1,46925.3604531501,16.0031507560049,6940.74475807518,24.4661049899903,14.57241250349
204,12,115.64444006649,1,1,45552.9948907127,16.0031507560049,7180.34953639822,26.092436223249,14.0897586763569
204,13,101.898446818447,1,1,47609.7524967035,16.0031507560049,7719.486644052,26.1618945928672,11.8084751039837
204,14,120.433849962821,1,1,48320.0177139994,16.0031507560049,7168.37380077042,27.4867565531537,14.682056926053
204,15,123.376225494075,1,1,47982.5853915703,16.0031507560049,7160.48993864787,20.7913058427633,15.7161917193256
205,1,86.7368133711889,0,0,39870.9532218294,10.4978427061051,4845.67705432714,25.250398176009,0
205,2,81.4405372557649,0,0,37923.8357390304,10.4978427061051,6110.42232007015,26.8178665950241,1.0158988343067
205,3,87.6378908222638,0,0,39013.0131693248,10.4978427061051,5250.40629671122,26.5031482351542,7.50980138003685
205,4,91.6260736014874,0,0,41988.9912294755,10.4978427061051,5891.35492254798,25.3028893998109,4.89545030475656
205,5,89.6509770247398,0,0,40135.5287133144,10.4978427061051,5952.91769886762,21.697408839439,2.9876052771053
205,6,96.413882949448,0,0,43201.4616739663,10.4978427061051,5855.66991067481,24.1537067974313,7.58607230565587
205,7,97.1796127966164,0,1,43632.6715128743,10.4978427061051,5891.42009205795,17.7661631594941,6.43499864981994
205,8,93.5135219853637,0,1,45045.8128404962,10.4978427061051,6252.66481376415,24.9937734839112,8.94197059854071
205,9,96.8571277902974,0,1,45958.8929343793,10.4978427061051,6227.23025449804,26.524073895355,8.82471611536546
205,10,107.964075385262,0,1,45383.0236453992,10.4978427061051,7429.40942676173,23.4202955132537,9.88507183352589
205,11,100.781503828167,0,1,46235.2697773075,10.4978427061051,7191.09278129328,29.3261105617193,9.78431233203051
205,12,102.40534846215,0,1,48605.1052226158,10.4978427061051,7472.65371547799,22.9377171516655,13.4895561643212
205,13,104.033899942459,0,1,49550.3111576956,10.4978427061051,7562.31467153341,24.9364369347534,11.8764190977479
205,14,105.201146241324,0,1,48419.3729202009,10.4978427061051,7682.72343803319,28.6418701834562,11.1377314290038
205,15,111.076246594642,0,1,49172.2704816977,10.4978427061051,8095.85570739127,25.3005139352922,16.5215869705059
206,1,74.6208400152741,1,0,8113.58613946039,13.5302937846855,5240.82264955148,18.4109852839878,1.4401464732315
206,2,61.2071415508467,1,0,9649.09524833543,13.5302937846855,5192.81518872032,25.0585431568163,0
206,3,75.1151918133622,1,0,10118.4422929135,13.5302937846855,6200.59783838846,25.4645698499318,7.08100229076105
206,4,77.5489236312285,1,0,12942.7228892533,13.5302937846855,6310.46102203497,23.707568729741,1.92667527680838
206,5,73.7662429019148,1,0,11628.33797092,13.5302937846855,5846.98054547711,25.637183476519,1.62480300408432
206,6,73.2390718032615,1,0,11415.4539386658,13.5302937846855,6210.72940155782,28.1755183739221,4.69638105154751
206,7,95.7932633076471,1,1,11514.0758500012,13.5302937846855,6383.57803617433,25.3199682539442,8.28040108332535
206,8,86.431630465289,1,1,11982.587923975,13.5302937846855,6831.6730516785,22.1411556733472,3.89591247452656
206,9,77.3052420249107,1,1,12373.4014927562,13.5302937846855,7324.1289119657,29.2069400342005,8.28644073187886
206,10,85.7802179930286,1,1,12374.7539394417,13.5302937846855,6449.48068234682,30.937438237292,9.22443129079119
206,11,87.5616874297262,1,1,14119.2938531856,13.5302937846855,7047.24379888369,27.7043973331243,10.196708941066
206,12,91.896176528105,1,1,11230.9716839414,13.5302937846855,6670.19697486963,26.6299147419414,12.464740211168
206,13,88.858423542354,1,1,13726.3418966848,13.5302937846855,7362.22961383852,24.3087970245828,13.9702419957401
206,14,102.152915757254,1,1,16362.9779865735,13.5302937846855,7948.29327902933,21.2505375725713,15.0836397861705
206,15,91.5813127716381,1,1,15996.2397632365,13.5302937846855,7882.10764173993,25.4255281439823,13.8283669803687
207,1,88.3785735859351,0,0,40280.990101728,14.6063798107325,4724.09340516961,21.3037324170736,0.616276557164236
207,2,80.2844187162598,0,0,39980.8105870152,14.6063798107325,5396.13810383393,26.8769244174524,1.85638843053789
207,3,97.4326448750233,0,0,42824.2081008994,14.6063798107325,5343.39892939283,27.8589500116558,1.43322347198205
207,4,83.535186341379,0,0,41961.3421284669,14.6063798107325,5736.70647980062,27.5334854652655,2.52047762765065
207,5,97.6163880402382,0,0,43690.2828771308,14.6063798107325,5812.81258857726,27.0055288597405,5.38171754122674
207,6,95.8924117217834,0,0,43960.743598994,14.6063798107325,5870.73934833177,25.4693728959588,3.41160196235969
207,7,96.0337542690321,0,1,45270.307097346,14.6063798107325,7010.16012088872,26.8106236399607,5.23522636201765
207,8,94.9747140177258,0,1,45193.9009861355,14.6063798107325,5557.37182734005,29.8430559457896,6.74745597030178
207,9,102.46694552749,0,1,47723.5049023537,14.6063798107325,6787.70217240406,25.1464462054174,9.92444876962046
207,10,100.456835920093,0,1,46806.0056206213,14.6063798107325,7179.06889772687,30.3388163095747,9.83185448052504
207,11,104.040722594601,0,1,51027.7182470855,14.6063798107325,6985.46738205238,24.2410262290517,11.8667975030702
207,12,99.7521026839902,0,1,48850.1951363766,14.6063798107325,7331.77039909825,30.1782887852563,10.383046287331
207,13,116.123419567636,0,1,49982.19262344,14.6063798107325,7616.82526608141,25.4716796074883,15.8570181239859
207,14,96.9726149558416,0,1,50080.0647850763,14.6063798107325,7844.38811662579,27.209587113287,9.46920660784264
207,15,109.998653471434,0,1,52277.3792710296,14.6063798107325,7991.73667333047,23.6693400675056,13.3569372544849
208,1,86.7278243729971,0,0,27171.0687237049,16.1080550640091,4465.77031603115,22.0338805299467,2.20033051722866
208,2,85.3067186388311,0,0,28479.6105849564,16.1080550640091,6304.19331662282,23.7439867857533,0.0904301057533523
208,3,81.583215768151,0,0,29419.5399851215,16.1080550640091,5679.89766621585,26.0507880529876,1.63183359689104
208,4,85.8075250779062,0,0,28799.5715504855,16.1080550640091,5625.21361476755,23.4108730487964,6.11055605420332
208,5,88.2757083232053,0,0,31256.4156850162,16.1080550640091,5499.37787902387,29.1269053652574,5.59462727535933
208,6,82.0508700575476,0,0,30102.7519463499,16.1080550640091,6665.57149177309,28.1709610933144,5.86832126022953
208,7,99.2359877306119,0,1,32308.0923687303,16.1080550640091,6496.21464468754,26.8213486629406,9.41110789397626
208,8,94.4046164885305,0,1,33929.4415237251,16.1080550640091,6845.32796391759,23.7111361544947,8.87461236338066
208,9,97.4229522881722,0,1,32287.4449473664,16.1080550640091,6946.1338193519,26.0177307400197,12.9225674126076
208,10,97.5673362102778,0,1,34299.599779992,16.1080550640091,7509.21614320629,24.3983519137687,7.48680245780885
208,11,94.1617658948556,0,1,35200.1284519453,16.1080550640091,7435.19791881242,29.9679808191844,12.0941181611008
208,12,98.4744394887781,0,1,34402.8767026385,16.1080550640091,7387.96166931529,22.9126200852315,12.1047226636737
208,13,108.400542185359,0,1,37124.7045607114,16.1080550640091,7572.34863454201,25.6294509074657,14.6092214438114
208,14,98.3672563848178,0,1,39596.9481425885,16.1080550640091,8188.78435549048,23.0760771667949,14.1301733423685
208,15,101.856610143494,0,1,37644.0554001311,16.1080550640091,8101.15450906651,26.4643942848634,16.5345716977575
209,1,75.6607971844827,0,0,31261.2612513812,14.2879534389791,4982.28356352752,33.7598231302289,1.9522558016824
209,2,79.1206440491487,0,0,32483.4157729905,14.2879534389791,5747.29098487418,25.7622374257266,4.64822533122437
209,3,84.052821923123,0,0,33332.8065321595,14.2879534389791,5418.34456652073,25.5782027611886,1.00801284675126
209,4,83.7580643495194,0,0,34012.9732943033,14.2879534389791,5111.15754708446,26.3061748650135,6.38783135784315
209,5,79.4879001943529,0,0,34612.8214156434,14.2879534389791,7111.48294528024,24.715842299219,1.14498451196317
209,6,86.7973393686599,0,0,34661.4020564965,14.2879534389791,6095.57533552666,29.7509013291086,8.23854004829562
209,7,91.4525917168756,0,1,37814.5797358981,14.2879534389791,6229.77588391991,24.7277179196785,4.87580426968868
209,8,92.4372617101723,0,1,35523.5265901923,14.2879534389791,7538.07718996391,24.5642109476431,7.68376603293845
209,9,85.698324577446,0,1,35151.5827397527,14.2879534389791,7588.66589571512,26.3681523006155,5.84347227237088
209,10,95.8253778644479,0,1,35437.9362640264,14.2879534389791,6060.33709908919,25.1906270134571,10.7420247610983
209,11,100.058224853217,0,1,37319.0165034326,14.2879534389791,7076.45706463293,23.8421972816964,14.0875424001211
209,12,90.361581925445,0,1,37494.5906544716,14.2879534389791,6229.43524071246,22.0431495694406,10.706650639596
209,13,104.539039039358,0,1,39599.6214018926,14.2879534389791,7311.62771775138,28.3172208764446,14.1068693241689
209,14,98.4751985655349,0,1,38878.6395604551,14.2879534389791,7704.25422760328,26.6077250309458,13.4649690376109
209,15,96.3279570666488,0,1,39660.8113622158,14.2879534389791,7895.16661307774,22.8104004060105,16.3855290958831
210,1,82.5762679630949,0,0,27012.1577219013,13.263441519112,4550.46874313545,26.4664407892739,0.841281323804572
210,2,82.5224976780363,0,0,29380.945865508,13.263441519112,5178.60883758957,22.8365989066788,2.84827749406595
210,3,88.3170464125423,0,0,30340.0700531666,13.263441519112,5510.8353549087,26.7984105448429,0
210,4,85.9844257436062,0,0,30199.9935956922,13.263441519112,5321.3260291772,23.9610392875675,8.27632238160587
210,5,96.0663350444839,0,0,31681.1515826333,13.263441519112,5868.26334684969,24.1619125510729,6.68792004827449
210,6,96.1864346792985,0,0,32711.9848059186,13.263441519112,5618.29412043123,25.9765544738958,7.83821791884113
210,7,92.7306100517265,0,1,35403.4426663967,13.263441519112,5006.43562087584,22.2431124598425,9.73074055743415
210,8,105.163651172044,0,1,36125.3494990142,13.263441519112,6533.11239004962,28.3344491392601,8.11599689375088
210,9,95.4674797354309,0,1,37252.8206944212,13.263441519112,6719.24092326226,26.3394101624132,5.09499717100089
210,10,102.801593200442,0,1,38955.2904031262,13.263441519112,6212.82384745185,23.6930137439082,10.0667275671516
210,11,116.87910547415,0,1,38219.1474098325,13.263441519112,7460.10484803831,30.767098985483,10.0640458959258
210,12,106.574016933435,0,1,40714.6720384356,13.263441519112,7899.99802907311,22.0593509406606,10.118612223187
210,13,103.162477407364,0,1,40256.9535826289,13.263441519112,7710.83920550425,30.6037068480543,15.2157606825733
210,14,112.151977962573,0,1,42669.9412526185,13.263441519112,7970.36888668619,27.2643222522604,15.2561780041603
210,15,118.248559763332,0,1,41251.7884880276,13.263441519112,7940.76418633168,23.346700523862,14.6273858472479
211,1,75.1289155032141,0,0,37328.3508476051,9.39532785818633,5055.79671192195,24.883741743947,0.318599666606147
211,2,80.8788197481007,0,0,39802.8039450339,9.39532785818633,5628.7410451832,23.2464128542502,3.89507868943265
211,3,72.6429945641211,0,0,41503.6785079594,9.39532785818633,5317.04868287093,28.8678030611256,2.17782094341825
211,4,87.0445208665817,0,0,40764.1787520709,9.39532785818633,6210.86604540816,25.9031601646493,6.98118629392119
211,5,78.2270269978429,0,0,41428.5990595402,9.39532785818633,5841.70699914782,26.6616244893811,5.4009996457482
211,6,90.1332460982822,0,0,43342.791528365,9.39532785818633,6530.25176704883,31.1908807547586,8.29452311673266
211,7,90.5010489799713,0,1,43552.9152787602,9.39532785818633,7447.94651581009,17.9176981903022,10.5005717686978
211,8,87.7040590065604,0,1,44644.0187375654,9.39532785818633,6601.85757175501,22.9200683967953,7.03674688189086
211,9,81.8006736437749,0,1,45839.4406994466,9.39532785818633,6465.29805335363,26.9412764839777,8.12435764127686
211,10,100.116210638567,0,1,47633.5675307664,9.39532785818633,7484.4494734589,21.5897871717255,11.2157905021323
211,11,89.4283322253373,0,1,46435.3296664713,9.39532785818633,6944.24804935477,30.8254725508064,13.0476923786194
211,12,89.0676343749212,0,1,48016.4749336263,9.39532785818633,7720.92304834005,26.7082462843884,8.10331032933876
211,13,89.2542101657104,0,1,50014.8835646872,9.39532785818633,7331.94973039819,29.5038278391815,10.4918949098536
211,14,97.7805676566615,0,1,48227.6401938161,9.39532785818633,7806.86285542595,26.0924732090687,15.6596550105752
211,15,95.5600849695332,0,1,52623.675423596,9.39532785818633,8094.26747750799,21.7898593484894,13.5726239286959
212,1,93.9183296209922,0,0,27823.5445795728,14.1886810828731,5009.26896400894,26.3775443263567,1.22453703301567
212,2,87.4690929659831,0,0,28687.7056797271,14.1886810828731,6270.13778507785,21.3105672014514,4.364639452753
212,3,85.603019190747,0,0,31159.568362286,14.1886810828731,5445.97895124091,29.1729817341843,5.59423393981783
212,4,84.1466350985055,0,0,34485.6933108702,14.1886810828731,5798.66686504396,28.9474640654587,3.45314129308416
212,5,87.0505876901617,0,0,32839.5578365447,14.1886810828731,6339.67173405585,29.8650405001258,7.69647222680958
212,6,102.464703686577,0,0,33277.1473226954,14.1886810828731,6554.52367840279,26.6127620919192,8.69303876615286
212,7,94.1391511581198,0,1,35898.5274155071,14.1886810828731,6466.69439554584,26.9006026230166,7.13243027467853
212,8,97.8104441162322,0,1,38461.8451700679,14.1886810828731,6529.66550269348,21.2513911201209,9.01769638014862
212,9,100.365388142394,0,1,38274.424970534,14.1886810828731,7307.45052489743,25.7934153009091,9.41380100870958
212,10,98.1111365152589,0,1,40411.194775334,14.1886810828731,7174.70457078245,28.4790356775629,9.67838647543517
212,11,103.52345196281,0,1,42227.9920679927,14.1886810828731,7699.23325073808,20.7242926164008,14.4697016140814
212,12,106.515783696263,0,1,40617.470035369,14.1886810828731,7168.87278215564,26.4646733261831,10.4561896262858
212,13,107.991955558567,0,1,44191.3047227012,14.1886810828731,8652.90364552512,19.3493694859263,12.301108405879
212,14,109.760452952047,0,1,44334.0823654593,14.1886810828731,8619.72450863494,29.5678139899031,14.5560907291826
212,15,116.18101341328,0,1,46051.4860309508,14.1886810828731,7538.18081470566,22.8121254593895,14.0032859580677
213,1,83.1777049762122,0,0,37224.3809372241,13.5007976172549,5044.99751165607,26.6458717763141,0
213,2,82.1023676622519,0,0,36062.979650919,13.5007976172549,5037.23785550236,22.6484732113335,0
213,3,86.086549984042,0,0,37452.8308200188,13.5007976172549,6239.81997814649,24.9747067478839,1.91619429352618
213,4,84.1482017799489,0,0,36483.7347637108,13.5007976172549,5954.54516604451,20.0667442530886,4.09565590394686
213,5,93.6925397037603,0,0,38734.9108394196,13.5007976172549,6092.44466420473,17.2156622093838,6.62404200654929
213,6,82.5108592022678,0,0,39012.5056037482,13.5007976172549,5814.26076391437,27.8137078338902,5.05233483045615
213,7,93.0448746882516,0,1,39735.484971728,13.5007976172549,7282.90863835848,26.4066094047391,5.9759123863544
213,8,91.3574697023138,0,1,41356.7025639024,13.5007976172549,7184.69849552862,28.4762251494503,6.71140398671671
213,9,96.1623169868993,0,1,40125.800134661,13.5007976172549,7009.62178072449,28.0186809285123,6.48417269242358
213,10,104.910409202818,0,1,43851.9638708864,13.5007976172549,7848.60728242167,23.9777426212911,13.2515546114201
213,11,95.2705549375345,0,1,45575.4127056008,13.5007976172549,7281.66975179066,23.2093775316994,11.8291746488655
213,12,97.0957249370265,0,1,43682.9167160278,13.5007976172549,7202.44957633211,27.6428143043547,11.228189647545
213,13,100.425887051415,0,1,45474.2624681218,13.5007976172549,6337.75539738817,28.191372489282,14.2273011844866
213,14,110.608107286541,0,1,47840.659643526,13.5007976172549,7335.7311974848,26.4954326567679,14.9807699413388
213,15,101.65708397775,0,1,45736.0799919336,13.5007976172549,7120.37461307057,25.2569052099429,14.5302930004663
214,1,82.9571874913862,1,0,27730.9933558024,13.9027507611207,4027.90233498532,23.2469219918794,0
214,2,88.3274943804047,1,0,30801.848218125,13.9027507611207,4092.05442719034,27.7117270954886,3.06516677026912
214,3,91.4372588756108,1,0,28377.2998180279,13.9027507611207,5315.47418225591,27.4484041767803,4.39415644984776
214,4,83.3040227271236,1,0,31067.3858144264,13.9027507611207,5974.387893082,26.5064368463845,1.30446408505861
214,5,87.7380165591813,1,0,31394.7547086596,13.9027507611207,5555.9906638034,32.71758969538,2.93912892584347
214,6,91.2480075814321,1,0,31367.4709469717,13.9027507611207,6310.19547261779,21.1126208299008,5.66494038705764
214,7,89.9195691481663,1,1,32901.8007878948,13.9027507611207,5842.27195127361,23.4909762618698,8.40178818444481
214,8,95.7358925210214,1,1,33017.101723023,13.9027507611207,7235.53106249338,25.7300628410846,3.40644884321089
214,9,100.102799676294,1,1,34919.0251794852,13.9027507611207,6173.34787758263,21.4510537487523,7.34906858618578
214,10,102.773716086275,1,1,34458.4177407092,13.9027507611207,7547.52143636859,23.103751471732,10.3103914793952
214,11,103.520313883039,1,1,34020.1816102603,13.9027507611207,7088.94802928856,21.0290069627761,10.5226230131789
214,12,109.169618348739,1,1,37399.8783547375,13.9027507611207,6750.29880582805,30.0833230615073,13.3236627239288
214,13,102.072967655071,1,1,38528.3546633188,13.9027507611207,7849.19142372341,23.2161993513373,11.6065174303664
214,14,113.519327520929,1,1,38316.9130114182,13.9027507611207,8509.88048436379,26.256066453338,14.0956401608695
214,15,106.707423125223,1,1,38184.5941144786,13.9027507611207,7887.84536435184,31.1835174496803,15.4960658419523
215,1,60.3944408885219,0,0,21594.4294812825,13.2709351367168,5488.36302687029,26.5430332905278,2.92998252483735
215,2,72.5618180701572,0,0,21579.1523473279,13.2709351367168,5399.77648317331,22.9858018393105,4.12937452332302
215,3,70.1650449631064,0,0,22328.2778128956,13.2709351367168,5712.42876717458,27.0873581326865,2.60408275174972
215,4,82.316570736875,0,0,25667.3644479067,13.2709351367168,5650.25481541499,25.0872778835312,3.28037200166205
215,5,76.9711653666303,0,0,23295.7736344084,13.2709351367168,5760.34764310642,23.5311650260311,2.01623846659474
215,6,84.0939801254739,0,0,26732.2988271677,13.2709351367168,5764.63630046039,19.4403740520768,4.44054086763477
215,7,84.9226270441503,0,1,26608.7474668459,13.2709351367168,6427.46418984611,31.0151245273667,6.10073795656087
215,8,85.4406445921554,0,1,26486.5841065279,13.2709351367168,6142.74948179928,22.9642662356642,8.17757022145026
215,9,88.0816351878482,0,1,28399.0493189576,13.2709351367168,7036.15422831778,24.770807951791,5.21117855512419
215,10,79.8724890595576,0,1,29261.8226960152,13.2709351367168,6962.69854874412,24.508001537974,12.6914830341274
215,11,80.0147587199099,0,1,31472.4928390197,13.2709351367168,6112.2458121147,23.1455217751684,11.2676457102236
215,12,79.3815680758468,0,1,33488.3415619359,13.2709351367168,5902.97816880931,28.5619495684669,10.8494285229182
215,13,85.8871200734553,0,1,33731.7344874015,13.2709351367168,6698.4533477204,25.7830326067476,13.2560820595031
215,14,88.8811741762728,0,1,34355.1341268474,13.2709351367168,7193.0149014041,21.1584636151814,12.2506835994244
215,15,96.9114062082913,0,1,35163.3461888231,13.2709351367168,7720.48263376282,25.4395434043738,16.055484460482
216,1,74.7840637538405,1,0,41422.7727264085,11.39448586587,5390.00353066466,34.0433535793526,0
216,2,96.5850863508864,1,0,40853.4741585475,11.39448586587,4753.54888106814,25.4442093170392,4.1384921402102
216,3,86.997666044519,1,0,42293.1167466759,11.39448586587,4567.57043161159,26.9261822051881,3.49462220864925
216,4,80.5545251559915,1,0,41405.3018091372,11.39448586587,5949.99386132751,28.2724997371178,6.79853161447544
216,5,90.3643045874098,1,0,42972.0176385694,11.39448586587,6095.66496961945,23.3121807682679,5.60417011075174
216,6,92.4302407660637,1,0,43690.7690458091,11.39448586587,5814.74679630123,28.1936026965902,6.60726956797412
216,7,87.5626656048507,1,1,44287.5855043982,11.39448586587,6513.97825691408,30.8876076954834,5.7607632526812
216,8,104.311966170871,1,1,47604.3659446143,11.39448586587,6426.22172506763,25.7388522386024,10.2589781649972
216,9,96.4524290738429,1,1,47505.7112617519,11.39448586587,7609.53378207413,28.6179881731597,9.40089793955121
216,10,108.82405348237,1,1,48084.1236000539,11.39448586587,6906.7926928183,24.2998332897542,12.7878486191326
216,11,105.163435127659,1,1,48622.2431635204,11.39448586587,6641.55140688424,27.5267099784925,11.1507768446095
216,12,110.44491113394,1,1,50433.4583293394,11.39448586587,7823.23919482969,20.3098302194759,13.2140536548056
216,13,112.924005971929,1,1,51146.1140524613,11.39448586587,8039.30204480319,22.311010658464,14.1313946715504
216,14,116.734087072128,1,1,50170.5676664638,11.39448586587,8240.25967363265,26.2783961153058,15.72611042941
216,15,115.667061194895,1,1,49885.5584247886,11.39448586587,8389.63530160407,26.7540398359652,13.7510087928806
217,1,81.3184692258002,0,0,35179.0310980737,11.769402304698,4508.56713473659,29.3309336341568,2.22388798937641
217,2,89.9782122468412,0,0,36292.9398610303,11.769402304698,5578.02897649979,26.2549793172449,5.95198606834545
217,3,93.0014294928684,0,0,37214.8734931256,11.769402304698,4996.51986967175,29.4163541514279,4.35094530220821
217,4,90.6017854126569,0,0,39151.8276967877,11.769402304698,5799.5350388467,30.228502813972,5.22946809702454
217,5,96.4396818146317,0,0,38713.4966497316,11.769402304698,6008.56346355682,29.3188412130987,5.82347292462284
217,6,95.4208052503632,0,0,39194.4774283965,11.769402304698,6194.94849964413,28.5091601603262,1.62152671596143
217,7,92.1075674563044,0,1,39749.8165042919,11.769402304698,6026.85011163916,27.2781151315385,8.83912226245414
217,8,107.850827535454,0,1,39239.2178826435,11.769402304698,6261.10646899076,19.3520159098994,9.95133012705663
217,9,104.521063484284,0,1,38725.8659277273,11.769402304698,6434.86450849051,24.5334221491573,11.3393809701858
217,10,100.513639714996,0,1,39332.711284813,11.769402304698,7600.52029031693,22.5915194672713,9.06606165189209
217,11,91.8368755914613,0,1,39303.3293520876,11.769402304698,6494.96502992464,30.6775134318007,13.2212467126649
217,12,87.0909757441001,0,1,39798.1676231989,11.769402304698,6539.36751512659,26.0560376912038,10.9003147499252
217,13,104.344449050206,0,1,40003.9635679868,11.769402304698,7932.72245837972,24.0924010359874,13.0097117208186
217,14,106.434810218485,0,1,42810.6523499925,11.769402304698,7584.59664112598,23.3429804970187,11.3954751956382
217,15,104.455784481243,0,1,41167.1642304047,11.769402304698,7835.48064058683,23.6488622345519,18.4733424117138
218,1,83.0924688359642,0,0,44878.9278821869,14.0620923398446,5981.65473284606,27.7969420535875,0.24928044859442
218,2,80.5486965823174,0,0,47071.027020474,14.0620923398446,4102.06323267298,22.7834724232173,3.43982764333065
218,3,76.4703167816435,0,0,44993.3937655811,14.0620923398446,5128.7651576694,29.8870908916325,0.137642720823309
218,4,81.9752538372397,0,0,45473.1885952615,14.0620923398446,5774.18924215956,20.7983087644317,4.44729674792566
218,5,90.6600913018288,0,0,46961.7083823654,14.0620923398446,6319.47727304824,25.16315278338,4.54356899593281
218,6,94.3150741479871,0,0,46574.2378968924,14.0620923398446,6714.57116972016,18.0631791196583,4.70359247443773
218,7,91.0438770066653,0,1,46290.6867995471,14.0620923398446,7090.4911896017,25.92405836974,7.0758602995692
218,8,97.6386244666292,0,1,46100.7562770731,14.0620923398446,6726.81999927912,20.611454710766,8.86647151653855
218,9,91.7589441409043,0,1,48079.3810771869,14.0620923398446,7082.43696234465,22.8868965030891,8.28459985546281
218,10,107.922499853008,0,1,48024.6932929343,14.0620923398446,7283.92059486322,19.1076403858347,12.3280539999561
218,11,104.797824810052,0,1,49309.9858522487,14.0620923398446,7841.51412088215,26.9309194661785,12.7905447316876
218,12,102.8524780068,0,1,49665.4068107468,14.0620923398446,7473.8763992692,23.9375412138807,12.3314392875468
218,13,107.01308628494,0,1,51147.1959566017,14.0620923398446,7862.26958360395,25.6480841980764,14.8096139862756
218,14,110.701443273814,0,1,50915.1609882584,14.0620923398446,7809.80672514727,22.5750924636905,15.1676407290399
218,15,106.413904401459,0,1,51917.1280297753,14.0620923398446,8292.70220230881,21.4850985681576,13.8740778701151
219,1,74.370249812713,1,0,31375.3980798417,12.5148945207736,5692.51848356777,20.5425370258448,2.64123849955614
219,2,71.6179836613914,1,0,32906.1345749036,12.5148945207736,5398.15383152699,22.665707622723,4.98411655172853
219,3,72.024834165272,1,0,32627.393296142,12.5148945207736,5309.31131165014,24.1649801263358,2.9371889752519
219,4,85.0029778996196,1,0,33505.5633805128,12.5148945207736,5258.42885217371,17.5493908208279,4.61248877409267
219,5,86.9459309484166,1,0,34518.3734355348,12.5148945207736,5370.77366954956,21.7210545338501,4.22096051945068
219,6,82.2555482770443,1,0,34117.9210832887,12.5148945207736,5637.88646749533,20.4353112174071,5.86974569720075
219,7,93.1124701285071,1,1,34807.0924224017,12.5148945207736,6387.37528816883,23.6374536848044,7.87043751687634
219,8,97.1424309008303,1,1,36506.5078892031,12.5148945207736,5968.74754653338,19.5649167914095,7.58923450263026
219,9,98.0177752224814,1,1,36180.0157770318,12.5148945207736,5366.72043344504,24.1521172906515,11.201346048518
219,10,90.4233963435615,1,1,38461.8361155599,12.5148945207736,7821.79947354265,29.9273999293875,9.422632153351
219,11,104.349213582945,1,1,39948.9623321902,12.5148945207736,7741.31371799813,23.9788326566326,9.8270400602872
219,12,103.906548092726,1,1,39052.6918144381,12.5148945207736,7403.62642414406,26.578793192986,14.6440802953989
219,13,102.391479377117,1,1,40771.6192056998,12.5148945207736,7762.79013973464,24.8964202031272,13.3265138664614
219,14,102.190744373829,1,1,39963.1400598162,12.5148945207736,7841.00478542013,24.4532365802313,14.6951199993817
219,15,111.373857031414,1,1,43223.4902859271,12.5148945207736,8150.27796039751,19.7727283215673,16.972348428375
220,1,73.3431217624653,1,0,39326.6339881956,9.50967427701903,5097.9752242763,28.8319946938558,2.16176857757943
220,2,74.5022985758931,1,0,41898.1136266589,9.50967427701903,5750.85528696263,30.6301001596565,1.51389090503421
220,3,83.7378313731506,1,0,41093.1909743517,9.50967427701903,5934.69253814091,27.8870781277839,2.61352899391475
220,4,92.8052317226015,1,0,43595.0278099695,9.50967427701903,6808.70474343339,23.1938853899448,6.15738612806303
220,5,91.3674542946662,1,0,42753.8412731899,9.50967427701903,6368.27938856728,25.5818454857583,6.4150577661662
220,6,93.2809780741611,1,0,42913.0762357358,9.50967427701903,7373.47901241169,20.6599644583506,6.53194770462219
220,7,96.0597679351027,1,1,44798.5926292281,9.50967427701903,6821.7500457489,25.7657603398826,6.97761368293055
220,8,109.012934465045,1,1,45000.263471723,9.50967427701903,7458.85419739645,23.3542214052393,7.45871811972335
220,9,107.000880479597,1,1,44598.580708191,9.50967427701903,7035.38479167568,21.4145644124623,11.2758455476228
220,10,103.199984694954,1,1,46540.1372297683,9.50967427701903,7052.21875293804,24.3737034338579,11.1135898903915
220,11,97.5496628097258,1,1,47152.5474371591,9.50967427701903,7401.80987173706,27.0849536440604,12.1669934579983
220,12,107.326903671621,1,1,47578.3779269775,9.50967427701903,8147.62193104232,28.8470027778806,9.91376394496099
220,13,105.100396528394,1,1,47532.7831962274,9.50967427701903,7875.64518303435,24.5041221946932,11.3821300957038
220,14,108.08086519,1,1,48522.8067004658,9.50967427701903,8217.81621970708,29.1441568315059,14.3441138425066
220,15,106.474407630957,1,1,50135.6826338339,9.50967427701903,6963.6496752074,28.3600501307551,15.0314270897164
221,1,93.9626826112464,0,0,47738.9872224028,11.129522640583,5053.63586591958,23.664840998146,1.24038433452237
221,2,91.7852712675109,0,0,47723.1382865212,11.129522640583,5588.4177778319,20.9354432733437,2.65029184807366
221,3,88.4960098159616,0,0,47429.319491552,11.129522640583,5447.6695321408,21.3233871312417,5.17131182702635
221,4,88.9832698731461,0,0,49800.95453983,11.129522640583,5950.99084557308,28.3778795454059,4.72387135036786
221,5,101.9273037626,0,0,50007.9823103127,11.129522640583,6518.91870229587,26.876937602044,7.570721642819
221,6,96.1247998289163,0,0,51806.4078940006,11.129522640583,6584.81498540245,22.9427570577374,5.97076550634941
221,7,104.151264034815,0,1,49878.5575172261,11.129522640583,6422.46704750998,19.7314172682766,6.68729861863651
221,8,91.9314675817189,0,1,51546.7707187284,11.129522640583,6994.10076649214,22.4665104569397,5.98601977961192
221,9,105.998035742793,0,1,53634.5346185938,11.129522640583,6832.94983842262,26.1450002036064,9.26969021304797
221,10,101.744848213221,0,1,52559.8904992383,11.129522640583,7713.70696400633,25.4493312034838,7.94433482165386
221,11,101.192483043087,0,1,57472.4639568719,11.129522640583,6644.1278912448,22.2538132209113,14.534999627843
221,12,101.379951507904,0,1,54682.9230338791,11.129522640583,8469.51159000318,26.3695285275658,6.92904663049206
221,13,111.160725698662,0,1,56792.8781079294,11.129522640583,6825.8777884641,22.0344427376736,8.26889263059006
221,14,105.970204443217,0,1,55428.6404473069,11.129522640583,7477.34468051811,26.5400711907028,13.0832829400417
221,15,119.078925319182,0,1,60172.6134524485,11.129522640583,8230.02083706069,22.3768967356135,14.6988688281663
222,1,74.9456361093707,1,0,28851.7168363185,8.04262282747047,6212.71607684012,24.5310347226123,0
222,2,63.9818856459665,1,0,27989.7526315899,8.04262282747047,5265.72687444441,29.7726244411863,1.9060344224223
222,3,64.648910756457,1,0,29142.5497703334,8.04262282747047,5877.20637660541,23.8975063705954,0.419946477111818
222,4,67.9676129225278,1,0,28548.6992166283,8.04262282747047,5500.4250329136,23.1031062423989,3.40156954059158
222,5,71.2370991844705,1,0,27917.486192475,8.04262282747047,6600.82106267288,28.6434161743059,5.32999854214478
222,6,80.4905112425168,1,0,28925.2342290237,8.04262282747047,5494.82817504831,21.280500105413,9.25344794272845
222,7,85.6342998731217,1,1,29481.0320687821,8.04262282747047,6673.84873129897,25.3963817784774,6.2225617729288
222,8,78.2960519620522,1,1,31911.5545787945,8.04262282747047,7316.45510325362,31.9200568410383,5.1308794358028
222,9,95.1101109021587,1,1,31614.1767960663,8.04262282747047,7309.68744486025,27.538493294216,10.050418656491
222,10,94.1615248030924,1,1,31155.3380251328,8.04262282747047,7478.96310552212,22.7871036766009,10.985110447963
222,11,89.8028139871184,1,1,31647.2267970398,8.04262282747047,7314.96416255237,26.8729235663801,11.8075202331504
222,12,78.9969396680164,1,1,33353.5084492125,8.04262282747047,6927.97868969916,28.5466763108888,12.0233862827013
222,13,92.0779143788659,1,1,31654.7980547309,8.04262282747047,8285.60204635897,24.2578910396068,13.6575516771928
222,14,100.118174225733,1,1,33636.1629372546,8.04262282747047,7412.33540795367,25.8045271916968,12.4351565891879
222,15,104.652331297577,1,1,32480.1525481803,8.04262282747047,8434.41899340432,21.601689316443,13.6798462495045
223,1,66.8948822544439,1,0,20633.3052430839,9.09890429199326,4829.87598933477,28.1517032668406,0.447000503236729
223,2,70.1535238358936,1,0,21673.8520591373,9.09890429199326,5340.55763452005,28.6653741740367,2.37226935289195
223,3,69.858090852202,1,0,20479.7959487406,9.09890429199326,5256.62023584623,20.656641539386,2.93501920107156
223,4,74.9330054486639,1,0,21874.2621819832,9.09890429199326,4936.75074967015,21.2729837936018,2.53240353310652
223,5,73.7286502286258,1,0,19712.135953874,9.09890429199326,6132.0826915614,23.9822250157369,7.19383128696476
223,6,77.7510369796769,1,0,22741.7985261176,9.09890429199326,6720.78417157512,22.0712793497507,7.74242327462074
223,7,90.1279215763469,1,1,23232.6130571823,9.09890429199326,6608.43271741563,22.9767932956823,10.6711043228412
223,8,87.3374093913643,1,1,23844.1072697608,9.09890429199326,6774.59091287954,21.0303298230818,9.44901046238456
223,9,88.5916381576489,1,1,25135.0683734049,9.09890429199326,6454.57537077847,22.4099102213829,11.3234530286902
223,10,95.9471184426439,1,1,23465.4321644384,9.09890429199326,7842.2514829919,29.8044713241531,13.190208911341
223,11,99.9325777870874,1,1,26318.6305447625,9.09890429199326,6802.18183354283,18.9363744183376,7.30051220353498
223,12,99.2947496040243,1,1,24458.8383751665,9.09890429199326,8010.24473120726,18.0657075186157,11.0515007105866
223,13,82.0442032590473,1,1,24284.8110766772,9.09890429199326,8419.46210292447,26.0591532002536,10.6923885200919
223,14,94.4708025602042,1,1,28625.9482566421,9.09890429199326,8293.30244900656,26.7354835356603,15.8012803449717
223,15,94.7078879247494,1,1,27736.7345900819,9.09890429199326,7203.08246340682,21.2022791238834,11.6209296318297
224,1,73.3221308997544,1,0,29428.3656805532,11.5661667895934,5178.22622726183,28.8455766314865,0
224,2,85.9575956801715,1,0,29875.8110439601,11.5661667895934,5377.98789570793,23.9944483514685,1.64398267350711
224,3,78.2899865696395,1,0,29615.5857443447,11.5661667895934,6260.06511655347,19.4645733699881,3.15659583184979
224,4,89.6247829612726,1,0,31412.6785226449,11.5661667895934,5475.70001240331,22.8806682237283,5.51402456728355
224,5,102.565189244094,1,0,32419.67172812,11.5661667895934,6167.10999118356,20.2954985998406,4.41817055995016
224,6,90.936162476689,1,0,30001.7182839991,11.5661667895934,6188.36604859861,19.8191932979201,8.3933776650358
224,7,93.6923090346876,1,1,31000.0842873268,11.5661667895934,6396.12447657794,25.5122731763797,1.90510491501793
224,8,95.6783424722012,1,1,32000.2173673326,11.5661667895934,6713.90129160317,27.2976238646169,9.93798750268057
224,9,103.146635497178,1,1,33828.3489070623,11.5661667895934,6860.97239977182,20.9337761595501,7.80677331407033
224,10,98.3873690230079,1,1,31538.0769960491,11.5661667895934,7422.47643280679,25.0670219334674,8.01207362812438
224,11,98.907009625279,1,1,34304.4944166904,11.5661667895934,6944.42961195894,24.620286646657,7.86805770358454
224,12,105.201837555759,1,1,33590.7764011561,11.5661667895934,8382.52307795694,29.3283391481095,15.073407046815
224,13,109.298925573876,1,1,35276.1388211813,11.5661667895934,8214.15637322259,21.8822014765589,11.8499542597039
224,14,117.617145217996,1,1,34594.0433604632,11.5661667895934,7805.12618717361,21.6797725314899,14.5507903588327
224,15,114.478286558532,1,1,37951.1891992453,11.5661667895934,7507.67370456475,20.876270091944,16.3106854359689
225,1,67.0932434158489,0,0,29008.8466227184,6.60560233087522,5186.31663313021,26.7031629777621,0.966264332178931
225,2,65.3141510558354,0,0,30087.3875065449,6.60560233087522,5418.36636008551,26.3771898707181,2.02034776012926
225,3,69.0360137535367,0,0,32771.4002067955,6.60560233087522,5846.60849381311,23.0411626117578,4.81480924997445
225,4,67.8524969872577,0,0,31411.7017598944,6.60560233087522,5770.85102790351,23.0579830666925,3.62003896038293
225,5,66.0119676470647,0,0,31727.1676965564,6.60560233087522,5367.70399295543,21.5913117413813,7.12590294314362
225,6,83.4710940910811,0,0,33651.5751941822,6.60560233087522,7018.81299024664,25.8153062066812,4.88913935891097
225,7,73.358612918514,0,1,34615.4296671359,6.60560233087522,6071.77842217071,29.6851818227822,5.31842332409673
225,8,78.8330143332912,0,1,36615.7198482219,6.60560233087522,6127.84196959203,23.6492544887639,3.479390780721
225,9,84.0555271141398,0,1,36946.7930053626,6.60560233087522,5813.24710583088,27.8648888735772,9.27380356068082
225,10,88.0316725912691,0,1,36848.5933970401,6.60560233087522,6278.0076285913,23.8276168767058,13.0937209259385
225,11,86.4223017624793,0,1,39073.018115535,6.60560233087522,6620.67794918867,26.4816405617415,12.6308865258047
225,12,87.4246305306645,0,1,40850.756392645,6.60560233087522,7331.43981046278,30.045702255857,11.242972345287
225,13,93.4211328543884,0,1,39908.0013582243,6.60560233087522,8327.48247297884,23.6229065477452,17.7720603004521
225,14,90.8337448631371,0,1,43249.6082532736,6.60560233087522,7710.50504053309,28.4396884104286,11.065882565789
225,15,98.8213869168796,0,1,43953.374824978,6.60560233087522,8165.29585806797,21.1572524735537,15.4395466411942
226,1,74.1192721924864,0,0,33294.2266544218,6.93437257622526,5169.38533733473,26.8931771682678,0.8092632645503
226,2,75.0819471942904,0,0,32046.1891127885,6.93437257622526,6322.28666874693,23.0608155154531,4.3432108842049
226,3,68.7761242960373,0,0,33376.9584827864,6.93437257622526,5676.4159574869,24.3970405512712,0.554324707837712
226,4,76.1469284527265,0,0,32661.4594585153,6.93437257622526,6071.72866769732,24.9336691527812,2.73509802825128
226,5,83.1302604134369,0,0,33858.3497763625,6.93437257622526,6071.48746909856,25.7718203802537,1.85856912166045
226,6,88.3922371220945,0,0,33641.3839526367,6.93437257622526,5686.84870926406,27.7238013998409,7.73409261916223
226,7,77.5888148606328,0,1,36351.0374685925,6.93437257622526,6456.59112969921,22.9533631586671,5.61198947306051
226,8,73.3318713720667,0,1,34407.6000403214,6.93437257622526,6381.27365385714,26.4911429930992,7.722636338545
226,9,88.9478409757372,0,1,37050.8497388737,6.93437257622526,7478.02464048204,28.8493098934223,7.39901383072493
226,10,90.2856000765256,0,1,36332.8183554558,6.93437257622526,6622.45055579058,25.2221223698649,8.88670006591447
226,11,89.4989812511284,0,1,36548.8251175162,6.93437257622526,7252.7893503676,19.4920126647901,9.24612928157316
226,12,96.8377120510483,0,1,39637.9856906743,6.93437257622526,7743.86315845277,20.0179432209941,13.0383241883787
226,13,86.4748384459437,0,1,38864.3282477401,6.93437257622526,7760.319555226,21.0275354200806,9.71861118685113
226,14,88.747905809503,0,1,39670.9823862275,6.93437257622526,7536.70937704279,26.0243863957784,10.9290213121333
226,15,102.711482065554,0,1,40112.4832849149,6.93437257622526,7810.94797771671,18.8267922732365,14.6367723592824
227,1,81.6686049995158,0,0,44991.1158427865,15.3076955983083,5782.67260749897,27.4598942021167,2.72762500137214
227,2,103.93304130187,0,0,46453.5526168397,15.3076955983083,5165.30505978033,25.8128043473408,3.48127874482597
227,3,88.4721602595577,0,0,45680.7578325983,15.3076955983083,5832.01318775419,28.596544714525,1.88559457470576
227,4,92.386741080241,0,0,47479.7398503526,15.3076955983083,6292.05310806672,26.7874310677289,2.78020548409832
227,5,99.144585984938,0,0,44551.5433762065,15.3076955983083,6173.64115083187,24.7852410219184,3.35277016200772
227,6,101.101255146972,0,0,48169.1387006289,15.3076955983083,5387.00778465689,22.7723949000809,6.60707581586782
227,7,100.462053378296,0,1,48601.968481311,15.3076955983083,6810.70358125179,24.7304776403637,11.1916228935482
227,8,105.087703873562,0,1,49000.1050577326,15.3076955983083,7411.81836474408,18.4895303614069,9.47361899118869
227,9,108.212751952824,0,1,49586.4141394793,15.3076955983083,6984.55906215244,29.2227960725527,9.6313299196243
227,10,105.397978793452,0,1,49641.7865206781,15.3076955983083,7123.63596824198,26.5020967407978,10.6581616663885
227,11,109.247808574148,0,1,50116.4330527812,15.3076955983083,7471.54392864385,29.2724998974606,12.9477584058054
227,12,110.489474617294,0,1,52475.2538766758,15.3076955983083,6798.29398959478,30.420272479957,13.3282874871636
227,13,114.422384186271,0,1,51833.0467639067,15.3076955983083,7511.85981405252,21.8372795653987,14.7105339170169
227,14,112.907825807051,0,1,53841.2815580637,15.3076955983083,7560.62491024812,28.039001990256,18.0734702954723
227,15,107.034282383417,0,1,52912.9591627533,15.3076955983083,8929.92639056391,29.8552940588726,16.2283890022718
228,1,80.5871002275697,1,0,27193.3424399929,10.2701432273657,5903.33233474895,24.1852001375826,3.21448270542948
228,2,76.5396926293571,1,0,30469.3605232011,10.2701432273657,5826.67457857399,23.7086549504654,3.29686721252786
228,3,77.5994604941871,1,0,29740.2830251561,10.2701432273657,5354.42768202695,29.0465123345812,5.08414928647294
228,4,78.797639755547,1,0,31872.028647833,10.2701432273657,6074.1902098229,27.2535366898619,5.39266627255808
228,5,70.0697912052901,1,0,30238.7191989232,10.2701432273657,5192.55115331345,25.223691612451,7.27188301351437
228,6,76.3144353477287,1,0,32644.6154764133,10.2701432273657,6684.5982952633,24.0229272034877,5.00548659587519
228,7,83.2943247169017,1,1,32786.9721519304,10.2701432273657,6685.96726882294,23.5920055155763,6.64860040981982
228,8,84.179238827922,1,1,35872.6990256691,10.2701432273657,6848.88588256134,21.9148504704965,7.68768665274631
228,9,88.8223424491019,1,1,36042.3117271334,10.2701432273657,6722.15818487786,27.0857905519207,8.893650271339
228,10,96.206599760558,1,1,36110.8813417104,10.2701432273657,7485.85369497981,24.6078400783205,9.45139373440942
228,11,96.8931800986329,1,1,35859.6605383587,10.2701432273657,8038.50787946063,22.0218965999996,10.1059925913675
228,12,91.6720549198432,1,1,38166.0468145012,10.2701432273657,6573.65451605884,28.0205190078659,10.9858622390399
228,13,99.1119337647781,1,1,38720.2176452207,10.2701432273657,7728.96058491456,24.4553040665245,13.4767774800032
228,14,97.6542377930268,1,1,37367.749494123,10.2701432273657,8089.07922911681,22.5285381329606,12.4760241274789
228,15,101.796397826987,1,1,40818.441519217,10.2701432273657,7452.17584736059,24.5403801874022,16.5256996087069
229,1,78.0850708716945,1,0,34576.4938792049,6.44492481134554,5701.56933142091,27.9698108500177,2.92078799128529
229,2,68.5797356669055,1,0,34267.3684443756,6.44492481134554,6201.86017877901,25.9991572250715,0.531538003769232
229,3,89.4029224418181,1,0,37502.3708880822,6.44492481134554,6348.96302356404,23.0058153083561,8.32090999353095
229,4,79.7063910345223,1,0,36878.6886304806,6.44492481134554,5994.6721983084,26.5238563576019,2.26148537772181
229,5,85.094961819194,1,0,36147.3610425407,6.44492481134554,6858.20611004295,26.7892249320389,7.59930910313925
229,6,77.8649764003727,1,0,38327.8824160735,6.44492481134554,6402.05831715786,25.5903627707475,7.90687729145724
229,7,85.2904141302987,1,1,38541.4907692434,6.44492481134554,6268.77159767171,27.2707629800697,5.30862158128528
229,8,83.1374763128878,1,1,38692.6974730734,6.44492481134554,6486.56792809219,26.0080758129839,9.34690708943522
229,9,89.9798525478174,1,1,36340.9444607627,6.44492481134554,7172.2788738597,24.6724241399908,8.77828605139073
229,10,93.0320728968141,1,1,39906.9517410307,6.44492481134554,7531.5575658418,22.3866206468537,9.28784235664979
229,11,93.0430462978979,1,1,41098.28494177,6.44492481134554,6673.51613869329,24.0537606518505,12.8826477807917
229,12,89.5994420940155,1,1,42532.840983609,6.44492481134554,7616.4492152506,25.3095794129327,12.0818561887971
229,13,98.8248364646087,1,1,42897.5286559341,6.44492481134554,7360.57886158444,21.7155670112987,15.5722493011532
229,14,94.6373763451809,1,1,43507.093207001,6.44492481134554,7948.10380560108,29.7706191722935,14.4937520268754
229,15,100.456164015978,1,1,45529.0086792341,6.44492481134554,7538.30009980655,26.4489089320889,14.8165864890044
230,1,79.7153011024905,1,0,28954.9195426976,11.6614102817131,4816.31573771476,18.4547173324817,2.53964043463894
230,2,82.1358074457821,1,0,28781.4133775294,11.6614102817131,5425.02977012969,22.979562292849,4.00507443283875
230,3,81.3699723904509,1,0,30162.8504402143,11.6614102817131,4862.66469270237,23.6445993414678,4.6278341585136
230,4,88.3130842308609,1,0,31311.3923093961,11.6614102817131,5480.46835587654,25.0685367784868,3.67754702453515
230,5,94.0742467551126,1,0,31750.2596349553,11.6614102817131,4377.74348444805,27.5754390772519,4.48527793649831
230,6,85.5389120696279,1,0,31289.6110484734,11.6614102817131,6150.52996977295,16.7342676491773,7.32271532703024
230,7,91.6435160683629,1,1,34578.9693944146,11.6614102817131,7327.46428740233,25.1052378754021,8.34749961040949
230,8,87.0111309479088,1,1,35604.3267148908,11.6614102817131,6090.46416199916,25.9855653178326,9.2530728361784
230,9,98.7326381987177,1,1,34905.9209863596,11.6614102817131,6868.9250609866,23.1653325665777,6.19498150194191
230,10,94.2896297602947,1,1,36907.5856398819,11.6614102817131,6597.39214722131,23.73567580395,6.29464014486617
230,11,87.4139056390616,1,1,36984.9733013373,11.6614102817131,7438.09674644404,30.5906841924083,8.54624810855585
230,12,93.2218044323474,1,1,37834.5419448577,11.6614102817131,7619.91548860632,22.4115902371739,11.1393974407564
230,13,106.803469107468,1,1,39563.3308859348,11.6614102817131,7795.24383350541,23.712174148957,13.2234727369557
230,14,106.267745150851,1,1,40206.6104861777,11.6614102817131,7907.02824721568,22.7138815772933,11.2740936843107
230,15,109.876394430189,1,1,40034.1383477016,11.6614102817131,8468.46985416297,19.2647071035648,12.426807116496
231,1,78.9771676214248,1,0,30692.7242322046,15.9632078016645,4417.40178453348,17.8782943780437,0
231,2,90.8310573055665,1,0,33228.9434821617,15.9632078016645,5270.77705700928,21.3935649993388,2.89840041812037
231,3,81.3130130684655,1,0,32947.5728557505,15.9632078016645,5553.16791059255,31.7825346849803,3.22523514971548
231,4,90.5612555673246,1,0,34503.3680286906,15.9632078016645,5069.64728177073,23.6217829636727,0.179483143206749
231,5,85.6342104468854,1,0,37851.7796103043,15.9632078016645,6123.55362463876,24.4624183549312,3.74113304512529
231,6,93.6265552167588,1,0,37889.984249887,15.9632078016645,6434.32348161162,26.9045386905317,5.48111998504038
231,7,108.142622030094,1,1,38546.9035839661,15.9632078016645,6252.03172222821,27.8041331729637,9.93292625343021
231,8,120.982174146839,1,1,39073.8134772543,15.9632078016645,6389.33922318847,26.274148844584,10.5518440707927
231,9,109.404734193526,1,1,42230.0276482251,15.9632078016645,7654.58141353976,21.2443181234318,8.88929386890753
231,10,104.343515383989,1,1,42219.9344207102,15.9632078016645,7511.35778895618,24.6491443405446,9.55580789279286
231,11,113.499695826535,1,1,44131.6236099468,15.9632078016645,6346.24800004854,30.5643479089988,8.65450803056556
231,12,114.855528292191,1,1,46485.8787080646,15.9632078016645,7243.31286966193,25.6834997792128,10.3069083927522
231,13,105.211455996356,1,1,46337.2512336061,15.9632078016645,7465.82374168138,30.114520274978,10.4403718832476
231,14,111.32293037312,1,1,48848.9284726397,15.9632078016645,7911.56603964041,25.0876028211195,13.8224257209556
231,15,108.337072187101,1,1,47932.6965706474,15.9632078016645,7994.97513558416,22.8254575042212,14.0709501733604
232,1,88.2461341137716,0,0,31324.6332752589,13.9867628908039,5361.39185917835,25.2908589329276,0.516477984624894
232,2,90.2033671368556,0,0,33989.8698092921,13.9867628908039,5381.54647857253,25.1587211601353,1.79047880324023
232,3,96.829652845915,0,0,35428.0774902731,13.9867628908039,6052.24216351579,26.0286650449791,2.43633428198816
232,4,87.5421080271905,0,0,34286.4299696028,13.9867628908039,6355.693896428,30.6235143995702,2.84792243188801
232,5,93.8176362141204,0,0,35132.7236427151,13.9867628908039,4889.24591666639,20.8420315011723,5.22678284063465
232,6,91.0146808312372,0,0,36889.0468032613,13.9867628908039,6996.63966635061,29.347719055976,9.46374972333608
232,7,93.3039910152178,0,1,36083.4051274992,13.9867628908039,6008.09988744529,24.6698463659061,7.21332250259588
232,8,100.771376691844,0,1,35992.8739160118,13.9867628908039,5489.45266320708,28.412992900558,7.31892846611197
232,9,99.0087973595738,0,1,36862.4098451236,13.9867628908039,7447.21175346085,26.5211713394651,7.44493064291167
232,10,106.668803503594,0,1,38090.2603313327,13.9867628908039,6945.57525034753,22.3493870095189,14.6923783058712
232,11,108.541155159234,0,1,37289.5167201257,13.9867628908039,7895.84954992263,23.2790342560178,11.8413269419683
232,12,102.531045353571,0,1,40222.1655407963,13.9867628908039,7222.08749959566,26.5642869471275,9.53880003044889
232,13,99.6796344076868,0,1,40562.4858671179,13.9867628908039,8105.32552668276,29.883062264794,9.47226189846893
232,14,98.2310558159836,0,1,41406.201692394,13.9867628908039,6922.39836709809,22.2974450836518,15.4251301337685
232,15,121.767688201853,0,1,42684.1894683722,13.9867628908039,8278.50034994601,27.971373041729,16.0130632442933
233,1,76.989515746198,1,0,42352.0894650805,13.3241495950609,4604.41131123934,27.2827369173222,2.13036952665122
233,2,86.4504924539171,1,0,43551.5286057191,13.3241495950609,5878.3105956429,26.8546888096151,2.31617700650154
233,3,92.0479311937567,1,0,42492.1822915958,13.3241495950609,5513.22174579192,27.2000765861356,3.90034685812284
233,4,96.8318403534262,1,0,44741.8100270449,13.3241495950609,6087.63141043011,25.705972064108,2.76338521945073
233,5,88.6772786642201,1,0,42970.1347014737,13.3241495950609,6044.42222034073,28.4737590144322,8.30530009574691
233,6,93.0189678310738,1,0,45672.6452428943,13.3241495950609,5571.08966359764,26.7694727930695,4.81552628503812
233,7,96.891017046369,1,1,47456.0001314212,13.3241495950609,6493.84097136081,27.6258250701568,6.41798322923291
233,8,96.6763603016277,1,1,48594.3861158168,13.3241495950609,6691.18581598003,21.2933655066741,8.58018201761163
233,9,96.7170978556808,1,1,47566.8281782259,13.3241495950609,6279.70969591946,23.3980141154033,10.6278238891247
233,10,100.010096523518,1,1,48779.2896030969,13.3241495950609,6796.40953881002,21.943857686359,11.1408248302915
233,11,98.8840056795691,1,1,47675.0653644942,13.3241495950609,7239.00293770742,27.1976148368125,9.30002277751305
233,12,102.773940330065,1,1,47958.8304149619,13.3241495950609,8800.55183834059,24.7444950425642,13.8370555421165
233,13,103.814752909696,1,1,50219.155648988,13.3241495950609,7519.97772483754,29.6111329937472,13.9221144166795
233,14,101.963987736729,1,1,51263.3033791402,13.3241495950609,6971.90188982602,23.1271581601705,12.7308551534546
233,15,106.999573155831,1,1,51576.8576360061,13.3241495950609,8032.12489075919,25.864619370238,15.9231278076342
234,1,81.3864432794477,0,0,30864.8052878023,15.5512377368395,5082.28942088005,23.7978457889038,0.515380130687517
234,2,79.2708967975839,0,0,31141.6278709134,15.5512377368395,5158.27619362603,26.7627919692374,3.13272201613663
234,3,81.2592255439328,0,0,34001.7355431179,15.5512377368395,5958.25621654638,25.7766151355286,0
234,4,84.6464574102888,0,0,34763.1193702476,15.5512377368395,5973.78305338369,22.4918459828771,3.21774277133826
234,5,75.9081576626765,0,0,34294.64963043,15.5512377368395,6116.829349283,27.5636791127818,2.10633306484396
234,6,87.5075843112688,0,0,36831.5303723799,15.5512377368395,6572.78073948361,22.6374042848406,4.47137365046334
234,7,92.3581208472014,0,1,35862.4067994175,15.5512377368395,6138.91419788691,27.4280359005178,10.2927612578555
234,8,92.301621217886,0,1,37520.8506941682,15.5512377368395,6718.93956199182,27.9425147907909,10.3707389903887
234,9,86.5181433484236,0,1,36568.9764521333,15.5512377368395,7674.48472348499,28.3933053093647,12.5247597436033
234,10,94.8714125118909,0,1,38542.794250868,15.5512377368395,7233.47204054791,25.5732567303448,11.1521674257549
234,11,108.399341936936,0,1,39293.8288068501,15.5512377368395,6183.89935450733,28.3132601826445,12.9148231680387
234,12,98.8948418242727,0,1,39620.0036263877,15.5512377368395,7782.68950701056,23.6675059614633,11.6288604371839
234,13,102.90106232289,0,1,41117.9237955158,15.5512377368395,6636.58242979739,25.5450452484357,14.6898400163512
234,14,87.8713935675644,0,1,40590.2185944074,15.5512377368395,6869.50194004941,28.2636950351666,10.0537192776367
234,15,98.3656318218565,0,1,39414.190361025,15.5512377368395,7758.79654896467,24.3031856784837,18.7431458236506
235,1,80.1755537192727,0,0,36468.4824004267,9.68549567669732,5776.64233596018,27.7553543964452,1.13469408295538
235,2,72.9084396836186,0,0,38666.9653722818,9.68549567669732,5320.04592584053,30.5318885057082,0.871989524308127
235,3,79.9147246787712,0,0,37136.0712057061,9.68549567669732,5649.47549323003,24.247861231151,2.70986476164999
235,4,89.5272980100898,0,0,38397.5410973893,9.68549567669732,5482.23232253777,25.11542619027,2.06732295566685
235,5,88.488831703289,0,0,41237.9284102266,9.68549567669732,5617.0659768739,27.8397219656663,3.76452895521111
235,6,87.1331728097855,0,0,42438.2319128543,9.68549567669732,6860.94440707274,23.7797452845159,2.89425639465656
235,7,80.1549433717458,0,1,44639.1432851658,9.68549567669732,6071.92479861474,24.9263202173705,4.4349764666672
235,8,93.7501478607643,0,1,44461.1067881351,9.68549567669732,6489.38510575896,25.5383866593512,10.3066461543433
235,9,92.8582578228462,0,1,46133.0180197134,9.68549567669732,6168.77754208973,27.1596138946721,6.20958109552445
235,10,107.575996072524,0,1,47000.8127681113,9.68549567669732,7041.07871854376,25.0673644710855,9.98072032786902
235,11,96.6265401742441,0,1,48574.5072868639,9.68549567669732,7124.80526606151,24.6551419862108,9.95493788717631
235,12,97.8083246924682,0,1,49848.6404236795,9.68549567669732,7911.34973098661,19.7076219248692,13.6778283663065
235,13,109.766125124936,0,1,48701.2636560554,9.68549567669732,6961.98860745896,23.3861859616471,16.8606253273741
235,14,99.5081316104537,0,1,50453.9502821312,9.68549567669732,7413.56992872797,27.9729681911231,13.0038073844289
235,15,108.283721711012,0,1,53158.5954707423,9.68549567669732,8500.8471949137,25.7850397523438,17.2377700387334
236,1,71.7541803279614,0,0,34709.9914466386,14.1890675740561,4701.91645097146,25.6085381180147,0
236,2,83.4685071606957,0,0,34954.2215739335,14.1890675740561,5595.20161672294,24.7692719138555,2.00718893985122
236,3,92.6317861578899,0,0,38305.4037974259,14.1890675740561,6118.77174343374,17.8403734532362,4.06193812372312
236,4,89.1771806595327,0,0,38848.8292954418,14.1890675740561,6196.15530028851,23.3593630237427,3.67360827366796
236,5,88.4606741398833,0,0,39113.9711891931,14.1890675740561,4922.39514038993,23.4739658783844,7.72702265138209
236,6,93.6414291212181,0,0,40955.7826975086,14.1890675740561,6882.0449239078,25.5755690652066,8.02095480385345
236,7,95.2878788188042,0,1,41945.8646615628,14.1890675740561,5711.83662432536,29.2418653647171,9.03050311467874
236,8,88.875935965424,0,1,42393.2431770162,14.1890675740561,7142.17620120394,19.3929414993078,5.49368154079947
236,9,93.263533825112,0,1,41869.1989245308,14.1890675740561,7294.55062577438,26.8335545334299,11.0271836577172
236,10,95.5874870585323,0,1,42664.7935907643,14.1890675740561,6183.39552063569,22.6887805497555,9.13411976147531
236,11,104.019245213743,0,1,43642.9767823843,14.1890675740561,7032.25855564807,23.4445020369289,10.5084234212238
236,12,98.1373955251952,0,1,41857.9076482997,14.1890675740561,7792.3039102897,27.5546004622282,13.2820773630793
236,13,94.9273224969421,0,1,43626.0385530956,14.1890675740561,6805.05482902981,25.3156972932149,15.086059927455
236,14,102.293209954779,0,1,46073.1855773553,14.1890675740561,7676.79704781079,23.4236758212562,11.4542378494493
236,15,109.540597259359,0,1,46169.5450327749,14.1890675740561,7452.20116999805,21.3141464972033,16.3931368452555
237,1,84.7426893588337,0,0,36799.0945021404,10.2387431526634,6128.29584497329,27.5765646386754,2.65043092954626
237,2,83.7374884141559,0,0,40174.3299034967,10.2387431526634,5689.21733593402,22.3793596032157,1.37217161300999
237,3,80.3902003749196,0,0,40158.7146506386,10.2387431526634,6344.40343259547,24.4867321107454,2.85592261580504
237,4,85.3383590438353,0,0,39850.1631896476,10.2387431526634,5457.1082429327,24.9562873491771,1.80265571411752
237,5,91.9652088620574,0,0,41247.3912916308,10.2387431526634,7263.30913517488,27.774707419022,5.44489290504924
237,6,86.1966196452468,0,0,42086.5136179198,10.2387431526634,5821.08130714736,22.9467535147328,0.907800977777285
237,7,95.593502185174,0,1,42505.395230293,10.2387431526634,6826.98925827184,23.1445999343993,6.09777614125839
237,8,89.9070034666041,0,1,43404.0138885032,10.2387431526634,6324.27096777758,28.8038195965603,6.79627779929983
237,9,90.6451241988276,0,1,44222.1395665156,10.2387431526634,5974.87992570513,21.0313612176451,11.9178375194676
237,10,99.0867381880384,0,1,45814.1058186123,10.2387431526634,7707.49644030248,29.4648429335343,9.72927957122652
237,11,103.871680840642,0,1,46937.2494148492,10.2387431526634,7035.37027706136,22.1519867886502,13.792551262847
237,12,94.6903905777627,0,1,47273.2870602594,10.2387431526634,7016.06256584299,27.3884999037566,9.99856520750875
237,13,100.903306093507,0,1,49250.6451959637,10.2387431526634,7554.20445564138,23.9415951036584,14.9363298927781
237,14,101.768126135706,0,1,48908.8268505719,10.2387431526634,7487.60581326472,25.145400212086,14.0950530794851
237,15,96.2449732144089,0,1,49394.5492176755,10.2387431526634,8265.11000579028,25.9372581779334,16.8395428298363
238,1,83.8077377639265,1,0,27202.7156747509,12.0022925590875,6028.24455981533,29.0000035933941,1.3318255319123
238,2,84.9049973415889,1,0,27183.9854642331,12.0022925590875,4777.39493983015,26.0204073184454,2.19666933388775
238,3,81.8085746543568,1,0,29009.429838833,12.0022925590875,4791.65970292061,26.531051391948,2.53780526807704
238,4,84.5944383823444,1,0,31239.7225520356,12.0022925590875,5881.986844116,28.1546836749976,1.65918071172598
238,5,90.2767955117792,1,0,29983.8885839739,12.0022925590875,6227.4931742038,26.5092727783398,5.93514293900001
238,6,88.8374642151921,1,0,32183.870984478,12.0022925590875,6003.36496987292,28.7822954373994,3.6850169150597
238,7,99.3921226760347,1,1,32131.6678249236,12.0022925590875,5989.04862039346,24.7560463154499,8.31482822842772
238,8,100.612414574275,1,1,32316.3639866806,12.0022925590875,6785.69284008281,21.4073261092791,6.541758534527
238,9,93.9988182905221,1,1,35155.374383346,12.0022925590875,7190.52031317112,25.7453944617457,11.5341658973237
238,10,94.3048448296259,1,1,35438.2745954382,12.0022925590875,6656.45207360321,29.9521895134904,8.66004245059449
238,11,110.702153358436,1,1,35619.7271655334,12.0022925590875,6684.46025618087,26.240133513,13.0400470816169
238,12,106.673290895506,1,1,38655.5561112271,12.0022925590875,7696.89306960254,24.5879451017973,13.9566181658621
238,13,104.909430540433,1,1,35994.8091214976,12.0022925590875,7259.0805151446,26.9981035363265,9.92684750801181
238,14,112.525212615362,1,1,38745.9623366523,12.0022925590875,7887.78219813723,22.7629009273667,9.11208964246249
238,15,112.725742563848,1,1,39557.8193178599,12.0022925590875,8200.24555548649,21.0924124458142,14.3118584945146
239,1,89.6891573042778,0,0,43472.4969712548,18.6433959580204,5446.72961397477,27.2882367730098,0
239,2,92.0375057058533,0,0,44312.8356183673,18.6433959580204,5170.59581182867,26.1860461197226,2.69737866173899
239,3,94.0653103311862,0,0,46641.6317370828,18.6433959580204,5544.62366848731,23.9295766105234,6.86106165898759
239,4,102.380556595786,0,0,43292.6802386744,18.6433959580204,5504.10664157,23.1539329757669,3.63437470280666
239,5,103.178930342378,0,0,46993.6599229486,18.6433959580204,5287.36064418659,26.7600144234992,4.24050214114867
239,6,97.7292118854009,0,0,45784.4003699768,18.6433959580204,5917.52433603686,24.213037349395,9.63211918188883
239,7,109.012586531046,0,1,48075.194644167,18.6433959580204,6863.08981198688,21.4526175177127,8.97606102500801
239,8,101.946090470237,0,1,47273.8960369018,18.6433959580204,6722.12244198477,20.8280852267092,9.46815769391681
239,9,103.808092790698,0,1,49171.2949065487,18.6433959580204,6665.93712119792,26.9662351255094,7.5084233433576
239,10,99.5103591905908,0,1,48675.9440389282,18.6433959580204,6953.70825407379,20.8333906588542,8.51789652101467
239,11,111.808403932002,0,1,48875.6987867497,18.6433959580204,7852.41185473465,24.5430865921512,8.21647419644797
239,12,106.924737269894,0,1,48846.2046181514,18.6433959580204,8230.78267871666,28.5698690224129,15.6782200113141
239,13,117.625725978562,0,1,49665.1099481717,18.6433959580204,7693.3696854062,21.7231223721311,13.2460255102855
239,14,111.23632948309,0,1,50888.1115899855,18.6433959580204,7666.05014981829,30.3516548220662,14.5050306549629
239,15,121.052973793437,0,1,51798.9288358397,18.6433959580204,8739.22084140301,25.7037180959675,15.3290944281977
240,1,84.573834628433,1,0,28597.7128981269,14.9083031871278,4956.73704084574,24.5065832124339,0.682959752693768
240,2,96.9773266217538,1,0,29138.16616115,14.9083031871278,5471.08941759565,25.6418494522558,2.32640781800821
240,3,92.0001293921084,1,0,31577.8725527819,14.9083031871278,5256.98022061067,24.6827520094174,3.32069546062376
240,4,77.4685174571426,1,0,30236.6200736403,14.9083031871278,5294.411676756,26.9255218483539,2.10062849559916
240,5,93.9634711732041,1,0,33162.3972374833,14.9083031871278,5439.86278567391,24.7775817811149,7.04478759577522
240,6,91.1954879772568,1,0,34655.2238865931,14.9083031871278,6547.13006504394,28.5527066266418,5.72001409138172
240,7,101.944088606151,1,1,35379.8573764685,14.9083031871278,6644.89668980643,24.993283081455,7.45894028898611
240,8,98.2119475403377,1,1,35871.59025613,14.9083031871278,6182.63725716055,22.301672218789,8.41673521145615
240,9,101.391735593202,1,1,36626.2926662332,14.9083031871278,6452.60230389433,26.2544174274058,12.7882415537977
240,10,103.354271473833,1,1,36853.0867916497,14.9083031871278,7288.29281703177,29.0893765249022,10.93644347807
240,11,96.5122364873276,1,1,37850.0741772144,14.9083031871278,7051.67483594547,26.7691722258329,11.0580083095425
240,12,99.6709454083239,1,1,41223.3882686201,14.9083031871278,7247.76542797667,28.7884026930969,9.131942084793
240,13,106.775573403639,1,1,41337.677135447,14.9083031871278,7926.69634509902,22.6221106995642,15.9307931214493
240,14,119.425121854826,1,1,41272.5436419023,14.9083031871278,7828.96523208827,25.3331694594664,13.4796955801501
240,15,110.645463045768,1,1,44433.2529186299,14.9083031871278,8315.57847598259,26.63772929972,14.2423053378017
241,1,74.8195583305982,1,0,30878.4859384166,14.3040231411516,4483.3673400327,27.477473059778,0.678707812753712
241,2,68.8781454250803,1,0,28873.0284496879,14.3040231411516,5548.2073645929,27.0046035678715,0
241,3,74.4660414693612,1,0,33797.4028944144,14.3040231411516,5781.80672401673,25.7286239550748,3.57146774784636
241,4,84.9587790316396,1,0,34129.4220888031,14.3040231411516,6110.83370895218,23.0330424452579,2.60376128329702
241,5,92.504151495539,1,0,32563.2294423222,14.3040231411516,5857.43665254127,24.7430851978022,4.71929262797807
241,6,82.4682965289737,1,0,33960.4205393219,14.3040231411516,7164.32125211737,25.478749793269,6.02386780943435
241,7,96.3607005922251,1,1,35908.1435238127,14.3040231411516,7147.38105114775,27.4313129436357,6.95042480271974
241,8,90.2415560336063,1,1,36999.3584802418,14.3040231411516,6421.70854982976,19.0177901182066,4.15770205586787
241,9,96.955182164755,1,1,36379.565793347,14.3040231411516,6485.78282028609,21.5823741474058,9.95814958027575
241,10,99.1725228782016,1,1,37868.1465090401,14.3040231411516,7568.96876112989,27.2450287506005,9.06395932685309
241,11,101.902493827108,1,1,42524.1435117569,14.3040231411516,6983.25402844083,23.2724688494273,10.1435431685103
241,12,103.05295888193,1,1,41313.0546277725,14.3040231411516,7541.23134995647,21.7912872730537,13.8311094040635
241,13,109.358871173236,1,1,42701.2469258608,14.3040231411516,7316.20180351102,21.549559425627,11.313923639884
241,14,104.68956030248,1,1,41452.4365886099,14.3040231411516,7687.60755323311,21.9251730140212,19.4799537933146
241,15,110.56201519602,1,1,42873.3811819295,14.3040231411516,7836.55570748409,22.0375560169015,15.7530087227506
242,1,87.3371210302039,1,0,40466.1829776643,8.67501626454552,5748.27011232239,20.8392396504502,4.58685736435682
242,2,84.5256138641913,1,0,42765.1567794406,8.67501626454552,4606.75782617547,25.1556833602754,1.98610148713035
242,3,87.6880077416392,1,0,42937.6291992306,8.67501626454552,4980.14882793773,23.58487626428,6.07599596548071
242,4,92.1098363753813,1,0,45884.8563000275,8.67501626454552,5971.92331340189,21.5511656754345,2.00731219701539
242,5,91.5239998922391,1,0,43840.0322011892,8.67501626454552,6459.28574073903,23.8585660853011,6.59596395257584
242,6,106.040886382668,1,0,44754.0585854468,8.67501626454552,6205.50479568157,25.8531508314968,7.83964559359557
242,7,103.861134840255,1,1,44387.327099195,8.67501626454552,6543.75378743374,21.408244919903,10.2776569682452
242,8,102.326621494795,1,1,46144.0134770754,8.67501626454552,7457.87561881546,22.8229352317348,5.96424770059588
242,9,98.7185435834065,1,1,45714.9792934358,8.67501626454552,6935.69541616986,23.4202058269034,12.8115933787968
242,10,107.973403429286,1,1,46045.539601044,8.67501626454552,7682.90655210081,22.7147332609293,8.78308864102268
242,11,113.344714792077,1,1,47564.9528521358,8.67501626454552,6760.46233453928,21.3053552845879,9.50882768018271
242,12,96.7214870091029,1,1,47351.0036682027,8.67501626454552,7722.31731888698,26.4276699335286,8.66187942658292
242,13,105.321181809927,1,1,47976.9757771601,8.67501626454552,7043.22993238149,28.0517584706413,12.3821714859122
242,14,112.551549157597,1,1,49934.3877198037,8.67501626454552,7915.70549583429,21.318373231309,13.4345690593041
242,15,118.440986495241,1,1,51098.662280228,8.67501626454552,7869.11882616209,23.2810725746633,15.0607552047687
243,1,84.6392966082115,0,0,42112.5703125165,9.64129224001586,5020.20732233136,23.2838122971905,3.28229921304331
243,2,80.2145113048526,0,0,42129.3291204941,9.64129224001586,5905.58405684941,26.3387127667208,0.618464077436507
243,3,89.1505012489006,0,0,43116.4584742532,9.64129224001586,5592.76213382644,24.3400307332861,3.81104794153679
243,4,81.8153759566557,0,0,43158.7878232067,9.64129224001586,5480.41069003549,24.1019893787396,6.71160788027537
243,5,93.2048369884493,0,0,45102.3960622846,9.64129224001586,6999.07897267391,18.555636230228,7.19127896902086
243,6,86.8881049461751,0,0,46696.8692038708,9.64129224001586,7251.91395915911,23.3263381408248,6.94109264469845
243,7,86.8115008513679,0,1,45617.1889242232,9.64129224001586,5925.39392106453,21.0193589996846,6.53458274927052
243,8,92.7698375487642,0,1,48479.2420431312,9.64129224001586,7101.71195564352,25.8599928936337,7.92352524379778
243,9,94.6639773185044,0,1,47721.214523113,9.64129224001586,7182.57254073052,24.8789685489716,8.41461389770793
243,10,97.2340279484452,0,1,49692.0294780085,9.64129224001586,7174.45274524351,23.2046270350377,6.51947876067644
243,11,104.099653286908,0,1,48764.3004895829,9.64129224001586,7403.29294314321,27.384151409652,13.1687030008628
243,12,98.7698492182695,0,1,51214.8040450721,9.64129224001586,7986.24037904227,17.0259570608216,10.2559199021205
243,13,108.894804980264,0,1,53245.2750206236,9.64129224001586,8357.64190586335,23.6970539907855,16.7023612423981
243,14,111.719983896658,0,1,52747.2426272044,9.64129224001586,7088.81480171053,26.9865331975187,14.0689260430022
243,15,95.4370007202301,0,1,52133.6412086425,9.64129224001586,7931.94613609358,24.7488617541809,11.0938851754897
244,1,78.8610700994642,1,0,23668.7700319317,18.8523494407848,5176.45144909303,26.3530947649677,0
244,2,65.8372855777295,1,0,21972.8213440859,18.8523494407848,6334.47288905607,27.7680759215042,1.01108381137117
244,3,75.2638759541081,1,0,22571.5773856184,18.8523494407848,5950.4206297182,27.1256357531565,0.311814487421429
244,4,79.6538526241753,1,0,23693.9148889674,18.8523494407848,5314.8226140808,26.7388647298417,3.91661892089844
244,5,85.9036522777639,1,0,24071.193474214,18.8523494407848,6302.10051607659,26.8881486658174,4.7505004278157
244,6,88.7446206688962,1,0,26021.3302527195,18.8523494407848,5323.37169573613,18.9805876235208,1.79275055913582
244,7,99.4608103176681,1,1,26914.6043013635,18.8523494407848,6686.20973388262,25.2569261168254,8.77872407688337
244,8,104.245987014169,1,1,26977.6692076586,18.8523494407848,6881.67699070769,25.8523212116963,10.4326821435028
244,9,101.390860557592,1,1,28918.4372191937,18.8523494407848,7705.90861639674,24.7926714976105,7.52036865123871
244,10,100.88551671838,1,1,29299.2443173594,18.8523494407848,6994.48886555473,19.4379491432905,7.86278595306749
244,11,98.9699031174644,1,1,28331.6483600713,18.8523494407848,7517.54699824885,22.1001527379742,11.594384744577
244,12,108.257580016424,1,1,31027.7456075995,18.8523494407848,7536.50775547591,22.5333159413088,11.4548686672287
244,13,100.413416399568,1,1,29826.4700229053,18.8523494407848,7263.4054339774,27.9213831878161,13.8040085941772
244,14,100.563720843129,1,1,31799.0256878238,18.8523494407848,7536.21248873655,24.4070193002653,8.25798927938972
244,15,114.296700001125,1,1,32366.6691143264,18.8523494407848,7435.07122904406,27.3744895351674,15.8758348277676
245,1,73.4350417949624,0,0,23079.21447289,8.72009770808007,5490.05236089185,25.5669676638128,3.37192635818782
245,2,70.1917412347746,0,0,25866.9215469972,8.72009770808007,5527.62615484303,22.2840706649057,1.62023810497994
245,3,71.1180363687252,0,0,25629.1724676944,8.72009770808007,5212.40604292962,24.1699758531216,5.74591847141134
245,4,71.5268211418493,0,0,26984.5821113527,8.72009770808007,5247.48866448144,25.8792761361335,6.39880667949523
245,5,81.4361192108132,0,0,27283.4654917212,8.72009770808007,5569.14811573345,22.19660903574,5.03064748915496
245,6,73.572808154915,0,0,27307.0010907024,8.72009770808007,5989.0167359387,26.3887264849828,7.19083457765428
245,7,75.7344082728758,0,1,29635.1470943316,8.72009770808007,5220.49906779526,28.2176971052432,4.4611234410516
245,8,72.2607974810835,0,1,29119.7446085241,8.72009770808007,6613.23587497385,29.3571464201983,8.543455692353
245,9,82.8674524087593,0,1,31628.7947353846,8.72009770808007,7252.50220727967,31.0036725767721,7.14178006768876
245,10,86.3347647902799,0,1,34058.9601518121,8.72009770808007,7016.4392443592,22.5719737952533,11.2303224483557
245,11,87.6836524236418,0,1,32847.7056047917,8.72009770808007,7762.26678885903,23.2057719934945,7.3463715888892
245,12,85.8195465802059,0,1,34041.9285397317,8.72009770808007,7233.82804074945,23.0607473829693,9.96927324729687
245,13,88.9566908816154,0,1,34667.0404562733,8.72009770808007,7673.06363490023,22.5786469345314,14.8621747168936
245,14,89.0431568751539,0,1,36343.4225921415,8.72009770808007,7483.39361133386,26.8135868630117,13.2199106429133
245,15,90.707021850402,0,1,34705.9358635834,8.72009770808007,7135.95163081194,19.4493153513421,16.6262490545439
246,1,64.6393460082897,1,0,18960.7856630907,12.6434381258552,5359.38477012922,29.2194330583326,0.0378948815178476
246,2,76.9570139127228,1,0,20773.2972800453,12.6434381258552,5658.75519346367,20.6349621377141,4.36869842826908
246,3,83.4911214998152,1,0,21421.6478616348,12.6434381258552,5786.53254761275,20.9622788747139,5.82744455645837
246,4,75.5117016581422,1,0,21112.519661045,12.6434381258552,5118.63880849615,25.2723175373606,0.252585878136002
246,5,85.5500600269145,1,0,21291.5950632673,12.6434381258552,5692.01595042921,22.7498268145949,8.14365160878329
246,6,88.7094922399072,1,0,23355.764796946,12.6434381258552,5675.88422585858,22.6601382491156,5.8445790983161
246,7,89.5845889760204,1,1,26254.5776271535,12.6434381258552,6015.5647993205,26.5363696606929,6.61826661719722
246,8,88.3307706422919,1,1,27635.5708402011,12.6434381258552,6486.02756656432,24.6259519215747,8.68355946932399
246,9,89.4605938658432,1,1,27008.6175167105,12.6434381258552,6456.2630766441,27.8569144757889,5.97708300328687
246,10,91.2352331870132,1,1,25335.0898973616,12.6434381258552,7380.37438226642,25.6157348212426,9.54030463086447
246,11,92.2018504888341,1,1,28487.037025661,12.6434381258552,7041.93620834556,24.7845920017364,7.51190298018491
246,12,96.6719856831254,1,1,27979.2434365125,12.6434381258552,7042.80795904818,27.8399548190365,16.2261225061964
246,13,97.5055357743873,1,1,29429.4345168436,12.6434381258552,7245.79827150096,31.5193178567279,14.935707613844
246,14,95.2006232463181,1,1,30760.9468259654,12.6434381258552,8190.90690183321,23.1050268844766,13.9394304839313
246,15,99.9822865482979,1,1,32525.374716804,12.6434381258552,7631.56395592281,24.9240101526605,13.2804666694211
247,1,74.5332443573875,0,0,32603.2653513416,14.6777131789112,5255.04925653008,27.4093548695438,1.42508312700639
247,2,84.5898070302935,0,0,32779.562687434,14.6777131789112,5539.54436904684,24.8574945995784,4.22544986323538
247,3,86.4120710667437,0,0,35262.0296215747,14.6777131789112,5103.77472454203,26.5392932228276,4.78439177223825
247,4,91.2166268183291,0,0,36330.9541917331,14.6777131789112,6453.16904219034,30.559563012598,5.14625587997847
247,5,95.9638687103884,0,0,37429.1372501523,14.6777131789112,5774.92341794042,29.4057712609951,4.61666302204434
247,6,92.2898915589749,0,0,38683.1878699907,14.6777131789112,6496.02663792483,24.6340469359472,4.41366516713295
247,7,89.8526745223862,0,1,38842.2535942679,14.6777131789112,5481.35029465371,27.034793158773,3.91961721924383
247,8,98.6083703583238,0,1,38624.3393571616,14.6777131789112,6196.17393028861,26.8343958346847,8.23087355233406
247,9,100.872006733882,0,1,40714.9246682822,14.6777131789112,7519.25558674951,24.5270896610208,11.3311808586309
247,10,94.2227517284274,0,1,39833.6726558969,14.6777131789112,6558.9178241,21.5460526779849,8.76808485060187
247,11,105.373837505506,0,1,43760.7174612571,14.6777131789112,7920.47960841399,23.7459054327745,11.9882290667697
247,12,97.8285215819846,0,1,44129.6832559256,14.6777131789112,7496.95889106628,26.0944058231109,9.91697633975657
247,13,107.168681097795,0,1,45340.8150755968,14.6777131789112,7360.07929926863,27.183373375237,17.4602951017202
247,14,106.415008890801,0,1,45813.3107004607,14.6777131789112,7792.191640822,23.754306693848,16.6405307420124
247,15,107.515261877551,0,1,44275.1016623214,14.6777131789112,7451.36256082163,24.330894848416,16.4285964980635
248,1,80.8416408550943,1,0,31238.820253157,15.0562739170268,4950.58072334237,23.5204914591433,4.17708742750298
248,2,84.6097695064619,1,0,33322.6103605534,15.0562739170268,5889.44389443694,19.7363524506754,3.28227685461014
248,3,90.810591538419,1,0,32634.3723517686,15.0562739170268,5071.00053929424,22.3519533337295,2.44318573058059
248,4,98.4482755165535,1,0,34274.8824603094,15.0562739170268,6051.05120058314,25.5478367498505,3.61416586793427
248,5,94.4146369833241,1,0,33030.0025685244,15.0562739170268,5772.84823582693,24.1340657323289,1.23237053368632
248,6,88.8879855755367,1,0,34755.5272991349,15.0562739170268,6208.59295476919,23.7815593802114,5.74416023342623
248,7,106.453732815044,1,1,34479.1596917401,15.0562739170268,5926.82418720805,23.5200295118051,7.14686010208549
248,8,108.468664760751,1,1,34907.8109636773,15.0562739170268,7008.21020381007,21.664627381057,10.432674866591
248,9,101.591526922171,1,1,35900.9107047001,15.0562739170268,7320.95533902589,27.6666387603857,9.52443758721359
248,10,104.71617261084,1,1,38331.2873903174,15.0562739170268,7060.14357513079,25.8575176235096,10.184629951536
248,11,98.7424835668054,1,1,37318.5212543034,15.0562739170268,7371.21550084568,20.7709985073578,10.4889011830453
248,12,117.725750043998,1,1,37898.5244781926,15.0562739170268,6777.78123608023,22.2522747810337,14.1751864144701
248,13,104.626324463895,1,1,39797.7070310094,15.0562739170268,8342.93985498168,25.7069942806185,10.259842570228
248,14,104.618195837764,1,1,38447.9509574555,15.0562739170268,7854.38251561049,22.7963653802104,12.1546434068118
248,15,109.784091704649,1,1,39783.151040828,15.0562739170268,8504.87616514188,23.4285758281307,10.7787547744611
249,1,81.1396078130075,1,0,32885.3033071469,15.2673360327577,6097.62826390213,25.0022784399671,0
249,2,84.7398528781345,1,0,35152.226395332,15.2673360327577,4790.287331746,26.4700600282642,4.27596817054036
249,3,91.1629638711115,1,0,33652.3662721512,15.2673360327577,5035.93372588084,25.6259266783914,3.61300079967981
249,4,84.8222500876706,1,0,35638.9980753802,15.2673360327577,6196.07257219986,28.1880430878672,2.26448983193144
249,5,97.8636948715827,1,0,37518.0187811429,15.2673360327577,6454.74864952673,23.8514283522332,1.4635250430765
249,6,93.3522836414226,1,0,38424.2169847312,15.2673360327577,5594.86114773629,21.4484741450202,5.35204084034877
249,7,100.705500328506,1,1,37694.7828506552,15.2673360327577,6342.530835095,26.0416721495231,5.80521721014324
249,8,100.506738653468,1,1,36086.9871467084,15.2673360327577,6951.93475332096,24.244113382602,8.91420762726918
249,9,102.04025151496,1,1,40817.4563174857,15.2673360327577,6980.7638393368,23.5222594900351,11.256400167078
249,10,113.18632280058,1,1,39245.1423999696,15.2673360327577,6822.71831263993,24.5229165162504,12.7406601746186
249,11,105.648951563976,1,1,41281.3379154224,15.2673360327577,6687.79060858894,33.2711107874415,8.97845339320105
249,12,105.087477670017,1,1,39561.9945836641,15.2673360327577,8320.37546621192,18.8426603625178,12.2507916395614
249,13,111.999788085316,1,1,41507.9601102755,15.2673360327577,6377.04306634184,25.1669722481637,16.0240698138759
249,14,108.499334288163,1,1,44280.6514790949,15.2673360327577,7191.44741650433,23.9517866436884,14.2519697670375
249,15,104.957914458921,1,1,43688.0036061232,15.2673360327577,8354.55713653764,23.0196588179064,14.0747519043207
250,1,81.5413687528624,1,0,35510.9778937461,11.5106130303444,5893.86622115287,24.8150081653983,0
250,2,84.9697124248242,1,0,36815.5696924189,11.5106130303444,5759.57193917218,22.8088728911878,2.57046738401851
250,3,79.2535300164139,1,0,35303.0136740503,11.5106130303444,5965.83424550336,20.1868545013839,0
250,4,90.1200604732959,1,0,37449.6860448611,11.5106130303444,5603.15101120073,20.610091645254,7.53526882625663
250,5,88.9216304973753,1,0,38642.9456648865,11.5106130303444,6057.04955730167,25.1235024204655,6.12609642936587
250,6,91.0681506115003,1,0,40051.0724781675,11.5106130303444,7108.68936703906,29.717122002307,7.66054378170835
250,7,92.6494824972397,1,1,38858.9959866538,11.5106130303444,7119.33371657404,24.0474616555643,8.49367388590347
250,8,89.4027811058776,1,1,40652.7965608492,11.5106130303444,7201.65308808099,27.2185003541608,9.21100820174795
250,9,92.6219562245671,1,1,41834.9725048466,11.5106130303444,6612.00149686183,26.2396786360295,7.15043605765382
250,10,113.262007396106,1,1,45634.6010841172,11.5106130303444,5931.27465982873,24.0857310387065,12.3616564114097
250,11,96.6023878071786,1,1,44258.910060762,11.5106130303444,6438.84761719442,30.0035369079105,9.87216974254334
250,12,105.697943511444,1,1,41048.6174528148,11.5106130303444,8412.80757451138,28.3223596344961,11.3768469488175
250,13,112.202763171187,1,1,44186.5933644488,11.5106130303444,7388.45704336846,23.9252569977776,13.8306045176083
250,14,107.428227794398,1,1,45110.6098897963,11.5106130303444,7710.12451355679,27.8209653275874,15.4721789702433
250,15,104.851721343646,1,1,46487.8518983849,11.5106130303444,8031.44003754298,25.6158333546891,14.4453787793034
251,1,70.1001405808182,0,0,25086.4693810055,9.53703990864001,4624.91363543495,21.6400238604919,0
251,2,75.6057316685743,0,0,27382.9892718457,9.53703990864001,5331.37838952541,21.9525426192772,0
251,3,66.3778361097775,0,0,26294.6326436407,9.53703990864001,5390.24816829371,28.774158167478,3.93816145264181
251,4,77.4540298883128,0,0,27484.7352054001,9.53703990864001,6181.25474073645,21.9963048073906,6.28959762667945
251,5,83.5813259172626,0,0,28792.9245715873,9.53703990864001,6008.36597063476,23.7765285356631,5.28212568748372
251,6,74.9523312269933,0,0,28181.8537789388,9.53703990864001,5583.15656433195,23.1245367360003,6.52178999511247
251,7,83.7235237566976,0,1,29475.605137848,9.53703990864001,6189.72530222352,24.1766351461935,6.47355348810323
251,8,76.0939712866761,0,1,31569.5694711052,9.53703990864001,6050.22832222589,24.4484537665378,6.99225934220609
251,9,80.5970659368422,0,1,30128.7657836819,9.53703990864001,7256.1458177736,24.0732153495876,12.7696714500257
251,10,82.3734542283862,0,1,30034.7327765202,9.53703990864001,6937.89628854388,25.1648370530223,9.19987328036797
251,11,86.4998643123917,0,1,32517.7856784249,9.53703990864001,7649.28814824329,22.3695365884643,7.11369320073519
251,12,83.0800259738368,0,1,31610.3996312934,9.53703990864001,7485.97307208741,25.9715872376289,10.2040919080926
251,13,82.688829316701,0,1,32727.3805219861,9.53703990864001,7442.35945715769,25.0397482729961,11.7868415194294
251,14,90.5259083930103,0,1,34104.4200683602,9.53703990864001,6731.12019781298,25.2216961299887,13.2109487394269
251,15,95.6153354594932,0,1,34658.7920614675,9.53703990864001,8366.37494328596,23.9244036859305,16.0833703246412
252,1,71.2869798016458,0,0,23821.8698480211,11.0782283010341,5224.65208050228,26.8908469437819,0
252,2,81.1119655385229,0,0,22555.0329202896,11.0782283010341,5308.67977292987,20.4945060800648,1.30020479361185
252,3,72.226217305087,0,0,23507.8266749843,11.0782283010341,5473.41876571524,25.0092119662653,4.21817806233198
252,4,79.0080282280287,0,0,23760.4279423328,11.0782283010341,5831.38674668208,27.4137100225642,4.09234513051608
252,5,77.7285467405778,0,0,24847.8402471685,11.0782283010341,6384.7816661529,27.5808031358679,6.01452268187878
252,6,92.2431914023406,0,0,27591.814338424,11.0782283010341,6359.57550297203,26.4802208199431,6.54670077564774
252,7,80.5062268041093,0,1,26133.4222688407,11.0782283010341,5696.28450336718,25.4118600415388,8.20911070836562
252,8,94.4418568852578,0,1,26758.6732172661,11.0782283010341,6799.39649403245,22.2437909339876,5.85755560170568
252,9,86.0877103122645,0,1,27890.0180857323,11.0782283010341,7200.37941428815,21.2075253313328,6.73116239936708
252,10,72.6980410523978,0,1,26753.7478004044,11.0782283010341,7231.9102370192,25.9545119886187,8.34040632499483
252,11,81.2021042916468,0,1,29516.1112020048,11.0782283010341,7668.43710122302,28.7267733492271,12.2747922870007
252,12,86.0014349719478,0,1,29096.1551209812,11.0782283010341,6485.83357402647,28.6938344421411,5.49242624903667
252,13,99.1679106170319,0,1,29041.5819853397,11.0782283010341,7545.1307080836,21.1275623263684,13.8618299529332
252,14,96.5371602619176,0,1,30712.8529705303,11.0782283010341,8127.8434491891,24.6053623644168,15.6502944378051
252,15,104.420865267831,0,1,30747.3788227535,11.0782283010341,8037.85613249769,20.5474787506763,13.9361539582534
253,1,86.6776566581446,1,0,38859.069630656,9.29370597438161,5279.85612031118,24.1945199461662,3.65571131054495
253,2,67.8530964913308,1,0,39692.2137136519,9.29370597438161,5705.18972052189,25.4259890238679,1.72190317984587
253,3,86.6357180689786,1,0,42150.6975184729,9.29370597438161,6071.78114212302,27.0652610060357,3.24001194678404
253,4,83.5163433735421,1,0,40846.9863912061,9.29370597438161,5349.39534076965,24.1751032116834,4.80409120813523
253,5,81.7471672769767,1,0,43150.559885268,9.29370597438161,5653.11410326929,24.0050536800148,2.87628836142485
253,6,80.8327112636105,1,0,43157.124267386,9.29370597438161,5904.05097223718,26.8799465903497,4.39140881330713
253,7,91.5940671133355,1,1,43511.3827009629,9.29370597438161,6769.32500803715,20.0746728006567,2.9796739851668
253,8,95.8991136950206,1,1,43941.0924444527,9.29370597438161,6569.88793920198,23.292571840885,3.16551937572554
253,9,93.2330344653142,1,1,45014.810005824,9.29370597438161,7153.47405884624,21.172099911902,9.87580002542927
253,10,94.0598443657087,1,1,45902.4066435495,9.29370597438161,6913.64058802033,32.3117751715979,8.42078593305988
253,11,106.786449770401,1,1,48065.3454228403,9.29370597438161,6783.64080278243,25.0828344890299,8.88452241195772
253,12,97.970470933832,1,1,46989.7549500791,9.29370597438161,8249.5249371862,22.2094606610862,11.2366396052705
253,13,96.6633533244619,1,1,50210.8555568643,9.29370597438161,8580.94609248652,29.7263018858406,10.4618291686452
253,14,108.638470547633,1,1,49193.1505489336,9.29370597438161,7793.92110970526,28.1187454523768,13.6264438430569
253,15,98.461127778335,1,1,49506.6978167623,9.29370597438161,7362.32885566278,26.4793978357328,11.2015630882113
254,1,77.7912566762942,0,0,36074.1458637403,13.881206229345,5992.20801987772,27.4079640059393,0
254,2,81.0750704690558,0,0,37743.7258540646,13.881206229345,5359.93094933438,26.3449275284812,1.50968533836883
254,3,80.8658219653848,0,0,40077.2201383592,13.881206229345,5838.30162130625,30.6887670022754,3.08146673610554
254,4,84.7137730086702,0,0,38878.4894754104,13.881206229345,5064.72524291578,25.4285068488459,2.12570120222063
254,5,93.1631726673089,0,0,39780.5997398106,13.881206229345,6865.94625475404,33.9499484877134,6.96162991179414
254,6,101.789518658746,0,0,40854.9526663016,13.881206229345,7044.5307419437,27.3621952422892,8.01863330682767
254,7,100.379327224786,0,1,41486.8569329239,13.881206229345,6484.90254885179,25.3298092048117,9.33791930977142
254,8,92.7246102519972,0,1,41455.3457776735,13.881206229345,6301.61325805382,24.6535630601397,6.87373275036557
254,9,103.820187237201,0,1,43958.8663808398,13.881206229345,5695.56460437734,26.478658398715,8.76320870648656
254,10,106.763260111314,0,1,42513.6159225721,13.881206229345,6809.64057075017,17.5729994599848,12.2417588145268
254,11,104.576404200578,0,1,43537.6247667006,13.881206229345,7567.40117699626,26.5861631439698,9.28832706435943
254,12,117.867407136578,0,1,44875.8387691146,13.881206229345,7784.36183391668,20.176177043224,14.9027867291959
254,13,106.307869071629,0,1,45786.3941349233,13.881206229345,7292.30136785046,22.0872052403154,12.4796540479712
254,14,108.722898472257,0,1,47892.4993963948,13.881206229345,8618.32947780615,22.6220435545164,13.1035315618552
254,15,100.802532892879,0,1,46988.9060703966,13.881206229345,8277.46395705895,30.29754087422,13.9201197813896
255,1,83.8140259327723,1,0,18038.6073241627,15.3610650852783,5218.47557280307,20.2729806810979,2.99387772251663
255,2,66.797636160027,1,0,18174.5448861919,15.3610650852783,5301.30882254059,31.2896600582046,0.426032795131213
255,3,78.3141914123679,1,0,20400.9458673014,15.3610650852783,5318.19383028146,23.4886991696481,4.81582465848427
255,4,81.3191880308041,1,0,20536.0149423572,15.3610650852783,5596.89878461774,29.2822399575908,4.50213973979039
255,5,94.6297427661238,1,0,18318.9252765836,15.3610650852783,6123.42523854829,26.0762228047291,7.7060751240376
255,6,85.1328165812048,1,0,20103.9707100154,15.3610650852783,6174.75151535379,22.7905665693175,6.52714674053701
255,7,87.1091688288232,1,1,18660.3863428374,15.3610650852783,7167.19382056259,27.9884483936645,5.22163952668697
255,8,88.0353549607241,1,1,19418.6458314962,15.3610650852783,6586.04428832093,30.3644618120299,8.66895249072491
255,9,89.6466465663965,1,1,19956.2394644482,15.3610650852783,6434.84271803744,25.2693108473594,9.494805255556
255,10,94.2706657165996,1,1,19980.6803429376,15.3610650852783,6041.82465358995,24.6567134833547,8.97875661292773
255,11,95.1357264095031,1,1,21346.7068888995,15.3610650852783,7792.5163596189,28.0640342432989,12.5942265249228
255,12,88.8317840483111,1,1,21095.0593755249,15.3610650852783,7255.11928193696,24.0206507023334,9.82278649864461
255,13,96.3835930037003,1,1,22004.5786151419,15.3610650852783,6897.61881338993,22.2037677346381,10.7340540450391
255,14,99.3995921012899,1,1,23218.1454892701,15.3610650852783,7360.283662609,26.3915434523151,14.1292047118837
255,15,99.128220257361,1,1,23449.7423018318,15.3610650852783,9271.494004418,24.8117354417844,14.4578936414447
256,1,78.6506230569771,1,0,28175.6464392532,18.3816406574806,4557.33238344609,24.267248887456,2.58652902063822
256,2,72.6409322656359,1,0,31000.6380651917,18.3816406574806,5546.10182997643,27.2291020026031,2.57932927345972
256,3,90.6824090168137,1,0,32739.5610067394,18.3816406574806,4678.6658520322,27.671767920461,1.96528905924362
256,4,95.4700458333251,1,0,34436.1150701614,18.3816406574806,5679.48870296798,17.8904717904,5.93255934643076
256,5,94.6947345149056,1,0,33708.8784047407,18.3816406574806,6160.36967978039,27.1624409688693,4.8173179975096
256,6,88.6360093898278,1,0,35415.3364687089,18.3816406574806,6078.939337283,28.7722066393363,5.73441813904794
256,7,106.777797376922,1,1,37927.6818611019,18.3816406574806,6404.0098190605,23.8584289180372,8.20589999957457
256,8,88.8729337073843,1,1,37502.7317920327,18.3816406574806,6482.33539215062,26.691503582085,6.75010691025738
256,9,107.193891003566,1,1,40187.7556813088,18.3816406574806,7258.88902772215,26.3096675730523,8.41707689676435
256,10,98.7539035485121,1,1,37103.2121697053,18.3816406574806,6961.61667202253,25.3554984541499,11.1607464037827
256,11,105.850271078279,1,1,42361.959797849,18.3816406574806,8005.98306206384,25.3944453486789,9.0694589804475
256,12,102.527676184613,1,1,38961.2105453226,18.3816406574806,7769.8649143514,26.8081665374437,10.6100701706326
256,13,107.346488678887,1,1,43477.394087687,18.3816406574806,7550.68406099277,29.2369207235065,11.6244488989186
256,14,105.31735674845,1,1,44415.649230097,18.3816406574806,8351.41317893772,27.3610423561937,13.0516717416996
256,15,112.44173126131,1,1,43980.6334778086,18.3816406574806,8018.57858902305,26.0394983158708,16.1402334053753
257,1,64.8687239499551,0,0,23351.3619710682,13.0983431487952,5363.79672407012,29.1630326477347,0.0801080722799748
257,2,76.9501991307006,0,0,24887.85579426,13.0983431487952,5267.21202574281,26.3668310929073,3.00999029383554
257,3,62.5447602295158,0,0,25552.1414585746,13.0983431487952,4094.44238994903,25.2501204773893,0.195176642509815
257,4,79.4098541009807,0,0,26471.4366005609,13.0983431487952,5553.66752857457,26.7801350506246,5.78870490763041
257,5,76.8832781827914,0,0,28396.1497155101,13.0983431487952,5255.73548490618,23.1997935279997,1.39442668607558
257,6,72.7978150836186,0,0,28161.3632779216,13.0983431487952,6209.97247009252,26.8823156282024,4.5786886654737
257,7,81.5809357272222,0,1,26717.7780772966,13.0983431487952,6466.78088296208,28.1128886167789,10.1926074548878
257,8,79.7696699671139,0,1,30048.2527850467,13.0983431487952,6803.97706037533,24.8945781055345,7.16641879476552
257,9,90.267365795444,0,1,30159.1931399535,13.0983431487952,6934.51897008284,26.1823656509134,8.70814263041476
257,10,96.3620942505511,0,1,32174.7824191959,13.0983431487952,8104.4393857799,22.711265182716,11.6846560103829
257,11,90.4625081161611,0,1,31306.8754886002,13.0983431487952,7211.41562591131,23.1344618646622,9.98597206190078
257,12,87.2361070234246,0,1,32781.1889705233,13.0983431487952,7746.66223865612,22.7297315489349,12.3825581317142
257,13,103.294170499676,0,1,32343.8206097624,13.0983431487952,7633.91794294667,22.1726995646327,16.1337280889252
257,14,87.680250293655,0,1,33248.1156664892,13.0983431487952,8715.93423194014,24.362924986791,10.1346260794654
257,15,103.391478432483,0,1,33836.8564989109,13.0983431487952,8367.55963303266,22.672150604527,16.4201187638696
258,1,69.2919971904343,0,0,14741.4685886668,9.37565586841894,5758.64826768444,25.2923535680513,3.0080807380519
258,2,60.8062498298265,0,0,13258.8605047718,9.37565586841894,4389.55586569402,24.4039822289045,0.699183088469565
258,3,73.9686165332395,0,0,18538.2245522927,9.37565586841894,5865.59486709428,24.0177127328575,3.44718979259607
258,4,76.1654523285865,0,0,17916.3361366299,9.37565586841894,5397.44277795444,26.7762237043555,3.07327855846416
258,5,79.953063542318,0,0,19864.8685650246,9.37565586841894,6459.93416264824,29.9468538555016,4.23420407730214
258,6,79.0120847518572,0,0,22331.5418325611,9.37565586841894,6126.43550773108,19.6515791933653,4.45789159708938
258,7,67.7034324355008,0,1,22717.9008147557,9.37565586841894,6741.82498188497,22.2905882473465,6.14204160223933
258,8,86.3918692127938,0,1,24121.6120118206,9.37565586841894,6819.05116821149,23.1731821638843,7.03391757104669
258,9,80.3650447483321,0,1,24346.5545044971,9.37565586841894,5812.65911304768,20.9685999283172,7.10431614051805
258,10,79.6923098653475,0,1,24972.1477892533,9.37565586841894,6528.46731993731,27.9003962772184,10.0287585823749
258,11,75.9442988776483,0,1,28191.2209085729,9.37565586841894,6935.32975183096,28.0717438467545,11.7188155631416
258,12,85.658656516991,0,1,28629.8833515658,9.37565586841894,7807.90997491355,26.9360780839618,14.1880450322944
258,13,90.3962900309072,0,1,30116.0921218229,9.37565586841894,7415.01268660493,23.7118733829805,13.1426069432869
258,14,88.2086836831306,0,1,30574.7774386849,9.37565586841894,7704.13176037885,26.9553811635015,14.4990416467396
258,15,88.9973014469968,0,1,32125.9041546749,9.37565586841894,8166.67403772005,22.9323658348557,14.2007752151405
259,1,80.1571399035008,0,0,29846.5731943526,15.0734245889797,5158.48142801279,26.0430327221482,0
259,2,85.5135490057521,0,0,31422.6705679165,15.0734245889797,4836.20184759501,25.300946259704,0
259,3,88.9120510665165,0,0,32440.829290696,15.0734245889797,6495.18247692672,29.3848513143322,3.61939486347277
259,4,91.7729901547619,0,0,34768.8145153446,15.0734245889797,5459.36940769565,23.6709847171941,0
259,5,96.9396092723064,0,0,34819.7596230336,15.0734245889797,5974.31709332041,28.8470695139781,1.6655684346142
259,6,98.9964052587297,0,0,37212.2894674635,15.0734245889797,5973.85034825884,25.1915314439619,9.32532673922899
259,7,94.7307859866853,0,1,37795.4721814516,15.0734245889797,6038.85671436495,20.6207201761921,8.69830900148829
259,8,105.27940172568,0,1,38198.8237149411,15.0734245889797,6312.90762014411,20.6513658368184,4.46823499618427
259,9,105.70984448647,0,1,38028.8861635274,15.0734245889797,6692.86412391022,24.7064984319904,9.83801465171634
259,10,90.647581635583,0,1,39900.4251222539,15.0734245889797,6416.4041791496,21.2534023716545,9.21161338618376
259,11,107.991502744809,0,1,42401.1230732029,15.0734245889797,8133.05790074476,24.6686537510517,10.3421079934364
259,12,106.095115928444,0,1,42922.2362639808,15.0734245889797,7268.10742349766,22.8799984727343,9.3691715461106
259,13,115.029058862431,0,1,43070.6090311347,15.0734245889797,6903.33240054803,27.9284079014492,14.572599568273
259,14,111.14435341852,0,1,42075.1572484196,15.0734245889797,8304.64291849693,25.8799025587141,15.9015597440579
259,15,115.07636894067,0,1,44770.3550317167,15.0734245889797,7934.38549690792,29.2877371109213,15.797916798965
260,1,80.1546031865483,1,0,27152.6233319551,14.7142766810859,4888.93370074811,23.5587769165837,1.73016465784628
260,2,83.056718204872,1,0,32561.3652839551,14.7142766810859,5111.8569952126,26.3298846755752,2.92956188467548
260,3,92.8296603787813,1,0,31531.8431795314,14.7142766810859,5539.81386446471,19.5284181955706,4.41487735547691
260,4,78.8532839865755,1,0,33469.8048310604,14.7142766810859,4971.54657234188,27.5163919693655,6.46746494272934
260,5,85.4796956484921,1,0,32745.3861258817,14.7142766810859,5943.10369173162,22.2282063001896,3.74713234019729
260,6,99.6164131549353,1,0,35705.5043316286,14.7142766810859,7156.1822259635,23.537579455142,8.80008774166807
260,7,91.4340863394161,1,1,33441.9214573871,14.7142766810859,5304.58968806892,26.9849325705305,6.53500060093499
260,8,106.812071528881,1,1,35889.1617530937,14.7142766810859,6925.11743639258,23.1484255090626,7.69976845368893
260,9,92.741248382584,1,1,35750.8359378108,14.7142766810859,6960.95534803436,34.0928277368228,8.49975724972276
260,10,105.16160830183,1,1,37199.5176161931,14.7142766810859,8305.97625935604,22.0177852938889,11.6852928140748
260,11,99.529923166202,1,1,35857.7645800822,14.7142766810859,6919.81905212753,26.3725341801874,10.6496855941925
260,12,105.657146260937,1,1,40131.7672112611,14.7142766810859,7163.95959092331,20.5065901862731,8.79785439434923
260,13,108.256017366765,1,1,38906.6483965073,14.7142766810859,7479.6770637681,18.0199551695741,10.9162028339185
260,14,98.8981566042159,1,1,38818.1072851996,14.7142766810859,7744.21478263646,30.8599295972858,14.0970720628801
260,15,111.336887757862,1,1,38839.2033894821,14.7142766810859,7623.63424876831,27.4358038336219,14.6769103263152
261,1,76.7101350094341,1,0,29055.1824538648,11.2852539122915,5258.64009015597,23.1819900121652,3.54565892279298
261,2,75.4363954394479,1,0,30123.665222872,11.2852539122915,6400.53502329852,29.4218723850313,0.210253033292953
261,3,75.7964615199669,1,0,31581.9406231683,11.2852539122915,5772.73968541461,22.0190680462576,5.41868214652345
261,4,79.7638518658323,1,0,34698.6708271877,11.2852539122915,6246.82112461588,18.9576325098765,2.8989960193793
261,5,86.3061181315279,1,0,37139.9934762264,11.2852539122915,5995.87801907723,21.8345495632485,9.7521991578698
261,6,83.1131131711888,1,0,37731.8308971952,11.2852539122915,6863.43328622979,28.1329661906585,4.77778842420758
261,7,82.5815583757942,1,1,36805.2984933581,11.2852539122915,6294.77416083682,20.667343852947,3.56580474871403
261,8,90.2027850145423,1,1,40182.6249199834,11.2852539122915,6612.20901429505,26.6631737029105,13.701340746042
261,9,102.408346939642,1,1,42956.4178738397,11.2852539122915,6333.56387020308,23.1934940848987,8.67112632626299
261,10,97.7095565503476,1,1,43830.5160819437,11.2852539122915,6937.83843647961,27.1767690400795,10.9719926653104
261,11,101.172569924581,1,1,46019.2157126301,11.2852539122915,6982.03882231325,25.6541971875143,9.39086672757564
261,12,103.404951308327,1,1,45954.3670748552,11.2852539122915,7476.43262644015,23.7601326467932,13.7659150514464
261,13,95.1254291608813,1,1,43604.8869934288,11.2852539122915,7911.69002566247,17.9163217116988,14.5607668592473
261,14,103.371202362063,1,1,48896.1241384922,11.2852539122915,8295.92158588311,30.2963441163051,16.1277789393545
261,15,107.516513110405,1,1,49826.3129403028,11.2852539122915,8107.70139489202,24.79641793253,12.2825934755652
262,1,79.7133128506668,1,0,31377.3767752022,7.32643528838306,6126.15002719153,27.9460353949462,0.450392388433317
262,2,77.0853725889175,1,0,34330.6585093105,7.32643528838306,5465.55231443182,19.5942152132552,0
262,3,80.6828234811568,1,0,35156.6764774316,7.32643528838306,5435.47987268992,25.4032043218003,4.46712870561684
262,4,78.0958622812232,1,0,36751.5362592994,7.32643528838306,6173.02598845493,25.8528650732388,1.17689378509344
262,5,90.2265130786726,1,0,39032.7171264167,7.32643528838306,5718.54457667774,28.9195333501361,2.23688740216104
262,6,92.4873853170981,1,0,39336.0276765088,7.32643528838306,6286.82915154862,16.4238762860434,9.59538976809422
262,7,98.073370211988,1,1,40642.420880572,7.32643528838306,6272.70301856429,26.9747360436802,4.80922396981561
262,8,95.5834420657434,1,1,41204.0181199227,7.32643528838306,6016.34315924216,24.6938095642944,11.7305518925416
262,9,99.5345011744341,1,1,44199.5117778975,7.32643528838306,6999.05362191869,18.173163789215,6.20980003896503
262,10,93.1203159494804,1,1,45944.6378982182,7.32643528838306,6754.98899391707,23.0700983675934,7.03440067306465
262,11,107.020882629431,1,1,47331.8396276136,7.32643528838306,7005.428997093,24.0798131507086,13.180939345896
262,12,103.85045069872,1,1,49315.7421395375,7.32643528838306,7145.38612132982,26.461655295984,12.6456952817068
262,13,103.394389073655,1,1,47127.6741815436,7.32643528838306,7696.24997763543,23.2447902227975,12.7232248594494
262,14,111.490399365501,1,1,50892.6772425524,7.32643528838306,6816.38782496852,27.8751403923118,15.3238289437414
262,15,102.200836859086,1,1,50891.6007252636,7.32643528838306,6807.04580068453,21.340240589676,16.3161982222467
263,1,79.4299457376985,1,0,38224.7647446586,14.2839296861817,5596.92767294878,31.6623206483114,0
263,2,88.3780307588903,1,0,38252.2614733838,14.2839296861817,6092.10514217824,26.0222710170789,2.97228872188745
263,3,83.4749516770448,1,0,37659.7662029106,14.2839296861817,5781.95367889126,26.1842747821274,0.00669459929534622
263,4,84.4296633884643,1,0,38907.1981979454,14.2839296861817,5930.47776854919,28.63104781209,6.76799042195106
263,5,99.7447480825643,1,0,41243.8901741258,14.2839296861817,6455.12775468023,21.7576086167264,1.49939650120371
263,6,104.256924080335,1,0,39855.8251892115,14.2839296861817,5678.28412347454,27.5987063482131,7.88873233873466
263,7,109.257646777023,1,1,39228.6035246446,14.2839296861817,5938.88431029225,21.9946668612032,8.75860680855603
263,8,94.4597853837663,1,1,42598.9772466424,14.2839296861817,6569.99559719093,27.9685084617971,5.68800321043508
263,9,103.488274789982,1,1,43235.8036509343,14.2839296861817,7631.27967970128,25.0537111281025,10.0516663039521
263,10,119.937958190615,1,1,42015.1409524909,14.2839296861817,7262.26754197881,24.5774329726041,12.0470048947633
263,11,113.588177037491,1,1,44832.6781745631,14.2839296861817,7628.22459591086,24.1470605724571,13.175415394849
263,12,105.844919779967,1,1,43568.7323896855,14.2839296861817,8534.24018938807,25.8806763159256,10.546802029266
263,13,105.071383954664,1,1,43017.0516014264,14.2839296861817,6937.95899286931,25.1088644140749,11.8809064324313
263,14,101.209651560264,1,1,44541.2873718064,14.2839296861817,7755.58838390302,27.980041517707,12.9310166074486
263,15,110.665011356032,1,1,45657.9262914803,14.2839296861817,7032.99345391419,29.3299051869607,14.2698847961018
264,1,82.3151572793012,1,0,33101.0575295599,15.3874331869249,4904.56767232457,23.4478790705637,1.22032140296339
264,2,95.0845632866669,1,0,33817.5313449799,15.3874331869249,4965.07184138785,24.4161252213575,1.48551605398206
264,3,91.7159096001628,1,0,35562.3783639652,15.3874331869249,5983.98131674804,25.3005635605833,0
264,4,80.4644144217607,1,0,35450.9376053614,15.3874331869249,5492.06974136257,25.4219312895194,2.47047829505683
264,5,96.642193822065,1,0,36630.5871497717,15.3874331869249,5783.98309002252,26.5063424594545,6.96828094457693
264,6,88.3248701833563,1,0,38033.197520533,15.3874331869249,6145.63251579554,20.9059689255783,5.37654131306424
264,7,94.6917204567743,1,1,37735.1111953546,15.3874331869249,6905.15507337396,21.2465772419961,6.41313260001008
264,8,101.922716907242,1,1,38003.6640859554,15.3874331869249,7434.22282296877,29.5189458935407,6.94959729114135
264,9,104.804095318748,1,1,39406.8852769613,15.3874331869249,6617.40262914261,23.3081817895455,10.8467377653285
264,10,112.01355049603,1,1,39249.4780420781,15.3874331869249,7244.3924189547,21.8994767308724,11.2392850229974
264,11,102.759415102817,1,1,41526.3473519544,15.3874331869249,6585.29411157348,27.708776617283,12.226706723131
264,12,101.521580547986,1,1,42874.2542619853,15.3874331869249,6638.28951133665,25.5730396440499,6.30144374937228
264,13,120.013263427679,1,1,42217.1352865801,15.3874331869249,7905.21417205713,21.0468454918186,14.2079039007572
264,14,114.230830116019,1,1,43288.5990083406,15.3874331869249,6726.39473143533,20.3397299795028,14.9825227027831
264,15,109.515751938153,1,1,43943.4572028909,15.3874331869249,8365.6293433713,19.4666215832447,12.917933462473
265,1,65.0038903778356,1,0,25785.8179150305,11.1146765078822,5511.82796039228,27.3641948237482,1.43944809495285
265,2,82.2576004024311,1,0,28000.5892650662,11.1146765078822,5568.18285183499,24.3876541886375,0.529682154716279
265,3,84.3352915084987,1,0,26709.0712343813,11.1146765078822,5574.53065671534,24.8648797611109,8.06054188762721
265,4,78.2848332748255,1,0,27470.9575279169,11.1146765078822,5897.34268917524,25.2312459062255,4.63652981646296
265,5,78.5477027434147,1,0,28831.9401777452,11.1146765078822,5598.17609457482,19.7402128186338,3.88824505522452
265,6,83.0319919015378,1,0,28639.5406189402,11.1146765078822,5707.69710793247,25.2598536139753,8.49369528150234
265,7,94.4820648180438,1,1,31387.7398311334,11.1146765078822,6769.89182818314,26.0103919429942,6.87554058557823
265,8,95.373574104223,1,1,30828.6108805422,11.1146765078822,6588.73869819912,24.7106775501265,7.39165558184122
265,9,86.4339032620826,1,1,33019.3231708984,11.1146765078822,5335.97534450134,27.3975166760779,8.18664082018177
265,10,90.1004087972293,1,1,33285.4709978729,11.1146765078822,6194.45193048447,22.2442082649192,8.83953944511436
265,11,102.43217244107,1,1,34198.7288207374,11.1146765078822,7657.10506502447,22.0605081367779,9.99081059359502
265,12,89.5378841797184,1,1,32682.3831967979,11.1146765078822,7397.42002078379,24.3747879546123,11.1765841428498
265,13,97.051498355257,1,1,33238.5905496918,11.1146765078822,8382.62107609397,25.5240896034396,17.1486188913518
265,14,101.2486311885,1,1,35735.997359757,11.1146765078822,7490.74456705658,18.4913044028858,12.860258852727
265,15,105.12893584681,1,1,36076.4684815827,11.1146765078822,8849.46480910193,25.1377875929587,14.7054387520914
266,1,81.3971841186173,1,0,24619.7663596865,13.6087284550741,5174.08323045977,28.7023849353736,0
266,2,89.4330341253582,1,0,25694.2285302481,13.6087284550741,4688.23466467398,21.465241665283,1.52129363659967
266,3,92.9989758096996,1,0,28234.4208118749,13.6087284550741,5408.57377934573,24.2921649026038,4.77992480184057
266,4,87.0233743372359,1,0,27009.4438664814,13.6087284550741,5498.14124993907,23.8577528638202,8.68721905802503
266,5,82.6144983398648,1,0,27691.033590942,13.6087284550741,5105.15654177189,22.227342855316,3.40023037253957
266,6,92.6104692147601,1,0,30773.4063955901,13.6087284550741,6150.00504913609,26.0742317231818,6.57969231834304
266,7,95.2675246487353,1,1,30207.1330665788,13.6087284550741,7137.19913914239,26.6226508161988,7.53649953460941
266,8,100.600767114416,1,1,31063.3080270336,13.6087284550741,6812.58608313169,22.1619093727134,6.84885874469803
266,9,100.427464812557,1,1,30363.2653474303,13.6087284550741,6643.81308586349,25.3865201446519,11.5707188257766
266,10,109.042290925983,1,1,33244.9499294623,13.6087284550741,6778.25600031286,20.4174620055634,7.76775648010051
266,11,105.259732910903,1,1,34501.7738935799,13.6087284550741,7788.51441050731,23.4337353429839,7.7470795759275
266,12,106.480944909223,1,1,34884.8221632952,13.6087284550741,7693.18013692504,23.1341849060396,11.2544595931944
266,13,97.3445892357482,1,1,33858.3715761662,13.6087284550741,7188.59381932059,21.7506229551967,9.66363203175042
266,14,111.373478242656,1,1,37295.723946472,13.6087284550741,8166.43199824006,26.7631838872145,13.9320346569104
266,15,108.293848146718,1,1,36384.9761495951,13.6087284550741,8334.22515380173,28.6315099624231,15.7321843892214
267,1,63.7157043909955,0,0,31627.6973456237,11.1723285757485,4859.209047845,24.159350295663,0.161228674657386
267,2,77.2183517573591,0,0,31101.335177046,11.1723285757485,5320.54527000867,28.220895658056,4.79716267205954
267,3,84.3975511782111,0,0,31898.382543236,11.1723285757485,5974.41161158815,27.3686159839255,4.05713386077577
267,4,75.3150185413514,0,0,34335.28585585,11.1723285757485,4998.92204986966,24.4124507623457,4.20560149225426
267,5,93.159375100204,0,0,34381.4547158537,11.1723285757485,6085.45332922702,25.9995153104311,8.7168009722878
267,6,90.5815101675332,0,0,34479.318945367,11.1723285757485,5585.14239989213,26.6476146974316,9.70080993091769
267,7,82.2255831383822,0,1,34078.0739157358,11.1723285757485,5791.50878486507,22.2967037244474,11.4941520236767
267,8,84.2908573483621,0,1,36611.2800622525,11.1723285757485,6943.88875548251,25.3965806984518,4.34024325744702
267,9,87.4713848510425,0,1,37323.8701490452,11.1723285757485,6602.25338922284,27.9990590823087,8.72774234458884
267,10,93.6521773746163,0,1,36887.5051303091,11.1723285757485,7212.77530328699,29.4267053605398,11.8261492913804
267,11,94.9667783825583,0,1,38027.0110046222,11.1723285757485,7689.01755051502,20.2843800720164,10.9904267029261
267,12,89.1282563790219,0,1,38816.5367532643,11.1723285757485,7998.26750042451,22.9080166166559,11.7430610841499
267,13,95.6520543075999,0,1,38293.4172428801,11.1723285757485,6880.15216854608,21.5555304907873,15.8208758515325
267,14,100.272246241276,0,1,41460.9635461524,11.1723285757485,7457.81164194419,24.495023748281,15.0701170536919
267,15,88.3493718676406,0,1,40139.5963503458,11.1723285757485,7609.11882240159,20.9661138795129,14.3393595144588
268,1,89.6824681307667,0,0,33373.2138050361,14.0469457354125,5043.53631852684,23.1545664817531,1.7698956514357
268,2,83.5430556978084,0,0,32028.8282119463,14.0469457354125,6098.67581257142,25.5350459911545,3.14723866191736
268,3,80.9250625563054,0,0,35079.409244037,14.0469457354125,5530.68924139162,30.8745495393075,0.791182570258013
268,4,86.4970463114991,0,0,35492.9942730042,14.0469457354125,4899.12187033168,27.0608003053761,0.130477599626943
268,5,84.3779340554327,0,0,37090.693604727,14.0469457354125,5592.53195073135,20.4939158715892,4.56391424445047
268,6,88.2797342809588,0,0,34580.0264513875,14.0469457354125,6449.45928164825,23.4362248301317,7.02369759684011
268,7,99.4212961054084,0,1,37268.3750416034,14.0469457354125,5874.39339090514,25.0129229762731,9.59209088948113
268,8,97.4830682502223,0,1,36645.6702942526,14.0469457354125,6194.40270654558,24.897819238581,7.38213078785571
268,9,95.4623315358855,0,1,37624.6734536233,14.0469457354125,7567.66204105516,31.2566749511292,8.06714495125492
268,10,94.9753866732238,0,1,37542.1706334152,14.0469457354125,6522.4950279725,23.7815168977503,6.62568479321071
268,11,96.9155010709768,0,1,38919.0011431699,14.0469457354125,6785.97664507106,28.5797865059593,9.68836578019016
268,12,96.4458823522957,0,1,37940.229958059,14.0469457354125,7582.7967087538,26.7012540150593,13.5204227043698
268,13,106.042774261189,0,1,38697.0635768949,14.0469457354125,8076.35794751242,21.1794152365051,11.164436034009
268,14,112.224376540168,0,1,40967.4215501659,14.0469457354125,7680.57448497752,22.1663530922306,13.0936785290281
268,15,102.949858030236,0,1,37808.2853790396,14.0469457354125,8022.46107008721,25.2084606531801,15.0795622088679
269,1,61.8599416442967,0,0,22266.9020298677,11.6481278558555,5852.29003345917,31.4305373967406,0
269,2,70.3034734510099,0,0,22952.762503966,11.6481278558555,5155.53504353997,23.4353687268999,0.167158299185358
269,3,79.0763979797083,0,0,25000.4220366844,11.6481278558555,5296.06365927617,26.1340517945148,4.02960127521377
269,4,76.8361488206016,0,0,25541.6501672468,11.6481278558555,5969.94048034157,19.6075729692823,4.04052420074646
269,5,79.815304414442,0,0,24613.8889126188,11.6481278558555,6693.34922998321,24.9966946733882,3.93396942724706
269,6,82.2082311392635,0,0,28308.1450341156,11.6481278558555,5770.31368629428,23.9231656973436,6.00159597099353
269,7,86.7477362243811,0,1,28738.1108346074,11.6481278558555,7046.86645751227,22.822528123003,11.0148724956583
269,8,80.4831586210786,0,1,29977.2356577439,11.6481278558555,6497.55343408842,19.461743886327,8.98058347343122
269,9,82.7331367828702,0,1,28423.7186098088,11.6481278558555,6651.28004670794,24.4098689732234,12.4879776531418
269,10,77.2552030969746,0,1,32158.3540315623,11.6481278558555,7537.92967192594,21.5014937847056,8.59700404445605
269,11,92.2286999350255,0,1,32316.4762512341,11.6481278558555,7874.42196135006,22.7666340796236,11.4547655762624
269,12,92.2838420473913,0,1,33124.7697747452,11.6481278558555,6928.31236370541,25.0135004099792,10.1266035685365
269,13,93.9026278614379,0,1,31614.9169032521,11.6481278558555,7210.32374053239,24.4663478478046,15.7365616261226
269,14,92.5504631929325,0,1,33614.1787713148,11.6481278558555,7660.60913151312,21.6515071810449,12.9696155754683
269,15,96.0300179232839,0,1,34727.6045381557,11.6481278558555,7508.32659545315,29.9749383339087,14.4430541035856
270,1,74.752175973311,1,0,28306.8705523257,10.9659724082398,4661.75026297139,26.5320625681404,0
270,2,75.1124029382457,1,0,30623.7575322198,10.9659724082398,5675.58142599916,20.6325120547627,2.47598419913089
270,3,83.6419477133762,1,0,32752.5787144953,10.9659724082398,5731.70563038634,23.3240118962278,3.28211769774709
270,4,84.4998786175675,1,0,33439.8301781856,10.9659724082398,5825.44592224882,23.1046921880043,3.31732384903415
270,5,86.4837654291723,1,0,34516.041188809,10.9659724082398,6025.38896999976,23.9201273064193,6.79717751691912
270,6,83.4107266532861,1,0,36871.4318198688,10.9659724082398,6848.13691125926,24.0253165662599,5.78749999776883
270,7,93.9450577592463,1,1,35819.8509043602,10.9659724082398,6428.02548213273,26.0975751796518,4.82285741095389
270,8,97.5186547768567,1,1,38517.4152079922,10.9659724082398,6962.92098967435,23.5743521581236,6.75445489385623
270,9,101.923917528253,1,1,39941.8035432663,10.9659724082398,6878.64396025041,22.6845470838926,9.26259366420532
270,10,104.795315017653,1,1,38716.9031038704,10.9659724082398,6759.30945942972,26.6974224414776,8.86020736720505
270,11,105.309689927362,1,1,39183.1854032176,10.9659724082398,7380.13082365664,21.4948409245035,11.3330995248946
270,12,100.071298649891,1,1,43284.2975258784,10.9659724082398,8036.8034087309,21.3626529066937,11.7207785497702
270,13,101.738547476774,1,1,43222.8562802961,10.9659724082398,7280.66480232846,24.6932740268299,10.983149948969
270,14,112.630960933714,1,1,47018.6229913112,10.9659724082398,8127.89933041837,24.2708812804861,12.071761141381
270,15,111.0894355872,1,1,46091.9055022385,10.9659724082398,7528.43035588625,23.9728112270701,12.8875985598572
271,1,82.0390498309916,1,0,38477.7850471058,12.3348614945916,4857.40750752153,24.3805278542202,2.00920470963901
271,2,79.7488841226709,1,0,37541.584041052,12.3348614945916,5514.36729234473,25.3647924132597,0
271,3,87.5931866102452,1,0,39230.2866330805,12.3348614945916,5848.91194576598,30.7742559784127,4.5095382130422
271,4,94.2965885377745,1,0,39428.1662123981,12.3348614945916,6740.92566214054,25.7643523931065,6.70425009532965
271,5,91.5874779156901,1,0,44422.7921105049,12.3348614945916,5799.20342066132,23.5899299067434,6.2829545237112
271,6,93.3343701493319,1,0,41061.5997960766,12.3348614945916,5550.21020861063,19.8648731084995,7.93108662015226
271,7,112.917715627293,1,1,43729.8051707821,12.3348614945916,6712.55661494121,21.6192584608611,10.1587364368687
271,8,96.8686545914034,1,1,45217.0883171685,12.3348614945916,5883.92190970402,28.4912422236408,6.71838817297965
271,9,105.780901368067,1,1,44318.9643517893,12.3348614945916,6640.43259497595,23.4126530386216,8.05987259501918
271,10,105.823742880062,1,1,45554.3415439408,12.3348614945916,7299.97591474126,22.2590460346341,9.02016168083147
271,11,112.636844062191,1,1,45095.287288316,12.3348614945916,6843.36049015971,22.7285528430383,11.0615798129324
271,12,109.768536695097,1,1,46938.3447293463,12.3348614945916,7946.90009952687,21.3095150653709,13.862371838392
271,13,95.6683751322034,1,1,47350.4983865036,12.3348614945916,6770.95944630773,26.1613873362156,13.1112543645886
271,14,105.357669165541,1,1,47725.3415315625,12.3348614945916,6428.28992004517,32.7754472021872,14.7724329167597
271,15,109.718727773287,1,1,49842.8451554259,12.3348614945916,8887.95860766872,17.7340544113557,14.8764867054677
272,1,81.4620312431582,0,0,29068.4345572984,11.1497840550531,5558.6765094478,28.5624999645915,0
272,2,83.6319851232491,0,0,29123.5639101264,11.1497840550531,6291.02953174377,23.9719368285745,0.457548746314933
272,3,85.1767035737386,0,0,32258.9934810562,11.1497840550531,5803.74897170897,26.0773383347857,0
272,4,91.0876977467792,0,0,32405.4158066588,11.1497840550531,5798.15588744467,22.3865912028627,6.10452410102037
272,5,82.7891338732517,0,0,31347.9842728578,11.1497840550531,6177.48047560954,31.3071467899142,2.70224043982118
272,6,85.679260478087,0,0,33034.4243396555,11.1497840550531,5859.49450871092,26.1284692494856,4.36300866347638
272,7,98.8387881493683,0,1,35356.9079750418,11.1497840550531,7086.2536045632,22.616232471893,9.11704228973365
272,8,79.0698014377718,0,1,34275.5642312372,11.1497840550531,6355.58907018107,28.7408893753006,7.2863673320226
272,9,99.1420569598687,0,1,36815.3859857998,11.1497840550531,6635.25485581237,25.4432785059247,8.83730026755353
272,10,97.8243984649831,0,1,36480.43125138,11.1497840550531,6586.63171399702,24.4290520998536,9.11967786353884
272,11,100.09462479054,0,1,36157.363465764,11.1497840550531,7395.39713876445,19.6590175150136,8.64033433148629
272,12,97.7339660544561,0,1,38813.5355266473,11.1497840550531,6775.84270536485,26.3411867418864,10.9944557407753
272,13,100.615893229296,0,1,36621.2462084023,11.1497840550531,7509.6464467758,26.1638881289246,14.0677804652999
272,14,107.077898420213,0,1,39230.7246286168,11.1497840550531,6631.25727906446,27.8102431893699,15.1817056067216
272,15,106.568706071426,0,1,40558.9949371148,11.1497840550531,8124.93257847585,22.5332152441006,14.8460945445619
273,1,88.5375260190025,0,0,25743.2709710014,10.2269485066371,5470.27308877959,27.2204167380959,2.96127396021617
273,2,84.4830791087833,0,0,26829.0671415353,10.2269485066371,5929.98731778898,20.6325671424685,0.53729327213504
273,3,86.307178203677,0,0,27766.3527253426,10.2269485066371,5237.41746233078,25.6671128675902,1.6868298990882
273,4,79.0764340818659,0,0,30116.4525230643,10.2269485066371,4994.51143113367,24.4215065467838,4.19626158431729
273,5,86.7805448037011,0,0,31525.8374813042,10.2269485066371,6837.10063824176,29.8099400974682,5.0016501917737
273,6,90.4545763302679,0,0,32722.8659881653,10.2269485066371,5327.13633594033,22.4754696160397,3.87435259806096
273,7,85.5025597987781,0,1,30659.3226040606,10.2269485066371,7187.39851705307,36.7642301976872,8.44509097399393
273,8,90.6071671626072,0,1,32243.8885685917,10.2269485066371,6064.36610701854,27.1930829415966,5.05208445111592
273,9,81.7776989260823,0,1,32871.3824254379,10.2269485066371,7048.66091709845,29.0344038756375,8.12656671350728
273,10,92.1570168058676,0,1,34791.3330008108,10.2269485066371,7038.39082628975,23.0571194363876,7.44364703708483
273,11,101.455367562714,0,1,36594.8336544085,10.2269485066371,7145.44689850031,23.5221053485389,8.77899222187384
273,12,97.8193420248353,0,1,37556.269271224,10.2269485066371,6963.63811074175,24.0020287545749,7.52387152787082
273,13,106.488543921749,0,1,38217.7294665582,10.2269485066371,7271.3576063102,30.8264134151368,13.7314571465899
273,14,106.195364220896,0,1,39373.3348503063,10.2269485066371,7454.81594690928,23.451932216525,15.8709214574021
273,15,102.305931603939,0,1,40190.2669378341,10.2269485066371,8305.45894005373,17.9393089902683,15.7108941375936
274,1,79.1851030150398,0,0,27911.4682920837,11.0521892062728,5437.15557576835,23.5778802311076,0.562197528973372
274,2,85.2158779299161,0,0,29018.1500809638,11.0521892062728,5217.45010521549,22.030232467221,3.86254398070096
274,3,86.3973918054095,0,0,29902.4251056993,11.0521892062728,5726.42465592908,30.0520916586656,4.64171672207238
274,4,80.6606286565224,0,0,31203.9445671877,11.0521892062728,6021.11669496481,28.1218390534477,2.38072130879129
274,5,96.6622230719089,0,0,31296.2938990522,11.0521892062728,5839.41004717178,24.7492289968815,9.08757502249455
274,6,78.4231617633052,0,0,34903.3900095384,11.0521892062728,6000.78222335211,25.8626292544344,7.62319097620967
274,7,97.8700278485056,0,1,36601.3103800447,11.0521892062728,7080.67244701149,17.4362914001745,7.74752744579734
274,8,82.491568798035,0,1,34320.9882808448,11.0521892062728,5500.09036444841,23.3738132434306,7.81041918323492
274,9,95.208375970166,0,1,37865.0728207027,11.0521892062728,6912.28129511086,26.7870896453815,9.04106996866451
274,10,96.2105981218496,0,1,37702.4752779136,11.0521892062728,7840.02747286615,23.5386042991444,12.6665457790345
274,11,94.8134869428811,0,1,38595.6649279163,11.0521892062728,6912.41450884818,27.0983755051221,12.0803924611529
274,12,95.7170900997577,0,1,39607.0465956526,11.0521892062728,7015.26027909653,24.0313273086091,11.1141457529423
274,13,102.600206616868,0,1,40985.4225288215,11.0521892062728,7953.3176585817,25.1587590766012,16.8723132400826
274,14,102.905338933524,0,1,41610.6617818723,11.0521892062728,8342.48674878576,20.0557641277358,13.2606504673339
274,15,106.877070041346,0,1,41626.7105089785,11.0521892062728,7637.72290571904,22.2882698818805,15.8770946020147
275,1,81.2465790330601,1,0,39525.589332462,11.9755435430234,5734.68626225021,27.2931070232572,0
275,2,84.2644947086038,1,0,40732.3300626055,11.9755435430234,4882.40121201054,27.6354804062511,3.30144276310563
275,3,83.0957205090171,1,0,40092.181932261,11.9755435430234,5302.40434447155,26.7329692879334,3.6616162148894
275,4,87.2074013347163,1,0,39573.9718528335,11.9755435430234,6142.95966840236,24.0113222879787,3.9806404268769
275,5,95.6243626034118,1,0,39617.3908583689,11.9755435430234,6342.68495955655,27.2651751975659,5.30618923784224
275,6,87.3309900863221,1,0,42361.700215968,11.9755435430234,6445.44566543386,29.26440016464,4.44764065084621
275,7,94.3515271761915,1,1,42145.3743128328,11.9755435430234,5913.95625653779,24.4173781095854,7.03423133955551
275,8,90.073253849219,1,1,42086.3535403992,11.9755435430234,7077.46035048158,25.3724125034731,5.34398088737063
275,9,105.039825640745,1,1,43375.5010533321,11.9755435430234,6982.45493335957,23.1280916231952,7.88603404052867
275,10,104.478461909835,1,1,42924.2057236304,11.9755435430234,7834.61721764282,25.721457356371,7.31701040046828
275,11,100.356288139523,1,1,44008.131174882,11.9755435430234,6909.51897687796,22.5977481230532,10.4974909577241
275,12,101.23004850619,1,1,44846.6768818562,11.9755435430234,8350.85255095739,24.5825474729098,10.5950151427668
275,13,96.5351924035828,1,1,42992.2088606112,11.9755435430234,7661.53611242313,25.7310689506343,13.7055325255863
275,14,116.65819763892,1,1,44517.0823433141,11.9755435430234,8858.90329609987,20.8981661439338,13.522724498798
275,15,107.090979591624,1,1,44650.0671301758,11.9755435430234,7555.25052472851,23.237336247101,15.0942395601814
276,1,72.086068907199,1,0,34008.7532274439,12.6224854221554,4863.6681406033,31.4240145918883,1.11023287221996
276,2,85.3906930408986,1,0,37644.2765507228,12.6224854221554,5473.67712918843,21.612153368541,4.7337688892581
276,3,82.5975142996948,1,0,38121.0899239709,12.6224854221554,5386.59002840577,29.3061192782818,5.3420252382684
276,4,93.5090789959465,1,0,38547.5327917442,12.6224854221554,5530.34985117834,23.8531462282108,4.91449592521447
276,5,90.4772548478187,1,0,38258.1253187125,12.6224854221554,6738.58949332654,25.246703129666,7.66603316422248
276,6,77.4656740273574,1,0,40659.1486707319,12.6224854221554,5749.30823554571,20.2603703252044,4.89253555213198
276,7,88.4879780983124,1,1,39099.1875708867,12.6224854221554,7274.85831838381,29.0133482896302,5.12559214214274
276,8,98.3880055366104,1,1,39170.068799937,12.6224854221554,6635.24305937583,24.1466432556974,10.4544458406943
276,9,82.6876405971821,1,1,38984.708522821,12.6224854221554,6769.7880828646,30.1739372119289,6.91307158325315
276,10,96.8344701536467,1,1,43084.7791806185,12.6224854221554,6396.54110889755,30.6423459838106,10.1633240718206
276,11,95.8331729342614,1,1,43739.6476399565,12.6224854221554,7245.57356766489,24.6155687227216,9.58797146548119
276,12,104.101533025715,1,1,43758.7969588984,12.6224854221554,6995.657250691,18.5338385235085,9.99800915726548
276,13,107.095420383143,1,1,45883.7583202748,12.6224854221554,8803.67451725371,28.125794809815,16.4160262682521
276,14,97.670427564749,1,1,46282.6785147035,12.6224854221554,7517.55240847829,28.7116702767389,11.0699709113612
276,15,101.423838848192,1,1,46783.4640576727,12.6224854221554,8159.86534947435,31.6965307107539,16.9155283550881
277,1,81.4914154288435,1,0,42298.3374709762,16.5972708648775,5249.21619578228,32.129335555225,0
277,2,94.839433806276,1,0,43594.7740655861,16.5972708648775,5657.26574261881,26.8901914088896,2.84096532867162
277,3,101.775448857866,1,0,44327.9601091694,16.5972708648775,5049.48246773185,27.0525272298887,6.54434306770018
277,4,87.3017443885907,1,0,45012.8348692606,16.5972708648775,5002.54503125231,32.7436119159861,0
277,5,100.770363596968,1,0,44545.488283204,16.5972708648775,6558.6098285317,22.9026053358185,7.47527209659859
277,6,91.7440456776257,1,0,46429.3365658687,16.5972708648775,6522.60831318341,26.2960084358529,7.48120232687108
277,7,104.394904217224,1,1,47763.9669559122,16.5972708648775,7270.23021330367,23.1400888945356,8.68769890635527
277,8,101.423203208423,1,1,49088.6677595921,16.5972708648775,6895.93436505379,26.2299910098293,8.35025385255905
277,9,114.28742377551,1,1,51187.7048051115,16.5972708648775,7263.83743212255,18.7439847360549,11.0628854040937
277,10,108.489510484888,1,1,49781.0303575676,16.5972708648775,7820.42312362172,27.3476164120075,10.0459798164933
277,11,108.485069009067,1,1,50975.5912522596,16.5972708648775,7623.26459018494,27.1176053524423,11.9254444531936
277,12,122.715123435355,1,1,53401.8738038748,16.5972708648775,7645.07236591161,27.3664953543112,14.1077561330255
277,13,118.393274873747,1,1,53121.7216187548,16.5972708648775,7133.01554934245,31.9412213467415,10.81712575557
277,14,118.555409933324,1,1,56840.0446215957,16.5972708648775,7872.24315821803,27.294728233896,14.1151307977387
277,15,114.152549765143,1,1,56685.9014949316,16.5972708648775,8309.1439235934,26.4673992297446,14.0252784618244
278,1,77.3158343857924,0,0,29503.036878051,7.92600650713955,5425.89197925916,27.2868397039736,1.06455670021648
278,2,72.3489240482021,0,0,33040.4143064472,7.92600650713955,5073.50323182133,26.2187936235189,3.27372129309361
278,3,65.8416111552372,0,0,34573.3597997605,7.92600650713955,5032.97856965796,28.2566309326163,5.34817117419713
278,4,75.595004340085,0,0,34673.7533391364,7.92600650713955,6148.92231116152,25.7752927762832,6.83539630933126
278,5,74.8339169939703,0,0,35262.2495504212,7.92600650713955,5970.75200077359,24.9805348087234,6.11607363219428
278,6,76.7688648577645,0,0,37624.1406659442,7.92600650713955,6263.62045946072,27.1551789317553,3.63949797735539
278,7,94.5249627254995,0,1,39918.055232824,7.92600650713955,6730.96292491872,18.9501141002471,8.90560603965632
278,8,92.2609315249201,0,1,39297.7627948087,7.92600650713955,6466.4860133479,23.1609833040243,10.8716594082562
278,9,92.261233668998,0,1,41970.5892758173,7.92600650713955,7357.08062292588,27.020294220873,12.2317943156271
278,10,90.5217389527407,0,1,43344.5391090374,7.92600650713955,6698.22904971568,30.2745114455767,11.0552899721489
278,11,98.4506422908499,0,1,41762.3281996653,7.92600650713955,7115.36346273522,20.5133077712296,9.53703403761256
278,12,97.9407218022092,0,1,44975.0592494376,7.92600650713955,8230.96231917869,28.6789874893364,10.03814464732
278,13,99.9678359665422,0,1,45084.5208021387,7.92600650713955,7733.15633575086,27.839778627176,15.4818690821342
278,14,98.4043365061113,0,1,46521.3185403235,7.92600650713955,7805.63834214862,29.383263446644,14.9607229041545
278,15,97.5718005856553,0,1,49113.8081637129,7.92600650713955,7626.71967241464,27.5933049770618,11.9139069887404
279,1,84.1889340136409,0,0,35146.6861674965,11.4011428483412,4581.41699538507,21.422870723158,0.446235972292767
279,2,82.009470708401,0,0,34567.7242885737,11.4011428483412,5517.57001954875,26.9325675871507,0
279,3,87.4697158112145,0,0,34433.3399992797,11.4011428483412,5709.23083798248,24.9005194509716,5.0151677623861
279,4,94.591995124744,0,0,37181.2759649743,11.4011428483412,6549.90226763059,24.0809475960839,5.49655983255638
279,5,96.8861932615368,0,0,38229.7250372413,11.4011428483412,5803.91486661703,22.5724354214358,6.96527804547695
279,6,98.5611419053187,0,0,39799.7171091539,11.4011428483412,6326.02782823345,27.9515518193676,10.9017418778225
279,7,93.3866854079066,0,1,40899.5313507229,11.4011428483412,6350.14686726821,24.6276908597637,9.59677681880708
279,8,97.7722474588201,0,1,40569.5821908219,11.4011428483412,7281.78689039195,25.2678287391348,12.0257609090745
279,9,101.037889531748,0,1,41405.666656772,11.4011428483412,6533.29305498602,21.0989872600115,8.1198218827049
279,10,105.299265512849,0,1,42562.8279202235,11.4011428483412,7200.56026092214,24.0072454205988,10.7315366716616
279,11,101.50763799245,0,1,44089.5405632705,11.4011428483412,7889.59391882809,31.6221160520128,8.1389085065249
279,12,100.014956832992,0,1,44057.4896676686,11.4011428483412,7787.44451618984,18.2401475956922,11.7580160824441
279,13,109.201025458585,0,1,44385.0223453065,11.4011428483412,7986.83445196527,30.9799887223555,12.9481363120743
279,14,100.271690474721,0,1,44603.8835314893,11.4011428483412,7612.94976667615,23.0124228764945,14.0595581666057
279,15,114.287099830422,0,1,46555.6948161679,11.4011428483412,8244.28022097645,25.920625284475,16.631838666886
280,1,82.6797060359603,1,0,26461.3118610043,13.8945693833425,4658.24406518643,22.3080550519998,2.89475428177887
280,2,76.2637600373938,1,0,27421.2517482353,13.8945693833425,5647.36723089803,24.9063587980944,3.84420169942712
280,3,80.890986108693,1,0,27970.9142138792,13.8945693833425,5794.57061754587,21.5471467845357,3.93233699297362
280,4,89.199370781483,1,0,28718.3188624694,13.8945693833425,6103.19604871283,22.6896922844689,4.23101807652761
280,5,90.649317937544,1,0,31179.5381990246,13.8945693833425,6458.48454003496,19.1005698422977,1.72951634247672
280,6,75.7433706203648,1,0,31054.3393101822,13.8945693833425,6639.22506311604,30.4347387306362,4.3463167922546
280,7,96.8267007725041,1,1,33700.5912350134,13.8945693833425,7021.14916007035,27.3932759363812,5.52966651657434
280,8,96.2158594983297,1,1,32303.3536751334,13.8945693833425,6315.62589874302,23.1128829961539,8.85127218059084
280,9,95.6108936952984,1,1,32186.5948805492,13.8945693833425,6568.23381535874,24.2595682384008,7.91239459872727
280,10,97.5110097472459,1,1,34814.813742059,13.8945693833425,7298.04954028851,27.147902206107,11.1680877261465
280,11,98.1298700954009,1,1,36830.9744509073,13.8945693833425,7629.4464276351,19.329491234767,11.956921510257
280,12,99.9840191188691,1,1,36709.7945662129,13.8945693833425,6831.98063925328,26.9576387008837,9.61313486738798
280,13,99.5083786718819,1,1,36228.6571086254,13.8945693833425,7538.3506335234,26.1758456238513,12.2237477880268
280,14,104.721940921937,1,1,38169.0925597632,13.8945693833425,7164.78324957514,28.3203626308109,15.5624110097402
280,15,116.168996277456,1,1,39656.968517224,13.8945693833425,7974.90115179061,22.3405723067498,13.5606277812627
281,1,83.83811022221,1,0,36707.8847957793,17.2860627103286,5735.0041781325,25.5837371422734,0.0981751232302487
281,2,86.7703291473333,1,0,37087.4937045408,17.2860627103286,5387.02428632525,26.8897442202305,3.5742211402222
281,3,89.0830093764815,1,0,37335.9203469112,17.2860627103286,5044.46978081073,28.5364917939509,1.89663830779202
281,4,85.1959954226582,1,0,37556.7992993742,17.2860627103286,4991.31791744319,23.6624688361971,4.89774547045428
281,5,93.0009160256091,1,0,36832.4297782392,17.2860627103286,6999.16423887311,29.1381389295082,2.42063246289644
281,6,103.351376354248,1,0,39017.7953083675,17.2860627103286,5188.33930753247,28.5910832656832,8.38820536483981
281,7,94.1505844573952,1,1,39985.6571400047,17.2860627103286,6053.20199110347,25.6886460887911,6.54345039879654
281,8,97.9132965293161,1,1,40070.0691125868,17.2860627103286,6283.67386438732,19.8421808376177,7.31797309858191
281,9,102.826356982052,1,1,41065.0250915548,17.2860627103286,6674.41514022751,20.4398190749195,11.5160990619198
281,10,102.146634742855,1,1,40753.2022270481,17.2860627103286,7013.92056289136,22.2454041051164,10.1769091257334
281,11,109.994497883975,1,1,42028.259329661,17.2860627103286,6971.42314975886,26.1177441975559,10.4257841949865
281,12,102.316529495288,1,1,42973.8894199527,17.2860627103286,7782.27150978274,26.762572337218,9.7618213936412
281,13,108.973677720312,1,1,41162.6501982865,17.2860627103286,8271.3693437027,25.2571401153464,14.6611604925647
281,14,101.265300140168,1,1,44210.6786780308,17.2860627103286,7436.8073643954,28.2758280214399,10.9731844040364
281,15,114.646365741117,1,1,44017.0280144325,17.2860627103286,8357.1623448763,27.1432250485382,15.7256416366681
282,1,72.7277277822347,0,0,27514.7297362049,13.2780430878465,5158.67486975017,28.1617057668049,0.535825636115689
282,2,86.7068526893251,0,0,27742.9320591666,13.2780430878465,4782.06606993976,27.481607625632,2.13032950991418
282,3,78.8934936654247,0,0,27574.3980766326,13.2780430878465,4850.45533639516,23.9011325213602,1.86821854159571
282,4,78.9867371530736,0,0,28139.3471110803,13.2780430878465,5298.32057297056,25.8672109883636,0
282,5,87.5966947408562,0,0,30552.160270985,13.2780430878465,5542.10938362448,23.52643176637,3.53293229535815
282,6,85.2949890030681,0,0,30965.1539061705,13.2780430878465,7094.35257505349,21.8398196463617,5.05738336026384
282,7,83.4672015812695,0,1,33034.5456281939,13.2780430878465,5987.20946774863,27.9467636185094,6.77372087378482
282,8,89.7158921563229,0,1,32813.2216337271,13.2780430878465,6278.73369161313,22.4823559571518,9.90564648134337
282,9,90.1043255609119,0,1,33318.4819806393,13.2780430878465,7592.04776055604,26.5995084706366,6.78541208346695
282,10,95.9635706394589,0,1,36060.9659116401,13.2780430878465,6454.40605121628,25.9408110895851,11.2686797618399
282,11,101.115359861498,0,1,35144.2783763294,13.2780430878465,7308.12464579071,22.4027127285842,11.4471771855157
282,12,94.9002838726938,0,1,35595.187311878,13.2780430878465,6578.13497405007,27.1046151321299,12.6447189679018
282,13,99.7720999972077,0,1,37801.2330138929,13.2780430878465,6859.52659392262,24.8677827872862,15.7628564248565
282,14,91.1462229781582,0,1,39492.9202136786,13.2780430878465,6956.01736509084,25.1465424154626,11.4792703565555
282,15,108.410392352671,0,1,37872.8527481974,13.2780430878465,8069.36974664573,22.9495130434596,15.6332797654968
283,1,74.3143803820428,0,0,18971.3692199671,11.9587397505738,5005.21222143112,24.6005531175457,0
283,2,78.4973587488725,0,0,19508.3628080708,11.9587397505738,5457.09787854506,26.1902133020709,0
283,3,75.6082471074006,0,0,20495.6013698979,11.9587397505738,5675.4572423725,26.5764073208027,0.900137453416117
283,4,68.7250862200102,0,0,21403.0951534953,11.9587397505738,6131.02600986341,22.9735224667936,0
283,5,88.3562672304731,0,0,22411.095651962,11.9587397505738,5747.01721134841,22.7887675911805,7.452024578286
283,6,79.4894075036755,0,0,23337.2021751003,11.9587397505738,7254.24459300145,28.22015139707,10.7638678630004
283,7,85.5459381093018,0,1,22169.6052828901,11.9587397505738,7137.13969286042,23.9758431601102,8.03367477165534
283,8,84.651395064882,0,1,23494.397326906,11.9587397505738,6319.65344836876,25.4538610131161,6.72163595840238
283,9,84.1948862210574,0,1,24905.0739227568,11.9587397505738,6506.14444386059,22.9177409092551,9.86942797910833
283,10,83.8377311339085,0,1,24132.1006090481,11.9587397505738,6691.50785463849,22.2585176500516,9.11369966646869
283,11,91.7828753619277,0,1,25792.0071340975,11.9587397505738,8485.29396988255,26.294869698191,8.89205328383232
283,12,95.4823209144575,0,1,27688.9826121083,11.9587397505738,6438.61733181483,23.6018116105983,13.2524910609505
283,13,96.9976284811918,0,1,25211.3980500791,11.9587397505738,7771.00725768501,25.2164413766302,14.092818344124
283,14,96.3500329569711,0,1,27887.2281107217,11.9587397505738,7162.11013348542,27.9803510936173,16.8891739433042
283,15,92.1118811324556,0,1,27699.9023641316,11.9587397505738,7478.57214279458,26.3637255997403,16.3769417254342
284,1,82.5810914513416,0,0,30731.1567356596,11.0773292712109,5607.28831408449,24.2334658794706,2.27136886590137
284,2,89.0495170814989,0,0,32704.0493863038,11.0773292712109,5891.61990273172,23.6359040699434,5.78931815335303
284,3,79.4090155551542,0,0,33099.6655209582,11.0773292712109,5427.92318278729,28.012263930778,2.79346799748652
284,4,87.3721300824941,0,0,32833.7661158553,11.0773292712109,5949.32406833566,29.685250592106,4.66169276545308
284,5,83.8096160612892,0,0,34585.8014412759,11.0773292712109,5823.89738182913,26.1874746446223,3.67098712602791
284,6,100.894747186264,0,0,35858.7698746282,11.0773292712109,5744.96941500637,19.3048487017238,3.36046487082945
284,7,91.5030708457024,0,1,35785.1906060785,11.0773292712109,6540.33133377943,30.2285255968134,4.65576889838308
284,8,97.1676115003266,0,1,38488.6083637422,11.0773292712109,6082.16480171016,21.7157677753817,7.11475913799915
284,9,103.105216446029,0,1,38962.3246328016,11.0773292712109,6936.52437183559,25.5272485719234,11.6495222984435
284,10,93.1829281517512,0,1,37356.6451240878,11.0773292712109,7268.89907482301,31.1858682905486,11.6474886194066
284,11,100.696301549811,0,1,40194.7148025886,11.0773292712109,7450.19658822986,24.9915056815599,11.479216576656
284,12,91.4150208224536,0,1,40786.1688387515,11.0773292712109,8338.64520218585,27.2412602619104,11.5943044451975
284,13,104.685175560376,0,1,39585.6897186564,11.0773292712109,7326.68818461804,20.3979558779512,14.1070958788208
284,14,111.123068658402,0,1,42510.3833145497,11.0773292712109,7904.15805624051,26.5916840480033,15.8797023699182
284,15,93.6393065784389,0,1,43315.647424711,11.0773292712109,7676.92704921256,24.620630252681,14.839694315182
285,1,85.7411891221003,0,0,47180.1135869239,13.2429244923249,5410.89511832179,17.8532638130487,3.78993380765493
285,2,82.2030078021438,0,0,48433.1755776406,13.2429244923249,5419.34864526061,25.7458713983423,2.60978708963968
285,3,74.8161788502784,0,0,47515.5568558481,13.2429244923249,5437.0297724958,20.7135549601888,0.529509388177749
285,4,91.7157610311346,0,0,51379.4108268077,13.2429244923249,6763.64828654651,24.5423597487822,2.62904323982824
285,5,106.237834586439,0,0,49908.7502341349,13.2429244923249,5359.68143651203,27.7303727223814,7.35641569612399
285,6,88.117985758151,0,0,51128.9755430571,13.2429244923249,5775.22286234566,28.4889166608038,6.1660407053538
285,7,92.135890817141,0,1,52988.225674432,13.2429244923249,5876.46871978664,24.7778354341664,4.43620064325977
285,8,101.158402602267,0,1,53566.9174535829,13.2429244923249,7650.2411822853,24.5964411259611,11.0937285448096
285,9,103.40047755473,0,1,56133.9804543558,13.2429244923249,6942.60926438166,23.345871393889,12.8351989724424
285,10,105.237310396687,0,1,54703.1504037694,13.2429244923249,7395.59260696216,22.9452307898128,15.3757747286968
285,11,108.69561372194,0,1,55887.3808580779,13.2429244923249,7652.8355572199,22.3603384660316,9.74005834676121
285,12,105.613658085523,0,1,57675.5237752182,13.2429244923249,7264.76365572015,22.3447787710952,9.33060490267609
285,13,106.36749684432,0,1,58962.9663979868,13.2429244923249,7366.38016584865,19.762677604994,14.9557698886651
285,14,102.621174653619,0,1,62315.400794089,13.2429244923249,8019.06360525585,23.9036103889692,13.2032844875082
285,15,110.453655032416,0,1,59073.5941123047,13.2429244923249,8639.11279853986,24.945753435734,15.8520223130865
286,1,83.5140961598026,0,0,38096.6847824168,14.9671737605892,3948.38185078778,26.7845304056383,0.923610950146236
286,2,84.7164496262282,0,0,38442.1367468666,14.9671737605892,6014.74453598266,25.2626884679691,3.50390812039239
286,3,91.2746712413515,0,0,39227.9127126721,14.9671737605892,5362.77329278386,28.0553818479211,3.47711307185301
286,4,83.8719631895294,0,0,37428.7540662889,14.9671737605892,5522.1843279677,19.9411855896788,7.46196561397949
286,5,91.3789438270873,0,0,39634.3148140213,14.9671737605892,6238.51972112349,26.1756545175601,3.29390232817526
286,6,92.0926734557401,0,0,39347.2526880937,14.9671737605892,6545.34380807294,23.9296762102784,4.37496344252338
286,7,91.891222649013,0,1,38662.5177936225,14.9671737605892,7034.88136766557,23.1396328103265,7.43395485297856
286,8,86.7950120130862,0,1,40086.0702853153,14.9671737605892,6884.0179627227,25.2306218283924,8.33040247526199
286,9,96.4508131995099,0,1,40516.9243504052,14.9671737605892,7427.03606094341,24.0481952584412,7.09922577478906
286,10,101.917248372517,0,1,43771.2432953273,14.9671737605892,7136.47052290999,25.0338218838823,7.44579492414579
286,11,102.793167355269,0,1,41998.4130223114,14.9671737605892,7497.7123741453,25.5887742086202,11.4449542257688
286,12,97.7168887517852,0,1,44176.7470590518,14.9671737605892,7613.03829945604,23.7173741764585,9.95139149632176
286,13,104.598947693048,0,1,44457.3178037021,14.9671737605892,7152.41544516933,22.1451531196038,12.4294361856569
286,14,101.302008444114,0,1,43629.2976559027,14.9671737605892,7510.62743168464,26.6066065824829,11.8469837202103
286,15,98.9711722175229,0,1,45534.8073556266,14.9671737605892,8083.16900830286,26.7856351728026,14.9656336531161
287,1,80.9204115472592,0,0,40731.7842439788,11.4484250683618,4613.83373504011,25.9519391969574,0
287,2,86.4530923945823,0,0,39876.2650008925,11.4484250683618,5658.28425579362,26.543262346182,0
287,3,97.1759537957185,0,0,42607.298724783,11.4484250683618,5879.04793306147,25.7503912026186,1.48437156607428
287,4,77.0547688681106,0,0,42730.1222124187,11.4484250683618,5935.46468611346,21.7995613531861,1.53713362296984
287,5,91.0573293340792,0,0,43349.5154310325,11.4484250683618,6309.0863553702,26.3702684670763,3.98980623780407
287,6,88.8637188084254,0,0,43557.0074939607,11.4484250683618,6496.7449374832,29.8195337280934,3.77630628527726
287,7,85.5751897740895,0,1,45121.6516274969,11.4484250683618,5819.75761401346,25.4095377889819,2.06171428596524
287,8,97.175060966608,0,1,45064.2447653136,11.4484250683618,6602.4525212851,22.0840172237362,7.26430805566345
287,9,100.881052898698,0,1,46978.4904950757,11.4484250683618,7158.35275040724,21.7654477103599,10.0299418460693
287,10,102.13295720957,0,1,47723.110253278,11.4484250683618,6843.24937465242,22.5039487163179,10.7271107456862
287,11,100.803055124548,0,1,48463.9573244371,11.4484250683618,7545.5370907621,27.3658132100654,8.40810941952612
287,12,106.541802163217,0,1,50676.3315271014,11.4484250683618,7582.25253804506,23.6957589134383,7.71421694514102
287,13,103.26055083937,0,1,49796.9067894659,11.4484250683618,6809.95301875987,23.5412716836211,12.8354800012729
287,14,104.849140776697,0,1,51137.0734190131,11.4484250683618,7977.76567294623,27.5740242800513,15.1510627103921
287,15,100.977407137226,0,1,52986.6298481469,11.4484250683618,8366.36040307416,24.257410843202,14.5813492492584
288,1,88.6941140744758,0,0,35077.4871914943,12.4912842205397,5844.81127181643,27.0560782829669,2.51405419460034
288,2,84.1010782634202,0,0,34537.9398456395,12.4912842205397,5010.27934297208,22.4977960761621,0
288,3,92.4712510279084,0,0,35593.0986831649,12.4912842205397,5577.82286035671,23.5366108391324,3.65957276868721
288,4,79.5675794287422,0,0,37512.6458326815,12.4912842205397,5150.20478393482,30.5762623772289,2.19534841150357
288,5,96.1913109126734,0,0,37619.0133850834,12.4912842205397,6236.20156322811,21.1196653693856,7.5631150887602
288,6,89.8707403287366,0,0,38516.6711864165,12.4912842205397,6342.29685149477,27.7227588350268,8.8362374041135
288,7,87.9617122471861,0,1,38810.4723496493,12.4912842205397,6140.6234259322,24.5639244429316,4.74823575609401
288,8,97.3063738800967,0,1,40055.9963018383,12.4912842205397,6106.23136875316,26.4116158043975,8.19045420044825
288,9,91.1829586524725,0,1,40849.0841726748,12.4912842205397,6630.46562728452,30.1731852459834,9.79532145566903
288,10,112.357387388602,0,1,42303.5219948703,12.4912842205397,7191.71206058281,25.6911478631226,11.3132079248567
288,11,101.399048815051,0,1,42467.8550209533,12.4912842205397,5948.1046769732,24.1868797576241,11.0915069049668
288,12,104.269872274196,0,1,43191.6538415584,12.4912842205397,7883.38043538796,22.540896521606,9.61558824483636
288,13,112.857907556414,0,1,44309.5294138093,12.4912842205397,7750.83937804025,23.5764944958184,12.8077154725156
288,14,101.412425148955,0,1,44810.9555941907,12.4912842205397,7715.17641756322,25.4522751982252,16.1541277955365
288,15,109.257273186502,0,1,47703.948051709,12.4912842205397,8040.15756409758,24.6991030519119,12.6146740497394
289,1,75.6355475815597,0,0,24882.7209941884,12.6508090324332,6494.44298802064,20.9237007249378,2.32958966266766
289,2,83.95938093788,0,0,27966.1120435954,12.6508090324332,5149.40800662511,26.6298182197671,2.16289192544778
289,3,82.385709373032,0,0,27554.0439657431,12.6508090324332,4675.38928633457,25.0251200868431,3.44696041784094
289,4,84.4703640712684,0,0,26354.9150916178,12.6508090324332,5115.73001872652,24.9628870032602,2.31857211892709
289,5,89.6256188503699,0,0,28641.5784442599,12.6508090324332,6001.09322224133,28.8873280387176,5.91117425248575
289,6,86.868333138397,0,0,31153.4186120254,12.6508090324332,6234.52898540909,23.4664924823794,8.97934176060108
289,7,91.6534344256486,0,1,29515.4995554989,12.6508090324332,5922.64297945276,27.2780365790957,9.45552551146148
289,8,94.4805055582373,0,1,31751.9161867892,12.6508090324332,6887.35301317703,27.1723710854393,3.97105099070897
289,9,92.371809515261,0,1,31202.4118986707,12.6508090324332,6522.67635181771,27.7601245478196,9.97497294576227
289,10,96.6225328729706,0,1,33322.4136189649,12.6508090324332,6972.26582022829,27.644455353123,12.3646381553136
289,11,108.704086382435,0,1,35076.0702684588,12.6508090324332,7521.98165394032,23.4834205259798,12.8569615082608
289,12,102.864829818364,0,1,34658.0932825396,12.6508090324332,7515.12300761039,25.6520876155534,11.069917713414
289,13,98.9519507761119,0,1,36631.3121139292,12.6508090324332,7278.79467878804,25.668326856196,12.8458966421198
289,14,93.7402669755614,0,1,37214.2508844428,12.6508090324332,7487.33200477851,28.0766816050126,13.6255257237379
289,15,114.167808390137,0,1,38505.7227527534,12.6508090324332,8833.1346826785,24.3220966901728,18.1672574087795
290,1,74.315535273701,1,0,30879.1955532493,14.187832902629,4927.21593075918,22.5084528015172,0
290,2,95.1936586968309,1,0,31711.3591451605,14.187832902629,6344.53710225385,27.8477751859829,1.89031891230938
290,3,76.0281773427901,1,0,32265.8629875888,14.187832902629,5634.0153149718,26.7786377886957,1.82262080054359
290,4,80.4220539386608,1,0,33102.1124023822,14.187832902629,5986.66812656948,25.624861565468,3.80741743198668
290,5,97.0703404301769,1,0,34341.9007933383,14.187832902629,6418.24861159397,22.8915456771264,6.6261194808013
290,6,91.1562173477146,1,0,35732.0143334061,14.187832902629,6227.50355580048,26.6527392630657,4.66220647121243
290,7,90.2391067060616,1,1,35632.6613232475,14.187832902629,6236.00840143171,22.8915190329928,9.01502279214501
290,8,82.9755003758237,1,1,37103.2776236193,14.187832902629,7196.9840611031,28.7661328470192,7.25107317356512
290,9,97.6389579735687,1,1,38363.9812193094,14.187832902629,6156.71577939356,29.1295127004778,9.83087832170114
290,10,108.52243507473,1,1,39502.2720051689,14.187832902629,7855.9601206096,27.7802762721813,8.98461628792436
290,11,91.7755699285185,1,1,40909.358784993,14.187832902629,7830.0685135903,26.0666584256794,13.3917694722679
290,12,108.544671620575,1,1,42299.8237628897,14.187832902629,7978.38959592503,25.1925789469368,10.3164524972079
290,13,105.544605448492,1,1,42724.9654098386,14.187832902629,8167.0220851301,23.1224920256332,10.400345889604
290,14,115.703022857918,1,1,42449.8768620698,14.187832902629,9351.21011022981,23.0582516243682,14.9106154467266
290,15,103.482339825779,1,1,47866.1628450984,14.187832902629,7643.07219767238,24.7334348703871,14.7751020720906
291,1,84.4706348270286,0,0,27593.0722777025,15.3341412210741,6011.88440369634,30.33899147653,1.6737496259271
291,2,74.4745988447014,0,0,30027.1373855887,15.3341412210741,5486.69998497654,29.0571788009646,1.81625330949434
291,3,79.7653215137414,0,0,28982.9590735739,15.3341412210741,5167.23557985432,29.5700219808434,4.46454100644765
291,4,98.1834329509216,0,0,30695.8529288835,15.3341412210741,5518.62907410968,25.4443575057895,2.9780362164424
291,5,84.6402407731669,0,0,30654.8203378068,15.3341412210741,5173.71233879647,24.5487106765515,1.05830444295867
291,6,93.1252862211986,0,0,31988.5731563172,15.3341412210741,6738.68674739367,24.5104442082783,4.79768974992421
291,7,85.4636681020113,0,1,30133.7665114028,15.3341412210741,7025.11239623092,23.5853629464593,8.60766375205265
291,8,90.6003109772562,0,1,32815.9366345823,15.3341412210741,7166.35000094391,28.8266642387444,11.4788729112569
291,9,95.2336962965877,0,1,33024.4805576536,15.3341412210741,7784.78184316584,23.7673917015472,13.6480500780504
291,10,101.399696915278,0,1,35156.6550775259,15.3341412210741,6942.95008001692,25.2930309417748,10.4955942457458
291,11,96.4497391010218,0,1,34033.5298181844,15.3341412210741,7623.9191144252,26.221162495392,11.2413783563611
291,12,92.0658496881462,0,1,34572.3208868763,15.3341412210741,7410.68729952962,26.2104237351458,9.32139752714872
291,13,97.6347584056135,0,1,33716.9591667191,15.3341412210741,7431.18570638179,25.8805787270745,14.1617533085372
291,14,104.512389369365,0,1,36315.6767567756,15.3341412210741,7559.86268756817,22.8959941607952,10.6199679055345
291,15,106.580488504167,0,1,37365.8791339462,15.3341412210741,7389.08393811496,25.1046495047528,19.8170352366001
292,1,87.3309360922096,0,0,26937.034109634,12.8374824508189,5412.70975373866,21.9968414436745,0
292,2,86.4488889033325,0,0,27509.5419557178,12.8374824508189,4874.73134926025,23.9861578724931,5.39339475298189
292,3,77.8789333067306,0,0,29374.4119956152,12.8374824508189,5846.85275041758,30.3739610870465,4.31726752645681
292,4,75.0650592479513,0,0,28738.9632275909,12.8374824508189,5762.1752333587,24.3113629454121,2.52753054498769
292,5,96.1826747981415,0,0,31171.2564133503,12.8374824508189,6575.92615373141,22.360696115602,5.14070385392807
292,6,98.2496915826055,0,0,32790.1454704804,12.8374824508189,6418.58505623394,24.5160827241056,5.55663159045014
292,7,96.8111920817407,0,1,32534.5771229151,12.8374824508189,5862.28468886372,21.8102120436803,8.49367748022181
292,8,91.2442825388317,0,1,33231.9186563308,12.8374824508189,6629.65165911369,27.878683925761,7.5251311857374
292,9,103.98841315317,0,1,34192.2892931892,12.8374824508189,5826.88647069852,25.8869535183915,7.85879575896262
292,10,102.807088108428,0,1,35948.5859526773,12.8374824508189,6334.76949105112,21.7668443952658,11.5716689938378
292,11,96.7643107918583,0,1,35110.9398326884,12.8374824508189,7643.07783383683,25.6853187019168,9.33280945879032
292,12,95.9079891652082,0,1,36462.7631417347,12.8374824508189,8045.57094684346,24.3126819699525,12.6066231137091
292,13,97.0582213772847,0,1,36733.1228035594,12.8374824508189,7410.21006199095,26.5250472430423,11.3571213418347
292,14,109.214674084864,0,1,38880.6435856332,12.8374824508189,7587.28783161867,25.7422738640354,17.2079936946872
292,15,103.886290555773,0,1,40030.9904176556,12.8374824508189,7757.22748189626,19.2280528024065,15.0231490684837
293,1,81.6692185623238,0,0,36501.6461253416,11.7714879853585,5344.18831258955,19.437918405448,1.10315684868859
293,2,76.657784340457,0,0,37029.8522605921,11.7714879853585,6272.63538075752,25.5762882029694,0.417039280386359
293,3,80.3410745941757,0,0,36150.7090397952,11.7714879853585,5115.09220889695,26.4373407242658,3.13241182723464
293,4,88.2928856212437,0,0,37485.1500810625,11.7714879853585,6811.29322446572,19.2643586568877,8.71998319124896
293,5,93.4913619502264,0,0,39248.4878672119,11.7714879853585,6499.5674758776,22.3029551440208,4.97203472505076
293,6,74.5864128959865,0,0,40602.4276404137,11.7714879853585,6053.20302718741,23.6206395964228,2.42877691917702
293,7,86.2733519217868,0,1,41296.8002213039,11.7714879853585,5579.46123758255,28.3866694797317,7.68151662238822
293,8,74.0675200693591,0,1,40842.3345420543,11.7714879853585,6776.23541219926,30.7828634430003,7.3900934482676
293,9,95.2717987784493,0,1,43694.9407513443,11.7714879853585,7422.11439595466,17.9555332138052,13.6482662751396
293,10,90.8206151087818,0,1,43500.8402364879,11.7714879853585,7374.82223794151,24.1497987077099,7.45544279393588
293,11,86.2852313378692,0,1,43888.4614621471,11.7714879853585,7582.59615848712,29.5840001790437,11.5787548995377
293,12,88.3411737074524,0,1,45288.5684337707,11.7714879853585,6966.5517548931,25.9163817458467,14.195232523251
293,13,104.624947614842,0,1,46654.9083353008,11.7714879853585,7116.195292029,25.137654851385,12.9490491512648
293,14,91.7033362980982,0,1,47186.3876473586,11.7714879853585,8458.93064089845,28.6153762666654,13.6566149934397
293,15,97.4566677552394,0,1,46970.5912074505,11.7714879853585,8113.91907941239,25.3573657453099,14.8105846053779
294,1,66.3210156774106,1,0,19987.8565091792,16.1839893966257,4603.49381601716,26.1942654522056,0.403472318711606
294,2,88.1324234780599,1,0,22779.6930548744,16.1839893966257,5944.76870450095,20.8400814674567,1.41072031702774
294,3,74.7913579108328,1,0,21619.4473623535,16.1839893966257,4814.40264591408,25.9275140160409,0.619632526836937
294,4,78.9457362588328,1,0,22725.9783357214,16.1839893966257,6209.91786674494,29.3513428560612,0.990169207316482
294,5,78.115460191345,1,0,25305.670351164,16.1839893966257,5117.81886153044,29.5147389332679,3.6556550389012
294,6,87.2343517414474,1,0,24380.9322491073,16.1839893966257,6101.35023069226,23.9679047944241,4.47248384482279
294,7,92.2526738216051,1,1,25400.1422981876,16.1839893966257,5670.39021386628,23.0252711245958,8.7488939128166
294,8,88.3684239370371,1,1,26876.8358898429,16.1839893966257,6648.87455831922,25.8623771883722,9.869828554263
294,9,95.9635662174396,1,1,28486.7637553918,16.1839893966257,6654.5626033923,26.2373490338643,5.54558249758953
294,10,102.208066588529,1,1,26915.2834183642,16.1839893966257,6272.73163441811,25.3892836241075,12.2972953471942
294,11,89.6337321137911,1,1,29390.444171072,16.1839893966257,7476.74202282802,26.2603720636296,9.37857551466589
294,12,103.711577758657,1,1,29366.449534789,16.1839893966257,8353.6639784003,25.7227840098183,10.0376532004732
294,13,108.389027232474,1,1,31564.0168373286,16.1839893966257,6745.71180279279,25.1057040767426,12.9249825121338
294,14,111.90170219798,1,1,31851.3606179446,16.1839893966257,7484.07480338822,27.0182963841411,17.8172637764506
294,15,103.039229389948,1,1,31592.1836437311,16.1839893966257,7602.02441599573,26.8511058153891,12.0613822070075
295,1,82.6876830747105,1,0,37069.0070620345,12.4936023528168,5678.68325292401,26.7682007269567,1.1406739680714
295,2,79.3955747079209,1,0,37418.2761206953,12.4936023528168,5154.8893414893,24.9149241077904,2.01407446769961
295,3,92.8160451521991,1,0,38599.4357905347,12.4936023528168,4786.18968320924,26.5172346262751,7.53686950031299
295,4,95.4431842349975,1,0,40059.946687361,12.4936023528168,5527.94404830895,23.917790503456,7.15142114049079
295,5,79.9287758201716,1,0,40187.454230748,12.4936023528168,5289.31999073849,24.8218062905217,1.89957373076026
295,6,97.6899109951282,1,0,42144.3902120844,12.4936023528168,5970.55219058262,25.4752841635962,8.51632512152262
295,7,96.182453209105,1,1,42644.9146882001,12.4936023528168,5939.3439778396,26.3658061588165,8.4857301708553
295,8,108.875575537313,1,1,46051.5406432016,12.4936023528168,6237.82868475208,26.8963573775687,6.20223094705698
295,9,97.4237188886191,1,1,46066.0396177196,12.4936023528168,6623.07645213434,27.5646065854304,6.69385573954944
295,10,102.393508772229,1,1,46367.3910309562,12.4936023528168,6594.58149484193,23.8146584701726,8.27446344830502
295,11,111.233350191348,1,1,46193.4374156245,12.4936023528168,6588.04140428348,22.5472118539906,8.5908808855241
295,12,112.026296388692,1,1,49661.6019709898,12.4936023528168,7271.99213351471,24.9048160491224,13.5340999379878
295,13,112.674141513148,1,1,48258.8914282989,12.4936023528168,7307.56060564623,26.1270439949746,12.9648403479329
295,14,114.025317958846,1,1,49393.5207919925,12.4936023528168,8039.08105729325,22.2541401255189,12.2230430259339
295,15,102.947400844981,1,1,48392.9773799673,12.4936023528168,7761.6872042748,28.7807105069642,12.149921534683
296,1,96.5254622531143,1,0,38603.7060274092,16.7335559363804,5344.34701296597,21.9416518791063,3.43979676458273
296,2,87.6287781295186,1,0,38050.2878468344,16.7335559363804,5212.11445830589,26.7942114241349,1.53259328452903
296,3,101.729627073718,1,0,37685.4532359058,16.7335559363804,5463.3204405617,20.2640187792219,2.70896081294777
296,4,91.8618574452981,1,0,39289.1707517715,16.7335559363804,6253.92787516593,21.7128692025116,5.63334815833421
296,5,98.0683437171009,1,0,40970.0921917402,16.7335559363804,6452.54807879171,30.1760941444799,5.42507325634403
296,6,93.7750479494885,1,0,40570.399852931,16.7335559363804,6845.9048149818,24.0182751815697,3.28611421922249
296,7,97.9817200172909,1,1,41388.0593263031,16.7335559363804,5971.88892808932,23.6865790397072,4.2381559023336
296,8,82.4753885109358,1,1,42740.3724254431,16.7335559363804,6429.0675002591,22.2671122050674,7.98598334114627
296,9,91.8250565125912,1,1,41359.5711807608,16.7335559363804,6910.7371560919,25.4656209804338,9.11256434429725
296,10,111.117840021441,1,1,42623.1366306251,16.7335559363804,6885.78125264939,23.6996524504769,8.98712157287746
296,11,104.027313214995,1,1,44158.647671242,16.7335559363804,7038.24794881437,26.7369888218777,7.95379712631303
296,12,101.173318633586,1,1,42669.1271224388,16.7335559363804,7605.33378922098,22.5608205331288,7.18971948794386
296,13,105.392051903238,1,1,45857.4393196013,16.7335559363804,8204.88935286323,23.1238237860468,13.5193390613681
296,14,113.518296804987,1,1,44178.2300523422,16.7335559363804,8505.38473027846,19.9599613722661,12.9017054419619
296,15,113.88573880838,1,1,46120.7438414473,16.7335559363804,7405.20272032735,19.6614969512665,16.1411004355837
297,1,64.1020743167831,1,0,21125.6349945997,11.8142320271414,5834.61283280662,22.5017571382558,0
297,2,66.7893833026853,1,0,20891.3444908427,11.8142320271414,5844.01890484449,27.0596603215951,0.300869006119761
297,3,81.1621755746645,1,0,22239.311853351,11.8142320271414,6217.50888372737,27.6798454638179,2.12303921929748
297,4,71.357548431517,1,0,22368.0210328036,11.8142320271414,5977.94955626926,25.2090570465634,4.80710635645318
297,5,82.9984054839069,1,0,23991.5147176261,11.8142320271414,4847.1148446977,24.4923279715883,5.27874145146583
297,6,84.8171554299564,1,0,22289.6354608583,11.8142320271414,5463.0873297931,29.7757781139331,8.9236828849966
297,7,87.2945871426951,1,1,25469.8816831114,11.8142320271414,6882.4381209239,23.646288927148,5.78569100388601
297,8,81.8486082279103,1,1,24456.6707944984,11.8142320271414,6365.99343648998,27.8106639348824,5.43212697741085
297,9,98.722537275378,1,1,24505.0284714011,11.8142320271414,7429.46063455245,25.3023763220257,10.2167601207623
297,10,80.5812622628715,1,1,24721.1700517435,11.8142320271414,6990.81472832118,26.3775749667233,7.19337224572414
297,11,89.5736452930217,1,1,27401.3447503475,11.8142320271414,6607.4458938892,26.0201998714964,11.0483508678307
297,12,92.732579720702,1,1,25320.1632561815,11.8142320271414,7369.7278134647,30.0231815206269,9.7472490471129
297,13,100.770061048418,1,1,27534.0139221353,11.8142320271414,7198.36066234458,26.6809051596871,10.1943598042274
297,14,103.421264403457,1,1,27337.1888763384,11.8142320271414,7912.28726356085,26.724079904816,10.787684508514
297,15,107.331315694833,1,1,27702.1551796685,11.8142320271414,7348.57575033731,26.6553335355654,14.9076124987533
298,1,80.0335562458938,0,0,35656.2912094491,13.8417688925811,5455.8599595401,24.4754754749202,3.22913767752519
298,2,97.1283499176606,0,0,36576.9243188436,13.8417688925811,5374.62779099689,22.3275375172423,2.60096497842514
298,3,77.3394621931707,0,0,36850.2220654543,13.8417688925811,6067.59144985439,23.1200496624068,3.23414316582917
298,4,89.1716801831855,0,0,37172.6765257382,13.8417688925811,6908.31323164105,23.1061001121256,5.49434028611011
298,5,90.4763468546903,0,0,39350.5044087735,13.8417688925811,5855.71719840081,24.0545277115476,5.15909012985198
298,6,92.3735653577911,0,0,39983.6775425423,13.8417688925811,6601.75578366844,26.3503821107814,4.53276427641644
298,7,86.6526295696301,0,1,41672.4821183469,13.8417688925811,6652.75213316005,25.8489427534213,4.68535533093259
298,8,91.728655130565,0,1,39736.0201725498,13.8417688925811,5592.4158433701,26.5842946437084,6.42490719610525
298,9,85.8475847620469,0,1,40417.7458871139,13.8417688925811,6058.3652577643,25.9575200758691,9.90289384860188
298,10,111.260143478485,0,1,41311.7684835999,13.8417688925811,6723.49330582289,19.8741548295291,10.7195191413853
298,11,99.1625703156716,0,1,41680.7133345116,13.8417688925811,7032.13261375814,24.2071403219345,11.7541329140397
298,12,104.052127877451,0,1,45513.3138192128,13.8417688925811,7604.39889859629,24.6546659482178,13.1784132252601
298,13,101.400279026546,0,1,41720.7428123688,13.8417688925811,7646.27516698281,27.0154027217605,9.86833197985859
298,14,106.188480921097,0,1,43519.5851867923,13.8417688925811,7771.97326050428,26.579515923837,13.5471698888027
298,15,113.809620080401,0,1,44873.1593881452,13.8417688925811,8328.04138862559,22.4384006564774,15.7562863835542
299,1,83.7985497489082,0,0,50352.5304855765,7.36173421726428,5560.56305639538,21.4457454285914,3.5814132317221
299,2,85.9206702882449,0,0,51594.5710679978,7.36173421726428,5124.03981703068,24.0463923042307,3.1853375997248
299,3,86.5000513417833,0,0,53907.6789935757,7.36173421726428,5096.18322474411,28.9069612461426,1.32042894588788
299,4,86.511861848064,0,0,55324.0116329751,7.36173421726428,5625.38502452571,25.2775988735232,4.55297969377591
299,5,82.6235484966092,0,0,54152.0292984132,7.36173421726428,5673.201550717,23.9170663240997,3.99525593152491
299,6,80.4367656518559,0,0,56569.0182581047,7.36173421726428,5722.19113292467,32.0546673336672,9.7894828038498
299,7,102.081518826148,0,1,55806.2692180969,7.36173421726428,6321.3086818263,22.1719314109445,8.29242397534078
299,8,97.038204842909,0,1,59536.1452395439,7.36173421726428,6455.92451508156,25.7169200165763,8.0182712112569
299,9,98.008051606852,0,1,58920.6889225458,7.36173421726428,6917.93268020481,24.8017383141,9.6082420867322
299,10,92.1998060092356,0,1,61390.1715373389,7.36173421726428,7205.22401070882,22.4763635283508,10.5124478467591
299,11,99.4706650157987,0,1,61100.7150849319,7.36173421726428,8085.18248042327,23.3746763490512,12.3431616618778
299,12,96.9534118308074,0,1,63262.923260283,7.36173421726428,8358.19725587123,28.574728319281,11.6764607098993
299,13,105.514499930948,0,1,64388.9572274382,7.36173421726428,8008.14621478505,26.2960898607961,10.5640408549148
299,14,106.44166431627,0,1,64473.9645994107,7.36173421726428,8376.52820262197,28.4729767809148,13.7275205293742
299,15,100.899314475012,0,1,67076.6973734448,7.36173421726428,7590.85310315192,25.1640596503179,13.9215879785263
300,1,70.4805787265194,1,0,29629.3373983585,11.6628241159878,4236.02225862384,30.3495567617832,2.12164201140332
300,2,78.8274145862167,1,0,27184.9393550558,11.6628241159878,6063.55401848437,23.9748828760862,0
300,3,76.8151504041715,1,0,27559.5156055191,11.6628241159878,5226.08668699028,25.6955235718665,8.82631723883188
300,4,74.7935335925177,1,0,28271.7011364245,11.6628241159878,5740.38854761148,26.9825650114374,2.6200406709409
300,5,75.9668162655519,1,0,29237.5394476931,11.6628241159878,5557.81396348863,22.606642223176,3.47585543729805
300,6,80.980490333689,1,0,30578.0006119655,11.6628241159878,6485.95844091074,22.6091275145869,5.90085490126157
300,7,85.636273445401,1,1,30348.594747443,11.6628241159878,6233.56520959638,30.1556046675689,7.77149080713595
300,8,77.6329541162563,1,1,33553.1375275702,11.6628241159878,6613.99045430282,28.5131013966697,6.68774700026737
300,9,84.2798537748328,1,1,33445.0370922238,11.6628241159878,6678.12924523325,30.5382147884902,9.59184706265152
300,10,89.506186015567,1,1,34577.2183328472,11.6628241159878,6342.3436970255,27.5479304113604,11.1066938305049
300,11,92.6314260174011,1,1,35848.6162496748,11.6628241159878,6886.82718076756,25.133539503894,12.5144771193834
300,12,102.153596151096,1,1,34186.7654367468,11.6628241159878,8649.73584263155,25.4508463593794,14.4143115328196
300,13,97.956876212703,1,1,35150.3422493331,11.6628241159878,7722.01422102209,23.9668985703577,12.292556367441
300,14,99.7044570237424,1,1,37226.9455734537,11.6628241159878,7473.19691822197,23.8750893520038,13.7570292569379
300,15,105.770493918384,1,1,37229.6764400026,11.6628241159878,7862.57831429103,26.5373769565563,12.3041634873372
301,1,86.9915915829224,1,0,38136.6813833444,11.9346163801173,5301.30755222232,22.9762084133643,7.49995633490479
301,2,78.6289277172869,1,0,38422.0468818352,11.9346163801173,5543.46319018971,25.2970051429105,0.292902311200521
301,3,84.7280772036603,1,0,40064.0346549481,11.9346163801173,5980.42114015185,31.8765736837032,2.23170707257022
301,4,85.9918628680424,1,0,38617.3098693955,11.9346163801173,5155.2061409352,21.3836454839609,3.69300041894991
301,5,93.2920027246097,1,0,41793.4206647968,11.9346163801173,6473.02569674858,26.4610598132876,7.71636378799572
301,6,83.7021595589565,1,0,40111.4228229726,11.9346163801173,6059.01341615052,24.7248957493845,6.4131770631809
301,7,92.6595896880157,1,1,42804.9097249056,11.9346163801173,6338.02574418554,28.4744465151203,7.01268580331346
301,8,108.454199106493,1,1,44160.0288421983,11.9346163801173,6493.95974983177,23.2689998466398,4.43257868037
301,9,100.409762171494,1,1,43760.9592745084,11.9346163801173,6575.79208158385,21.7963309158927,11.3948005128132
301,10,106.491995680289,1,1,46922.8026276239,11.9346163801173,7248.01590062351,22.752634777157,9.43674502658167
301,11,107.6039574369,1,1,46506.5170490251,11.9346163801173,7099.66328025653,27.1321701418817,10.8301198846569
301,12,101.21115427143,1,1,45544.9178872877,11.9346163801173,7887.87473250554,30.1095607346565,13.5582306637225
301,13,112.589694630375,1,1,49582.9045480863,11.9346163801173,7363.32122092883,23.5732644205343,15.1539031931989
301,14,112.747998483326,1,1,49197.8417345592,11.9346163801173,7865.87772191008,23.6585957471104,14.3001462886493
301,15,115.827188546342,1,1,49477.371423858,11.9346163801173,8007.34790254245,24.595438620352,17.2273434618526
302,1,83.1411446882336,0,0,25229.4156160856,9.72496374775036,5376.43929052033,24.4285408865977,4.72035379328481
302,2,75.0614567006888,0,0,24016.2311523716,9.72496374775036,5531.33604013088,21.053260207087,0
302,3,73.4190334806721,0,0,26030.1478765409,9.72496374775036,5924.4817235481,26.0473052720089,0
302,4,68.1557434954727,0,0,27073.6403962284,9.72496374775036,6124.1862095359,24.2163089191547,4.3848277554487
302,5,81.0936833062252,0,0,24631.2425818819,9.72496374775036,5883.81249828155,20.6841034029036,5.27116147076947
302,6,73.9014860481383,0,0,27904.4804838984,9.72496374775036,4867.08959914493,28.1576847297057,5.6104335512738
302,7,90.7983336279779,0,1,28385.9804457976,9.72496374775036,6556.26802783377,25.258292537403,8.70425060379142
302,8,79.0583047654569,0,1,30194.1578824086,9.72496374775036,7024.30300181042,24.1023507104729,7.31584430349388
302,9,89.7714370919778,0,1,31713.8546420076,9.72496374775036,7307.93912438655,29.4897705881684,8.72854030441954
302,10,84.2092292448278,0,1,31510.3480766068,9.72496374775036,7187.01136893085,26.107318381402,8.18161151606601
302,11,95.7833228691649,0,1,31322.5561310856,9.72496374775036,7171.27796814828,21.1480311429927,14.59885922664
302,12,94.3950246993625,0,1,32809.9648545813,9.72496374775036,7421.79832482678,27.4535068215199,13.4859725471228
302,13,95.0927318216506,0,1,32638.5557437556,9.72496374775036,7325.36977049249,26.4645879069604,15.8521016631278
302,14,92.7718071267074,0,1,33402.3118930795,9.72496374775036,6946.87063473871,28.0437417347557,14.6101977709715
302,15,92.6453912446738,0,1,32669.4388127948,9.72496374775036,7337.91852997603,18.6104954550636,16.908903393998
303,1,78.3365471908006,1,0,39518.8227836136,8.8923213467331,5416.95474333883,22.531805780264,0
303,2,84.0944399872196,1,0,41261.6835026031,8.8923213467331,5440.05293620479,22.1830240488723,1.62296384574385
303,3,87.1627893093735,1,0,41839.4325695203,8.8923213467331,6025.84683320688,25.4300614792056,0.803097798176012
303,4,81.1985142913666,1,0,41413.5040428021,8.8923213467331,5628.15517969675,25.7348612935362,1.37529224723568
303,5,82.4972909445719,1,0,42887.736700149,8.8923213467331,6059.83869836898,22.5546939510364,3.15240794999851
303,6,88.2615681062359,1,0,45380.9748740207,8.8923213467331,5953.27359488207,24.370576980361,4.82456616481615
303,7,89.2651520408896,1,1,45883.7181365263,8.8923213467331,5771.09042368723,26.1382096854959,6.34884946546975
303,8,95.2413774330805,1,1,46577.9776990926,8.8923213467331,7565.1018456294,25.0984755856755,8.37379412785831
303,9,106.400659164474,1,1,46611.4141402977,8.8923213467331,6595.88425515571,26.595686975844,11.1310564997719
303,10,103.315308761544,1,1,47773.9752566064,8.8923213467331,7163.00925584487,27.3930482590534,8.91593525912158
303,11,113.061011134549,1,1,47606.5273048155,8.8923213467331,7378.48703916354,24.8705649142232,10.2857614598251
303,12,96.8566618002978,1,1,49653.7938984808,8.8923213467331,8037.33545986584,24.6644806608058,14.8647425421694
303,13,110.902690763049,1,1,50913.5477927666,8.8923213467331,7404.22513920947,23.8733568030837,14.1689473827708
303,14,111.497431604166,1,1,51457.8821889681,8.8923213467331,7688.2938582698,23.4153647404864,18.3435643217113
303,15,115.137336429681,1,1,52511.8197529938,8.8923213467331,7830.64584258303,27.2788048013402,14.1637753237497
304,1,89.1910358688547,1,0,30203.6130043219,14.8444779076554,5670.19043978997,24.9196723925547,5.51109642568982
304,2,90.1539018592715,1,0,33504.382946834,14.8444779076554,5097.16603481049,24.3776194215947,0
304,3,90.4995678240677,1,0,33500.3208549554,14.8444779076554,5165.12073770752,23.8356204065561,3.79217626125562
304,4,88.1358020302564,1,0,33175.7329917173,14.8444779076554,5616.17501441135,30.9048642395531,6.09514558494681
304,5,90.7711781013282,1,0,34745.4823562969,14.8444779076554,6272.66826210561,19.9546761857112,3.74735977851381
304,6,91.7353341597601,1,0,35846.5328599671,14.8444779076554,6256.27147071703,24.1458459883546,4.33425343696902
304,7,102.747428260343,1,1,35310.8103823546,14.8444779076554,6921.00467060584,22.6567212216296,8.9904946191113
304,8,105.281583627656,1,1,36897.234694194,14.8444779076554,6630.12156735028,26.8813506033348,8.10305962348883
304,9,109.421462723254,1,1,36306.7404091352,14.8444779076554,6341.27588594554,24.7064173660437,6.82122542004918
304,10,101.645338852264,1,1,37013.5633764282,14.8444779076554,7550.89066074624,21.8142106940104,6.74729886305308
304,11,114.270689321304,1,1,40519.0488641318,14.8444779076554,7658.71107199093,26.5583915505072,12.1000371201447
304,12,100.464490923162,1,1,40088.6223333305,14.8444779076554,6798.53951894932,23.0168186285091,11.6209995787087
304,13,116.819352271247,1,1,38344.9059721198,14.8444779076554,7751.35937556623,25.0617772505303,14.6188207954051
304,14,115.334672170895,1,1,40296.2461314099,14.8444779076554,7601.77575863,29.6070773020942,17.2299011401686
304,15,107.267620543676,1,1,41274.7154066731,14.8444779076554,9281.33493731195,22.6739170490476,13.3269844726627
305,1,88.9699625842879,1,0,43939.4387695337,14.7424762017832,4576.99216335237,22.330508381544,0.493200476537497
305,2,96.2040054796454,1,0,46373.6962613873,14.7424762017832,3726.54875348248,24.3548328951147,0
305,3,97.9202952370191,1,0,48568.8609690764,14.7424762017832,5692.5516632791,29.2096766508969,4.72518910981624
305,4,96.9238873339937,1,0,46762.63590031,14.7424762017832,5968.48382831026,25.4974682456798,8.03085569153067
305,5,91.3241207875743,1,0,49217.966713069,14.7424762017832,6133.47094752798,19.6840077921267,4.2542385226621
305,6,100.860455795848,1,0,50523.1072879792,14.7424762017832,5596.28216826788,21.5766583451256,10.1213995583512
305,7,105.866763678663,1,1,50842.5498621187,14.7424762017832,6082.48504309723,30.4734571994254,8.0416740866287
305,8,112.679905995028,1,1,51938.3288750966,14.7424762017832,6635.33124028901,21.5208435075363,8.70180367792289
305,9,109.127080091476,1,1,53725.7424300184,14.7424762017832,6414.87739611434,19.9849885733193,8.6233725713253
305,10,108.572577840305,1,1,53652.0778116611,14.7424762017832,7064.78839919722,21.0803630432799,7.73362494535447
305,11,105.480974258151,1,1,52584.4618301812,14.7424762017832,6741.84474909441,23.2852300376164,11.046587774546
305,12,113.366318074184,1,1,56041.5568281338,14.7424762017832,7337.51275446382,24.7757244039095,12.7476861226905
305,13,118.224184525843,1,1,55338.1246202745,14.7424762017832,7621.03609688479,24.4424176128588,17.1276211231716
305,14,116.574592074822,1,1,57045.3006926701,14.7424762017832,7360.45605417587,24.8734564494546,18.6206690761576
305,15,104.771014019792,1,1,58449.5362591781,14.7424762017832,8269.26888386883,27.0559026017768,10.406597461937
306,1,65.7757589424507,0,0,17123.0631232962,8.10380401546062,4663.86750186977,23.7545122544162,4.23146330030967
306,2,69.0179139568364,0,0,19978.5212367506,8.10380401546062,6101.696774854,25.693830902266,1.41708305174584
306,3,74.2611581198584,0,0,21966.1643050069,8.10380401546062,6810.27048964437,27.6980503198964,3.65665479276835
306,4,74.6712846949714,0,0,21373.1910913861,8.10380401546062,6597.41092415887,22.9143478587456,1.01562436952701
306,5,78.0387533848235,0,0,21426.4480035851,8.10380401546062,6760.78940034564,24.0770028501829,7.06604810767208
306,6,84.7251866419895,0,0,23527.9487160329,8.10380401546062,5729.05685707189,27.995805671762,7.27034360076362
306,7,85.1900073545034,0,1,24173.3562323133,8.10380401546062,6303.04275207939,19.5580047332808,8.16947640396879
306,8,85.8259685237824,0,1,25974.6362100143,8.10380401546062,5547.04094129731,25.7105841566058,8.33450736422261
306,9,85.3879609793763,0,1,25959.1429358083,8.10380401546062,7163.99367485468,27.3747901700611,9.923557866897
306,10,79.354790469901,0,1,26796.3813497933,8.10380401546062,6435.65208979113,27.9430324626686,9.6784773556773
306,11,90.5411424957333,0,1,28772.2767046484,8.10380401546062,7197.72971460837,24.9143195769881,12.7936201485553
306,12,87.8928338245518,0,1,29827.3718540754,8.10380401546062,7438.92206665838,23.5669790125714,10.9932053104805
306,13,89.0931524676328,0,1,31393.4728554249,8.10380401546062,8144.52993503991,25.4075633098203,9.99964577679004
306,14,91.8572864389182,0,1,32230.8008952929,8.10380401546062,8786.67627196108,24.4782508808161,13.4554386835794
306,15,90.9401587697974,0,1,31426.7765775768,8.10380401546062,8416.39476371174,24.1305701163797,15.4399733227057
307,1,86.6125634648816,0,0,31133.9222486431,13.273136384803,5285.38283155126,30.4410685314569,0.0810990574718387
307,2,73.6544734301209,0,0,29542.2973113133,13.273136384803,5127.1025451167,24.0676173255111,1.10172183751722
307,3,88.8260958142657,0,0,31665.7886250261,13.273136384803,5588.64251249376,20.7791473663123,0
307,4,86.5055469511874,0,0,30157.1926799372,13.273136384803,6949.92572369737,19.9207417963816,3.98667776940369
307,5,90.9883985081711,0,0,33187.8684116754,13.273136384803,5663.66969293392,21.5295829951023,5.07103020884652
307,6,94.3420846771058,0,0,32348.4448499901,13.273136384803,6224.64850773864,19.9005984856019,6.6519177267924
307,7,86.5335664006945,0,1,33986.7681922363,13.273136384803,6189.23078820372,23.8478641127775,5.65178051734528
307,8,101.647275081467,0,1,34973.3254520084,13.273136384803,5912.7491573698,24.0994895276104,7.06175733639236
307,9,97.6321938434232,0,1,33838.1317712537,13.273136384803,8106.53393010064,28.8136528338106,9.46392021548354
307,10,89.9345251267058,0,1,36874.5164863563,13.273136384803,6367.48528818359,24.7273033314829,9.49612346932709
307,11,95.4418517286889,0,1,37711.908083505,13.273136384803,7718.67952538798,25.5553057478623,10.0912830398996
307,12,95.068370263057,0,1,37531.4914132009,13.273136384803,7485.22490364715,25.9150894797554,9.8219098004189
307,13,97.151066569424,0,1,36657.6640809583,13.273136384803,7366.50761298506,28.4724785032351,14.2861230659433
307,14,91.3024074909166,0,1,37046.8721726364,13.273136384803,7766.21410433691,26.6520215119875,12.8090817874911
307,15,104.684374767545,0,1,37666.7319597369,13.273136384803,7801.85956339597,28.5345835142871,13.8561102750152
308,1,76.6201980840102,0,0,26149.1867369055,8.66236404013474,5546.87875254624,22.4730599129985,2.1902889967383
308,2,79.6640910820749,0,0,27299.6783068564,8.66236404013474,5439.26400384207,32.8804180945786,0.627773807869247
308,3,74.5260319414418,0,0,28570.4543033357,8.66236404013474,4948.27610708659,26.332843767741,1.44872905185054
308,4,77.0890747015311,0,0,29823.9521789128,8.66236404013474,5580.08171617616,26.4474492106335,4.99559227218156
308,5,86.4697580844596,0,0,29320.669959613,8.66236404013474,5913.71175643583,24.8598233309983,4.8986089466846
308,6,86.2704702092388,0,0,31751.1539538016,8.66236404013474,6452.56546732532,24.8400431625351,5.7049203673563
308,7,90.7323270367985,0,1,31091.2050492614,8.66236404013474,6722.85788766855,22.4193194045157,9.02990600310264
308,8,92.032690030457,0,1,30771.1269962956,8.66236404013474,7316.92445003718,28.5131840327989,9.85142811100372
308,9,90.3365432986443,0,1,33796.2842212622,8.66236404013474,6758.00354393859,21.3437042123653,7.01888253082559
308,10,88.9835126888071,0,1,34450.6844637943,8.66236404013474,6596.60446429833,20.2825619089404,8.70719008557952
308,11,92.3472080394997,0,1,34822.5668968585,8.66236404013474,7449.93022508258,28.1397459142712,9.74503135494447
308,12,90.1513832299838,0,1,36006.7254788352,8.66236404013474,7101.70477699212,29.8460230623697,12.6855365300443
308,13,89.2663594406891,0,1,37756.540343999,8.66236404013474,8652.61449514788,26.5969228777658,12.8770760279907
308,14,100.186729002178,0,1,36807.2364530002,8.66236404013474,6705.18466528565,30.1328117171679,12.5157175247054
308,15,104.409879310394,0,1,38958.2597405959,8.66236404013474,7785.41790140615,25.3322198056596,15.8147180102602
309,1,74.4662785811957,0,0,28814.2900496824,8.84678032145533,4703.29206230268,25.0991646235916,0
309,2,73.1760020043602,0,0,31693.2302064013,8.84678032145533,5670.16608235045,23.0219919274868,3.47610019567053
309,3,80.1938131967315,0,0,31086.0825229432,8.84678032145533,4771.61740177175,23.0647050028933,0.423207444661739
309,4,80.9071528876542,0,0,31962.1419995945,8.84678032145533,5769.01256143678,22.1393524332851,5.39331860589044
309,5,79.5101565924919,0,0,33758.4510672146,8.84678032145533,5899.68894929596,33.0144283073229,7.34761315813552
309,6,83.6219769434185,0,0,34688.7635141841,8.84678032145533,5608.73027790028,27.0774062684043,5.37899114954625
309,7,87.346229793626,0,1,36465.8102313062,8.84678032145533,6092.80692910242,23.9536233606708,10.8855703849839
309,8,82.3141265946693,0,1,36437.9945557559,8.84678032145533,7121.72300258836,24.6240429086294,6.22726153105311
309,9,90.3695828601258,0,1,37919.1044624536,8.84678032145533,6605.18660920214,27.0629373568093,6.54594184901546
309,10,89.3547910849725,0,1,38538.5560879178,8.84678032145533,6930.51369494607,26.7163323827778,8.1885975721142
309,11,85.3305755568219,0,1,38317.8362954655,8.84678032145533,7225.20792977321,27.4268288959286,11.6712121585497
309,12,86.5222612277896,0,1,41008.3654727776,8.84678032145533,6776.63545497074,19.487048231771,13.0433513032244
309,13,95.4372668873258,0,1,39716.1147473607,8.84678032145533,7837.69782209954,21.2175670165512,15.6417348096951
309,14,94.4468598922671,0,1,42648.9743555167,8.84678032145533,7637.15098794126,27.9062611869901,13.1904900643731
309,15,109.217855164633,0,1,41675.7089100511,8.84678032145533,9012.08523253189,21.5012835896227,17.6533720128923
310,1,82.4452615012912,0,0,26853.8548901732,13.5762373447991,5044.41312424389,20.0806820547048,0.498822015131372
310,2,81.1801058233986,0,0,26674.4662003763,13.5762373447991,6159.48414052907,28.4312787882066,1.30015760235621
310,3,77.7784650840736,0,0,27733.103918618,13.5762373447991,5978.21739591356,27.2677785219683,2.782238194016
310,4,76.6173471032673,0,0,30540.9934716352,13.5762373447991,5787.39277580266,24.3610151543427,1.0216328211986
310,5,90.021035558845,0,0,28760.8838979484,13.5762373447991,5561.171767098,24.0054380328837,5.14865840090867
310,6,86.4616761302152,0,0,31480.0978303154,13.5762373447991,6950.27913417302,19.7419759263505,5.13315509484731
310,7,96.1438580858893,0,1,30665.0362545863,13.5762373447991,5956.28214108756,25.7187824777791,6.57750625747877
310,8,97.9509646874461,0,1,32280.673954974,13.5762373447991,7226.63242622661,25.5486638060229,8.03340181886673
310,9,102.994769163997,0,1,33043.9221071349,13.5762373447991,6809.23836662876,24.5459369901957,13.7827068752906
310,10,92.990163988663,0,1,36020.2342824236,13.5762373447991,6288.84485846141,25.3871880641873,10.3607482221839
310,11,99.9681936903745,0,1,36262.5728474221,13.5762373447991,7138.12246563641,24.8646500159102,14.7436172385594
310,12,102.213020884731,0,1,35977.3013164812,13.5762373447991,8719.00033667212,29.6452827125785,13.023585016113
310,13,107.110988418679,0,1,36947.744840175,13.5762373447991,8806.18094475963,22.4988360143831,13.8625829647782
310,14,90.853240543304,0,1,37806.7316920483,13.5762373447991,8296.83174908237,22.953870980562,12.7868170860499
310,15,110.049781565791,0,1,37258.247666541,13.5762373447991,7901.75201227723,22.8256253824026,16.3251175133193
311,1,71.6230203081671,0,0,22741.5672768485,9.94192799972084,4996.96413932585,23.9152782784503,0
311,2,80.571757799119,0,0,25334.8786338232,9.94192799972084,4958.37341739988,23.8054606875946,0
311,3,71.1063338119263,0,0,26413.1337298079,9.94192799972084,5410.71539031493,29.7905176475529,1.7439254489463
311,4,83.7859119791519,0,0,26988.3131615888,9.94192799972084,6160.92696805479,20.3346457472669,2.02778850855092
311,5,76.1929712362369,0,0,27918.8679274253,9.94192799972084,6103.46858935211,23.6231525024084,2.26150323499822
311,6,88.1503564901142,0,0,29854.9111435511,9.94192799972084,5302.64950613481,17.4523236017616,8.81022344397394
311,7,98.1064950328602,0,1,32787.7409784296,9.94192799972084,7344.26957392093,28.1867587415042,7.91355632918391
311,8,85.3840067780537,0,1,31749.338711283,9.94192799972084,6379.08365654218,25.3270315583698,8.98641025775949
311,9,87.8011740931252,0,1,34324.0675943912,9.94192799972084,7409.55487622792,23.2262221623812,7.10311245105586
311,10,92.0986805354768,0,1,34046.7302755907,9.94192799972084,7130.33400408851,26.0757167223894,11.3884933919528
311,11,89.2375232527512,0,1,35699.023602647,9.94192799972084,6902.0135480113,23.0308019391452,9.21946222082011
311,12,94.7895515728513,0,1,38659.7713607871,9.94192799972084,7244.07489296522,25.3349969062684,13.2584512524878
311,13,105.239596956172,0,1,37877.2214619486,9.94192799972084,8482.96741818644,21.8378747499359,13.7963644082276
311,14,97.0600699634635,0,1,38030.2679822467,9.94192799972084,7861.0505158808,28.7705515882248,14.9001143051201
311,15,107.377494418892,0,1,38068.5237812663,9.94192799972084,8553.94690902246,23.9862873403147,16.1932971601499
312,1,78.3828461785819,0,0,34794.0932536506,14.9804399463666,5595.65031943692,24.4997038899856,1.10878215290948
312,2,90.2287380530792,0,0,36982.4511663955,14.9804399463666,4862.40806584916,26.6494567480567,2.0768545403459
312,3,76.4772004592805,0,0,36196.5802492169,14.9804399463666,5316.25604167351,21.2144583745753,0.883495444033083
312,4,90.8738423038247,0,0,38154.7453379871,14.9804399463666,5687.36073589398,21.7139595890603,4.13057918071845
312,5,84.8974545679171,0,0,37776.3875872053,14.9804399463666,5450.28290297484,30.9309944992842,10.2820684028273
312,6,88.0263860453426,0,0,37291.7423674443,14.9804399463666,5803.30140895686,27.5685509531909,3.52583003726218
312,7,82.8614500434987,0,1,37475.4996893134,14.9804399463666,7270.70714698386,21.7023644930231,4.30172316719008
312,8,90.4194038890341,0,1,39038.763059072,14.9804399463666,6786.74554779693,24.0889459685848,7.85880468814802
312,9,94.8987391134142,0,1,40733.8163917195,14.9804399463666,6931.23053833927,27.1724831748284,7.18866467253533
312,10,95.0137282309984,0,1,40907.0377999298,14.9804399463666,7736.09044863744,23.3838135926833,7.65274412052153
312,11,98.0913985100064,0,1,41293.9422013478,14.9804399463666,7815.39133338409,25.3893494988217,14.0066046331933
312,12,95.003877181669,0,1,42848.2490122324,14.9804399463666,7227.37374076941,24.6427474847285,11.7287489979567
312,13,102.923598136053,0,1,42343.206390145,14.9804399463666,7447.22333303782,26.794179113109,10.017687031711
312,14,103.339004754386,0,1,45081.9560623866,14.9804399463666,6955.86532997361,30.7237814742639,9.93978470318695
312,15,108.32556342137,0,1,44192.9412088344,14.9804399463666,7192.27317665793,24.8891110844185,16.2897528961893
313,1,74.7057314852684,1,0,22148.4332604673,12.115570797226,5752.12392696676,31.4614933728204,1.05662457962852
313,2,75.9471286086009,1,0,22442.1876412007,12.115570797226,5528.24072002175,17.846249422634,2.58684362732755
313,3,86.2274803438653,1,0,24916.5942675758,12.115570797226,5715.72370941841,25.1344250878056,2.75002551387041
313,4,77.0666614168273,1,0,25767.0554287087,12.115570797226,5195.85302856288,23.0029929481185,4.20071483201247
313,5,86.9757228151762,1,0,25970.5545389701,12.115570797226,5597.32404333685,16.5175724720851,3.97366569369261
313,6,87.3753967653101,1,0,25469.3702416754,12.115570797226,6140.09420302297,25.1848854523878,4.46575758735956
313,7,95.9791858881036,1,1,28621.9042065953,12.115570797226,6318.73951668078,26.4918816186118,6.44359707605246
313,8,86.6840885961429,1,1,29911.0009561826,12.115570797226,7008.21230553497,25.9324795727804,5.90547589684869
313,9,100.520399927896,1,1,30999.3562209375,12.115570797226,7358.48410314163,27.7066857179104,10.2862492947911
313,10,105.219758514633,1,1,32581.1077446876,12.115570797226,7706.93635076674,25.6715815476406,10.7062277102365
313,11,107.804505421219,1,1,31735.0574082831,12.115570797226,7058.53009442222,23.4900019531096,11.4649183076947
313,12,97.3705740417144,1,1,32839.7006938617,12.115570797226,7615.76645509414,26.4212136031858,8.85252040488339
313,13,104.945632162781,1,1,33322.1588041577,12.115570797226,7856.55472476183,21.4016635637458,11.714938004219
313,14,112.343001677847,1,1,36482.0844859362,12.115570797226,7641.06263708765,22.9028811905514,16.0072716628464
313,15,115.705381769839,1,1,36188.183040811,12.115570797226,8445.95192117469,21.8531792932294,14.2148993147506
314,1,87.0473519354604,0,0,42081.8142651421,13.6084469273572,5329.43111786627,24.7989776316994,2.43713315489207
314,2,87.3186710429118,0,0,43840.7124226143,13.6084469273572,5900.28408957418,26.6971853330751,0.221570420380758
314,3,93.7923526719542,0,0,44703.2005097199,13.6084469273572,5917.94645558511,17.3368394186746,3.43518488019284
314,4,97.7878404339352,0,0,45266.1499873362,13.6084469273572,6154.77544221054,23.1479614156071,4.58187927292355
314,5,96.749272136041,0,0,48875.240363295,13.6084469273572,5096.14309394123,23.1576885438975,6.6440790329469
314,6,101.72263906342,0,0,47175.5968582625,13.6084469273572,6433.22734951697,17.4800291539944,6.47878598206797
314,7,96.4628167946042,0,1,50064.814713784,13.6084469273572,6225.94061734989,27.15396721588,7.64504768316446
314,8,105.364892973808,0,1,50530.754807335,13.6084469273572,6198.98250740746,26.3858953273787,8.77075402902349
314,9,107.103342846702,0,1,52754.3981285308,13.6084469273572,7604.52233423926,26.8344960704535,10.7135446233172
314,10,91.6781088996038,0,1,52055.2157514637,13.6084469273572,6368.23605941694,26.2072470728176,7.62802183459151
314,11,96.8321858951158,0,1,52961.6811410094,13.6084469273572,7861.3235818671,25.4743439732724,10.8164624932827
314,12,105.414861664806,0,1,53343.7743192989,13.6084469273572,7445.45578956983,23.7255640193936,11.146944701196
314,13,110.421634880217,0,1,53765.4652780129,13.6084469273572,6642.78495364573,30.3459245227222,15.6363861914962
314,14,118.027741806692,0,1,55672.9388354258,13.6084469273572,7968.25561222824,22.1237472525054,14.9609876943652
314,15,111.275748499194,0,1,56388.7627214528,13.6084469273572,6873.27545667809,23.5245945923946,17.6806451257382
315,1,75.6315819382322,0,0,20761.8573995363,10.4291199063415,5493.22874418427,28.6770820881503,0.509038458499775
315,2,73.4976082730927,0,0,22418.1898473737,10.4291199063415,6016.95966777832,28.0724460611532,0
315,3,74.2542531407084,0,0,22365.687438648,10.4291199063415,5563.8232286401,26.005351664132,2.03207192488505
315,4,68.984891765913,0,0,20166.5728065688,10.4291199063415,6011.58189444215,26.328470007154,5.1034205548198
315,5,90.4788872507365,0,0,24138.8663073993,10.4291199063415,6838.5192580909,21.0477092301882,6.81078762519145
315,6,81.8825968537175,0,0,25303.6051780548,10.4291199063415,5791.45759666856,26.6573229604272,5.17872285411861
315,7,78.4318178224827,0,1,25812.1992101175,10.4291199063415,6531.09947873235,25.5839707020764,4.62014476493807
315,8,92.7367554169565,0,1,26851.3854568126,10.4291199063415,7285.2936636756,23.9356303900226,8.06762108858423
315,9,84.796879005672,0,1,26967.5326089825,10.4291199063415,7108.03694058275,23.8153622659222,7.20719041299345
315,10,97.8371750327704,0,1,29137.7532391067,10.4291199063415,7093.43535350886,27.3980322224309,8.56676757757684
315,11,87.4661743000347,0,1,28613.944691843,10.4291199063415,6773.17285261386,22.2708105483046,13.1480405991167
315,12,85.8825833009317,0,1,29261.6443333164,10.4291199063415,6777.7285015889,25.718115723976,8.19802195498223
315,13,87.620076298664,0,1,31412.6336900845,10.4291199063415,7272.61945567156,21.0674300438373,13.6351435340494
315,14,99.6300088663333,0,1,32448.1811061227,10.4291199063415,8246.89848805292,18.0937475974463,12.0357296964573
315,15,96.5345738885695,0,1,31603.9900966813,10.4291199063415,8255.52266518633,26.1575777452919,13.7262780711194
316,1,74.9781167532006,1,0,31286.8089918463,8.54633599516922,5778.28559023263,26.7218086545032,2.11649189453923
316,2,80.0270566414874,1,0,31308.1011790171,8.54633599516922,5028.76251830595,24.5528264621964,3.61725870065297
316,3,72.3842559085743,1,0,32752.9449194188,8.54633599516922,5124.82959132023,27.3817611728023,3.42838716872987
316,4,86.2009266106478,1,0,34971.3839306431,8.54633599516922,6173.99764117562,26.0266697908933,7.34502908374021
316,5,82.8894956738175,1,0,34708.9436199866,8.54633599516922,6303.96896840939,25.2933872841605,1.84564787469917
316,6,74.4104523138591,1,0,35083.161946027,8.54633599516922,5694.18995339955,23.7337245905564,5.54935697737313
316,7,84.853922400443,1,1,35508.9588962184,8.54633599516922,6668.03849912751,23.0425707856912,10.7258738873183
316,8,90.1153234961749,1,1,35435.5430563642,8.54633599516922,5822.22597582725,27.6758550004142,8.03780701497767
316,9,91.0122767131365,1,1,34585.9872825686,8.54633599516922,6659.67178785812,20.4947379811451,11.4354467008973
316,10,95.9636848662902,1,1,37605.8102607803,8.54633599516922,6325.24934328079,23.3337394526834,12.1195405797072
316,11,95.5469555129203,1,1,37606.4797480172,8.54633599516922,6632.71439757716,19.9128401520941,15.3428432622552
316,12,94.6478229439951,1,1,37547.6259774249,8.54633599516922,7014.16236747226,24.7330240318898,10.7063738949464
316,13,97.3946100763789,1,1,39982.5054174213,8.54633599516922,7612.54945324711,27.1266353726973,14.6510655303571
316,14,99.4494475062611,1,1,40121.6520507381,8.54633599516922,8497.12522022369,26.0865434298485,14.5530722762558
316,15,106.946897739438,1,1,41090.8136440981,8.54633599516922,8191.70799362752,22.6414475310705,14.6823439784512
317,1,83.5798623871249,1,0,35593.5132778468,14.7442567230083,4780.11364393842,26.025889624064,0
317,2,91.3901379426207,1,0,34666.1236631805,14.7442567230083,5141.13945516787,27.1325556410835,1.82254471681986
317,3,80.5262438960567,1,0,35755.4727292418,14.7442567230083,6265.1815425284,24.1772071865155,1.8036961864314
317,4,92.305681009522,1,0,34682.1525203528,14.7442567230083,5100.77374599946,27.4619960176401,6.69499530462852
317,5,81.9095763586217,1,0,36973.5609573144,14.7442567230083,5909.25738269801,23.9770769427909,4.02631062926656
317,6,86.29959259982,1,0,35978.9842817921,14.7442567230083,5067.57314944144,22.5644324641832,3.41613525836734
317,7,103.068427956677,1,1,38451.3404089583,14.7442567230083,6336.53891047597,25.9695525764813,7.44752123222903
317,8,103.007233249326,1,1,39075.6364123732,14.7442567230083,6981.88772990519,21.1679541749779,6.84950443073441
317,9,95.8905263274095,1,1,38885.1657096286,14.7442567230083,6613.66359070479,23.0109073954047,6.97456831742637
317,10,98.0374886909876,1,1,40062.3773968492,14.7442567230083,6952.77153283759,21.1166883466058,9.73131381801661
317,11,105.621247679713,1,1,39049.7581716889,14.7442567230083,7085.63273140558,15.1600502134801,9.82099217648137
317,12,104.164946585021,1,1,41629.1469887224,14.7442567230083,7596.96873919373,25.424600075699,13.5099922565351
317,13,107.128439689366,1,1,43734.3872788185,14.7442567230083,7664.16324341658,20.8947360377896,11.1716673477031
317,14,97.7580283291016,1,1,43016.1820270826,14.7442567230083,8030.39149467236,22.8167540419153,14.7934059146379
317,15,108.002952190411,1,1,44728.828422363,14.7442567230083,8015.86589564177,24.7960200375924,12.7380864445705
318,1,81.7562045025754,0,0,35438.5705509501,12.7142144746881,5834.67528388101,26.5417139655999,0
318,2,89.1932201764075,0,0,36204.1292544914,12.7142144746881,5233.44658224642,27.4093654265876,0.0518142483499675
318,3,92.6462028777164,0,0,38516.0444994586,12.7142144746881,6146.40752191606,25.4193808457951,0.374398263315194
318,4,90.7133419026374,0,0,38765.5119491594,12.7142144746881,5928.70905160486,24.1301583702429,3.80082810851639
318,5,87.3434386093682,0,0,39952.7071456734,12.7142144746881,5823.53305963909,23.8230809712063,3.14012583389978
318,6,88.9065990177878,0,0,39907.9657707126,12.7142144746881,7173.63781230224,24.6798534840625,5.68925903133696
318,7,99.8010346395913,0,1,40887.1541285381,12.7142144746881,6811.78308114675,23.1489925858787,9.72633697351968
318,8,108.394653263658,0,1,42076.4445259025,12.7142144746881,7245.46278711301,25.6730590201837,6.04638753753996
318,9,93.9530849156218,0,1,42761.4536019741,12.7142144746881,6381.16938356077,24.3178628162532,9.53723078852883
318,10,97.1636472785467,0,1,44400.9022774616,12.7142144746881,7151.32212676628,28.803845182192,10.0077620902625
318,11,96.2650485912661,0,1,44133.0658379291,12.7142144746881,7507.14739356473,22.1943751167814,8.53879649111162
318,12,106.183597840551,0,1,44472.38597482,12.7142144746881,7459.64954718276,19.8530238494916,10.8981677578182
318,13,105.50087404315,0,1,47763.7143406057,12.7142144746881,7809.92787883585,31.5096642057956,11.2668515701151
318,14,110.997508681158,0,1,46437.8299897947,12.7142144746881,7282.02590798599,21.2464810553707,12.8516753101072
318,15,115.773700270928,0,1,48355.5878595433,12.7142144746881,8094.47157760352,25.4354641342444,15.5119229273412
319,1,73.7912254436707,0,0,26510.9914923107,11.2827967216359,5509.49942843365,23.2945594902687,2.07710718685713
319,2,65.6016334506953,0,0,28513.8740719403,11.2827967216359,5210.86529619601,29.6225450265638,1.26619207178869
319,3,73.4905434816608,0,0,32364.7307632864,11.2827967216359,5736.79043769953,28.6180021782061,2.67558848648008
319,4,68.7620617868618,0,0,30820.597718343,11.2827967216359,5389.90099169483,22.3499676104947,1.22303194074685
319,5,78.7336120974417,0,0,32331.3410679496,11.2827967216359,5129.8514091028,21.1468860583145,7.41467387614634
319,6,73.9790074694427,0,0,32843.8177909385,11.2827967216359,5733.01388778601,21.0354995546445,4.81672571040947
319,7,66.9843876404762,0,1,31666.7420810625,11.2827967216359,6088.00988787173,28.2185469447052,9.56156188708201
319,8,80.6726106728987,0,1,34731.5843804925,11.2827967216359,6742.08382307847,19.7390365317463,10.5720295248405
319,9,83.3451598289879,0,1,33636.3065021316,11.2827967216359,6385.02468993792,28.4530742067732,9.76977820183916
319,10,89.6254408192762,0,1,36156.6636136852,11.2827967216359,7903.12194347045,24.0102505925397,10.6254445608064
319,11,82.7155548892766,0,1,35023.9336248175,11.2827967216359,7169.40940769561,22.9608537425181,12.0166152518158
319,12,90.1571372979595,0,1,36983.763324022,11.2827967216359,7942.90538241923,25.4013385748315,13.7372294312321
319,13,94.0906911451472,0,1,38331.3622066394,11.2827967216359,7706.43178372036,19.6979709591861,11.5186290485776
319,14,99.0085836319244,0,1,38260.7870033507,11.2827967216359,8026.28779457992,22.391219378733,16.453080939084
319,15,103.3786120815,0,1,39227.9211387899,11.2827967216359,7915.8679117721,25.2092382471302,16.1947799298552
320,1,76.232032356027,1,0,32364.7895494903,12.2077059796372,5623.6445476068,23.8358535427731,2.68304765066908
320,2,79.6096976732703,1,0,33667.8808555057,12.2077059796372,4606.44379187941,25.9898732132805,0.733681876995923
320,3,81.0274387500612,1,0,35621.365687717,12.2077059796372,5466.41261418183,28.1628145376501,3.5714565028328
320,4,84.9970253667799,1,0,38084.0168604549,12.2077059796372,6022.89646769713,28.3642311367581,3.68427941139375
320,5,85.6378149249394,1,0,36302.3801996396,12.2077059796372,6093.49707922656,24.1466663295117,5.42459481692886
320,6,82.6902712600081,1,0,38900.4003429865,12.2077059796372,6032.00926510718,27.2545813612088,8.29382953324268
320,7,88.2649738541291,1,1,39419.4188107754,12.2077059796372,6020.81120610031,25.4226606957785,4.79288509956864
320,8,88.1209086123271,1,1,39952.5240894586,12.2077059796372,5551.40181155901,26.6835853163089,9.74427667048133
320,9,98.3068075114135,1,1,40985.5629187146,12.2077059796372,6931.06235114643,25.9729251992138,10.7710277009194
320,10,102.916972852987,1,1,41197.6197061858,12.2077059796372,6587.23664181859,23.1755609508527,6.30734393761967
320,11,101.906774134955,1,1,44341.0757719028,12.2077059796372,6655.88351881409,28.111336995685,12.1027832255275
320,12,110.777415333764,1,1,45542.9037187496,12.2077059796372,8306.85586749733,21.4131412290243,14.7366191853869
320,13,98.4778670639401,1,1,45159.7293083774,12.2077059796372,7187.20566147046,23.0907928477443,13.8302455095107
320,14,110.448703575851,1,1,45616.2522078162,12.2077059796372,7661.27393522714,25.6826577043697,14.3689522788279
320,15,114.051929422343,1,1,48003.6123155781,12.2077059796372,7606.72458905497,28.6375549928035,15.0102888263855
321,1,89.8983051911503,1,0,39714.2041858631,15.9777250277977,5958.1809944224,25.0714963230524,0.338093125640683
321,2,86.3830048547919,1,0,41244.8469082189,15.9777250277977,5592.48836071568,24.0882522758748,4.73648188369009
321,3,86.0916154680803,1,0,39854.6644495633,15.9777250277977,5287.51892804144,20.6055758806205,1.38579398509707
321,4,103.758052044694,1,0,41198.0417525809,15.9777250277977,6299.76770678755,26.4588208441331,8.62787050536887
321,5,103.052868144031,1,0,43938.4837545893,15.9777250277977,6051.74456028946,26.1185072050337,5.42781284009859
321,6,96.6321379067931,1,0,42729.3175203732,15.9777250277977,5652.39994608018,22.9166456435998,6.23783997017112
321,7,96.9753664931285,1,1,43029.0283225772,15.9777250277977,6237.88039630714,19.4382303598707,6.03527314777904
321,8,108.558106988062,1,1,45295.1316344461,15.9777250277977,6906.60669849826,22.9292976156657,9.22977800162678
321,9,102.074900049913,1,1,48231.0893603281,15.9777250277977,7161.35526480653,18.2992267052477,6.52368292252646
321,10,105.029603194914,1,1,46008.2258256051,15.9777250277977,7179.16488609393,28.63561456909,12.2614431104607
321,11,115.45643471434,1,1,47194.3310763597,15.9777250277977,7433.04656045546,19.8660250728481,9.55674468467493
321,12,127.301507805165,1,1,48470.5568084333,15.9777250277977,7897.63024209501,23.6177167507429,14.1611060676344
321,13,114.213308559389,1,1,49540.5499078,15.9777250277977,7855.97198475751,29.1702120671849,10.6156583362831
321,14,119.996978064709,1,1,49999.649645064,15.9777250277977,8001.10720952455,28.1450976871341,12.4949719501396
321,15,121.832335259964,1,1,51773.8872008323,15.9777250277977,8132.8357930347,24.0521532242065,11.5865694463633
322,1,77.2040104575955,0,0,18417.7938778865,9.90550009613978,4604.32415442458,23.804148317083,1.28100118335365
322,2,73.7599878042163,0,0,19664.8432412407,9.90550009613978,5159.63948970295,26.6922410166803,4.69888895508409
322,3,72.7485318147767,0,0,21201.063433848,9.90550009613978,5652.62309577483,30.520229798644,3.37578929633069
322,4,77.4088797063612,0,0,21382.626800135,9.90550009613978,5520.73685636595,27.3483445727021,6.07403127674415
322,5,77.3281908101767,0,0,22666.1365444631,9.90550009613978,6463.13135633116,24.6390267584489,3.53564636403082
322,6,76.7094981606258,0,0,21311.2947192032,9.90550009613978,6582.02965018595,21.4491561520529,3.27026342740842
322,7,79.8966787393807,0,1,22597.3165540827,9.90550009613978,6984.81426143791,27.6249734717554,7.02471354159076
322,8,72.9416787249936,0,1,23998.3589323526,9.90550009613978,7146.7927815423,28.8888643265153,9.62550714557029
322,9,92.8920890160528,0,1,23304.3092219748,9.90550009613978,6374.72523741792,24.7511046833055,8.08345828426283
322,10,84.0997464200383,0,1,25794.9320347983,9.90550009613978,6505.37826642764,21.8055270782632,8.97987708148586
322,11,85.609227008022,0,1,27251.5226032937,9.90550009613978,6468.33916819023,21.0068811485132,7.80866397147588
322,12,85.0480186153257,0,1,26924.3454411112,9.90550009613978,7601.76257341298,19.1344112720968,12.3334868192969
322,13,81.2001801896616,0,1,26140.8194110759,9.90550009613978,6974.47396286976,22.5692676636181,14.3062505558149
322,14,87.681449567484,0,1,28258.9097115496,9.90550009613978,6907.73091141841,22.942269791538,13.1190952744075
322,15,97.0579991875698,0,1,27932.3464303325,9.90550009613978,8975.29282729218,23.6063780758963,18.2478457172353
323,1,74.0818167522186,0,0,24075.6381010832,9.75177466661046,5194.20464489008,22.3777019149166,1.48509081707005
323,2,71.2943204283611,0,0,23535.0733788287,9.75177466661046,6559.96859079191,22.2745526039301,1.81326006057363
323,3,74.5847651467352,0,0,23488.0538737636,9.75177466661046,5673.54899005799,22.1829555011035,4.66490646355782
323,4,68.8364934952146,0,0,26977.4271972162,9.75177466661046,5901.57436354666,28.4065693918196,2.27724551706024
323,5,69.0882491720896,0,0,26980.2712098543,9.75177466661046,5395.57250091408,25.9692567515546,4.41470086013575
323,6,79.6273249631371,0,0,26151.2238986186,9.75177466661046,6741.98127353743,21.0475122268479,3.50575764543453
323,7,78.8471940763849,0,1,26498.263791993,9.75177466661046,6545.50471755674,27.9423984525568,7.53380009302904
323,8,81.6731821519393,0,1,27276.9115117178,9.75177466661046,7071.29779873936,25.461801392165,10.895009276199
323,9,78.1641856495296,0,1,28563.2420224214,9.75177466661046,7048.822968983,26.195334981523,8.48547750646228
323,10,84.158257441134,0,1,30896.4031263409,9.75177466661046,7616.41911151745,25.5523441006134,6.61076690151115
323,11,88.0338902143556,0,1,30669.4311080922,9.75177466661046,7322.92784786906,27.1734562175966,13.8610821024875
323,12,87.5661752268547,0,1,29927.3785537007,9.75177466661046,6824.60381306895,24.0480808538756,11.2581679191969
323,13,93.7237709720808,0,1,32457.4638781127,9.75177466661046,7665.11705471635,24.3286819942504,15.2193730756461
323,14,91.4823173608797,0,1,30683.2789741523,9.75177466661046,7336.77727602279,27.71426878089,16.5115818484039
323,15,97.4386542624458,0,1,34346.8616151301,9.75177466661046,7965.37930853292,29.5736268571687,15.9640375187402
324,1,78.5873339271396,1,0,32996.2561610115,10.1411548418779,4861.14382750012,24.9738410157635,0.419564592009382
324,2,87.5169829387717,1,0,35362.6416700888,10.1411548418779,4141.99874485266,24.5009664181391,2.32351263218533
324,3,78.6149208659183,1,0,33596.9938859586,10.1411548418779,5089.14603703903,26.9134141474576,3.919960589464
324,4,82.0683920654513,1,0,35266.8668928866,10.1411548418779,6674.00890405806,28.9035642058071,1.218682698682
324,5,92.6539382071533,1,0,35470.4212023104,10.1411548418779,6223.6654289371,28.7530985595312,6.13838340752705
324,6,81.2307177899828,1,0,37005.2084610613,10.1411548418779,6034.90873900632,24.8341734316442,3.41152604124717
324,7,97.1017749984775,1,1,36377.5215048153,10.1411548418779,6127.20934998138,20.5315885070187,6.4216238310186
324,8,87.9435599303035,1,1,36806.5834682332,10.1411548418779,6694.84525211947,33.8374436427422,6.75766846979633
324,9,85.0962792857581,1,1,37765.1953863376,10.1411548418779,6272.63208888475,26.8580630614775,6.16218475093162
324,10,97.9802369493311,1,1,41164.3033203521,10.1411548418779,6997.76977067618,25.7045951258878,14.0465122715262
324,11,93.1091986549612,1,1,40322.0957417066,10.1411548418779,7303.08070444912,27.4445589618212,14.5252592451921
324,12,105.129384435893,1,1,41794.0312057181,10.1411548418779,7625.69718635391,27.0785023843967,12.7676312262928
324,13,101.159912976078,1,1,40686.7126726851,10.1411548418779,7981.94434917805,30.0182199264352,12.3852342326233
324,14,99.7858702845415,1,1,42021.1334392859,10.1411548418779,7618.76735382918,21.9864427187779,16.8879468779322
324,15,106.652725102046,1,1,42723.9309180891,10.1411548418779,8083.64213961363,23.7793316591,12.2022044120646
325,1,64.0243078244167,0,0,27034.6480073607,7.2450261953704,5450.70179930723,21.8454157579,0.760649920775206
325,2,72.8513907858081,0,0,28040.2109382713,7.2450261953704,5337.83661384725,17.7735629604664,3.76500097590074
325,3,70.4051988628581,0,0,29343.3235915758,7.2450261953704,5408.13951409057,24.136794964503,1.67984631622962
325,4,74.267202047649,0,0,29123.6448698639,7.2450261953704,5788.72566186706,23.6500291212816,2.47464256142136
325,5,75.5813262491042,0,0,31554.9165300014,7.2450261953704,5561.55554575765,29.4103592304973,5.3105606059963
325,6,80.0045509884584,0,0,33448.4134556472,7.2450261953704,6299.39480567202,28.9929421623163,3.59421630959278
325,7,80.3664895703999,0,1,32461.3388342048,7.2450261953704,6936.04478224092,24.9758816038355,4.50766738807665
325,8,80.570179685925,0,1,33910.2530387108,7.2450261953704,6602.04388537454,24.3601380785393,9.73619724061647
325,9,79.7321278626512,0,1,34469.4166117237,7.2450261953704,6817.83674553468,30.2306211256162,8.24625129471478
325,10,83.152156508179,0,1,35090.6812953346,7.2450261953704,6593.80285068297,27.4202419093748,11.1129535765231
325,11,87.1087106563056,0,1,36444.0046955327,7.2450261953704,7174.26767207445,29.3382624102487,6.39364492522928
325,12,94.6433826888158,0,1,36807.3320888677,7.2450261953704,7055.3310383465,25.1807545877901,13.9322771721559
325,13,107.529016352222,0,1,36863.8193836868,7.2450261953704,7759.40163687941,24.3446535617615,19.2083743178477
325,14,93.258988556883,0,1,38512.921521198,7.2450261953704,8378.8079036751,24.440059428796,13.7683670329559
325,15,94.620049351645,0,1,40687.3768008934,7.2450261953704,7853.15937915891,27.3041621859263,14.115814094673
326,1,77.638285058092,0,0,42239.7782292113,14.4588844125112,4935.81986452838,30.3934142160849,0.164788605592496
326,2,78.7345969339474,0,0,42775.037984168,14.4588844125112,5290.95161689798,25.5586044230072,2.38185356024332
326,3,94.2156307894068,0,0,42975.6277103487,14.4588844125112,6180.70433029553,21.4572588935248,3.99780767386851
326,4,79.7842790507797,0,0,44352.1901402322,14.4588844125112,5764.58091866827,29.6563943264542,2.48968553354034
326,5,82.5345092669058,0,0,42479.537238762,14.4588844125112,4839.34155191162,24.2852702412552,5.02937630397877
326,6,80.6083312592981,0,0,45150.2156776083,14.4588844125112,5969.37363884676,23.136834545293,5.89343916392006
326,7,91.0864497309852,0,1,44431.0516046509,14.4588844125112,6719.90739916092,20.3323059206404,8.81971072547777
326,8,89.080081434817,0,1,46233.0808218692,14.4588844125112,6827.39136300349,26.6121266574047,9.54024950666159
326,9,95.2345278448404,0,1,45948.0582339863,14.4588844125112,6474.87132621699,21.2384340856897,8.05509398540028
326,10,85.5040908503591,0,1,49325.6708112932,14.4588844125112,6002.99268631023,26.1684990324453,8.90925997100989
326,11,102.957330554614,0,1,48079.2638683054,14.4588844125112,7101.04437182639,23.5019095932234,12.9828397854489
326,12,113.389999985307,0,1,48989.1364983401,14.4588844125112,7981.97619403001,24.0321203198285,13.1655735972971
326,13,92.5059056458379,0,1,51422.9112764349,14.4588844125112,8312.16388529405,23.128782176623,11.3747851711767
326,14,104.857739249081,0,1,51710.6651853483,14.4588844125112,8666.49266661405,25.4231001973857,16.2788410936511
326,15,109.096545898235,0,1,51264.6596538078,14.4588844125112,8250.21740124985,25.6412642860568,15.2779916333666
327,1,86.4883498460645,1,0,34269.0435446492,12.5771089402327,4798.21431704084,28.2875045895167,0
327,2,82.4353009865891,1,0,38028.7331458774,12.5771089402327,5394.97131403166,28.7675569320217,5.69895697139697
327,3,91.2079947237429,1,0,37721.2211050215,12.5771089402327,4830.8114091411,18.7155776632786,2.69721809654029
327,4,83.4917885819811,1,0,38291.5013200578,12.5771089402327,5431.78549583745,25.019587407192,3.40724600613774
327,5,81.4288347376708,1,0,39361.0113621235,12.5771089402327,4919.91298932001,27.6182740994009,2.9746853000425
327,6,98.8574512443546,1,0,39683.6225668517,12.5771089402327,5229.49028616948,22.5542844408476,5.00298747617755
327,7,93.5842210586224,1,1,40287.0642419846,12.5771089402327,6886.72032313271,22.8499473687943,6.04738476856828
327,8,105.292991353008,1,1,41596.5464501697,12.5771089402327,5797.2676163115,22.2467698421996,8.09661529617463
327,9,107.357754383489,1,1,44594.7836569276,12.5771089402327,6544.19422115991,25.5052763664622,7.57938675929028
327,10,107.773381768321,1,1,43369.1908737765,12.5771089402327,7408.40444365743,21.7932319733203,10.7352332957722
327,11,106.422480621837,1,1,44993.4724377856,12.5771089402327,7332.55665046826,20.2132681198433,12.0371366715948
327,12,107.937475595556,1,1,46744.6213811486,12.5771089402327,7735.40267829048,27.399901079254,13.5107159246441
327,13,104.640203443323,1,1,47568.6871097895,12.5771089402327,7492.97059067335,22.72586156069,11.0384800117151
327,14,122.0225433596,1,1,46076.8655456958,12.5771089402327,7783.68149554274,18.6988318608246,13.3025126547329
327,15,110.688493659006,1,1,50390.4451448279,12.5771089402327,7310.25678414345,25.0439333095664,10.9751172335856
328,1,77.0764517034561,0,0,31488.4070890782,12.6215159226538,5164.53890365636,20.9829728700163,0
328,2,70.7459067370597,0,0,33043.2947179968,12.6215159226538,5798.33599379201,25.6622388748789,1.70953676504166
328,3,71.4403898076292,0,0,31839.4389408395,12.6215159226538,5600.48126296084,28.8871298878097,1.51562476865657
328,4,68.7738606718938,0,0,33061.6335371284,12.6215159226538,6701.94985827578,21.8685201645601,5.3506611512005
328,5,79.1110761015719,0,0,33974.0620448306,12.6215159226538,5861.06776772494,26.6931048890102,5.63924465582817
328,6,84.8897786187392,0,0,35628.2634137475,12.6215159226538,6531.58054447441,29.8198643665768,10.1923916414507
328,7,82.5214728442135,0,1,34488.1711233294,12.6215159226538,5872.92591500362,29.3642840016249,6.78458326210491
328,8,86.2364220484891,0,1,35963.2152229982,12.6215159226538,6158.27464579199,28.9431651025699,10.8864705321017
328,9,90.7321670999281,0,1,37800.690404746,12.6215159226538,5985.22303567536,25.7477084991895,6.76708065128062
328,10,87.0598429342946,0,1,39002.8624105912,12.6215159226538,7478.9536200824,22.949722254968,9.23384032872999
328,11,99.3152897759662,0,1,37736.5116422015,12.6215159226538,6395.17998454782,23.5239221935742,14.214757585973
328,12,99.3254208055218,0,1,40787.0366474342,12.6215159226538,6833.19645784174,22.1434309725869,16.0128619502195
328,13,90.399237854315,0,1,39975.4463021487,12.6215159226538,7428.18679671833,25.0786992423955,13.088473331549
328,14,93.8667620183594,0,1,40648.7378985564,12.6215159226538,6308.33220488369,26.9219291163736,13.1913222208913
328,15,96.0815122795882,0,1,42247.5729171418,12.6215159226538,7866.5792977691,24.7072882389982,13.1201063497031
329,1,84.2045157855177,0,0,19592.9930462437,11.8699579369569,4347.83711441779,26.3502453906966,1.78743921338364
329,2,71.8968245431573,0,0,18737.3709990485,11.8699579369569,6209.365308409,24.7161430371986,1.49579599010607
329,3,72.6374122643336,0,0,21139.1852863324,11.8699579369569,5583.30938381635,22.8341999181944,0.535902717715114
329,4,75.0785723785414,0,0,20104.5301333704,11.8699579369569,5850.20248016446,28.2461023779248,4.8438290567496
329,5,76.9642650680968,0,0,22670.9499621814,11.8699579369569,6651.6919575676,25.7844649372987,6.37379621718755
329,6,75.5563906787817,0,0,22080.854034095,11.8699579369569,5868.86647406608,24.964672225695,5.0773126713988
329,7,81.3352913312832,0,1,22603.2490387906,11.8699579369569,6713.60198083008,28.3852558382909,6.99745048012765
329,8,89.7176323120939,0,1,25228.0644046598,11.8699579369569,6635.06836763712,24.7734489433054,9.93942517481545
329,9,89.7118764694824,0,1,25418.2116860634,11.8699579369569,7010.29773570216,21.4125049076228,8.69144710926242
329,10,95.1009602007876,0,1,24508.8467856374,11.8699579369569,6047.89513654766,29.5747018899835,14.820055642625
329,11,92.4811504046316,0,1,27375.939251784,11.8699579369569,7716.1408498402,23.8136578746273,12.1163791565838
329,12,91.507724499766,0,1,27017.1713199806,11.8699579369569,7857.90783720032,19.0760418769418,9.6692460460523
329,13,87.3420487908333,0,1,28631.9147354075,11.8699579369569,8667.03855964779,25.1054604819634,12.9620076627138
329,14,87.8444376267448,0,1,29299.5195342233,11.8699579369569,7717.18289763778,22.2436356317801,14.0572919141705
329,15,94.8826004501389,0,1,28651.3017915452,11.8699579369569,8147.27911946619,27.1667265819328,13.4384242223892
330,1,74.9407272273075,1,0,30747.8748290624,10.4695186757277,5210.55831122962,24.8656890464519,2.92618853550286
330,2,79.5736576358192,1,0,31493.1506591254,10.4695186757277,6250.02947647092,24.1655822713288,5.05457427691117
330,3,72.6945867568385,1,0,31736.351299751,10.4695186757277,4874.20044361029,23.6327451962715,3.40131618759944
330,4,81.8451283609286,1,0,30830.0600622313,10.4695186757277,5381.18759784105,26.1826183637652,3.42190634511244
330,5,84.8741545029593,1,0,32970.6246601735,10.4695186757277,5959.14023343629,23.2650808829203,2.28628721190411
330,6,85.4979399021709,1,0,34622.4667609673,10.4695186757277,5252.40894584103,27.3506878887089,5.54950616146386
330,7,98.4047002452481,1,1,35752.192995588,10.4695186757277,6339.63707510272,22.9588351169904,5.85759086644962
330,8,93.0308872137696,1,1,36585.1393463655,10.4695186757277,6687.69348516792,22.0332499101669,10.2359448917259
330,9,98.7085452438734,1,1,36807.6540573053,10.4695186757277,7264.74083229899,23.4078723785548,9.33689669010615
330,10,98.7348519946545,1,1,36546.1036312203,10.4695186757277,7619.97876482541,24.5842965999206,11.4191891962505
330,11,91.8107875540023,1,1,37055.9293390725,10.4695186757277,6352.90844922556,18.3445923963009,11.4652485944179
330,12,98.6635084859778,1,1,37474.8179510367,10.4695186757277,8202.59236332766,21.961259308043,12.6200002725919
330,13,98.4584581467785,1,1,39648.2428696725,10.4695186757277,7362.40631260291,27.2545518331571,12.1583567225513
330,14,105.015485990929,1,1,38759.9042239087,10.4695186757277,8359.22861276177,19.9658683339757,14.9487646884864
330,15,106.24316253443,1,1,40220.7864725552,10.4695186757277,7644.049077442,25.2833256601152,17.6650598555271
331,1,68.9322286018358,1,0,29577.9147766444,9.52974415867133,5509.13300168232,23.9903503988765,0
331,2,62.1428661885057,1,0,30189.7809506282,9.52974415867133,5284.3805684458,29.3805618150231,2.33022538295645
331,3,72.1785764399322,1,0,31198.4565434208,9.52974415867133,5761.55060466113,24.977764313708,5.51161263743457
331,4,82.739226297359,1,0,31772.8624826062,9.52974415867133,5506.76950788423,30.4205812360835,6.56484436111754
331,5,88.4261977176444,1,0,32207.7363714743,9.52974415867133,5866.56102740231,23.7618807511565,3.48796925849492
331,6,80.7849108164529,1,0,34277.9875304751,9.52974415867133,6784.63342326286,28.0533663276682,5.75169742580057
331,7,80.5637647619091,1,1,34879.4762405982,9.52974415867133,6340.00948446789,22.0646021182085,5.83825127000134
331,8,89.4861776958699,1,1,37056.1670956507,9.52974415867133,6391.4581229844,27.7435045770834,7.12361079399765
331,9,84.7099535316815,1,1,38129.2760601971,9.52974415867133,6652.70296043826,22.8315991539089,11.3584284072709
331,10,89.7813614595224,1,1,38942.2388866805,9.52974415867133,7119.44890451445,25.2950009351471,6.86967317201022
331,11,99.5299404427195,1,1,41039.7050146599,9.52974415867133,6689.56663647584,25.632299663868,16.030492991009
331,12,94.4540392436008,1,1,43095.400191596,9.52974415867133,7963.57115345868,25.0212642667423,12.4163489417717
331,13,103.092605186055,1,1,42877.2959180516,9.52974415867133,7420.03534778803,25.4983923449775,12.2777344365914
331,14,111.29548835756,1,1,44543.8252566455,9.52974415867133,7597.00149445245,24.5866523263422,16.3256929227247
331,15,101.724987813657,1,1,44157.7032268092,9.52974415867133,7868.51112728159,26.3235059514891,16.6795682038572
332,1,71.5335131081782,0,0,29947.7494110205,14.555569209878,4631.76250640589,22.3775860748198,1.74267294697514
332,2,76.1750670188667,0,0,30945.2496168752,14.555569209878,5777.30788048118,31.2989907398915,1.44199805209215
332,3,71.1509460989247,0,0,32239.2125850585,14.555569209878,5122.52773448329,23.3986163326333,4.40430024608944
332,4,81.2179092393015,0,0,33031.9187526037,14.555569209878,6334.38108431074,22.0966771966263,3.48538691228868
332,5,82.7432220550082,0,0,33687.802213618,14.555569209878,5411.38879352536,20.2660356810164,3.1657288577633
332,6,84.3554860870161,0,0,34771.8659278934,14.555569209878,5257.37349065499,29.446929127525,5.25781726727931
332,7,85.1052431313527,0,1,34360.3734223703,14.555569209878,6284.07216574781,22.4901771050141,8.93522366475989
332,8,88.5177563298529,0,1,36304.354747984,14.555569209878,6419.32819781341,17.8223798904778,6.50596333106841
332,9,102.776568942095,0,1,35352.3588462429,14.555569209878,6751.23590818472,26.4766230321081,9.18409179756951
332,10,98.7380053518551,0,1,38756.4977081966,14.555569209878,6904.31414211919,20.7810237304484,10.8856657041234
332,11,88.3786834498698,0,1,39397.0429183338,14.555569209878,6392.36955648677,24.7661441572832,9.02127322552381
332,12,101.329263016327,0,1,39530.000063756,14.555569209878,8340.146326867,23.3888899138486,14.0334230047009
332,13,98.9106039518664,0,1,42133.9773957054,14.555569209878,7309.34400538257,22.2065437550575,10.661221697023
332,14,96.6352223516576,0,1,40764.3342155466,14.555569209878,8242.69680376441,23.9975477791033,15.0350675975015
332,15,108.225670299258,0,1,43451.4441033827,14.555569209878,8389.95962486916,24.3659965673237,14.9027192115581
333,1,64.3629599879779,1,0,22094.793031198,7.72144598123954,4695.81695107863,22.7166475282361,0
333,2,69.6157431304551,1,0,24429.4298522075,7.72144598123954,5327.21113958662,17.4109503324832,0
333,3,63.4295488296122,1,0,24354.9367390075,7.72144598123954,5936.95013066011,28.5929427926057,0
333,4,65.5654860755101,1,0,24693.498095625,7.72144598123954,5934.75157230776,26.5063725060692,2.04290268210887
333,5,69.8466395876692,1,0,25360.9168641537,7.72144598123954,5468.20477431568,23.8178864686929,2.9944482631458
333,6,75.0439121293414,1,0,26158.2723878705,7.72144598123954,5551.21969299507,28.7310619236345,4.3540189216624
333,7,87.3415348511896,1,1,27333.9240704613,7.72144598123954,6650.82008693912,23.5493630093679,8.20123978048944
333,8,88.5592488149137,1,1,28079.8641592588,7.72144598123954,6623.62341559997,20.812760463177,12.6695536070447
333,9,94.0416212717798,1,1,29363.041358994,7.72144598123954,7184.74343484861,24.6448583927513,10.4045705830214
333,10,85.2124739660924,1,1,28868.4020464112,7.72144598123954,7463.25794873887,26.2682513514252,8.68007892500369
333,11,88.399122126813,1,1,31624.9982583716,7.72144598123954,7042.81036134808,26.7593260086987,11.4335445924839
333,12,86.2114196927644,1,1,30675.396190089,7.72144598123954,7673.03305264879,27.0688953926702,11.9465650985526
333,13,101.96257564651,1,1,30241.3795470777,7.72144598123954,7766.73388960864,23.6504339303339,13.7842984663645
333,14,99.045637587166,1,1,33668.4976718013,7.72144598123954,7126.19539657256,24.324233187174,13.2566361833553
333,15,89.6780110226362,1,1,31816.9137944666,7.72144598123954,8529.77967330643,27.5267346901001,16.3017284766544
334,1,77.5846396648295,1,0,34489.217567551,13.3208968258962,4845.49862347386,22.2648440883708,2.06143802539309
334,2,78.8580159597743,1,0,34064.1294933355,13.3208968258962,5974.78578298988,28.6265303653872,1.61318135996772
334,3,85.1479647900182,1,0,36681.7159222283,13.3208968258962,4704.70799982746,25.5916306649061,5.92068721185479
334,4,91.0174562419971,1,0,36500.9975838065,13.3208968258962,5894.15007648895,27.2744162641511,3.55597365790988
334,5,84.5267117009104,1,0,35614.6953299918,13.3208968258962,6503.71546186687,25.9841542209326,4.25966487426784
334,6,98.0452356118184,1,0,37825.1321371552,13.3208968258962,5758.09705296188,21.2405561588452,5.10226955381875
334,7,93.8007453382268,1,1,37438.583879714,13.3208968258962,5711.28919349219,23.9700954274109,6.82091963878782
334,8,95.694707289978,1,1,38380.0847083454,13.3208968258962,6325.42191121893,25.2727496144066,8.19342375179677
334,9,92.7763988559644,1,1,39055.5494837986,13.3208968258962,7670.80439362955,28.6525876404286,5.15395102145372
334,10,101.511566126124,1,1,38098.4046240307,13.3208968258962,6823.71217143776,28.2658515690627,13.6847272915457
334,11,98.8866033287409,1,1,39334.5522385811,13.3208968258962,7399.70320274452,19.9461374151005,9.97897827702223
334,12,97.0136466288269,1,1,37001.8743031472,13.3208968258962,6651.92733650747,25.2232908479875,15.1515383774427
334,13,92.6409101172245,1,1,39639.1992391047,13.3208968258962,7932.76263245586,27.0459753620942,12.5689604458205
334,14,110.294920140784,1,1,41298.3850646753,13.3208968258962,8039.66131874313,25.9195610987996,14.3749271456066
334,15,112.658045707609,1,1,41932.5255809775,13.3208968258962,8269.43891764122,27.425901473039,16.2056013416526
335,1,66.4493298981883,0,0,23214.8526879355,9.62216504772695,4814.285304935,20.1950717120689,2.37396133743725
335,2,73.5082363555739,0,0,23799.1220348108,9.62216504772695,4741.86158167266,29.1654973005777,1.95677656317749
335,3,68.4719893266476,0,0,25232.8103891869,9.62216504772695,5738.01056552983,26.7155769578317,1.81496759696938
335,4,73.2548935761612,0,0,24488.2336524966,9.62216504772695,6139.19181004818,28.1669558185586,6.88848307649203
335,5,85.2254960620662,0,0,25673.7009764365,9.62216504772695,6344.92591688632,27.6645117125068,6.46399333838434
335,6,80.7461700555824,0,0,26367.5642425528,9.62216504772695,6570.79013051836,24.4634397909928,6.86340981275333
335,7,83.5089438695322,0,1,28563.9499023144,9.62216504772695,7141.85190885792,16.9020425748019,6.78133519454566
335,8,86.4129077214979,0,1,29206.7961212935,9.62216504772695,7059.60959557728,24.6906061862788,8.10766156128999
335,9,86.2198529022991,0,1,30469.8909412909,9.62216504772695,6590.52304184451,20.1747656436973,7.57369818202252
335,10,92.2519927087227,0,1,31398.8338507537,9.62216504772695,6754.38681974959,24.401851570254,11.5157519862844
335,11,93.7327657325195,0,1,33101.1665758674,9.62216504772695,6188.96950401852,28.4532847965364,14.1717313739173
335,12,98.1905339226805,0,1,34613.828013085,9.62216504772695,7104.61289581685,25.3799892489478,14.7103634994969
335,13,93.2694942838979,0,1,32494.6727514854,9.62216504772695,7979.33354452255,24.5284859304636,13.5503014353986
335,14,91.1383229137855,0,1,35170.5232499783,9.62216504772695,7750.49529564258,26.5661089022607,15.3665135682945
335,15,89.6937639776623,0,1,35059.6313751086,9.62216504772695,8378.93574916325,24.6841407910852,13.5374395238206
336,1,72.5993630177856,0,0,30196.2776843466,12.8469306436364,5701.39881850994,23.8050720026332,0
336,2,75.5350623850471,0,0,30080.1324637891,12.8469306436364,5860.59819907552,20.4773561899135,3.58884397002024
336,3,77.8547435509611,0,0,31167.6619077549,12.8469306436364,6638.97621476664,25.133208499644,3.77266117252238
336,4,72.9589566439917,0,0,29335.0296217313,12.8469306436364,6213.10410706506,21.074771968007,2.49126628628177
336,5,84.9509096752312,0,0,31248.9013873125,12.8469306436364,5739.41895181259,24.8514074558667,5.57759341200996
336,6,80.3060536866622,0,0,33374.720477033,12.8469306436364,5869.51837016441,29.0083248604974,5.34274641498695
336,7,81.5976401218239,0,1,31491.7163661095,12.8469306436364,7193.26919885193,20.3963186515721,6.68142604949928
336,8,85.8721827833719,0,1,31957.2366398511,12.8469306436364,6594.2960840668,20.1288341936373,9.46325157201282
336,9,93.5815389210029,0,1,33404.301750481,12.8469306436364,7348.56407665691,28.0541044183257,11.3968797560124
336,10,88.2743895367717,0,1,33474.7043691722,12.8469306436364,6851.29884113404,25.2364553695842,11.0127928461602
336,11,83.3013013600854,0,1,35571.480238343,12.8469306436364,6862.17026058437,27.9130782581052,9.82003691743657
336,12,93.5168948221974,0,1,34911.3958485585,12.8469306436364,7805.03057641725,22.1993548789283,12.5784386500425
336,13,87.8487457255466,0,1,35720.1521428971,12.8469306436364,6702.48772041205,23.7902802262009,14.3264074000756
336,14,88.3088640655919,0,1,35175.2126692685,12.8469306436364,7775.52364738234,23.8945446135277,12.6698495462365
336,15,101.417721649864,0,1,37473.3023815166,12.8469306436364,7003.82857164914,23.0886141598681,16.2431379776558
337,1,72.2398241578262,1,0,34347.3483942669,9.77792843342954,5744.01538794911,31.3853014418245,6.06014126652314
337,2,76.8557730280394,1,0,33011.1137190608,9.77792843342954,5115.23476880188,23.5918885289397,1.25794425040213
337,3,73.5710877875186,1,0,36366.078226094,9.77792843342954,5376.91343571321,22.6578976722063,0
337,4,79.3545305214868,1,0,34609.48254346,9.77792843342954,6191.60569907818,32.1743955378458,6.74995967247678
337,5,79.8540242137218,1,0,36615.6486554393,9.77792843342954,5264.42811252396,23.7413237402217,3.95925464186224
337,6,81.4806049432506,1,0,36955.2362252247,9.77792843342954,5472.03209548662,20.1022093303608,3.46870085742812
337,7,87.6400912707188,1,1,36528.856198477,9.77792843342954,6453.35025866425,24.6035267094876,6.54523363631987
337,8,96.5613492578313,1,1,37472.7828164626,9.77792843342954,6384.45952555828,23.2832416475891,7.49323151338704
337,9,95.9234209106197,1,1,39595.6676597306,9.77792843342954,7141.48172289714,21.6352056184696,9.03654843148559
337,10,86.3118132622299,1,1,39202.468674958,9.77792843342954,7176.15201485711,27.8690015220815,9.26495817561045
337,11,96.3593710788274,1,1,39727.6064924113,9.77792843342954,7430.58898295699,23.0423921902851,10.6384738741012
337,12,101.910179378036,1,1,41440.3716884076,9.77792843342954,6681.95347684044,21.0043500346008,12.4175852748875
337,13,102.577603160221,1,1,41514.1518339265,9.77792843342954,8450.57342563244,23.4620802992311,11.8542835589797
337,14,92.65954588232,1,1,41518.9267737505,9.77792843342954,6790.9660095026,28.2216758607811,13.2910915342631
337,15,103.781980226991,1,1,42567.4031554176,9.77792843342954,8367.48871135832,26.6152531107272,11.8286372857523
338,1,77.1416799994627,1,0,23383.6049525569,10.4299749519479,4626.77646848943,23.5133776461117,3.38241434901647
338,2,75.2657323850583,1,0,25960.1103605072,10.4299749519479,4774.40532443508,26.5915713086088,3.42128451932945
338,3,80.6049164211994,1,0,28873.5534501786,10.4299749519479,5780.67369893025,25.584826805283,5.73276650002495
338,4,93.469926972762,1,0,27442.995885565,10.4299749519479,5707.24751835696,21.3568747522832,5.22011131750634
338,5,88.7815119363493,1,0,28091.9866855799,10.4299749519479,5631.54961649922,27.8199730316713,8.25228986299981
338,6,88.819797309716,1,0,31008.7421240878,10.4299749519479,5587.33006009379,25.1621655952479,7.49877471218699
338,7,91.8252716693016,1,1,31452.0311770349,10.4299749519479,6559.05602018611,22.5962080505957,9.4771130087655
338,8,94.1046069431169,1,1,33019.4773463178,10.4299749519479,6982.68701261125,19.2496022870325,11.1420675499464
338,9,86.5223281713574,1,1,33177.2908170559,10.4299749519479,6875.34167934362,21.4798070051098,6.59437771726613
338,10,89.1130070054113,1,1,33978.2267366143,10.4299749519479,7142.72136234283,22.7460712208397,9.78627023588367
338,11,101.37175483938,1,1,35241.0801921756,10.4299749519479,7435.57626463108,29.3137730870431,14.3537842379851
338,12,94.9894097452627,1,1,34680.0009628014,10.4299749519479,7426.07154522319,23.8781912111745,13.3706503596689
338,13,103.729346319902,1,1,36788.6850337434,10.4299749519479,7381.13201189781,28.1608962433748,15.2121376115435
338,14,100.489953714913,1,1,37943.5408585862,10.4299749519479,7411.0499895639,27.2737679141004,12.0538904684566
338,15,107.496313933673,1,1,40353.498729465,10.4299749519479,8702.87706590012,22.5262508798233,14.983993075214
339,1,81.0755248883298,1,0,36230.5232064543,17.308097751081,5977.57514607945,25.4163143551519,1.83498610134598
339,2,76.7797327661181,1,0,37719.5337571204,17.308097751081,5826.36711406406,25.5884972705915,1.7423388103376
339,3,79.2365180661252,1,0,36850.9941629771,17.308097751081,4848.25668863923,25.5460672975255,1.36787472651705
339,4,88.6739181711411,1,0,36660.484542092,17.308097751081,6036.07799896734,24.2655130888851,4.21637476571279
339,5,97.9143188927517,1,0,37397.0752850759,17.308097751081,6468.46229917496,26.2637025265265,3.64624208252757
339,6,88.4029167025278,1,0,37631.697783371,17.308097751081,6013.16191881782,22.5898615758198,5.90176534807336
339,7,95.1650417502294,1,1,37833.9105209367,17.308097751081,5428.5654341498,25.8069583535619,2.59649788227068
339,8,107.846785500506,1,1,39962.4564144189,17.308097751081,7154.88266833765,23.025536199292,12.0074381327321
339,9,113.927509102666,1,1,40568.2205092748,17.308097751081,6647.39747218284,26.1368181342685,11.1002146333233
339,10,106.255544435525,1,1,43175.7061618192,17.308097751081,7103.48980569093,23.7235732898728,6.65489596125994
339,11,100.58003495371,1,1,40841.7955485162,17.308097751081,7372.79927814439,31.7548679944811,7.95280999695968
339,12,108.276800619908,1,1,43336.4068587086,17.308097751081,7016.67852656518,25.0335718631489,10.210917573175
339,13,99.744535921239,1,1,43458.9414666079,17.308097751081,8119.84625983049,23.5992853142822,11.94322298777
339,14,106.356678127362,1,1,45253.6288595467,17.308097751081,9006.56740303441,27.2383926005313,17.6784808005642
339,15,110.992735793852,1,1,46078.7656840687,17.308097751081,8742.86439387948,25.3083453046763,16.1059235725331
340,1,66.9173952102138,1,0,19078.4420734596,14.0048478568005,5434.19058595013,31.5455471797613,0
340,2,73.2194470196715,1,0,20198.6076573016,14.0048478568005,4451.39036871319,19.4913790353297,2.19342931586215
340,3,75.1036570876043,1,0,20602.9394845415,14.0048478568005,4434.50549848968,21.9289737877693,3.40908768808219
340,4,79.3110112627483,1,0,20217.0416813585,14.0048478568005,5988.53320871124,28.1295022927566,0.0447853730948249
340,5,84.3448347888769,1,0,21837.3073431809,14.0048478568005,6042.73025743024,24.0853572723583,5.88790447023645
340,6,79.2258134445246,1,0,21805.203627589,14.0048478568005,6011.75609763637,30.2152305823834,7.78024474324564
340,7,96.7956356776615,1,1,21970.4946307564,14.0048478568005,6574.99176545109,30.9820959199371,9.82060836462518
340,8,91.544914547066,1,1,22052.9424538578,14.0048478568005,6781.19477511346,28.969114760096,10.5159598920914
340,9,85.2496260685672,1,1,23579.0230380893,14.0048478568005,6831.90357348127,24.157447975708,6.58243163720494
340,10,100.319538276791,1,1,24050.0049569061,14.0048478568005,7211.6750812471,20.797137325702,10.3819524768074
340,11,90.306631241573,1,1,23777.3576404824,14.0048478568005,8202.72177715656,26.2451664792154,8.76949405139292
340,12,90.475083828037,1,1,26471.744311108,14.0048478568005,6929.57066842071,21.4858388400594,11.2054242255971
340,13,96.1536074086541,1,1,24161.1651069715,14.0048478568005,7162.2174696404,23.0338517625315,13.6527403008313
340,14,98.2468449963054,1,1,25583.1587050141,14.0048478568005,7062.05300320991,25.7992698725424,13.9854253696735
340,15,103.344098000451,1,1,25495.5221050024,14.0048478568005,7879.83223787671,28.0382956850076,18.3563509593681
341,1,66.1719456842977,0,0,9531.81410097663,5.56530892717302,5349.33185100031,25.6796210932849,4.70896717722215
341,2,53.8796724426665,0,0,10945.5275284027,5.56530892717302,5596.08168672537,27.255539211644,0.795597279884058
341,3,65.3943156329953,0,0,8522.54067144877,5.56530892717302,5723.94992752435,28.0092756716563,1.92156400072319
341,4,55.2476954176893,0,0,11557.5021229484,5.56530892717302,4400.78554136811,30.5715176734834,3.22197649451666
341,5,76.112312733141,0,0,11388.2799777555,5.56530892717302,6084.44043945346,25.6530656706418,7.27459884124682
341,6,67.0250779410915,0,0,16282.3784244353,5.56530892717302,5673.66611051721,24.3378545046844,3.16744458784186
341,7,67.5403674270394,0,1,15738.9343693556,5.56530892717302,5568.76681003005,28.1872711246681,4.26562010755226
341,8,81.0088131518766,0,1,17192.489831323,5.56530892717302,6988.32435691787,25.0972553531277,6.2050445409078
341,9,76.3554535089265,0,1,17924.2970024626,5.56530892717302,7250.77607047625,22.376322473311,4.55190513954789
341,10,75.9643783449497,0,1,17504.714755854,5.56530892717302,7227.10357933281,26.1295364250457,12.1312492858895
341,11,75.1535047715692,0,1,18630.9507261912,5.56530892717302,7293.58479484885,24.873915886011,12.1469875973827
341,12,78.5254825288634,0,1,22250.9930917654,5.56530892717302,7046.71251483612,23.5130889301096,12.211183196283
341,13,80.9199106881217,0,1,22885.5883349471,5.56530892717302,8159.86333510163,25.6934415739382,9.70504820952416
341,14,85.5474729958598,0,1,22947.6767942147,5.56530892717302,9228.39591604571,27.0787545077246,14.3831412761982
341,15,87.3909865603138,0,1,23402.8247306,5.56530892717302,8280.33100166838,36.0165366544284,14.1650398271355
342,1,75.4639910744423,0,0,34736.666875548,12.379237248301,4857.56749251409,22.6190460751746,1.76119297111148
342,2,79.6471906599708,0,0,33462.9895640469,12.379237248301,5674.17302669115,24.477235037557,2.07567124805245
342,3,85.8034425573735,0,0,34394.4075152228,12.379237248301,5342.06842504266,19.947634330499,2.42748251172624
342,4,83.9923894062606,0,0,35806.1388305194,12.379237248301,5503.26661608425,22.2247469509673,4.38993798422004
342,5,86.3251860445156,0,0,34458.727314964,12.379237248301,5851.46531847963,22.6008544159357,6.29044923987994
342,6,82.214231848837,0,0,34342.6521219794,12.379237248301,5789.35411543245,24.213165783236,4.5571932211105
342,7,94.7597924653966,0,1,37924.0397368107,12.379237248301,6596.71992707747,23.7986181174316,8.15981917350237
342,8,95.4097748281207,0,1,35793.1330380236,12.379237248301,7102.26488111409,25.5810510737325,8.34955732746209
342,9,94.5056799926693,0,1,38432.7544434041,12.379237248301,6958.34617846408,22.5800130910279,9.17232980446333
342,10,88.3693027219471,0,1,36498.7322605474,12.379237248301,7325.01498702475,30.8117096093226,7.91185658761603
342,11,92.9972109403442,0,1,37716.6109013806,12.379237248301,7210.49317735014,21.5037787004601,12.7401806609775
342,12,92.7308528455658,0,1,38137.1510651666,12.379237248301,7387.92679305599,26.3046654826606,10.4982059320046
342,13,99.1573379886495,0,1,36761.3156700661,12.379237248301,7990.97612058414,27.6950166727179,16.0388661681894
342,14,102.735365329029,0,1,37525.8658426661,12.379237248301,7218.17213952663,24.2254973104498,10.0252644581737
342,15,100.145791542802,0,1,40453.9272267102,12.379237248301,8667.74725462242,31.2077278089321,15.8521654265801
343,1,68.8397585947914,1,0,37615.2048326346,10.6445611912283,4944.38140114882,25.0319021468626,1.66627530752093
343,2,82.8901583136819,1,0,39613.9920696381,10.6445611912283,5125.12123684276,23.3007391926525,1.81054878336158
343,3,81.5934921814452,1,0,37828.4922673156,10.6445611912283,5647.18984512252,22.1238402901444,1.60770200737651
343,4,81.7477439471202,1,0,41315.6550500702,10.6445611912283,5506.27877102918,21.1682196492941,3.38905262794847
343,5,75.6847404624007,1,0,40994.1975225755,10.6445611912283,5705.96191712014,22.8324641336448,3.48571127796952
343,6,82.3022492996616,1,0,42035.6996234837,10.6445611912283,5869.72957821011,27.5710827886947,4.71748819045449
343,7,95.9499889700205,1,1,42589.0247310478,10.6445611912283,6565.09606364098,21.7601119246364,4.01352851664001
343,8,95.6536656763421,1,1,43968.1623451351,10.6445611912283,7325.89037945438,26.2312886718854,10.9934421354014
343,9,110.566138203729,1,1,45147.1373622433,10.6445611912283,6518.35637778621,28.069048339198,8.55102329499369
343,10,86.2525647960698,1,1,44136.6901510815,10.6445611912283,6109.55952239291,26.1983995146356,10.7594725992206
343,11,101.98964615222,1,1,45982.8853083745,10.6445611912283,7000.41624455995,26.8090312752268,15.3177578253311
343,12,95.2463419660429,1,1,48150.8786995273,10.6445611912283,7617.1369855471,28.0011361110121,12.2252212873208
343,13,107.448290041607,1,1,48491.69644721,10.6445611912283,7336.69371873762,26.6094576764707,14.6941207712423
343,14,105.90275031052,1,1,49632.4602512662,10.6445611912283,7455.73887618381,26.6033576325474,17.4568863683799
343,15,102.68262779766,1,1,50143.8398159603,10.6445611912283,8700.57850236662,25.8091422307202,13.6500814828787
344,1,63.1487604754874,0,0,29934.9312129375,8.59012143666699,5004.47177336684,27.5930336718765,0.318116490448453
344,2,81.0210763964332,0,0,29722.1171964998,8.59012143666699,5596.90030917469,24.5714650314147,2.2265228609373
344,3,71.5567604251473,0,0,30644.2524995445,8.59012143666699,5381.75022748909,20.4301765331598,4.85714864476406
344,4,80.5684494403233,0,0,32417.148483234,8.59012143666699,6537.81082424219,27.6667362576515,4.28261994472268
344,5,86.1081903439511,0,0,35026.7168381392,8.59012143666699,6036.39836761403,26.6055269911979,9.44638013452886
344,6,85.1238026875373,0,0,34278.5875427408,8.59012143666699,6275.9683101483,24.8154542799066,3.59694551025153
344,7,95.0069036281236,0,1,35897.0060055485,8.59012143666699,5708.81991386769,23.4900437778687,7.52480649205629
344,8,85.2399044607138,0,1,34915.1151791048,8.59012143666699,6229.21074130958,25.3806082029559,10.1805866361531
344,9,83.3965090077313,0,1,36818.0332844807,8.59012143666699,7647.96052955855,27.0189794551771,10.6892247757447
344,10,78.4062012351574,0,1,37254.5190643793,8.59012143666699,7475.48851113412,30.5105103561829,10.0862817957054
344,11,97.0025400470057,0,1,39645.8832827769,8.59012143666699,7899.85921764797,18.9824625962105,9.82997934574309
344,12,92.6403219664205,0,1,39898.8310720387,8.59012143666699,7417.78124307018,23.4573082651955,10.2450880689436
344,13,84.9609651898258,0,1,41400.0713510951,8.59012143666699,7298.11112144864,24.2990778952562,12.4318518001998
344,14,96.0946118809563,0,1,44443.3093585833,8.59012143666699,7655.22322197401,28.2085829225642,11.7663367263496
344,15,100.294108305013,0,1,42107.0651531522,8.59012143666699,8594.17303460021,21.5402948334352,16.1199405443198
345,1,79.1244211166538,0,0,35260.0851184095,12.6293576712936,5560.91159170182,22.3362432528713,0.759638692921284
345,2,84.6762705503343,0,0,34351.7083790259,12.6293576712936,5022.50253187404,23.8668364417963,0
345,3,77.752011367626,0,0,35323.6386115669,12.6293576712936,5827.47085125072,26.1101444056818,5.32988898822032
345,4,87.7613983416428,0,0,37835.1560367661,12.6293576712936,5960.85474904904,25.7948400981048,8.09005816706378
345,5,85.7455030754064,0,0,37318.8138012928,12.6293576712936,5984.32252774531,27.8098615917247,6.76955087416708
345,6,95.0517626707326,0,0,38428.8422135852,12.6293576712936,6127.31879651583,18.2787347331198,7.44159135374547
345,7,90.1399379969569,0,1,38033.3210512913,12.6293576712936,6476.4186910926,23.7708599676169,9.73998205020552
345,8,101.698602993799,0,1,39293.374957615,12.6293576712936,7154.16419276805,27.5980579648063,10.2572272799757
345,9,102.238815164394,0,1,39109.510836083,12.6293576712936,7366.96335641378,29.5396716595538,12.0714799567243
345,10,100.458431270879,0,1,41364.5199902385,12.6293576712936,6970.70954963633,27.6626042932058,12.2680446024902
345,11,101.977883352058,0,1,40529.6079065592,12.6293576712936,7650.36618779843,22.3626106262174,14.4602587808662
345,12,98.8583441527472,0,1,41799.4031404892,12.6293576712936,7052.91562396849,22.4290997084783,9.2835553831645
345,13,97.5319764847098,0,1,42361.1457264905,12.6293576712936,6820.05392139649,19.3509476193355,12.6354678810298
345,14,106.584286542788,0,1,43621.5011968768,12.6293576712936,7490.36407343652,20.3961023917539,13.587154213313
345,15,114.3351895912,0,1,43737.1616352898,12.6293576712936,7236.54184487574,19.3802211405499,15.6137103589957
346,1,68.9215006241808,0,0,20346.3919562154,12.3898965480581,5748.86573207633,23.0570766504429,1.547626794969
346,2,88.7292845808947,0,0,22810.4817685554,12.3898965480581,5770.17480000271,24.160451200631,3.42873271856612
346,3,74.3786358975975,0,0,24182.1505314046,12.3898965480581,5473.21029662702,30.2876624326175,2.29783359539147
346,4,83.9704048509566,0,0,25978.595445869,12.3898965480581,6359.51880779938,23.7335386120221,4.87534276545265
346,5,78.2797847418748,0,0,23744.1496874464,12.3898965480581,6206.11781007328,23.2120548941636,6.93362335318125
346,6,85.7916716813945,0,0,27510.8892063942,12.3898965480581,6543.91263262195,26.9430683778711,5.94447379519547
346,7,82.0305421822569,0,1,25950.5784982757,12.3898965480581,6832.30607339474,24.3827128825456,5.2441692479289
346,8,90.67412727992,0,1,27676.7216047229,12.3898965480581,6361.86854035761,22.8190512650336,10.8812563794852
346,9,83.9582324798309,0,1,27541.319617704,12.3898965480581,7184.11665717082,23.6953301057064,9.55241493356557
346,10,90.3369811180585,0,1,31169.8005835225,12.3898965480581,7079.70874349546,25.9810507777015,13.6696065916497
346,11,95.7281628509723,0,1,30669.7418387745,12.3898965480581,6926.9639275548,21.7678532562803,10.1473710117293
346,12,88.1991313374526,0,1,31376.2434877569,12.3898965480581,8014.10969118403,24.9047802564977,9.01918565850489
346,13,98.4999182733917,0,1,32744.654076394,12.3898965480581,8720.64836999839,20.0320471760375,12.0029480274997
346,14,94.6308517209552,0,1,36052.8024311155,12.3898965480581,8548.32443973325,25.0012119000691,13.2765218155569
346,15,108.958105889762,0,1,33429.0549282679,12.3898965480581,7502.52242647488,27.6883879358707,14.3639583030577
347,1,72.2595800900914,1,0,30318.4703108951,11.0144802822958,5121.96494389699,27.5776885377226,0
347,2,72.3106949969061,1,0,30855.5432348772,11.0144802822958,5660.64080899136,26.0517667688334,1.20028498817503
347,3,83.6445301004159,1,0,31817.2715010581,11.0144802822958,6711.8182025238,21.8786050271428,6.06588181852269
347,4,81.3360992032854,1,0,33649.1497099922,11.0144802822958,5153.46293106634,26.925193984883,7.94703956442533
347,5,72.7589285784234,1,0,33624.7958492843,11.0144802822958,6265.65983485854,32.8654191123726,1.79578075539805
347,6,88.3619011126195,1,0,34230.978236716,11.0144802822958,6622.97923237312,20.6274985047484,5.61951029697786
347,7,81.105128938651,1,1,35513.2171405019,11.0144802822958,6990.67674293723,31.0405983619721,7.11748744160227
347,8,88.603234067028,1,1,35371.6732104472,11.0144802822958,7740.56316599921,22.7694082241028,7.38592122258197
347,9,96.70468246094,1,1,38848.2609146593,11.0144802822958,6771.1682409081,26.9133313654573,8.35957591309508
347,10,92.0088561192498,1,1,39720.8239109725,11.0144802822958,6582.23190867445,23.2068129298217,5.86485264569589
347,11,94.8237375665288,1,1,37952.3728258641,11.0144802822958,6979.28080918248,23.3734363159014,10.5236333943299
347,12,97.7654377191782,1,1,37748.4448317342,11.0144802822958,7262.15961363703,26.7823474540378,15.6958000371157
347,13,102.042161630497,1,1,42476.2464799978,11.0144802822958,6880.84948073039,19.9954505737602,16.5082869961128
347,14,105.321129461927,1,1,41904.721247807,11.0144802822958,7009.39509447718,25.1164936908656,14.4580283927286
347,15,102.269160312209,1,1,40893.6328856966,11.0144802822958,7677.09208204292,23.8370022901402,15.0101281328787
348,1,80.7237063026165,0,0,14665.1131476478,17.9181107020124,4931.41621201006,19.8740575054582,0
348,2,76.3410054618947,0,0,15454.5649261088,17.9181107020124,4887.78212164992,26.8998375311558,1.99886835732425
348,3,88.1635948439294,0,0,17623.6576794718,17.9181107020124,5760.96204579084,24.4364710761891,4.65785902167535
348,4,84.3596753334975,0,0,18225.0101397065,17.9181107020124,5131.97882616763,24.8374485646215,3.72483806935041
348,5,87.0424639428163,0,0,20883.2711480925,17.9181107020124,5478.45573211905,22.8952439480654,8.23231982697605
348,6,87.1202458487648,0,0,22378.2432747027,17.9181107020124,5930.19354715778,25.1458896718105,3.7143703226385
348,7,94.9595274134978,0,1,22434.3067299776,17.9181107020124,7252.95904841153,29.0212335856089,9.57312657583627
348,8,90.2259180995871,0,1,22511.6255812043,17.9181107020124,6625.09052426329,24.7491367479199,8.66366397587575
348,9,95.4675891340539,0,1,24658.6437835584,17.9181107020124,7309.81497794449,24.4720810854115,9.39034624877639
348,10,93.2574146866418,0,1,23801.4868233205,17.9181107020124,6499.47253351493,25.8138524611952,10.3523707086573
348,11,101.093264295316,0,1,24907.5254270877,17.9181107020124,7302.35989101408,24.1768012610145,14.3191635232407
348,12,92.7200148288909,0,1,26589.7696578245,17.9181107020124,6492.31837908067,25.0471842409906,14.8198009230066
348,13,109.137239867019,0,1,27387.9657379145,17.9181107020124,8521.45255802133,27.0871813225397,14.8323831784996
348,14,96.7376800209332,0,1,27806.2780759338,17.9181107020124,8106.38886491083,30.8212728423358,16.3006781509957
348,15,103.527835107117,0,1,29960.9361982003,17.9181107020124,7058.96210852997,23.8953113715366,17.4515931374559
349,1,86.6691915296371,0,0,39721.3236100574,5.25392979955033,5977.91688482281,24.6794346525697,0.425879697979657
349,2,86.2447430003644,0,0,42377.3253034533,5.25392979955033,6133.80708429561,30.0703094851121,3.02011984799934
349,3,82.5005940520122,0,0,41788.607296978,5.25392979955033,5616.73159355718,24.5860947911959,2.38550343001175
349,4,76.8826870400958,0,0,42675.7965929932,5.25392979955033,5179.35843546687,28.4033145672009,5.33640842037519
349,5,92.5634296400588,0,0,43869.6433044256,5.25392979955033,6108.94188003655,24.4522806361024,3.52074698288075
349,6,76.4879032455745,0,0,46192.2882377156,5.25392979955033,6221.1812741756,28.8869403679183,7.43430393112702
349,7,96.467955786876,0,1,46338.261146844,5.25392979955033,7411.78084491008,20.0919092185507,7.04798299135798
349,8,95.8195573485268,0,1,46988.2192185955,5.25392979955033,6647.83912011996,24.303106016132,10.4147774041933
349,9,87.6859225747519,0,1,48545.9047872925,5.25392979955033,6016.02861088127,21.0550152135009,7.16559073796683
349,10,93.4583545474478,0,1,47333.3809629365,5.25392979955033,7197.91680992244,24.9220113339321,10.6806248316951
349,11,94.7832825201105,0,1,50461.1977212811,5.25392979955033,7581.04854641519,24.2688478864148,8.08463996649805
349,12,108.663884145491,0,1,50220.0396427388,5.25392979955033,7811.74372641028,21.7503129680395,13.799256560679
349,13,108.862006367304,0,1,49664.6016646808,5.25392979955033,8164.22959257684,26.9713287218863,12.0319574729648
349,14,94.4821363285328,0,1,51416.7675406811,5.25392979955033,7701.30183401266,26.5468208458336,12.8067628521055
349,15,96.0149573257075,0,1,52536.0949931608,5.25392979955033,8244.62125530215,26.3420624282062,11.2119895829001
350,1,89.82391467622,1,0,47149.9479602324,14.5146581618355,5533.40754720821,22.5642469505474,0
350,2,96.674348605817,1,0,44383.8942955283,14.5146581618355,4994.54862930176,24.4318645120431,2.82223771619552
350,3,93.5596065512649,1,0,46785.443264435,14.5146581618355,5313.87122113306,23.312739671637,0.415101976609056
350,4,98.2785127058095,1,0,46918.4910364947,14.5146581618355,5147.21623984956,25.9739991874091,5.48718432619369
350,5,92.6008996977003,1,0,48903.9955565873,14.5146581618355,5845.19351935126,20.1953291303781,2.7241427577171
350,6,102.430879296274,1,0,49403.6152479922,14.5146581618355,6558.50557376187,24.7056250057251,4.21204793190122
350,7,96.9943142386866,1,1,51192.041465784,14.5146581618355,6080.19443267192,29.0212950973918,5.9158147056055
350,8,104.196029832381,1,1,51878.5223277371,14.5146581618355,6061.12427657984,24.3437041594565,6.58745826038133
350,9,108.715357841281,1,1,52351.1661503583,14.5146581618355,6637.01066703184,27.3570633641894,10.9067783589276
350,10,111.283642094963,1,1,54185.1640569226,14.5146581618355,7390.88044047749,22.803117565092,8.09192472788419
350,11,109.155236477886,1,1,52058.8558326181,14.5146581618355,6823.73270968237,25.7277199692083,12.3788572278051
350,12,115.678572130514,1,1,53399.0320470543,14.5146581618355,7911.71745293064,19.9857438130571,14.7661418472237
350,13,118.68478928159,1,1,55607.1864597099,14.5146581618355,7354.40358256424,24.0289300420664,12.6470895879587
350,14,110.797474919359,1,1,54810.5484485094,14.5146581618355,8287.49295827403,24.9047342534429,13.6672596028739
350,15,111.742302944872,1,1,54895.3950449545,14.5146581618355,7212.03379988888,27.8232697510841,14.7729597802997
351,1,82.2589409208259,0,0,39925.2990149082,11.1329301886123,4523.07556628723,25.8316795994474,0.61278717502373
351,2,79.1499170947848,0,0,41372.9366147215,11.1329301886123,5110.31137408313,26.457163855959,2.51629456280605
351,3,90.4611769100649,0,0,41025.0271901958,11.1329301886123,5169.47790122417,25.8754797998,1.92337485322224
351,4,86.2701246153911,0,0,39832.6273256478,11.1329301886123,6286.33917123251,27.5351708228653,1.64187437746799
351,5,78.3410428632455,0,0,42411.135499515,11.1329301886123,6309.57288564791,29.5750527176722,6.8012948451151
351,6,91.4905014929777,0,0,43235.8134765464,11.1329301886123,6892.72283620473,24.8755758138212,5.96750090491268
351,7,86.7870875761005,0,1,44837.2761856825,11.1329301886123,5656.36481501077,26.6133338425648,7.35726097969052
351,8,94.2402503805867,0,1,46066.7692230329,11.1329301886123,6919.59633804442,25.8869066769689,9.20381803914211
351,9,97.7924785651847,0,1,48435.3057585947,11.1329301886123,6987.36743635592,23.5972468804469,9.52226875916453
351,10,97.9354261868875,0,1,47001.0625348471,11.1329301886123,7185.09393369631,24.6882587919989,10.6081313203551
351,11,103.823022557508,0,1,48796.2712720665,11.1329301886123,7515.88554912809,21.4230398866306,9.70997920012699
351,12,93.5996241760279,0,1,49651.662277346,11.1329301886123,6644.696807695,32.0455152773637,12.8184893438913
351,13,103.435423745143,0,1,52802.7490735033,11.1329301886123,7886.70640550383,24.9346203462821,10.9243771081891
351,14,109.71299078362,0,1,50865.2911485685,11.1329301886123,7706.26100699441,22.1926601391007,14.4771231600782
351,15,106.123146427266,0,1,51794.3458466666,11.1329301886123,8080.16675213054,27.0659067682674,17.4320753789921
352,1,76.2364717217111,1,0,31780.9049911791,13.9695402317381,5011.93786483872,21.9927325618339,0
352,2,74.5992315053614,1,0,31735.6205720068,13.9695402317381,5761.74611379667,26.4198360318991,0
352,3,85.8532807768296,1,0,32079.1052296466,13.9695402317381,6080.20201639276,27.0087816383512,2.58870107803321
352,4,94.7347679353003,1,0,32900.3544099836,13.9695402317381,5697.12632229411,25.7880078950363,1.98200450126652
352,5,92.6780257291424,1,0,31996.9511107633,13.9695402317381,6128.0806259429,23.531536813882,5.75096234239561
352,6,89.3689820136931,1,0,35813.2002697575,13.9695402317381,7019.28555525411,19.8706640130996,6.04641032531114
352,7,93.70204874958,1,1,36360.1026164958,13.9695402317381,5338.15134325611,24.1276050646997,9.32897076102742
352,8,96.1086223088816,1,1,38566.1373506557,13.9695402317381,6643.89231982227,28.5234326741752,7.91026962723208
352,9,90.6131148011528,1,1,37946.2488518889,13.9695402317381,7685.2964869544,28.8864139799086,9.90037361783599
352,10,98.922029852798,1,1,40391.518489129,13.9695402317381,6800.40338347587,27.7950508743971,9.92632971304018
352,11,103.820384462817,1,1,40595.0492381324,13.9695402317381,6791.9567501077,27.345480079541,13.2097333704919
352,12,95.8284816092846,1,1,42043.7679401936,13.9695402317381,7504.15095078423,25.3616031720521,11.2451581524735
352,13,105.115941181183,1,1,40466.8682481833,13.9695402317381,7178.18861083379,29.5654926285094,13.5709483243309
352,14,117.147836828432,1,1,44214.679599239,13.9695402317381,6977.65301287482,22.2312163225717,14.2340833338668
352,15,121.486871070719,1,1,44966.0790770379,13.9695402317381,7749.73471631775,27.9646271802324,19.7375270557231
353,1,84.8707424902153,1,0,31659.5953176788,10.638006898084,4040.33340019265,20.9905603669484,1.92795591063006
353,2,82.3313483919183,1,0,30902.9680513761,10.638006898084,4937.71067959172,32.074169368729,4.70827775028199
353,3,81.0018357527645,1,0,30486.5791255467,10.638006898084,5785.20137652393,23.1724795962601,0.434797746444542
353,4,91.1699444656912,1,0,32042.127349051,10.638006898084,6171.27946804337,22.7654624591372,4.52792620501923
353,5,82.5409275097524,1,0,33551.5315627964,10.638006898084,5998.49551041224,27.0382533450188,3.28304585175234
353,6,97.713196712297,1,0,34291.0429026816,10.638006898084,6156.67838127885,29.7373402315006,6.65902731069982
353,7,97.3568025285022,1,1,35351.8185150615,10.638006898084,6354.49979017086,21.2393504142711,8.24204897185912
353,8,92.7331090793913,1,1,34568.4829059982,10.638006898084,6866.75841117324,27.6175839538893,7.7780943559724
353,9,90.4609100919189,1,1,36826.1310716458,10.638006898084,6032.57005185398,27.7267074840917,6.4538800333331
353,10,113.367944436784,1,1,35071.8058622368,10.638006898084,6834.52704794603,24.1751037145995,10.1231552829222
353,11,96.3186093804666,1,1,33793.468374317,10.638006898084,7625.30255417265,25.4580601642951,10.8856018008801
353,12,98.6922694537918,1,1,37314.4051056858,10.638006898084,7120.37981579096,27.4335065180968,15.2822052404456
353,13,106.358284631223,1,1,37662.8005639179,10.638006898084,7048.31541359375,21.463161010153,13.558352499599
353,14,104.333420877572,1,1,37006.9314460552,10.638006898084,7883.05521287256,19.06322586149,15.4826194275048
353,15,109.665596639662,1,1,39061.5364997748,10.638006898084,8223.50025326086,25.446656953552,11.3141662603604
354,1,68.3163735916184,0,0,17155.2047431587,10.2184063126647,5345.91998491286,24.5923988300932,5.69920365487512
354,2,71.2834058100281,0,0,18075.7130880747,10.2184063126647,5711.62665145548,26.4194528612022,0.00818243879244185
354,3,67.8657622255913,0,0,20830.2513278169,10.2184063126647,5082.59621589668,21.1822933713467,1.09976090475038
354,4,79.1719226149873,0,0,16892.7063212112,10.2184063126647,6235.54338614429,19.013779820766,7.02319948549839
354,5,67.2917035610526,0,0,20790.5096721691,10.2184063126647,6344.6314522393,24.0007737269028,5.10285283300262
354,6,81.2233218792366,0,0,20533.6584559873,10.2184063126647,6338.86988648362,24.6626917319454,3.97967345189539
354,7,85.2358555415175,0,1,20888.1996781293,10.2184063126647,6651.09608403582,26.4036894466238,11.0565831206199
354,8,81.6074609515371,0,1,22160.8126760381,10.2184063126647,5865.41941613322,22.1359781955816,7.04122424980311
354,9,74.5470657469166,0,1,22067.3414560314,10.2184063126647,7780.47038288458,23.3092199219378,3.78481219005048
354,10,95.8459032257375,0,1,22535.9494765335,10.2184063126647,6684.45690595046,23.5650877887975,12.4662203706473
354,11,82.6051724227367,0,1,22202.3546471432,10.2184063126647,7781.32781319189,30.9569733354967,11.3495542893095
354,12,86.7718412025001,0,1,25708.7930884884,10.2184063126647,8011.89868539247,27.8392593398915,12.1112623110903
354,13,90.2811699035111,0,1,25534.7914283426,10.2184063126647,6914.42747061786,28.7983911044459,11.033501068377
354,14,90.1831045875393,0,1,23880.6728863638,10.2184063126647,7567.68961055588,22.8194272470812,14.4184847039862
354,15,98.5353321496454,0,1,25355.4756133133,10.2184063126647,7985.18850621247,27.0801355237868,15.809823888518
355,1,85.5745077407095,1,0,37814.5277511107,6.86886100081612,4745.1508449079,21.6553106634304,0
355,2,82.1254967927407,1,0,37423.8078632684,6.86886100081612,5577.85665221786,25.7796377650343,3.71240720002877
355,3,74.3741385319302,1,0,38864.1165405887,6.86886100081612,5536.30870896554,25.9257324674773,5.64149653441521
355,4,84.1268269246499,1,0,39768.385719716,6.86886100081612,5522.95138383604,29.0497939499612,5.30917013549636
355,5,84.834440835408,1,0,42113.923986629,6.86886100081612,5617.89223728273,30.0546303064068,6.61003017268114
355,6,85.6336693967505,1,0,40530.4239323273,6.86886100081612,6641.73063002154,24.2224548368929,8.75735899323972
355,7,93.9195983781689,1,1,42914.4455818696,6.86886100081612,6570.01951248643,28.9883280602417,4.95507222457449
355,8,89.2919838205478,1,1,42386.1055647703,6.86886100081612,5978.08019831849,26.6429610478795,9.39489840438148
355,9,90.6444886733397,1,1,43535.0977132039,6.86886100081612,7631.73966895406,27.5821904158308,8.41177486226747
355,10,92.9597955985649,1,1,44593.8463008514,6.86886100081612,7563.82865810256,23.0168598655936,6.58168529968168
355,11,92.3904367290668,1,1,45787.8561956825,6.86886100081612,7193.97152286092,26.8307682987969,10.2035054252708
355,12,101.673935241849,1,1,46414.7395221834,6.86886100081612,8383.92020696292,20.7094180140658,9.30094828137804
355,13,95.8555758046938,1,1,46658.3821722005,6.86886100081612,7028.02978862409,20.3693935806924,12.4602048846661
355,14,103.688821559909,1,1,47959.1499942273,6.86886100081612,6980.38567267622,28.4908164357772,11.9473886132209
355,15,104.04267687618,1,1,49057.049892902,6.86886100081612,6746.37996427997,26.646936193362,13.2204573222018
356,1,71.8432241862438,1,0,29477.3839128969,11.3716547151818,4877.02203778537,25.1559973808242,1.31479237588893
356,2,71.5579330724242,1,0,28462.9242101027,11.3716547151818,5111.76744077357,27.4138995788472,6.58383184529304
356,3,72.9800115116498,1,0,30328.8760501331,11.3716547151818,6053.26070454388,26.2106543103003,3.14389750042557
356,4,93.3151033979402,1,0,33096.5500117399,11.3716547151818,6430.68131531326,24.8881552475157,6.7415827001135
356,5,85.2672252521634,1,0,31471.9458195454,11.3716547151818,6079.7772341923,29.0371313993699,6.55835642366916
356,6,89.1584548052355,1,0,32837.3729396297,11.3716547151818,6077.64204803469,25.730757539759,3.18533484020765
356,7,78.0492858363703,1,1,34526.3055167986,11.3716547151818,6139.85425378559,28.1884056305181,5.09475347554007
356,8,85.098091815293,1,1,33055.8661479517,11.3716547151818,7053.47192258102,28.587167881693,10.9048758093816
356,9,93.192898539123,1,1,33701.765808042,11.3716547151818,6431.48729056964,21.7703561052674,9.73435874576166
356,10,98.3945131629742,1,1,36936.3893270431,11.3716547151818,6917.96781159598,26.2583488796913,10.8430094128254
356,11,92.5736422214205,1,1,37139.7125995938,11.3716547151818,6924.56560677211,26.444342947926,15.3399259086026
356,12,91.3969175113084,1,1,36151.7277111776,11.3716547151818,7141.35041746321,25.4666108602781,9.09370953468879
356,13,106.472558163977,1,1,39479.5491188792,11.3716547151818,7569.6336737685,20.1935300433103,15.4148534165741
356,14,97.1779600478328,1,1,39754.9866536136,11.3716547151818,7889.87035422247,21.1021633607389,13.4364437322737
356,15,106.025832251329,1,1,41241.7677583171,11.3716547151818,8189.36204592436,30.1912040639676,16.396749811314
357,1,79.5567548087217,1,0,24139.3319998131,19.4362374040713,4866.20715933876,27.7885611994618,3.56552990267839
357,2,90.1281534605259,1,0,26993.5513531744,19.4362374040713,4682.39822121738,23.2370394240538,5.00420017722437
357,3,84.4834356210725,1,0,26652.8947456921,19.4362374040713,6510.0458303615,19.386825001505,3.62849954928714
357,4,86.5506932136254,1,0,25245.0086606897,19.4362374040713,6122.51519854778,20.12403616263,4.92853953718951
357,5,95.3616260543536,1,0,26915.12388778,19.4362374040713,6488.64570358647,20.2385013887633,2.53964092659038
357,6,104.398586654733,1,0,29102.150402637,19.4362374040713,5736.76623617362,22.7612687720812,9.92185694735124
357,7,86.8270128330584,1,1,29733.4712836977,19.4362374040713,5818.05268482578,26.4201498079149,7.39609935896546
357,8,95.0372636978339,1,1,28094.6384751244,19.4362374040713,6704.76693689095,27.041182641516,8.65557761821816
357,9,101.220595451279,1,1,30184.7680190986,19.4362374040713,6321.25754035758,25.5094278997951,8.49153641534656
357,10,94.1637451291126,1,1,28910.9261320247,19.4362374040713,7346.43223098538,18.3763557879434,5.74557784199564
357,11,98.9474310664908,1,1,32263.1686784472,19.4362374040713,7507.62785622738,27.984681303837,12.1207415409451
357,12,112.274788025907,1,1,32473.192991807,19.4362374040713,7954.97421005286,20.1103915867673,13.8897832876604
357,13,113.119842925516,1,1,34330.7289131303,19.4362374040713,7560.08559903856,21.3096895696678,12.0192509176713
357,14,111.36228297115,1,1,32924.5477963533,19.4362374040713,7605.90170432522,29.4793206279365,15.3639243095353
357,15,115.40037630663,1,1,34289.1938381375,19.4362374040713,7317.19558346122,22.6113247546353,14.3493681807804
358,1,72.6819162756356,0,0,18831.6810259357,14.9691066243881,5257.67449505031,22.2605452067473,3.14849792494081
358,2,69.5244663060566,0,0,19354.7859620668,14.9691066243881,6491.39158934934,28.532914972649,1.37515711790556
358,3,80.2910290124789,0,0,22134.8525624892,14.9691066243881,5521.32890239074,29.0561745100412,5.55090917652955
358,4,85.5067331887862,0,0,22894.2546820085,14.9691066243881,5531.55960979435,25.4120378186957,6.40557784562587
358,5,77.8358103148171,0,0,23118.4116235158,14.9691066243881,5266.09692711887,28.6430339211926,2.90337703654975
358,6,80.8803201945102,0,0,24061.1730017097,14.9691066243881,6116.15930696959,28.759152850604,9.62603175484152
358,7,96.5357825005699,0,1,24738.2384502339,14.9691066243881,5548.40083663314,26.6530959057335,6.03719124849283
358,8,88.117113294008,0,1,25647.2296724879,14.9691066243881,6960.58663210419,26.1402332203115,9.10790572609855
358,9,98.3216889669876,0,1,26244.2106788982,14.9691066243881,6858.7465776397,26.9577698373313,9.60629980386517
358,10,97.2998028791255,0,1,25552.2456305655,14.9691066243881,8431.49241314828,30.425623634513,13.2390887096327
358,11,96.4732777346308,0,1,25687.2311441263,14.9691066243881,7348.69262924416,26.3707934965521,14.3675339084253
358,12,95.017541560097,0,1,27187.0752398545,14.9691066243881,7804.80569469955,30.8155588392078,11.2498136042308
358,13,95.276798934793,0,1,30568.5623813081,14.9691066243881,8886.6416324042,21.6228310807913,9.86800978748991
358,14,98.2840950895801,0,1,29019.0166478289,14.9691066243881,7387.62736057439,21.1245065035837,14.1161021585769
358,15,98.6335593322918,0,1,31555.6987944352,14.9691066243881,7756.13416248802,31.972944266812,14.433023241863
359,1,84.7130011208012,0,0,28936.1224806285,17.0267164674805,4627.60290499536,23.5150051895278,1.46204777512168
359,2,85.5931644335196,0,0,28857.7822038983,17.0267164674805,5014.87145669729,24.3129564143184,0.372037014303249
359,3,77.7322563674793,0,0,29533.7050835146,17.0267164674805,5562.55562531422,25.8373402331881,4.17598675616131
359,4,90.2290817488854,0,0,30396.3972301816,17.0267164674805,5329.22308745603,25.2946522532009,4.95050423337533
359,5,106.234458690213,0,0,31864.8830427175,17.0267164674805,5959.37354863727,25.6917103222714,8.36425252347604
359,6,89.9356499532451,0,0,30815.951071391,17.0267164674805,6457.13527560432,31.4357134641678,7.88767855986027
359,7,93.5605208133301,0,1,31045.0831027207,17.0267164674805,7051.26041505567,23.388808428648,7.6134350561622
359,8,89.6098785639683,0,1,31266.7828998949,17.0267164674805,5427.14313568602,22.5698479795296,5.45429143059014
359,9,92.9510624392727,0,1,33364.0621712834,17.0267164674805,6179.45499439698,22.8215838068519,9.69976397475011
359,10,95.2701501894854,0,1,33064.5860332678,17.0267164674805,7266.35878438953,28.5897877614416,11.1462366338909
359,11,102.874973853945,0,1,34585.8877437254,17.0267164674805,8435.95986404064,31.2310009823721,11.5203888718803
359,12,99.5917350996603,0,1,32682.7083677527,17.0267164674805,6817.16762472608,26.2519170430946,12.1674468877784
359,13,110.768254623145,0,1,34114.1280243538,17.0267164674805,7101.96639756222,20.9249381135215,13.2075472489608
359,14,109.434695279683,0,1,34855.0741283236,17.0267164674805,8572.15740495848,22.0140319271836,17.3797998507066
359,15,107.573827836018,0,1,36147.25755134,17.0267164674805,7274.35924115521,26.5882976061787,11.7061053366746
360,1,79.4469509338449,1,0,24693.7784769231,14.7448959549421,5841.01210792625,24.1153683169882,1.12641685163847
360,2,76.6067722784071,1,0,24656.6391500265,14.7448959549421,4779.80794115995,21.3799143927645,3.29444986508987
360,3,76.5434256127233,1,0,25930.9890587961,14.7448959549421,4476.42449644451,27.3458189319273,1.76075696578657
360,4,93.3854386582123,1,0,25379.1528933464,14.7448959549421,5506.39332312985,20.288881143016,6.26626595876092
360,5,85.6162642930991,1,0,29401.5375501498,14.7448959549421,6716.38392205427,27.5388306486443,6.08716761081612
360,6,92.3441787066236,1,0,27942.361993504,14.7448959549421,6232.78300618539,21.2329059247934,9.86660001758179
360,7,92.0378387174791,1,1,28935.0476886143,14.7448959549421,6369.30010345328,32.1873863848394,8.19239247590881
360,8,88.4227276938623,1,1,29512.3118278555,14.7448959549421,6768.71636277867,27.5078912970787,6.28863639653391
360,9,98.5945249521812,1,1,29704.6129177417,14.7448959549421,6728.39161768029,26.5516454441299,9.0427716997528
360,10,113.187347893191,1,1,32398.8867721217,14.7448959549421,8147.44747553792,23.8589411030774,14.8684889650758
360,11,107.696951194944,1,1,30545.8246336447,14.7448959549421,7550.25078588517,27.3237500443719,14.5686973871103
360,12,99.7243934208558,1,1,32875.6063808714,14.7448959549421,7550.6916822101,23.6029008335242,13.6070550018114
360,13,111.330087913651,1,1,34151.5402373058,14.7448959549421,7054.65769952665,25.1150449620498,16.8274983961748
360,14,101.012019095791,1,1,33389.9527473995,14.7448959549421,7617.85623107634,18.773605014342,14.8502733141151
360,15,110.921553938307,1,1,36759.6985760083,14.7448959549421,7331.17008031191,24.6509735317984,13.3315542874048
361,1,71.6577478851094,0,0,27016.5903318126,15.4327881238856,4815.42086993414,30.1430342051298,0.81588246521145
361,2,82.6872564877368,0,0,28833.3999342935,15.4327881238856,5034.97503020969,28.6114491931196,4.84449505886441
361,3,90.4291885610405,0,0,27031.1630170156,15.4327881238856,5125.25024161469,24.0018201369152,1.11332790958353
361,4,88.633088297889,0,0,29245.2300058061,15.4327881238856,5409.64332989733,29.2543517808828,5.85368552205356
361,5,82.7875980749495,0,0,30266.5627048308,15.4327881238856,5918.8410926952,29.64343797875,4.98023301490088
361,6,88.0399398937138,0,0,29523.1510021786,15.4327881238856,6713.02286116424,28.3799904322063,5.91608796462326
361,7,82.3758488235394,0,1,32468.330457252,15.4327881238856,7123.29138176815,30.7433927859472,6.70265649568094
361,8,98.8085059740911,0,1,32496.3981616599,15.4327881238856,6436.14882874688,28.2872730917505,8.55259837328227
361,9,87.5523325172289,0,1,32804.2685452598,15.4327881238856,7565.66313250604,20.4202485984804,6.76503002227825
361,10,83.8415756914704,0,1,33752.2028288634,15.4327881238856,7578.00652318791,31.2462681361758,7.85497621048177
361,11,97.547603218284,0,1,34195.0029366149,15.4327881238856,7933.38063167201,25.1426801315695,8.02502214470912
361,12,100.302142836631,0,1,35594.2139504534,15.4327881238856,8020.72241268327,24.6032961523146,9.14628886751543
361,13,106.68801040457,0,1,35781.0803621198,15.4327881238856,7693.42725676394,25.280106694804,16.740817978056
361,14,114.439967798257,0,1,37812.5676718446,15.4327881238856,6594.89446924746,23.683741639235,13.8821759388739
361,15,97.4759578578951,0,1,36532.4181124208,15.4327881238856,8167.82931963638,21.8194264297814,17.5947267014441
362,1,76.3161973604087,0,0,22124.950118797,14.7086292434973,4659.97256125101,16.2561838489356,0.393788840673002
362,2,73.2560226229932,0,0,22383.0494474242,14.7086292434973,5378.14642813241,20.8184568778371,1.64797926658326
362,3,76.7033175091794,0,0,25395.2859288827,14.7086292434973,6126.02844088245,28.0435284716686,1.23612168548846
362,4,84.6319762881832,0,0,24252.5507521029,14.7086292434973,5884.8490831528,21.0460527478864,4.22908367570194
362,5,86.7145760394641,0,0,25344.7072354137,14.7086292434973,6150.0635285673,26.5294745132362,6.25870153249388
362,6,84.9844166867695,0,0,25855.1949725141,14.7086292434973,6754.62871235144,25.1124765788776,4.27337110665366
362,7,75.4802423818345,0,1,25112.3520923542,14.7086292434973,6040.08497278867,27.6529012398215,6.64200618626572
362,8,88.9552181567171,0,1,26216.7974248438,14.7086292434973,7539.79628028191,25.1196670957256,9.8847312671129
362,9,88.7066929375272,0,1,29046.0591110879,14.7086292434973,6591.10214845787,23.7739931470941,6.10260755623258
362,10,97.5065897859539,0,1,30265.7213052831,14.7086292434973,6821.54723107161,23.7626494655321,10.2462961102772
362,11,83.8208282421489,0,1,30474.6979380679,14.7086292434973,7107.04389629932,23.8880382862494,6.18736393126858
362,12,100.121552960451,0,1,32772.0759885038,14.7086292434973,7851.84966340746,20.1735442888647,8.06157009036261
362,13,84.0560540373794,0,1,34509.6531636353,14.7086292434973,8103.61867911355,21.4651723897387,12.4174590594175
362,14,99.4953708327338,0,1,35852.3962875143,14.7086292434973,7658.84582408514,21.6702418964339,15.0523038256233
362,15,104.064546937764,0,1,32951.1421518892,14.7086292434973,8216.5213624056,27.9337497961916,18.1317038172457
363,1,80.9827836883443,1,0,45595.4614930085,13.4261772952953,5689.69536697849,29.1624972309271,2.5129706555348
363,2,84.6751672004161,1,0,47017.1581693851,13.4261772952953,5289.11187136053,23.9362225376725,1.81135950094926
363,3,89.7208480250109,1,0,48048.3107257585,13.4261772952953,5608.14936412677,23.4892008790769,2.91944304344504
363,4,96.0280339298668,1,0,49768.1640590715,13.4261772952953,5590.22186774403,26.7576007238793,4.4340196792234
363,5,95.9469836395752,1,0,49777.8077577747,13.4261772952953,6238.43617365871,26.3737214514256,3.9698726090638
363,6,94.3358616032795,1,0,50922.1501268411,13.4261772952953,5932.96108520366,29.5149083770716,8.92033983481751
363,7,110.366696131809,1,1,53514.3285228785,13.4261772952953,7146.10388378437,22.8117136114353,9.3223455128799
363,8,101.715010470926,1,1,53103.2813556485,13.4261772952953,6495.1513580328,22.3041507300132,3.87888334393213
363,9,114.376594408192,1,1,55957.6225252763,13.4261772952953,6723.67188937323,23.232294445462,9.60997818279584
363,10,103.130919434571,1,1,55548.0082161951,13.4261772952953,7461.72179688791,24.3260637195865,11.1574800085696
363,11,109.293037398931,1,1,57047.4139045506,13.4261772952953,8226.46211700044,26.7463257566845,10.9013993984939
363,12,106.90081743405,1,1,58220.0745496903,13.4261772952953,7602.60397588796,26.5306816816299,13.3750462005039
363,13,126.700745988735,1,1,61087.1752174616,13.4261772952953,8640.50508217789,21.2202469340698,14.7932261172061
363,14,107.754973706912,1,1,61429.3971721535,13.4261772952953,7596.59110412779,24.5794588361711,15.7560831037642
363,15,117.879808170772,1,1,63312.3250183028,13.4261772952953,8246.20252203054,22.4980346655291,16.3692576136454
364,1,76.9572898268974,0,0,32864.8277867951,10.252413678009,5186.6095869748,23.0275089207659,0
364,2,80.7922173119567,0,0,30111.4801834282,10.252413678009,6510.88190283624,26.0016828959019,2.9086333999464
364,3,83.011074560161,0,0,33049.581883421,10.252413678009,5460.44209652145,23.1085254012113,2.01788933394818
364,4,83.4708442642084,0,0,32962.9560352968,10.252413678009,7152.74392217762,20.9101226852855,4.22058417433238
364,5,80.6227034095844,0,0,32971.4161300806,10.252413678009,6222.10057154779,21.167624048852,4.79603767412389
364,6,88.357108313853,0,0,32391.5836996347,10.252413678009,6223.2853418658,26.1440788924815,6.86363534656329
364,7,87.2941349024553,0,1,37035.0739277352,10.252413678009,6169.02166503009,19.8391198899468,6.71362498007745
364,8,90.3823781672749,0,1,33147.8382770395,10.252413678009,6244.77627910601,26.1607221745107,9.53276503661766
364,9,91.4297818150474,0,1,34658.5255999377,10.252413678009,6788.6237680558,18.4696858920501,5.85261929660255
364,10,80.897434894556,0,1,37165.940867232,10.252413678009,6734.68391998604,27.9745928983977,11.9586565560636
364,11,84.0112072512673,0,1,35102.9561706635,10.252413678009,7473.34422704449,22.8921280364982,10.1674221089197
364,12,90.3150375887129,0,1,37713.8308300105,10.252413678009,7937.31929827303,24.5372002873132,8.64677471328988
364,13,99.047459596813,0,1,36323.8612711821,10.252413678009,7599.86634766625,27.3200828520006,10.8694841861003
364,14,105.957736059149,0,1,38960.3890621537,10.252413678009,7901.76220505468,23.1987475329601,12.0263404094796
364,15,98.9197045162588,0,1,41300.7542201675,10.252413678009,8219.13138366806,31.04039216476,16.7934886748792
365,1,91.5906406373693,0,0,39809.4061817754,10.4011957880296,4547.90964205876,23.4278455577324,0
365,2,88.457690961819,0,0,41103.8339585184,10.4011957880296,5553.80709317932,21.0469260757366,1.69282973252348
365,3,96.8246827294812,0,0,42360.6915467629,10.4011957880296,5700.9703763911,26.3362638902109,0
365,4,93.5733057299379,0,0,41849.7939260309,10.4011957880296,6276.36477714408,21.6639015099884,5.64153450052898
365,5,96.5383035839706,0,0,42696.8064445698,10.4011957880296,6266.03747035891,24.5210468777947,5.05965755105377
365,6,95.4037208976232,0,0,44137.4726795644,10.4011957880296,5919.83206642384,17.549898105542,9.94850904080008
365,7,97.2146367272455,0,1,46036.9795526806,10.4011957880296,6902.7223314147,24.740395391641,5.88828479452315
365,8,94.9041852769276,0,1,45619.604698428,10.4011957880296,6424.59616859488,20.2357710997852,7.60770149661033
365,9,92.3755671873897,0,1,47627.6081299079,10.4011957880296,6584.87532715669,21.2248133149315,7.98169125425224
365,10,96.4446111086475,0,1,49514.480168384,10.4011957880296,6396.88437281094,21.5546212854483,10.9443552450798
365,11,108.842782743048,0,1,49178.3509112919,10.4011957880296,7897.26836728525,28.2343284732321,7.42075334013248
365,12,99.4018679170221,0,1,50681.1422017293,10.4011957880296,7704.5562749503,25.1440384100313,9.48801023555819
365,13,101.760668738645,0,1,51924.226458013,10.4011957880296,8091.85231779424,27.8182192062922,10.7736885339773
365,14,100.77670408597,0,1,51149.9107861016,10.4011957880296,7842.61282716143,26.430889114921,14.6123589629411
365,15,117.072983074533,0,1,53606.7518840487,10.4011957880296,7735.05263857111,23.6832140744298,12.3021466433621
366,1,65.7237908260859,1,0,8946.50884363517,7.19748001087414,6856.81094146942,29.7031219388681,3.2750700004019
366,2,61.9325333958845,1,0,10862.2877300557,7.19748001087414,4891.83982184471,25.496878817813,2.52738855492177
366,3,65.2021216298826,1,0,12587.6437422782,7.19748001087414,4999.2878583636,18.9022161819568,3.27347501208649
366,4,71.9297548118867,1,0,13673.491442063,7.19748001087414,6438.77436709214,26.87631758623,1.00838646177331
366,5,67.741630162805,1,0,13122.1170379133,7.19748001087414,5880.77333632373,28.2464465159097,5.7041964280224
366,6,75.5888762610826,1,0,13772.7298029048,7.19748001087414,6612.57395065266,21.4233036895557,7.83779922820605
366,7,68.3913957914583,1,1,17718.8198599311,7.19748001087414,5682.59796959331,21.7719489743842,3.93658592518328
366,8,79.8018454869395,1,1,14988.1829642081,7.19748001087414,6794.38447776622,21.4996615234924,9.61543009639489
366,9,79.7502255927138,1,1,16761.8043063689,7.19748001087414,5946.83046179847,26.0277670887337,7.26079023390065
366,10,73.4058531196932,1,1,18511.8604354757,7.19748001087414,6795.95224450011,24.2889494577869,11.5748643223532
366,11,77.8144637151435,1,1,19729.0124509937,7.19748001087414,6792.68706989623,20.8240525537793,13.7552369642065
366,12,70.6172625899888,1,1,20137.6627247132,7.19748001087414,7569.79132002797,22.1468504268908,11.9838003047775
366,13,95.819947543406,1,1,20378.4464238766,7.19748001087414,7561.71211824234,19.5744286197641,13.650243651067
366,14,94.9264708065638,1,1,22602.9087807492,7.19748001087414,7729.66850319064,29.7113943323052,16.6439993083905
366,15,89.2032051579249,1,1,22377.5288983393,7.19748001087414,7755.36218503777,24.023493991762,13.0173413979487
367,1,78.9617866208543,0,0,26662.4519194876,11.98254685836,5312.53619988424,23.2258454097912,0
367,2,78.6888192334212,0,0,28368.8899265792,11.98254685836,5908.69025547419,25.5457464100785,4.65631472415728
367,3,74.1140678743598,0,0,29762.4903524867,11.98254685836,6007.82331736351,25.1040659354661,2.46478132580158
367,4,77.3658002896258,0,0,30619.3569380218,11.98254685836,5802.23676013295,25.5301111967271,1.16366420625149
367,5,89.5817924194726,0,0,31214.2541858074,11.98254685836,6622.21658990302,21.3918988885175,4.97402553269388
367,6,84.4040843543817,0,0,30814.7381000148,11.98254685836,5953.9545099356,24.9767685425613,4.41506661859025
367,7,84.3405629835347,0,1,30120.1600072775,11.98254685836,6849.12559088733,28.6837376477349,8.89393941784693
367,8,89.1805203860811,0,1,31100.2422650756,11.98254685836,6907.34590392715,23.1734850793069,9.88178855519577
367,9,86.6212057991836,0,1,34133.3501696524,11.98254685836,6599.82012658972,24.317510651728,9.20109115655157
367,10,90.5090045079148,0,1,31947.6194936281,11.98254685836,7004.84014898926,22.4105729477088,9.13631534029009
367,11,85.4764305931004,0,1,35761.6605782703,11.98254685836,7514.52521131806,25.0604346862981,11.2239845266572
367,12,95.6683598396445,0,1,35826.0184009485,11.98254685836,7966.60464268877,25.1058175248644,11.4162053400778
367,13,96.3414771788842,0,1,38506.0523161729,11.98254685836,7473.96484170312,23.9506290328726,11.8628533684117
367,14,111.983967472244,0,1,37367.220274198,11.98254685836,7905.83537324082,23.3418064764805,16.1558790518019
367,15,90.0612506322069,0,1,36020.2139248994,11.98254685836,8252.4981180512,28.5848315992441,13.8657920238124
368,1,81.5207424053494,0,0,26129.7728237253,14.6980670275701,5398.68448401332,24.7632709794176,0.591565631135145
368,2,87.1256073141282,0,0,27109.0678469468,14.6980670275701,5790.45400895239,26.6049488023312,3.1276113525972
368,3,84.283779596255,0,0,26313.7199371629,14.6980670275701,5379.18486960825,29.5319880942998,1.72205538770038
368,4,83.6351846555968,0,0,27138.2328434063,14.6980670275701,5539.16811230061,22.8713042232202,2.50116355006647
368,5,87.8296590903287,0,0,28546.4369291068,14.6980670275701,6506.92078342228,26.7158303282141,6.33827391851741
368,6,90.0698177189038,0,0,29107.2083312077,14.6980670275701,6227.97306291252,23.4602031586479,3.97187092660783
368,7,97.3909343133168,0,1,29546.6871148769,14.6980670275701,5681.98875443609,22.3359842279023,8.35563463508457
368,8,90.8642333953395,0,1,30325.5616502738,14.6980670275701,6574.49583346624,23.3506984628827,12.5848962227285
368,9,93.1817484113399,0,1,32962.7032362664,14.6980670275701,7749.29573552628,25.4179634097129,6.60035060379741
368,10,92.1215703771913,0,1,32787.4550847914,14.6980670275701,6215.21912472429,25.7624988714264,6.65367647236035
368,11,87.044642625108,0,1,34445.7084911265,14.6980670275701,6014.92216941812,32.0833380154282,12.2532950134602
368,12,88.5756000067733,0,1,32703.1079083526,14.6980670275701,7219.65149635793,26.8195111971288,13.4257738685356
368,13,94.5124693951293,0,1,33404.9817907878,14.6980670275701,7571.57607447231,25.0975679380729,13.5579247045631
368,14,106.698998363695,0,1,34215.6637337043,14.6980670275701,8186.96226827699,23.2224347491836,15.4677849986572
368,15,109.401584546579,0,1,35956.4863264766,14.6980670275701,7173.64340895955,23.9622224532203,14.5168950778936
369,1,70.2253872751651,0,0,23115.1568084948,15.0957676695782,4533.68974058607,19.8933338046571,1.05229938673127
369,2,76.6498204237638,0,0,22869.4062914582,15.0957676695782,5401.60755968327,25.8565217249159,1.60878804973045
369,3,89.005056413418,0,0,23243.8304892332,15.0957676695782,5880.18221590362,27.0268713808714,3.29271671234752
369,4,83.4851215015502,0,0,24985.0893639279,15.0957676695782,6255.15116370485,27.6894702641313,8.39552712291778
369,5,89.3795954024606,0,0,25456.0743517178,15.0957676695782,5214.54741763225,23.44401988672,4.99270047612647
369,6,91.7184000591922,0,0,26716.3678209635,15.0957676695782,6157.93743549595,24.4812955100206,1.95466275442649
369,7,89.3487626113774,0,1,27052.6493292696,15.0957676695782,6592.70792989647,22.2307512878386,8.05188373784989
369,8,80.9920700896519,0,1,29279.662401274,15.0957676695782,6148.4729001357,27.4035566532552,8.10656467865911
369,9,87.3251614264525,0,1,29832.245219188,15.0957676695782,6197.85727620798,21.1128398837744,7.34052001440932
369,10,97.3462086653673,0,1,30350.9160094158,15.0957676695782,7513.09495911951,25.3156278514823,8.49949858857634
369,11,97.1833380586529,0,1,32493.8972216794,15.0957676695782,6830.46900857072,22.4064515755602,12.1945066937988
369,12,94.9153940191921,0,1,34078.6356016836,15.0957676695782,8207.27928868597,23.5670977231767,10.7779832221308
369,13,99.0343154384799,0,1,34554.3674237462,15.0957676695782,8299.75524016371,26.968650578465,15.2980675087272
369,14,94.4329103290073,0,1,35574.2503169279,15.0957676695782,7737.10673193814,23.0959470426842,13.2511028720442
369,15,98.839992660995,0,1,36707.0007214826,15.0957676695782,7489.48902009797,23.0051203456165,9.52045605311598
370,1,77.608144056067,0,0,43759.9074117338,12.2853981133663,4142.77552817362,23.5054684517557,0
370,2,76.3856511327472,0,0,43895.752358026,12.2853981133663,5801.4290418653,24.7704572397803,0
370,3,87.4751538225223,0,0,43543.260587699,12.2853981133663,5516.73935399245,26.7380282334977,0.151794316212872
370,4,91.4223187630615,0,0,43060.0322792802,12.2853981133663,6800.11325076745,27.0749383784719,4.79381819885316
370,5,91.9331976406812,0,0,44419.3489278165,12.2853981133663,6995.64108426983,28.1157652551142,7.03334006039514
370,6,94.6386963450874,0,0,43497.92725556,12.2853981133663,5717.10204378952,25.7255052594732,7.54421427886128
370,7,101.886504393447,0,1,46262.3769137349,12.2853981133663,6439.97901529747,27.1989059453771,6.88768511905744
370,8,96.2432322516879,0,1,45933.9768274396,12.2853981133663,6566.43653012113,27.6002420171368,9.44455969670093
370,9,97.0647090485746,0,1,47450.9759298955,12.2853981133663,8002.00863596516,21.1940411467153,4.16956532261782
370,10,102.472384973882,0,1,47453.234341762,12.2853981133663,7889.55807972938,22.9994899371932,8.6635662271469
370,11,106.397404978875,0,1,47220.0382336437,12.2853981133663,7120.1552879262,21.5169572829341,11.646013321787
370,12,96.3726026536412,0,1,46694.7649069276,12.2853981133663,7006.55230096784,24.5388739807902,9.78200547099408
370,13,110.513201498922,0,1,47441.2099187842,12.2853981133663,8164.25686423244,24.6646612210264,13.9312112382693
370,14,100.349682391543,0,1,46766.5389757006,12.2853981133663,7217.10492978988,23.496631247066,15.1810887469376
370,15,104.681894189138,0,1,48156.937970426,12.2853981133663,8385.13766219149,21.7227389123727,11.9187955975483
371,1,69.9884761963362,0,0,20512.3687651264,10.3571171483343,5975.25956622853,20.3101857261239,0.284805902315255
371,2,75.8380472811871,0,0,20188.3626182736,10.3571171483343,5583.2342164527,21.4918241298622,4.16426529475446
371,3,78.7038219584405,0,0,20853.3497797619,10.3571171483343,5402.98981742999,25.0101174380306,4.66850110665964
371,4,76.4204864639208,0,0,20928.9441437619,10.3571171483343,5852.50425884662,29.3833284879845,6.85020340189569
371,5,76.6913837529928,0,0,23359.3022318184,10.3571171483343,6025.56730376799,27.4328672377691,8.87476469847127
371,6,76.5160361249165,0,0,23232.6738535861,10.3571171483343,6289.21137658479,28.4593211237891,5.72255333975934
371,7,90.5026443614634,0,1,22526.9240892288,10.3571171483343,6540.70339435681,20.0440365658982,5.74305915868841
371,8,85.7842154022425,0,1,24337.1110773001,10.3571171483343,7033.33584534543,24.4136211662031,8.74602884754363
371,9,82.7577817450778,0,1,25827.5841420219,10.3571171483343,6796.45338304509,26.2984892722737,5.83905126443436
371,10,82.5360102283973,0,1,25130.9147747648,10.3571171483343,7231.79405318285,25.9391842894527,9.51555158426887
371,11,79.8007248884799,0,1,26102.9421591489,10.3571171483343,6772.29269718393,22.819433227893,11.1158704714916
371,12,93.5987060262686,0,1,26386.819979832,10.3571171483343,8218.20065195638,21.3043081705483,12.372732691293
371,13,97.9099991934997,0,1,28691.1561752127,10.3571171483343,7710.98606056317,27.5384834888508,10.4549873531659
371,14,84.6269542031686,0,1,28195.540870215,10.3571171483343,8698.1661879859,28.0073241212155,11.8067437114712
371,15,94.6251050323206,0,1,31377.6720602247,10.3571171483343,8250.62838968494,18.7080057824805,10.9745144315161
372,1,96.3262243697664,0,0,31082.5075962865,21.8715523299556,5516.02669794796,25.2550072964614,4.11660563857729
372,2,96.3181901987649,0,0,33526.4609282786,21.8715523299556,6056.558142709,21.6002196917449,0.109614706453596
372,3,81.3682738101936,0,0,34975.532168705,21.8715523299556,5578.53728932333,28.7691961713401,0
372,4,90.8250072015005,0,0,34339.9154933969,21.8715523299556,5438.7392356083,26.9681981801567,4.22775496312687
372,5,102.473197796359,0,0,37177.123319387,21.8715523299556,6223.73228335133,23.2755454217473,4.51817422082988
372,6,103.742302363132,0,0,35611.7773421501,21.8715523299556,6494.46413602861,28.3183253052221,1.91068700322474
372,7,106.510778567054,0,1,35101.2505588661,21.8715523299556,6581.25449686283,29.2141176844933,11.1759209498568
372,8,85.5268964050496,0,1,36208.4512423982,21.8715523299556,6637.95133794551,24.9229547711362,7.31658254178258
372,9,110.203753562302,0,1,36934.7774108073,21.8715523299556,6490.88242292688,28.5096952772444,9.79072838728124
372,10,100.997631932105,0,1,37779.8694556491,21.8715523299556,6625.46797341495,24.7794577160647,9.97725777186104
372,11,100.759792119748,0,1,38347.4917654179,21.8715523299556,6496.77844817742,26.2405637563883,13.2479725464912
372,12,110.059408002393,0,1,40187.4637268092,21.8715523299556,6942.66620595247,22.0642983343441,13.0160652871175
372,13,108.994825316889,0,1,38525.302646182,21.8715523299556,7388.74238327224,23.7941337158065,17.2760681463986
372,14,111.652027320406,0,1,39261.6070410289,21.8715523299556,8199.32589458505,24.3622028496822,13.146237410884
372,15,113.806728051436,0,1,40225.6962225857,21.8715523299556,8380.08671541692,24.0305054693511,13.1628122777548
373,1,80.0777226820146,1,0,36697.4999387725,14.2100565937513,5740.50325670858,29.0471598821616,0
373,2,85.8840786615799,1,0,39137.7474337395,14.2100565937513,5317.90554885438,23.4970506966715,0.257727137403106
373,3,88.3677533888946,1,0,40290.9899638311,14.2100565937513,5510.28915571642,27.3632816222782,3.3648876538227
373,4,93.8943684001843,1,0,39886.9315913729,14.2100565937513,5017.98492862383,27.2171587668091,5.66324939146978
373,5,94.1223783049966,1,0,40919.3961122485,14.2100565937513,6592.53973331026,22.1496310141139,4.27946240024697
373,6,97.6978628996439,1,0,43176.5754101245,14.2100565937513,6719.11759761182,23.6974690981644,4.65738401003206
373,7,102.066622320683,1,1,43645.0120494652,14.2100565937513,5861.21105677379,23.3851997181141,6.99648403325694
373,8,109.726512323298,1,1,46125.2009954328,14.2100565937513,6586.10035438665,27.4391705268245,9.63665834291675
373,9,109.803193795453,1,1,45918.7291432974,14.2100565937513,6236.06138157829,23.7518874841429,9.20124820973371
373,10,110.175798068367,1,1,47483.496162189,14.2100565937513,7665.61815432396,22.8176271189234,11.1766789614938
373,11,114.568515055806,1,1,49083.3707763763,14.2100565937513,7132.43488445343,23.9575635544682,11.5261879200043
373,12,112.069499173541,1,1,48949.6381336474,14.2100565937513,6830.1244996866,29.7924110314163,10.7205524862257
373,13,119.988989163137,1,1,51720.4024474722,14.2100565937513,7960.32170181548,23.7023313998093,11.7399360000042
373,14,130.216668877526,1,1,52183.729270585,14.2100565937513,7742.96763602289,27.71127282328,16.6083034950806
373,15,122.885228124686,1,1,55213.1208769716,14.2100565937513,8124.96945697287,23.4580670897923,16.0667286933519
374,1,87.2878650099846,0,0,31870.5531318961,16.2617259146374,4532.83186282603,24.4544289083809,0
374,2,88.0502584475997,0,0,30977.9436184817,16.2617259146374,5537.97266572451,21.1035242893938,3.2008588199422
374,3,89.89483521118,0,0,34883.0315201943,16.2617259146374,5544.76783582539,29.759939653921,2.44698049419065
374,4,91.0224553719015,0,0,34482.7638041502,16.2617259146374,5825.23277874183,21.2747981195172,3.43745330247611
374,5,91.0868615728157,0,0,36840.2323669506,16.2617259146374,5592.17704645025,28.76704774834,4.37024283757549
374,6,91.8975687977312,0,0,35030.2832893218,16.2617259146374,6131.34813078407,24.823491376714,7.32885812409423
374,7,94.7501758038025,0,1,39397.5012034422,16.2617259146374,6220.71516156236,24.2189359334582,1.57222167664282
374,8,95.2569962397338,0,1,38936.7249295691,16.2617259146374,6574.77027811357,24.6730369301476,10.5071223074896
374,9,105.293909109288,0,1,38079.1855716713,16.2617259146374,7005.50603770661,25.4196339474316,12.5737049241673
374,10,102.09138535373,0,1,40159.8997571961,16.2617259146374,7891.38481912333,23.5737265033398,8.91950442398626
374,11,108.457846180306,0,1,39727.5323755184,16.2617259146374,7642.94555728072,25.0165632585849,18.1208926016808
374,12,98.7250284428499,0,1,42555.153831065,16.2617259146374,7342.33837264151,27.5414561606425,11.1645202531094
374,13,103.162824683927,0,1,40733.8688359382,16.2617259146374,6935.40669332102,23.0071035664063,13.4094556608112
374,14,106.545109382717,0,1,42261.6015418404,16.2617259146374,6956.34280617626,27.6226966285148,12.3114919989269
374,15,103.819541603925,0,1,41821.3852002026,16.2617259146374,8185.20769944239,31.3543326916454,14.7199870108016
375,1,82.979702452849,1,0,23602.3673012176,10.986958077998,5679.90197860573,22.0914167065468,1.35234430711692
375,2,76.2950657272254,1,0,23483.77296366,10.986958077998,6792.98051124183,26.6893050281096,2.83274211165796
375,3,92.6189174027608,1,0,26821.3513388103,10.986958077998,6002.35922633291,21.2536342614065,0.866047196568431
375,4,73.8622963128143,1,0,25455.3055888532,10.986958077998,5965.58349133217,24.7825820936116,4.82859398827335
375,5,84.520477866739,1,0,25875.5389018784,10.986958077998,6011.52646277994,26.4350243816992,2.23608536983292
375,6,74.7327526154125,1,0,28293.2748435957,10.986958077998,6134.70963564653,22.3222878870438,4.76810992642323
375,7,84.2457160490233,1,1,26132.0884016828,10.986958077998,6441.79256705075,19.4868820591124,2.97549213204616
375,8,90.4339663365966,1,1,29613.5661048519,10.986958077998,6400.35349347199,23.6058496489709,8.9555499762578
375,9,92.7822509778438,1,1,28542.2972501245,10.986958077998,7020.09427423682,19.6435045988972,9.81368058049966
375,10,101.428325833761,1,1,30139.682100596,10.986958077998,6197.51569406831,19.9499824077571,9.23981884254334
375,11,96.1131097063494,1,1,29305.8279910795,10.986958077998,6844.5691972212,24.3930152603051,13.5891501687874
375,12,102.357469682349,1,1,31959.1542795412,10.986958077998,7252.35778089956,21.8539177987997,13.3551300526425
375,13,114.302304044732,1,1,33001.6743503646,10.986958077998,7665.79929054234,23.2790930873087,13.3023461785968
375,14,106.261728500585,1,1,33076.425299006,10.986958077998,8259.82665965639,26.0671313255244,12.8997966753551
375,15,99.7949670104595,1,1,32759.3379126889,10.986958077998,7528.35073097936,27.1834208600959,14.664859392235
376,1,81.9098261352795,1,0,39558.0211851373,11.8861271188362,5515.80203375051,27.1576114932665,0
376,2,82.1083223692835,1,0,40173.2568981198,11.8861271188362,5622.05198933845,22.7169473120195,1.1067064669737
376,3,86.300023584688,1,0,42023.0201071156,11.8861271188362,6176.09733734868,29.7290461152469,0.0175006893901069
376,4,89.2020557763899,1,0,42841.749323007,11.8861271188362,5786.56842955286,27.2885260701279,4.41619063137246
376,5,99.0373206140136,1,0,47148.7833646225,11.8861271188362,6595.16595525939,23.9588098887326,4.54107187226996
376,6,90.0844264613494,1,0,44388.1914871761,11.8861271188362,6099.09041127047,25.5971058591497,5.84216782167909
376,7,109.828614014722,1,1,48219.0095648718,11.8861271188362,6740.21197753358,26.246250526788,6.2742637096617
376,8,105.553469881137,1,1,50935.4527408738,11.8861271188362,7053.42947531225,27.2569670491422,10.6736642137011
376,9,104.494968137996,1,1,49615.0661018707,11.8861271188362,6363.67782704138,27.6465013959183,12.6403452962664
376,10,99.3242091755204,1,1,50190.7314935592,11.8861271188362,6117.99799182977,25.3190950488637,5.82928206673847
376,11,111.709599660871,1,1,52114.7723844829,11.8861271188362,7043.71400457047,24.4231982713677,10.8095325817012
376,12,119.948599089427,1,1,54883.4570040156,11.8861271188362,7541.30228365284,25.4161308828438,12.5124376816165
376,13,117.658184048617,1,1,57624.912193521,11.8861271188362,7512.75223363059,23.7806765675209,12.799971246921
376,14,121.47737648031,1,1,58324.4092485284,11.8861271188362,7613.90909539728,18.8559316722927,16.871054786426
376,15,117.2516500384,1,1,59246.6836047894,11.8861271188362,7077.65183783666,25.3322889610067,12.1984401741878
377,1,77.1951362873643,1,0,31143.077223212,13.3458212931202,4351.69028845806,22.1578953210922,0
377,2,90.6036172459469,1,0,32191.9446890442,13.3458212931202,4676.35455356408,29.6233318516554,2.09320291048585
377,3,88.0505258818417,1,0,33802.7314718477,13.3458212931202,5038.44351551893,29.5853268164156,5.71370131938976
377,4,78.116800136276,1,0,34592.6661234865,13.3458212931202,5142.65770605937,27.6663143428021,4.13163278999963
377,5,88.9667223740092,1,0,35159.2563506679,13.3458212931202,5944.06193025422,24.1544130743272,4.29694771655614
377,6,89.5262263009319,1,0,34258.6523530738,13.3458212931202,6282.21117083801,22.9107742936392,8.40703294036691
377,7,91.6183435676647,1,1,37146.3430244849,13.3458212931202,6299.85605448743,24.8431295171904,7.55145088294333
377,8,93.0343427878105,1,1,37451.0876783595,13.3458212931202,7211.70654353195,23.2994781533759,7.4974286792389
377,9,98.9722721667581,1,1,36890.6005596066,13.3458212931202,7623.45077656361,23.8059699155388,9.04507903450745
377,10,96.874194599761,1,1,37526.640350837,13.3458212931202,7124.57900984263,26.2715872741042,13.047311026313
377,11,102.808303912094,1,1,40219.1475222523,13.3458212931202,7382.56064090262,30.0306929582657,8.44647377697262
377,12,100.924587320996,1,1,39943.1648271273,13.3458212931202,8683.02505696497,23.886321982472,14.7761548296928
377,13,110.768808545304,1,1,39803.4615299879,13.3458212931202,7469.56034556758,20.1996459992329,12.658468368802
377,14,109.171896288921,1,1,42327.6362884051,13.3458212931202,7173.14339113136,24.1838084940469,13.1262966421787
377,15,109.049976742036,1,1,43706.9563056191,13.3458212931202,7883.78151672842,24.4204591522471,16.2026177341816
378,1,80.4397387459867,0,0,23232.3059433534,17.0295669358449,5727.41324592899,22.8389187740619,0
378,2,80.0903051791952,0,0,21921.8234657712,17.0295669358449,5246.24572706021,28.6907849580974,3.50471220563371
378,3,86.3030597831549,0,0,23591.0156668199,17.0295669358449,6776.97972670381,26.5922304697988,3.58301538345695
378,4,92.1200301592233,0,0,25466.8340832341,17.0295669358449,4989.42837452062,20.2648757197597,5.48528800573885
378,5,84.6473586041458,0,0,23559.3361508543,17.0295669358449,5961.3451228436,28.5996349872434,10.270391267545
378,6,99.6743202674638,0,0,26901.6075686529,17.0295669358449,5629.84742758048,21.8457427410119,8.9669246135641
378,7,93.9739365538612,0,1,28293.9592225175,17.0295669358449,6202.58701028156,23.22131315099,6.52600340609615
378,8,77.9450897340061,0,1,26444.1449011197,17.0295669358449,6179.87384918158,29.4892100429266,5.96420895614946
378,9,99.6343163541593,0,1,27757.981995086,17.0295669358449,7208.47147140342,24.7456767022336,12.9859523409543
378,10,90.1671923808068,0,1,24759.1979557506,17.0295669358449,6905.76556776513,22.6377306166531,9.94013450249537
378,11,90.3211842061364,0,1,27332.8832559317,17.0295669358449,6404.57281350392,19.2538376891811,11.1627478913565
378,12,97.3408594917747,0,1,31328.914007388,17.0295669358449,8190.92676359224,24.8863087994057,13.3834311984661
378,13,96.1288909080372,0,1,27827.704248086,17.0295669358449,7459.51880772271,21.961291314472,12.4429451448158
378,14,106.037834491241,0,1,31547.4588493006,17.0295669358449,7725.47591950683,26.1132174738437,10.54320394074
378,15,110.425185496481,0,1,31082.8083274314,17.0295669358449,7636.64983703156,23.7716052716706,17.1962493969912
379,1,68.5772207243182,0,0,19522.3680061252,11.0655763636316,4347.71043223748,24.2158271113245,0.277679563502009
379,2,70.9607988268044,0,0,19996.9644930045,11.0655763636316,5179.24613217966,25.0080334131882,1.40276810560934
379,3,76.464874105144,0,0,21284.4838028184,11.0655763636316,5568.03672071636,20.8838888026505,4.03323552135447
379,4,92.1137694108894,0,0,22186.4644850994,11.0655763636316,5536.09718643991,25.7319358828924,6.38311318739284
379,5,75.5616835153633,0,0,23630.1204707855,11.0655763636316,5727.72128102156,25.2410877455734,6.11771019373385
379,6,76.3953611310965,0,0,23760.5329952521,11.0655763636316,5444.66470473769,22.6307566808765,5.99682866631002
379,7,83.9537912097577,0,1,26016.2389995688,11.0655763636316,7029.32141725587,24.8239831214632,7.98269702493285
379,8,73.2508583009197,0,1,24721.2580395558,11.0655763636316,6659.29119841762,25.9072879979821,6.19712164091379
379,9,94.1891796111158,0,1,26585.5549377541,11.0655763636316,7000.74208498536,23.9680691492243,10.3046463645423
379,10,91.4183739183612,0,1,25393.6764695786,11.0655763636316,7818.99392203156,20.1171419370528,6.52552200672308
379,11,84.2261838051571,0,1,28844.5248703024,11.0655763636316,6446.9823755242,29.5869137461028,10.7452533371105
379,12,83.1955843519112,0,1,29362.888964316,11.0655763636316,6552.53017797749,22.66461056931,11.7255539038105
379,13,88.7562136710729,0,1,30869.0726587648,11.0655763636316,7937.7974707285,28.1405201128133,11.598680852454
379,14,90.7106224661157,0,1,29541.6627417921,11.0655763636316,8584.06005368519,30.4315792683199,13.9257893856776
379,15,91.8026884161412,0,1,31251.9870005797,11.0655763636316,8034.59131599949,22.511359110891,11.362780740461
380,1,91.9523889469267,1,0,45970.8576756514,14.5608470003492,5739.6290879812,26.1480445237502,3.30781982516735
380,2,88.6444136553595,1,0,47587.352563962,14.5608470003492,5773.5033223202,28.5908335813508,3.89383710576371
380,3,95.8549435070093,1,0,47329.3908599105,14.5608470003492,5581.52155811022,29.0935555180102,2.63151851095596
380,4,105.113211659183,1,0,48337.6393513045,14.5608470003492,5974.43070964267,23.6504101699929,3.32406293656853
380,5,91.6802785291861,1,0,50241.5861935105,14.5608470003492,5288.73361005982,27.6243269033517,4.11324414269321
380,6,98.6275944954355,1,0,51456.3125227734,14.5608470003492,5729.06030490416,21.8686171666073,4.79187876961838
380,7,100.993270785421,1,1,48166.6369649277,14.5608470003492,6335.45567118246,19.1615035782608,4.88360713157418
380,8,107.022147178231,1,1,49226.7609985811,14.5608470003492,6788.24685951254,23.6181709310105,7.72300919079554
380,9,118.313197683914,1,1,52245.8617910642,14.5608470003492,6737.64661337155,21.4158055244027,9.50930555733189
380,10,112.4901440705,1,1,51633.5335574937,14.5608470003492,6439.72476286643,22.656567294808,9.37473123168031
380,11,117.196483333034,1,1,51053.7816770802,14.5608470003492,7047.77251148773,24.5186602091189,13.49686928261
380,12,108.720279531978,1,1,53224.9669165357,14.5608470003492,7782.75232032307,24.995958466532,13.9247014327538
380,13,114.953857655508,1,1,51852.2036168035,14.5608470003492,7679.5317408793,29.7560290575953,10.4315548185228
380,14,125.796613246816,1,1,53357.5069579179,14.5608470003492,7400.2294558869,19.4930682001466,16.1530491393878
380,15,120.133838203645,1,1,54357.8441714846,14.5608470003492,7333.62077455947,23.9377893195905,13.3324403533861
381,1,71.6316832008521,1,0,26261.2241340019,5.71555609703931,4989.0087949543,24.2833598301261,4.50260308158327
381,2,63.5863787090417,1,0,27045.3011921101,5.71555609703931,6100.35726709206,30.0478909305125,3.28940783337369
381,3,73.4250056986067,1,0,27813.3426261171,5.71555609703931,5289.75935841938,24.9657825864731,2.73549110053599
381,4,65.8040048709394,1,0,28573.7127041491,5.71555609703931,5974.95889076335,28.5252707232588,4.1399366401212
381,5,74.5943001551184,1,0,30033.5978701255,5.71555609703931,6214.18750599309,28.6128797078468,3.99384820796246
381,6,79.7130063235801,1,0,29608.8169001021,5.71555609703931,6208.97241346816,28.4750160829311,5.920189490489
381,7,82.497172900371,1,1,29767.2077783178,5.71555609703931,7589.89749945469,29.7741347931616,7.24508545245216
381,8,78.6870833822547,1,1,32168.5209895254,5.71555609703931,6673.29992687671,22.3259437997086,6.73545419572483
381,9,89.7836547114256,1,1,33027.8775568699,5.71555609703931,6615.21820378172,22.5004064516238,8.28360488306794
381,10,85.3974457050573,1,1,34542.1257732439,5.71555609703931,7395.93912424892,24.567223079935,10.1959042578107
381,11,88.7735053166829,1,1,33447.3774591924,5.71555609703931,7290.15781977048,20.8254844611164,10.3553069097807
381,12,89.9119973168009,1,1,35700.0953981795,5.71555609703931,7463.03974442882,25.3106876424492,10.1441615632048
381,13,85.641103345547,1,1,35798.1168578747,5.71555609703931,6867.27136949785,25.2821209094072,12.4184096962933
381,14,99.9134835462202,1,1,37799.791374429,5.71555609703931,7670.78648869752,29.6999611117055,13.1733200839631
381,15,96.9438422302464,1,1,39182.6826357662,5.71555609703931,7748.5796241491,20.295923421848,18.5200282926516
382,1,69.4092779861905,1,0,16782.3881002729,10.4782366977551,5711.24621218785,29.7515187274323,4.05004318154305
382,2,63.7716669855795,1,0,15695.4566474452,10.4782366977551,5343.62736994746,26.0252535348663,0.270828651724613
382,3,69.3965225459004,1,0,16627.6875736781,10.4782366977551,6354.30433770995,28.2350372468221,4.92744371181962
382,4,70.2778294654348,1,0,17666.5289033162,10.4782366977551,6407.14503449938,29.641637033189,4.81404818711416
382,5,68.1894824817177,1,0,19499.2320914064,10.4782366977551,6082.574561399,27.3264174082998,3.98927736147483
382,6,73.9649846599364,1,0,19128.0653763539,10.4782366977551,6536.31471926129,25.3990829765128,3.07052692149881
382,7,84.6539925411042,1,1,20831.0865342929,10.4782366977551,6786.46143815682,25.6754016633075,4.66401284576357
382,8,87.0228034365515,1,1,22511.5513030534,10.4782366977551,6880.13810829591,23.4580631843784,9.79908282427801
382,9,81.0397015826229,1,1,22725.6668249335,10.4782366977551,7145.94909651973,24.910837985834,8.66902165863902
382,10,89.9287668366154,1,1,24211.3921269976,10.4782366977551,6537.55193623195,27.9336607705875,11.6269886604896
382,11,92.7334932525437,1,1,23832.1364819437,10.4782366977551,7106.72380495754,25.7821890251982,11.1491609962589
382,12,89.5192250676589,1,1,24788.4979569104,10.4782366977551,7408.93830520905,25.075461407443,11.4592731804982
382,13,92.4765683708098,1,1,24322.3524049156,10.4782366977551,7748.77920333272,22.2040250496733,14.6889195079922
382,14,100.49634644925,1,1,26717.0768278101,10.4782366977551,7970.67802667614,25.5320011792326,12.7344404745842
382,15,97.6536161585311,1,1,25130.157740882,10.4782366977551,8011.01674006178,19.7143210620102,16.8477947861794
383,1,71.6120483925829,0,0,33804.3223574842,8.12397276971006,5062.27732992701,21.462661921693,0
383,2,77.7898634160094,0,0,36417.5004128816,8.12397276971006,4849.87338911169,23.6801997553258,2.66505408244832
383,3,85.3897947055665,0,0,36027.2413068296,8.12397276971006,5128.7603347198,23.470834098712,0
383,4,77.4898794701307,0,0,38213.2550551709,8.12397276971006,5473.68079914048,21.4841810412796,0.775678707241187
383,5,81.7593858716636,0,0,37438.0245221751,8.12397276971006,6392.06253184427,30.1227379264138,3.50873182611015
383,6,73.1713000410694,0,0,39654.8929108648,8.12397276971006,6370.93096494304,28.7120450927946,4.36218440508518
383,7,81.552455173425,0,1,38830.3756856855,8.12397276971006,7275.09052491564,22.1307387076181,6.2711136624534
383,8,101.612045689685,0,1,41889.8286229827,8.12397276971006,7650.60028962274,26.1523771000177,10.0097504319904
383,9,82.5303598419219,0,1,40550.2544959268,8.12397276971006,6239.40327599205,30.7216052518257,8.79560459506903
383,10,91.27782841559,0,1,43469.9310208711,8.12397276971006,6865.65037139758,25.5430315622598,9.09193370709685
383,11,98.6107249688655,0,1,44107.2477879666,8.12397276971006,7410.20993726175,26.7186009130379,15.33719308078
383,12,89.9048211228786,0,1,45922.9248562918,8.12397276971006,8381.36202465723,27.8182993214314,10.7059308520202
383,13,92.9888984882579,0,1,48256.3049311558,8.12397276971006,6704.58444480154,29.6684469333212,10.6350132994277
383,14,92.1072868453602,0,1,44984.6433896078,8.12397276971006,8408.4005820877,24.7226523870596,14.2379945122359
383,15,95.3039959124023,0,1,47310.1638066844,8.12397276971006,7979.43134649737,27.7156088565911,19.1935574521509
384,1,84.1572591834138,1,0,32423.9578755952,15.3400881520713,5058.1313554946,23.409220517086,0
384,2,98.1589787706363,1,0,33007.7640142088,15.3400881520713,5775.42726582164,27.450426943094,2.30484957615591
384,3,91.3429131819808,1,0,33003.049996244,15.3400881520713,6628.2342183282,22.2454825928167,3.42322053146534
384,4,90.6168971023065,1,0,35380.3126328662,15.3400881520713,5789.73041608521,23.3291983909958,4.73538078617172
384,5,100.397565486189,1,0,35722.9146895997,15.3400881520713,5486.16075906631,30.2196089619409,8.52461791085654
384,6,99.1335721248662,1,0,36613.9976806591,15.3400881520713,5941.24376919976,27.4485718186976,5.13798447242399
384,7,106.48055177345,1,1,38514.5159365893,15.3400881520713,6886.0739322777,20.3681252278546,8.31687863022253
384,8,101.141197095614,1,1,35607.4340706554,15.3400881520713,6830.0473295687,23.21917271312,4.77423312892936
384,9,107.481799609767,1,1,38201.0236626497,15.3400881520713,6703.80194558689,24.4487729046996,8.1217815311283
384,10,111.53790851905,1,1,38247.986621603,15.3400881520713,6950.71540677418,22.8678973641814,14.2523812611922
384,11,123.798747475496,1,1,38741.1019280624,15.3400881520713,7031.4301812596,23.3664554454445,9.38546938116705
384,12,107.565503391015,1,1,39029.7709785347,15.3400881520713,7949.76708848615,22.6066089879927,10.1594962552673
384,13,113.780997814913,1,1,40134.1356712592,15.3400881520713,7972.16659997821,23.5336372452587,13.3397319260869
384,14,121.1321029102,1,1,41868.0982596761,15.3400881520713,7750.52217550527,24.0310098018174,16.8594212032609
384,15,113.820936611142,1,1,40712.6590410543,15.3400881520713,7544.13051713321,27.2233860332439,13.4509255786165
385,1,64.1939636900281,1,0,19454.4819646146,11.5066407351592,5826.23023463126,23.1611956131142,0
385,2,65.0277857084409,1,0,20781.2920987536,11.5066407351592,5460.86150844902,18.9414699222754,0
385,3,70.1629958721838,1,0,21408.1914162995,11.5066407351592,5545.04521991319,26.0080626695354,4.9389412235685
385,4,68.7783419221072,1,0,23299.3198055601,11.5066407351592,5912.32289994368,23.5050483832779,2.53545941537839
385,5,64.2957827770143,1,0,21846.2799365313,11.5066407351592,6128.16735947688,26.988874314906,2.85034772035327
385,6,64.7087816712678,1,0,22565.2119861144,11.5066407351592,6579.98547400849,21.4714053294119,4.69954612555178
385,7,78.5438397639208,1,1,21555.1241624789,11.5066407351592,7203.59544422439,23.8655492183037,1.23716710992337
385,8,81.1177617157099,1,1,25244.5666415734,11.5066407351592,5393.85092156452,27.7620741923204,5.68542726535571
385,9,85.1728162338048,1,1,25258.7947416597,11.5066407351592,6879.84622235219,24.8382122644266,6.14397327247071
385,10,81.0394450646192,1,1,26115.6913690702,11.5066407351592,6860.7207488747,20.3618340125751,9.41909841912181
385,11,76.1719234381592,1,1,24719.2608074687,11.5066407351592,7726.11054863603,29.0202223148752,8.2053992506519
385,12,89.1493085247678,1,1,27837.8719840428,11.5066407351592,7441.63409172912,24.7486811235893,12.5745307792115
385,13,85.8438585139297,1,1,26216.0581478106,11.5066407351592,7774.83695396795,24.8608842324886,12.133737298869
385,14,93.9104719804601,1,1,29013.2339669743,11.5066407351592,7815.10475257359,21.3785181645212,13.7683536907888
385,15,100.527517271385,1,1,28061.2920537456,11.5066407351592,7852.36038574376,21.8446337909075,16.8808244493996
386,1,68.9241763291521,1,0,15695.5723328175,10.8288777539798,6752.75294261859,21.6585923089878,0.291879686631722
386,2,64.1871915689196,1,0,15926.9276789533,10.8288777539798,4699.09077385833,27.5702650879961,1.57347624512583
386,3,76.1701583269184,1,0,15597.8256403792,10.8288777539798,5063.45881937239,26.898198659818,3.06697301804573
386,4,67.3033583066757,1,0,16940.8133761902,10.8288777539798,5985.39328077788,24.9497853468285,7.96181885327194
386,5,80.4338268392161,1,0,17233.1092358065,10.8288777539798,5800.32892508474,19.2574563675132,3.5377867262359
386,6,75.7179853902635,1,0,17403.4681310378,10.8288777539798,6288.07981288129,23.2314898460326,4.77551153050732
386,7,88.8706298069167,1,1,18943.6020382792,10.8288777539798,5779.4895550481,27.5907918004555,7.88410116501653
386,8,84.7581874346377,1,1,18859.7123383907,10.8288777539798,6813.90196089989,26.1050959049645,7.1437806163998
386,9,88.8923017549911,1,1,20389.4128509951,10.8288777539798,6756.05170409323,27.8575777540846,9.30721898633507
386,10,87.0224904422207,1,1,21253.249544268,10.8288777539798,6039.21745167113,27.2697558670838,9.13834664701131
386,11,93.3083347953636,1,1,22448.5053378762,10.8288777539798,7079.18812101523,21.7515663563307,10.6341686508256
386,12,84.5208495136665,1,1,21542.1642677951,10.8288777539798,6498.52382400402,17.7483913792568,12.0218243942916
386,13,96.2664117897286,1,1,23727.5605086526,10.8288777539798,7521.51128797077,19.2448163682626,10.6882139822251
386,14,94.2484813336448,1,1,23719.4419483954,10.8288777539798,7763.21956460599,25.5053562120045,16.5641657541225
386,15,99.2668755935332,1,1,24015.9529257791,10.8288777539798,7184.53582780182,26.8099584895301,14.6623012504147
387,1,87.6438906831437,0,0,30833.8238444434,16.1072995385957,5726.21271987565,27.2625951758901,2.99983655137947
387,2,95.2113232249985,0,0,30609.6076445514,16.1072995385957,5479.94223604727,24.220267030079,4.66717389966005
387,3,83.6447158086103,0,0,30220.2355721623,16.1072995385957,5505.36845581489,21.5624614433408,3.82344149641601
387,4,90.2197312345324,0,0,30387.3089759797,16.1072995385957,6272.59695035467,23.2991677744004,3.10659762664744
387,5,95.2769122354806,0,0,32642.95839713,16.1072995385957,5973.30697465949,35.0471778838999,4.48209599174523
387,6,85.5808748667736,0,0,32189.9801737027,16.1072995385957,5685.63313350355,19.1229739393154,3.11617898813535
387,7,93.6016361462513,0,1,35402.4645723902,16.1072995385957,6934.95672212533,26.0654286118034,7.32933136121642
387,8,95.4220598954237,0,1,34785.5892632517,16.1072995385957,6866.93917556707,25.2713119875297,8.8209773248509
387,9,100.815362230258,0,1,32150.5241711282,16.1072995385957,6286.30667824614,24.9418686698786,10.2973987829719
387,10,99.1662975731454,0,1,34511.0510381969,16.1072995385957,7282.10959118163,27.877452859086,9.403205221867
387,11,98.9617464939432,0,1,34934.2181202594,16.1072995385957,7468.52993045114,26.4099093405,8.08081824410767
387,12,105.938972745193,0,1,35809.7629720838,16.1072995385957,7420.45317619223,24.178961004297,10.8940486806873
387,13,103.370600226941,0,1,35824.7674975463,16.1072995385957,7981.28095575823,24.9427242576511,11.0226344489295
387,14,111.392546736071,0,1,38640.3358435587,16.1072995385957,8977.67638660144,27.4060668526252,14.5903449087379
387,15,110.791603847712,0,1,39142.5586734135,16.1072995385957,8483.93205502587,20.4118268817775,13.426611544299
388,1,82.504124040965,0,0,40600.2843378322,15.3488185747201,6344.86184483017,25.9699936243732,0
388,2,91.6994492471031,0,0,42358.2123628652,15.3488185747201,6210.13286211431,19.8027777548813,3.00092031626449
388,3,78.0481583888116,0,0,42259.248338032,15.3488185747201,5349.0459020873,27.1650688923894,6.83686016459802
388,4,90.2110446297811,0,0,44792.9167300342,15.3488185747201,5871.46811616902,23.279547664766,0.491639860656993
388,5,83.6171971121731,0,0,43286.2586952146,15.3488185747201,5588.38210366402,26.9370135958985,5.14552631555913
388,6,86.2153983192947,0,0,44788.6227636032,15.3488185747201,6323.20192563419,24.6476594010526,4.13881223208981
388,7,94.3130111623152,0,1,45755.9137638024,15.3488185747201,6316.40032994006,28.3194652416562,5.70604454322529
388,8,90.5839009675806,0,1,47215.7556632042,15.3488185747201,6818.68952886513,31.8927480166462,9.70800031702234
388,9,98.8551543475153,0,1,47749.5426510672,15.3488185747201,6666.51446920271,20.6480692520375,9.23926038173243
388,10,100.997807907068,0,1,50356.418018831,15.3488185747201,6776.1225820816,24.4954768471254,11.6531976487414
388,11,102.654443007841,0,1,50644.9714842383,15.3488185747201,7000.53355818292,33.5513676120653,12.8116135180026
388,12,107.855400753972,0,1,52943.8371930618,15.3488185747201,7703.62053331143,23.5749591640703,14.7565152964124
388,13,99.4618735592435,0,1,51366.659620772,15.3488185747201,7100.83101001382,23.5853631449252,16.6457784445083
388,14,105.645160553613,0,1,52421.1193720244,15.3488185747201,7353.63663401702,24.0985132688516,11.2381350592979
388,15,108.164825919245,0,1,54333.1533701346,15.3488185747201,7377.86881015497,29.2468119388354,12.5291197513512
389,1,72.7961692221226,0,0,35331.4482551801,9.30593638959751,4325.63410478214,21.7121987951495,0.0525727678869042
389,2,81.793925234301,0,0,35799.6662802724,9.30593638959751,5809.13217762369,22.6725412406373,0
389,3,76.5228997404042,0,0,38828.9607055628,9.30593638959751,6130.45005591471,22.7506706217484,0.791518802465689
389,4,85.4913849063919,0,0,40222.1878124063,9.30593638959751,5874.75050395165,26.3307581637468,5.27322358345072
389,5,83.0683703069929,0,0,41986.5528879069,9.30593638959751,5951.11733665197,21.3997439570598,4.78723507814104
389,6,77.7140059468696,0,0,42295.9896639879,9.30593638959751,6553.12182349131,28.2080486686091,6.56114732936026
389,7,93.733371761088,0,1,43331.1870370033,9.30593638959751,6123.68909831847,23.1911905706906,6.6386435089515
389,8,97.3162223084265,0,1,45319.7804155237,9.30593638959751,6979.42802374549,21.7622154739334,6.92219892448335
389,9,95.5519623050631,0,1,44742.3184021094,9.30593638959751,7062.9297908104,21.6106038155245,10.6298118115439
389,10,95.7425559183147,0,1,46374.9246791222,9.30593638959751,6046.34016011299,21.666392682764,8.35308990645794
389,11,106.239610908291,0,1,47652.460963326,9.30593638959751,7395.57652892787,18.3161904801668,15.2497612030779
389,12,102.261382153865,0,1,50851.6842616709,9.30593638959751,7097.7698063917,26.2031420636096,14.729846965146
389,13,99.1386597246247,0,1,50024.8370966031,9.30593638959751,7172.68119798369,24.7468659756701,11.3277277446755
389,14,110.687310236446,0,1,49925.112176432,9.30593638959751,8181.57680044185,27.3485740586841,11.9128915583965
389,15,104.592504939644,0,1,52293.5569504643,9.30593638959751,8250.48961936725,23.9347328381412,15.5862233714687
390,1,74.4327447748204,0,0,25679.0992460347,13.2835994628289,5775.39798176969,22.7105944126583,3.12063907279745
390,2,77.0557181029998,0,0,26478.6166895971,13.2835994628289,6253.10339749929,26.8810576703888,0
390,3,72.1720637129517,0,0,29573.0331232772,13.2835994628289,5874.78268185421,26.5243245826979,2.79228991748548
390,4,78.7836417348948,0,0,27958.1131018042,13.2835994628289,5255.16892574573,23.4668698151822,3.74382525453275
390,5,78.126172324234,0,0,28333.0418542231,13.2835994628289,6349.94962412706,19.7593226825695,4.96722169476405
390,6,78.9250965474625,0,0,30197.9998690846,13.2835994628289,6204.52774766715,20.4334599336402,2.44734529169401
390,7,73.3609167132331,0,1,30804.1655777887,13.2835994628289,5932.1240905867,24.1876238220544,6.79080182560422
390,8,80.6022848882666,0,1,32518.7238470449,13.2835994628289,6556.19633692968,30.6777223877449,8.77368053855074
390,9,87.7164519219094,0,1,32734.257314366,13.2835994628289,6490.00821711052,25.5570522245581,12.9448756574395
390,10,99.2128961621368,0,1,36389.1679126317,13.2835994628289,6534.1108689154,19.3287507039794,10.7184712725891
390,11,89.9877919511399,0,1,35844.7398958837,13.2835994628289,6666.40635587465,22.9176870682323,10.923721943357
390,12,96.6986563376368,0,1,33285.0315062168,13.2835994628289,7365.35234107918,20.902351578048,14.8434892303564
390,13,90.0244016859078,0,1,36367.9489272739,13.2835994628289,6826.39230742815,26.4298697801601,15.1629557980498
390,14,98.8004525928985,0,1,36405.8853331684,13.2835994628289,6798.84196931174,21.4640030275914,14.9254973258057
390,15,103.635596926681,0,1,38361.3396567647,13.2835994628289,8496.19660258857,28.4131294641963,16.5027083589812
391,1,70.6174966510897,1,0,23038.5549805435,8.31466629446325,5167.56341646443,25.9840437107106,0
391,2,67.7212664224856,1,0,24262.9362720314,8.31466629446325,5496.98810929275,37.9684456208587,1.13303026276512
391,3,83.5432092928538,1,0,25581.7205246375,8.31466629446325,6507.69381592887,23.2796307188302,3.95218654853531
391,4,79.6438838101503,1,0,26648.9885310961,8.31466629446325,5259.63547087433,24.3057049627253,8.36115339662043
391,5,80.1517735385182,1,0,25312.7408605276,8.31466629446325,7017.50142496839,27.4067909807762,3.84947354633693
391,6,79.7478823146826,1,0,27303.1462469085,8.31466629446325,6430.26044330668,26.104670746859,4.02539776534141
391,7,92.9007095413373,1,1,26383.8493248614,8.31466629446325,6384.37295338292,22.656239462619,8.20896203402493
391,8,84.4995358658464,1,1,29692.8611050038,8.31466629446325,7260.26363521195,26.8421300029816,8.15138135420398
391,9,98.9556881801698,1,1,29215.0871495874,8.31466629446325,6715.62879902812,24.3229263672264,9.63420268075101
391,10,97.9400280033225,1,1,31989.1410812828,8.31466629446325,6494.41839777583,23.9862433913642,9.70138732388232
391,11,95.4589715088529,1,1,32518.691990121,8.31466629446325,6760.98273045396,21.143499164256,13.6051251088355
391,12,90.0808789474842,1,1,31283.3360827856,8.31466629446325,7219.16287362648,22.889402980503,12.6494892155533
391,13,97.646935952455,1,1,33145.4372011762,8.31466629446325,6805.42150876242,30.7619059130992,12.1957229961728
391,14,86.3760796596849,1,1,34691.6945459814,8.31466629446325,7450.94612120135,22.3534368101466,11.7143626410157
391,15,105.761367287354,1,1,34712.2641513929,8.31466629446325,8176.60708515988,24.8122433418102,17.3169154108014
392,1,71.3216771904528,0,0,31792.4486512279,10.5731549273665,4659.91241446946,21.2369697103049,0.826823422392513
392,2,73.8737137484374,0,0,31662.3965854082,10.5731549273665,5692.28030131121,22.7709049220451,1.08915106483994
392,3,67.8071836788132,0,0,34616.3125712656,10.5731549273665,5574.59866931384,29.7478930169129,4.27979118709188
392,4,78.7101784238978,0,0,34386.3790277712,10.5731549273665,5554.4926853962,27.6474017422427,3.94357039142942
392,5,80.4708987086882,0,0,37212.3391407974,10.5731549273665,5399.36734182614,25.3442822759879,1.50046067911539
392,6,79.351531642056,0,0,35753.0690469382,10.5731549273665,6062.34153198996,24.7639229634809,7.81209304915011
392,7,84.5005475424781,0,1,37958.3373411002,10.5731549273665,6260.40759770671,20.7501308382913,10.1820686512713
392,8,89.2402170793527,0,1,38978.3892818567,10.5731549273665,7155.86738709039,26.3379369123317,9.73388459471037
392,9,88.4889693803853,0,1,39572.4010217564,10.5731549273665,6655.79072676171,29.7494644443492,8.98950706684061
392,10,78.8010965686243,0,1,37822.3889089829,10.5731549273665,7415.320326575,25.3691528889764,8.22891386317303
392,11,90.6308818473094,0,1,38771.6072443533,10.5731549273665,8248.12446244813,23.8538716826442,10.779353843259
392,12,89.7398566382138,0,1,40486.041515858,10.5731549273665,6878.0930537975,22.3965384973165,10.8998152911463
392,13,102.358629876947,0,1,42755.260598139,10.5731549273665,7442.8777771985,25.9030231404232,16.3057634731868
392,14,95.0690816985136,0,1,43689.5655718904,10.5731549273665,8188.92826274011,25.4462920535616,15.298068838653
392,15,94.8775027540852,0,1,45039.2746331417,10.5731549273665,8649.23953991523,21.9334641674153,16.3347435363328
393,1,77.0783391265566,1,0,31143.3321534114,16.8497329114409,5287.84557782029,31.5624292750112,1.39324014682881
393,2,81.3556002562733,1,0,32233.3144320983,16.8497329114409,4619.16182491589,22.6713183252543,2.01847375998474
393,3,73.9513288130664,1,0,33675.9569819063,16.8497329114409,5397.11359824627,23.102632163149,7.76689532592089
393,4,83.1909649903341,1,0,35761.010313889,16.8497329114409,5390.1461408557,21.4678277849999,3.51117690079694
393,5,92.5261796363303,1,0,33414.2838349689,16.8497329114409,5857.57970259395,22.6649318822823,7.04943525339343
393,6,90.0714790669895,1,0,34919.0790861527,16.8497329114409,6295.26326463382,25.7408145877461,4.81504480463072
393,7,96.8315028810388,1,1,38704.8322525067,16.8497329114409,6211.45833048288,25.0459982438808,6.92900845288279
393,8,97.3341441706906,1,1,38553.5778697173,16.8497329114409,7952.09685375902,19.7489978474336,8.92048259216964
393,9,82.319513973293,1,1,36447.8707902826,16.8497329114409,6874.18527024431,29.0067696660029,6.47293436662473
393,10,99.9058903669935,1,1,40470.4116475427,16.8497329114409,6590.79133427315,25.2288003018879,9.29425326617643
393,11,93.2431452595337,1,1,40597.0483650681,16.8497329114409,7163.9370626087,23.3263062927907,10.9782593439888
393,12,93.6707350437829,1,1,40326.0109848645,16.8497329114409,7026.66244520451,24.5117260355319,11.0060942856797
393,13,97.4633315960671,1,1,41833.1537552263,16.8497329114409,8113.67841688545,27.5035266350409,13.9491530909568
393,14,103.755558031656,1,1,43288.5945727875,16.8497329114409,7906.27802685056,23.5370453325545,14.7893343346209
393,15,113.089586189504,1,1,43819.0997821371,16.8497329114409,7400.20669265594,25.9722017178434,14.5307029215179
394,1,76.1291806477989,1,0,36652.7443715215,16.3503838539913,5324.45900661262,26.1987622635284,2.55351568712545
394,2,86.9441274477025,1,0,38213.407840774,16.3503838539913,5278.14839333592,26.8366993928322,2.28456607455833
394,3,93.6571743278222,1,0,37885.9490606517,16.3503838539913,5384.10962375144,25.9660134837499,2.96238987179006
394,4,100.687309265025,1,0,36834.5830419813,16.3503838539913,6121.81893972148,25.8427131844921,3.93929003402898
394,5,83.854394335669,1,0,39196.1777003181,16.3503838539913,6229.80556509132,28.4432868407478,5.32520197558671
394,6,94.6549354891396,1,0,37578.2290221797,16.3503838539913,6547.91867794421,26.3790491427549,5.50484468992848
394,7,97.8311373013703,1,1,40530.6927775561,16.3503838539913,6211.43050680682,25.3246291998914,10.0806643761596
394,8,87.6894908063548,1,1,40793.6751907686,16.3503838539913,6846.68113609838,27.5410770195459,6.23552875874509
394,9,106.982820624458,1,1,41486.6352209317,16.3503838539913,6851.68357538844,25.4611188787099,9.1853796981769
394,10,105.498432697846,1,1,42616.2355663703,16.3503838539913,5724.16615697713,22.8288431531554,10.2072284021319
394,11,108.49809660332,1,1,47898.650993514,16.3503838539913,7173.88199347847,26.1270440065293,14.5563261353114
394,12,101.015451864206,1,1,43870.5654194402,16.3503838539913,7165.95171174319,27.2575054135026,11.7238009742019
394,13,106.369263789646,1,1,44777.9584459973,16.3503838539913,7557.53847341779,23.385426830562,14.5840687595301
394,14,108.797962366692,1,1,46127.9457317402,16.3503838539913,7905.48902697215,26.1637187671408,9.09744767203159
394,15,113.862309967572,1,1,46944.4092080552,16.3503838539913,7473.36768190927,19.1488865937415,12.3799646615664
395,1,80.50575574706,0,0,31089.5173785085,15.3270562664005,4712.28733252687,27.4890612516047,0.306694034518769
395,2,72.6350794486811,0,0,28523.5589834255,15.3270562664005,5685.26311043086,26.6326306061474,0.678569224176469
395,3,83.6596943389067,0,0,29257.7974059064,15.3270562664005,5363.8677948846,25.6437994577566,0
395,4,83.611638035987,0,0,29797.2942065264,15.3270562664005,5409.52036979908,23.5802147980374,5.87001415918643
395,5,92.4350926276498,0,0,32249.4474117339,15.3270562664005,6074.9181712478,20.278070994825,9.43237120595537
395,6,82.4370683054243,0,0,31769.6380759546,15.3270562664005,6103.94686781034,27.4077561404428,1.95056481989461
395,7,87.6666422715078,0,1,33309.6834276176,15.3270562664005,6222.16288759662,22.6771943973797,6.15113569529915
395,8,92.6358248957528,0,1,33806.5448832738,15.3270562664005,6292.00230547705,29.7444797031172,6.70224269670693
395,9,93.5170962345561,0,1,32994.2530746566,15.3270562664005,6924.4348967816,24.655541613776,9.85682165252507
395,10,102.184790418146,0,1,34602.4218861315,15.3270562664005,7369.89954349327,23.746024342614,7.19549087826602
395,11,101.303160407376,0,1,36272.8409503001,15.3270562664005,7453.81377571469,25.2139431244244,12.5513690917044
395,12,96.4883785024772,0,1,38332.8073495771,15.3270562664005,7082.85271019129,19.1225612297067,12.9351824457096
395,13,104.075345842105,0,1,38299.3988629864,15.3270562664005,6753.7644483497,21.9835824387767,13.9550739821113
395,14,100.310073254693,0,1,38976.3111106891,15.3270562664005,7379.72463083866,27.3443420772386,13.4740315302392
395,15,108.010156436762,0,1,38898.5560968603,15.3270562664005,7407.91191837294,27.8399106190817,14.3849743306176
396,1,73.3869546304532,0,0,38771.5842917319,10.287288341009,5476.7517644364,25.7048379595495,1.12080070347354
396,2,72.7358797061133,0,0,39443.1778423345,10.287288341009,5773.65770728314,27.2620790089389,0
396,3,90.8570237292005,0,0,38825.0270920106,10.287288341009,6071.80169431921,25.6920941440195,3.072723835004
396,4,77.3320607505047,0,0,40569.9125432905,10.287288341009,5808.95323673622,24.5464721039078,3.93925112793273
396,5,81.1966558363516,0,0,40206.5429820193,10.287288341009,5094.75544220133,24.4629508005528,5.89708405595513
396,6,84.9949472533808,0,0,41311.5886717584,10.287288341009,7543.53330063255,23.3064114434903,3.27336445825247
396,7,86.5454830809522,0,1,42575.0766727981,10.287288341009,5884.00771555958,25.7957691057676,10.1275159203648
396,8,87.4189724814074,0,1,42963.1955964814,10.287288341009,6607.37972072592,25.7331289554051,9.80096488032723
396,9,93.0249833999061,0,1,42298.442639755,10.287288341009,6540.27542278871,20.029083525643,12.7736153761852
396,10,97.8363686267461,0,1,44079.6744763355,10.287288341009,6703.28436899272,20.9415396560632,12.4032986606833
396,11,100.721840511863,0,1,43827.0142685311,10.287288341009,8022.75738597424,26.0690777465609,8.82954663289709
396,12,88.1797945177039,0,1,44812.2516492256,10.287288341009,8182.44210507839,25.0160914059823,8.13534469256121
396,13,93.3928699394265,0,1,44751.3484830587,10.287288341009,6659.31935212081,30.1807781432951,11.9531718643348
396,14,96.7945387839095,0,1,46280.0712080252,10.287288341009,7123.41103365088,24.3404552683184,13.0928066722164
396,15,104.367373659078,0,1,47827.1922694815,10.287288341009,7355.61985231015,21.9694860119739,17.106966457982
397,1,59.3301720937825,0,0,23671.6667906835,6.35570558917334,5172.88226270306,27.8814396133825,0
397,2,71.8349890315819,0,0,25335.4666745129,6.35570558917334,5531.87162102996,29.8187046230138,0.319786059677569
397,3,75.6401121512891,0,0,25142.5411470584,6.35570558917334,5864.31993115813,30.6248408544177,3.70028708591686
397,4,67.1184244437474,0,0,26435.0126997623,6.35570558917334,5743.39400074112,27.5216414077434,2.32069184597475
397,5,77.2824897676801,0,0,24952.413013833,6.35570558917334,6292.14010805178,21.8573499922758,9.10905202500234
397,6,74.2895173123834,0,0,27847.1547443117,6.35570558917334,5523.67978770287,22.1396514071248,3.90832666442857
397,7,77.0773203813526,0,1,27116.25708451,6.35570558917334,5378.94048212015,21.4108590463251,7.63804723869306
397,8,82.315728977214,0,1,27960.3925039251,6.35570558917334,6181.61595915904,26.8146670450883,8.1534562772519
397,9,85.0353494009923,0,1,29288.3984223104,6.35570558917334,6162.78820011271,24.4219834368338,5.49461865986014
397,10,91.6705034104709,0,1,30151.2521408368,6.35570558917334,7235.5658672809,30.0175320155809,9.82145172521772
397,11,82.4983251967633,0,1,29795.104101869,6.35570558917334,6243.45514173333,21.8114480877983,11.619744803704
397,12,73.410939246532,0,1,29889.081089516,6.35570558917334,7235.1281701135,26.5307490393413,10.508474391505
397,13,85.7309329349327,0,1,30857.7509225035,6.35570558917334,7135.19921204712,27.5509158064847,16.0902759263616
397,14,85.4290070147564,0,1,30915.4437639771,6.35570558917334,7867.29525310762,27.4525849162686,14.642316928389
397,15,90.4625871716951,0,1,33936.0203581679,6.35570558917334,8041.5291199576,25.2741391527642,12.1128443250911
398,1,66.2889393218176,0,0,28775.9279222978,8.47290544792753,4699.43861324722,20.006810903814,2.98031459978382
398,2,70.4835074450473,0,0,29422.2832880794,8.47290544792753,5527.62409340844,22.0683088077168,0
398,3,68.512205491744,0,0,29438.2757980182,8.47290544792753,5493.72656027695,27.8819305405478,0
398,4,78.1891350446426,0,0,32372.9912696217,8.47290544792753,6300.86854416676,22.5872523156714,0.399336661234559
398,5,84.5181622957173,0,0,32742.7127106085,8.47290544792753,6259.48657897999,28.3298930283637,6.37018791993689
398,6,88.9537658683496,0,0,31866.2600062602,8.47290544792753,6011.43305237843,20.9994521272852,7.48145159433889
398,7,84.9087891473452,0,1,34243.8854382678,8.47290544792753,6521.66746754469,23.9848453103538,6.43652680753634
398,8,87.0532641973752,0,1,35352.1654247114,8.47290544792753,6493.77211397783,27.3381580855599,7.83027239259486
398,9,79.6212806977005,0,1,36386.0796015306,8.47290544792753,6557.6745665608,26.5307724279728,9.99329617349383
398,10,91.4577352237357,0,1,37779.8509115887,8.47290544792753,5623.11499890201,25.7409374194894,6.90176124471589
398,11,93.7233276133774,0,1,39181.5348783487,8.47290544792753,7889.58279572124,23.5773284226182,12.4993824274722
398,12,92.3196606826846,0,1,41024.260211551,8.47290544792753,7265.4573453805,23.3170124809743,10.6299929460332
398,13,96.1782758905109,0,1,40754.4676082338,8.47290544792753,8311.71838083048,25.861261556012,15.7277740897273
398,14,103.682505817305,0,1,41277.401001809,8.47290544792753,8662.47154169033,22.7202457063839,15.7250249051529
398,15,92.7612559664033,0,1,41759.3762574563,8.47290544792753,7365.15221059577,26.2555478985915,11.209991109107
399,1,83.7948287670137,0,0,36952.4379810308,14.8576695738826,5523.60458273587,21.3900041280619,0
399,2,76.6307711448697,0,0,36879.5308724014,14.8576695738826,5236.57719300398,27.4779419355862,0.575775736649147
399,3,82.3472093454203,0,0,38608.8385416944,14.8576695738826,6309.85274730257,26.7608697419025,0
399,4,86.1070977711339,0,0,37817.2127534748,14.8576695738826,5674.17641563752,26.1027116650189,5.15977956835676
399,5,96.0292888992863,0,0,39082.8380298756,14.8576695738826,6118.48566765635,23.3019870559894,3.44381801922338
399,6,80.7287272135998,0,0,38810.318450027,14.8576695738826,6219.60209185037,28.8815915444371,5.22819734672704
399,7,97.7595151848053,0,1,41312.9720853782,14.8576695738826,6715.92973133317,28.6796497712062,6.08320095318103
399,8,93.1162964218262,0,1,41244.3009023885,14.8576695738826,5472.07263788654,26.9836032356335,9.95185884364465
399,9,92.7697887364491,0,1,44934.2098629831,14.8576695738826,6816.11540044526,24.9981313182093,8.05236430083999
399,10,92.1315203536688,0,1,42391.6283584642,14.8576695738826,7045.09598560596,31.5038570028306,11.6678833810274
399,11,95.2965450212389,0,1,42706.7842350429,14.8576695738826,8020.56838711488,23.2729984876032,14.023026755451
399,12,95.9878949267432,0,1,46172.839526732,14.8576695738826,7489.69162835262,23.8032353194689,16.2438260703785
399,13,99.8581364280323,0,1,46828.5468364852,14.8576695738826,7496.36986324143,19.1451025225778,11.7478528733961
399,14,107.260794018942,0,1,47124.5400546979,14.8576695738826,7949.1878889985,27.5140101904982,14.2971603671921
399,15,101.390578819237,0,1,46600.5781056287,14.8576695738826,7886.32506720308,26.0873937436903,17.2336449111836
400,1,91.5379713488046,1,0,39516.149564376,11.1282963415047,5188.88676921217,23.9403431752679,0
400,2,77.5683371910936,1,0,40567.8637062125,11.1282963415047,5279.52180222481,26.1144631686612,1.91307179601909
400,3,83.0864949500523,1,0,41628.8429599555,11.1282963415047,5223.17878816353,26.9321230775632,6.34757276179056
400,4,81.562753462517,1,0,40696.7398051039,11.1282963415047,6154.01427795076,26.1858363889336,4.18034165496623
400,5,90.9054792202237,1,0,41431.8816750379,11.1282963415047,5541.49707637806,23.1605855276393,3.21925053930007
400,6,82.1354910379774,1,0,44171.0945253562,11.1282963415047,5780.36441387928,23.2153364421548,4.06186501310979
400,7,84.1615552128937,1,1,42770.7330586997,11.1282963415047,6220.49654913175,25.803523768559,8.23421691273671
400,8,93.0578280054729,1,1,45193.5393693003,11.1282963415047,6798.17494913679,20.4963242925701,10.3058970580159
400,9,100.819800554042,1,1,44930.7392329171,11.1282963415047,6921.93061009743,21.3419642934381,4.08877717631006
400,10,102.476269493704,1,1,48573.5879293024,11.1282963415047,6992.30818475162,26.4262341214406,11.9255624580655
400,11,103.127019120394,1,1,48361.0858185822,11.1282963415047,7040.36683029618,21.9639647978591,10.0367270006588
400,12,101.802402184575,1,1,48774.7621717442,11.1282963415047,7150.15777773166,23.4059214068526,11.1830289488667
400,13,108.521259483233,1,1,49303.8898588067,11.1282963415047,8010.92894756136,29.8132924262777,16.3697211162792
400,14,117.78187077608,1,1,49158.8645081529,11.1282963415047,7510.75836790979,25.6335361011787,17.2021504196861
400,15,117.071747732037,1,1,50350.7263984307,11.1282963415047,7624.68161042289,26.5024408823527,14.2307359014492
401,1,58.7394350849119,1,0,15378.840212545,5.51217556329606,4920.67727480366,30.5064653383318,0.259593076591364
401,2,69.5918087126149,1,0,16291.9377268805,5.51217556329606,5148.62561037957,25.4922276928035,0
401,3,54.5369717503829,1,0,17184.1681545752,5.51217556329606,5390.98027222258,22.7674776214106,2.00954011584422
401,4,65.7580318715064,1,0,15045.1173351354,5.51217556329606,6055.8030208615,27.2769831470908,4.18676817218305
401,5,72.6871802658406,1,0,18788.8355321223,5.51217556329606,6395.44912700882,22.2441280417245,5.7047596505676
401,6,81.2649389000434,1,0,19809.1453370956,5.51217556329606,5785.28136551127,23.5095308835379,8.85759876744873
401,7,78.0628956552988,1,1,21114.6663326249,5.51217556329606,6031.78759637859,24.8187330610885,8.02190623250355
401,8,86.0888941993095,1,1,22365.2380547823,5.51217556329606,6541.17301830106,24.8661701723883,6.90475967954513
401,9,85.1923447951259,1,1,22466.4968150136,5.51217556329606,6963.03961225652,27.0930444788861,9.35481501792828
401,10,82.4203045528693,1,1,23392.6452444349,5.51217556329606,7042.27810315749,22.3618820832591,8.17333326878675
401,11,83.2941561009218,1,1,22744.5202944869,5.51217556329606,7246.35213936332,25.8806402613547,9.5417351534101
401,12,85.2121857151252,1,1,23408.5246440146,5.51217556329606,7343.39120774969,33.5175168140803,13.0803015041141
401,13,85.4520035267655,1,1,23878.8445092119,5.51217556329606,6481.68465954929,22.0745596548806,10.1647484775924
401,14,90.3056656630134,1,1,27166.3314987017,5.51217556329606,8395.36055896106,27.0514001841964,16.6628650483979
401,15,94.1757055222973,1,1,24275.3824170135,5.51217556329606,8537.94977417738,23.0443361949229,18.2836279348295
402,1,90.2916599643473,0,0,31722.6858228279,11.4594375368506,4865.72747522831,27.283240143168,0.691925083272862
402,2,92.4645310829131,0,0,32114.3653680422,11.4594375368506,5670.52669193782,29.7088755390736,1.47843416808325
402,3,82.7526385726902,0,0,33126.6986286667,11.4594375368506,6385.87050665313,23.0227628729516,2.15250862674858
402,4,88.6993186890508,0,0,34132.0401335075,11.4594375368506,5894.92579166293,21.5776556893431,2.57270633076613
402,5,97.4646280700587,0,0,32538.4514807845,11.4594375368506,6230.99863585331,23.4228056428972,5.48283350817564
402,6,86.454817726966,0,0,35307.2142251298,11.4594375368506,6392.99248618211,25.0251615294992,3.6703446075823
402,7,93.8976415247067,0,1,35518.4250265082,11.4594375368506,6015.23568749429,27.1244874090955,4.90553298004816
402,8,102.620806509831,0,1,35660.413140676,11.4594375368506,7117.39507252369,22.7413731589574,6.89835849573409
402,9,91.4049677688082,0,1,35881.4592733347,11.4594375368506,6326.88087342348,24.7315123380915,9.00808218355968
402,10,96.9279161324414,0,1,37333.4761859987,11.4594375368506,7422.59769357367,27.6302600624265,9.85447015381361
402,11,99.6687384571316,0,1,36796.0266079844,11.4594375368506,7563.09806090206,22.6766687353707,7.46249702916746
402,12,107.099878161399,0,1,38558.534200873,11.4594375368506,7188.38064800926,22.9679050242229,13.1967755756289
402,13,106.014217410616,0,1,38775.8515520091,11.4594375368506,8390.22495846118,25.0993866401319,12.5928214452178
402,14,113.305901587537,0,1,37719.2577014488,11.4594375368506,7663.21314524149,21.102955253505,11.8203503877379
402,15,112.393777277676,0,1,41717.5429091178,11.4594375368506,8299.71487234913,26.9533190142594,14.1962563115684
403,1,87.5984228243097,1,0,37879.7793090351,16.2307176633737,4842.72135508617,25.6578131367233,2.93377462923996
403,2,83.3007253911651,1,0,37770.5969198821,16.2307176633737,5317.42946530161,24.1786495035563,0.0666259321633944
403,3,85.0358793482501,1,0,37211.4473963103,16.2307176633737,5262.50906141411,27.6374917542026,3.38369426018283
403,4,88.2164470947543,1,0,37954.0366849779,16.2307176633737,5808.49224262648,29.5216181115159,7.21206082435695
403,5,90.7240059134552,1,0,40551.0607668718,16.2307176633737,5377.58829090885,20.352320478162,4.43003257585009
403,6,93.9382160318538,1,0,41319.9378442141,16.2307176633737,5856.96554565255,24.5199589327159,6.70524035330651
403,7,108.897529276773,1,1,42394.4161389348,16.2307176633737,6414.85694318984,24.1813712462865,6.19553590447212
403,8,105.146438564328,1,1,41948.4694408921,16.2307176633737,5935.7353276896,27.5145985222726,7.17888248966546
403,9,107.586698108886,1,1,44284.668679314,16.2307176633737,7354.29675426334,27.5244401379315,11.1525216039297
403,10,110.050476787713,1,1,45836.5040126106,16.2307176633737,7416.56686918454,25.0257273569805,10.4883104512019
403,11,106.758520124245,1,1,45137.3983561788,16.2307176633737,6437.25597275757,23.1314108811001,12.9792524589063
403,12,112.284315784466,1,1,46074.4331682395,16.2307176633737,7432.69678135487,22.2620779154847,12.4725701143973
403,13,114.365369427361,1,1,46842.4414265689,16.2307176633737,7514.50519093547,30.7499616007337,12.6387570932346
403,14,110.752137211547,1,1,46546.3987380047,16.2307176633737,6587.96433815294,25.0148647775025,12.0656808259992
403,15,115.01653810501,1,1,47485.1273155572,16.2307176633737,8128.13618276449,25.0794966501038,13.7044532171269
404,1,72.8444848316305,1,0,18643.88746233,13.9304059215586,4676.13257313565,19.1001162655554,0.94799989723129
404,2,86.5631370711509,1,0,20525.819452255,13.9304059215586,4465.66657932274,24.2933827205855,0
404,3,89.7076733103476,1,0,21160.0594843575,13.9304059215586,5479.92737079991,29.1880693610138,6.47503122714591
404,4,95.3152502331821,1,0,22950.2845871881,13.9304059215586,5605.06818232821,24.431299430387,5.72140231551122
404,5,91.2688950765469,1,0,21675.6754723857,13.9304059215586,5375.85851141122,23.1253690618183,5.49261148887669
404,6,86.9718330962264,1,0,23291.8715276379,13.9304059215586,6351.94011201936,24.3284869645601,4.56318513836289
404,7,93.5819214959562,1,1,23762.2452546849,13.9304059215586,6372.55322504155,26.8749408642799,5.10806209531484
404,8,107.244147283812,1,1,25269.8757419665,13.9304059215586,6889.39132130943,21.3509360738877,8.83027482643593
404,9,108.205998445,1,1,26532.3798259159,13.9304059215586,7039.03374076562,18.3946033395933,12.3484774419568
404,10,100.471240511555,1,1,28431.5777837792,13.9304059215586,6743.3991194688,25.0592620741221,10.3929051553395
404,11,102.951518998662,1,1,29237.6745238856,13.9304059215586,6492.32843123741,25.860171072565,11.287845019693
404,12,103.961414025165,1,1,30261.8220866154,13.9304059215586,7922.00220744485,24.1147653007081,12.7598098035487
404,13,95.2962037605469,1,1,29866.0732890756,13.9304059215586,7042.74963007618,27.2120755368387,11.8647695958244
404,14,110.768365795289,1,1,31881.4666691446,13.9304059215586,7515.5025367331,26.874471529161,14.5325205931138
404,15,111.486984644351,1,1,29806.8511535555,13.9304059215586,7479.4042971553,23.6514696301236,17.472759569359
405,1,75.6903844813171,0,0,35073.1440296041,9.53622436941173,5877.79212479148,25.9382312971295,0
405,2,82.3952430578694,0,0,37454.6721315098,9.53622436941173,4663.61967940838,26.758721765858,0
405,3,77.9666634312628,0,0,36791.0121460802,9.53622436941173,6124.4788977062,24.7062913945148,3.84877239249925
405,4,80.8280424782893,0,0,38640.8688040173,9.53622436941173,6456.50772370344,25.7730889698241,4.13046630779064
405,5,86.9494734705435,0,0,40007.2081629487,9.53622436941173,6205.11809991509,27.8251851152202,2.41340900874765
405,6,81.8795468267517,0,0,40113.4097986737,9.53622436941173,6398.95535251719,28.0402588040687,4.65905306541896
405,7,97.0187647479465,0,1,42656.6224691508,9.53622436941173,5945.29991925269,26.9241825186499,10.0940084768924
405,8,96.4778777959867,0,1,43028.3528791895,9.53622436941173,6373.22881620104,27.1492643364818,8.70426345115252
405,9,90.759265212461,0,1,42774.9407426174,9.53622436941173,7183.16288852284,29.2124792218579,7.43649501291182
405,10,98.9152183293054,0,1,45823.1334763724,9.53622436941173,6924.62339697116,28.232454453162,9.90459595503266
405,11,95.0810626054269,0,1,44491.8141265319,9.53622436941173,8039.33632624191,22.2506773811446,12.8431547447251
405,12,109.067669289706,0,1,47747.2968493307,9.53622436941173,8400.28980061427,21.5338353788602,11.6251319940947
405,13,101.300730654242,0,1,47082.2709795078,9.53622436941173,7761.39597611753,25.4903408760985,11.8741379328497
405,14,96.8703864228085,0,1,49573.4737074832,9.53622436941173,7577.1436010012,25.1651990295767,15.7963776294484
405,15,104.93949883096,0,1,50486.4088809123,9.53622436941173,8127.3315824567,25.3573358284391,13.6360430883112
406,1,74.7047464479017,0,0,25373.1478442444,7.36225004380493,5563.55071930057,25.1000465382237,1.55882203555553
406,2,68.6011788777445,0,0,25439.0273276046,7.36225004380493,6146.66724033641,21.2215948292861,1.55875106772877
406,3,70.1745515715454,0,0,26693.6422738006,7.36225004380493,5371.71106408479,30.7790638352746,1.87241496347187
406,4,66.5419012311684,0,0,25956.352196633,7.36225004380493,5713.5620367206,29.4662148893242,3.87072486655459
406,5,74.1962723639161,0,0,27400.5770970361,7.36225004380493,6169.62440585372,33.7717552814444,5.47654079758466
406,6,82.1073146459128,0,0,29373.4244570827,7.36225004380493,6308.79115599667,28.5609424471115,4.37016905563761
406,7,88.8180429118231,0,1,28298.3048114945,7.36225004380493,6061.58247055588,25.8193182693152,5.91129723368924
406,8,76.7069807987323,0,1,28942.4421153658,7.36225004380493,6662.47812643355,23.6145643065305,7.32001083481604
406,9,78.0268911336383,0,1,30624.8109971427,7.36225004380493,6658.3982211185,22.5912082931339,8.16460537643369
406,10,94.6269852101095,0,1,31487.9053565302,7.36225004380493,7639.56029179556,24.3744087495288,11.9677773809091
406,11,79.432148756328,0,1,32435.2956876563,7.36225004380493,7174.05782011961,22.5764115073893,11.4318150206477
406,12,89.2420363759051,0,1,35574.4266623101,7.36225004380493,6671.23358113737,25.7185743093454,12.6410083902273
406,13,86.4901313567351,0,1,32576.59264095,7.36225004380493,8572.72440545462,26.1992711053565,11.3063601880155
406,14,88.7453015638845,0,1,33985.5355994464,7.36225004380493,7112.74410461305,18.333303301967,15.2693360630264
406,15,102.215518058456,0,1,34903.5757641346,7.36225004380493,7371.18988187916,24.0710725717258,15.3416469257575
407,1,79.1286870599289,1,0,40342.3520487918,9.52035832308963,5345.83123741121,28.5139400984909,3.97046647626666
407,2,69.983288689528,1,0,40879.5831865865,9.52035832308963,5296.00096605306,28.597640480035,1.00546852575356
407,3,78.4104911981097,1,0,39429.6350202607,9.52035832308963,5100.08094498204,23.9592399197175,4.90720953875949
407,4,76.7153239671382,1,0,40028.6906006014,9.52035832308963,5790.864533191,26.4976681316417,2.29072612748018
407,5,67.9096857725496,1,0,41499.6031165139,9.52035832308963,5853.28638632377,25.7207857753046,2.89118023629016
407,6,87.8912552184305,1,0,40570.1451619386,9.52035832308963,5347.74070594332,27.7881433185895,6.64157783560278
407,7,89.1689490872387,1,1,43790.4323345897,9.52035832308963,6535.75928883199,29.8914101416804,6.13093200439585
407,8,89.0444500061985,1,1,43953.8878335575,9.52035832308963,7250.07243996657,25.1312935236993,6.86421757833809
407,9,91.9109153800495,1,1,43048.3437614555,9.52035832308963,7195.31734027,29.7863096154034,7.23188742984046
407,10,93.4571172806977,1,1,45261.0184557126,9.52035832308963,7454.58708166426,28.0890801749638,7.26839001594274
407,11,86.9889012692269,1,1,46187.5466830103,9.52035832308963,7474.32995870957,24.6724994273786,8.00299127022994
407,12,103.422848948805,1,1,47802.8313864511,9.52035832308963,7502.92411621063,27.8411786536893,14.9342127962372
407,13,98.1994726955891,1,1,47645.346957107,9.52035832308963,7525.23927626861,20.2382795160359,14.3104239644566
407,14,112.303976185221,1,1,47720.7984323796,9.52035832308963,7171.90392428068,29.4565918044632,17.681471831635
407,15,103.55732127735,1,1,48526.1440684665,9.52035832308963,7514.91740462063,25.0127204604996,14.4654766359154
408,1,75.10552074986,0,0,36515.4071429693,12.1035830139646,5247.25297020876,23.2715967056602,0.171457331836337
408,2,72.9394950255821,0,0,35715.948945839,12.1035830139646,4507.3421758924,26.840355534873,0
408,3,88.2032513792525,0,0,37173.1397255921,12.1035830139646,5608.41838386711,25.4896501911808,4.09765826519692
408,4,77.0853279725084,0,0,38136.4983143447,12.1035830139646,5528.30452963914,25.5753158414602,4.7656002205894
408,5,93.4651866039814,0,0,39030.2180898755,12.1035830139646,6852.37491028293,22.5767160689099,7.95077866502685
408,6,83.6595307411676,0,0,37940.0502858228,12.1035830139646,6822.60663452433,24.2096433499232,6.18418625213089
408,7,87.4211425730559,0,1,40984.6696618581,12.1035830139646,6187.94622308965,27.00808849643,7.12517654039371
408,8,93.6195739108662,0,1,42340.7673119575,12.1035830139646,6822.6913607258,28.8528700365356,7.3618548158451
408,9,93.2033550821859,0,1,44064.0722148725,12.1035830139646,5991.44173949266,20.8247601558399,9.4975799319335
408,10,91.3938322298798,0,1,41546.9543441577,12.1035830139646,6353.52264276129,26.7576961251016,9.04501130073732
408,11,98.0627560605,0,1,42577.4172802646,12.1035830139646,7578.49060075666,20.2178552173984,11.799918554846
408,12,93.9485402162778,0,1,45016.5515459899,12.1035830139646,7466.12249711472,26.6215793814264,11.7571118507088
408,13,95.0697532683365,0,1,44924.8956873148,12.1035830139646,7115.67834618472,27.634228644911,13.5703594022333
408,14,101.998801124846,0,1,47538.244524905,12.1035830139646,8019.32950488408,25.0282483679482,15.9246863823618
408,15,100.122841450126,0,1,45630.1270951839,12.1035830139646,8165.5979378277,25.0516560667691,14.8246069003802
409,1,81.0783421016182,0,0,37087.2304349352,14.6642211027362,5189.21738448638,25.2762179469487,1.47045738148174
409,2,88.1850452932155,0,0,37664.8145008161,14.6642211027362,5621.64340984218,24.0465624749305,1.83217743811567
409,3,82.329148554386,0,0,38725.561169854,14.6642211027362,5189.89517635992,28.3178506552434,6.11660005182318
409,4,85.5210402690533,0,0,39306.8904617395,14.6642211027362,5531.75148164998,21.5257533579664,3.19769632366363
409,5,87.764320031028,0,0,39078.8587436085,14.6642211027362,5665.71242150515,26.5491784069046,5.80519540533103
409,6,96.1575728605469,0,0,37874.5960084904,14.6642211027362,6035.02185815041,24.9251330839821,3.50067718103002
409,7,85.0010077876016,0,1,40422.7257592442,14.6642211027362,6591.43457464405,21.4746151210965,6.70878444521046
409,8,96.6168391295364,0,1,41033.893671053,14.6642211027362,6727.38203830703,30.6148104555635,6.85916995365689
409,9,100.268637164982,0,1,39370.7032720178,14.6642211027362,5651.48243350929,22.5412999101283,9.8837281883738
409,10,98.1204751590059,0,1,42905.2416170636,14.6642211027362,6984.04532718253,21.1107398006996,10.8302036864156
409,11,89.4365456361673,0,1,42452.5087910563,14.6642211027362,7381.82871613916,22.8874264861781,14.0189904291762
409,12,102.305542193595,0,1,41790.599978424,14.6642211027362,7691.2241830391,25.6460253963246,12.6043107903266
409,13,108.001291256492,0,1,43743.0999178794,14.6642211027362,8562.26334284207,21.5790201674182,10.6412143538505
409,14,104.426603417683,0,1,44988.9946359635,14.6642211027362,7995.92030493915,26.2827618288891,14.4196748244118
409,15,119.778501587705,0,1,45179.2955975228,14.6642211027362,7046.01875313158,23.4887993178246,15.0482155514763
410,1,77.0018192373174,1,0,31193.2327613083,6.18017953562923,5142.25944973313,22.3362424766454,0
410,2,78.0119537915802,1,0,34591.9593800173,6.18017953562923,4584.66788010512,26.2611228747098,3.26044918314347
410,3,82.1026279599103,1,0,32677.6520798403,6.18017953562923,6497.37633690301,22.5137310572051,1.78319842174741
410,4,76.1248027202829,1,0,33829.4972765045,6.18017953562923,6780.35087894115,23.0969269584586,3.34029422382861
410,5,86.6407208397667,1,0,34607.3415608258,6.18017953562923,6387.54089883096,22.3710785010287,10.1469808147075
410,6,86.1839301980881,1,0,35708.6703286098,6.18017953562923,5737.25192185154,25.5737448536281,2.81787210548003
410,7,81.9686153296008,1,1,36241.9550768409,6.18017953562923,6067.70880004376,30.5635876128259,5.116323192148
410,8,84.1973701626441,1,1,36009.0691768611,6.18017953562923,7170.99512080879,26.233188340627,6.61278446830123
410,9,89.0319520283429,1,1,36529.0579179733,6.18017953562923,6232.48797581384,31.2960801712698,8.39120296706387
410,10,102.372633109498,1,1,36214.1353962502,6.18017953562923,7150.39052136441,24.3499232773074,12.2433252746779
410,11,99.6234880130125,1,1,38343.1722684912,6.18017953562923,7273.40454468999,29.1637089063449,13.6880666261338
410,12,91.7361400361824,1,1,39273.1859409493,6.18017953562923,8072.58800062719,22.2821161086669,11.0369543951069
410,13,95.4677851269162,1,1,38771.4736558695,6.18017953562923,7194.06492531903,20.1526342254809,8.56286336642981
410,14,106.113985062825,1,1,40678.3535731981,6.18017953562923,7552.64490316495,25.1167256486574,16.3110061819484
410,15,103.674415228741,1,1,40520.4493864387,6.18017953562923,8426.966064567,27.0134976037304,14.7297214833184
411,1,89.2721659595072,0,0,38335.5907907498,15.0696052658224,4719.33016797419,23.2529171335928,2.40985074793915
411,2,83.1931668482835,0,0,37971.212625888,15.0696052658224,5314.54676145813,22.5547847712374,0.763374271526683
411,3,82.3592910651343,0,0,40686.8246925987,15.0696052658224,5701.07901051036,24.9035908441221,3.30538165108413
411,4,99.2758580178803,0,0,39227.0376213213,15.0696052658224,5317.07459005266,22.5286186123326,3.84302840514326
411,5,101.576255748728,0,0,43517.6438946304,15.0696052658224,5408.3540909861,23.2680931133973,6.68191133406528
411,6,92.9905964709885,0,0,42142.9762466392,15.0696052658224,6870.48456280645,26.388144364155,5.49463562102434
411,7,97.3762920824996,0,1,41818.8909274642,15.0696052658224,6319.50976227248,22.0109835001335,4.01754297442476
411,8,93.3475158064595,0,1,43081.1564068635,15.0696052658224,6555.19580893609,28.5278633993509,7.94470150468656
411,9,98.3085614872969,0,1,43027.0070367346,15.0696052658224,7693.93432113595,28.6040898270864,6.8129882319487
411,10,103.764370281521,0,1,45725.4993722152,15.0696052658224,6698.90635073426,20.0053055074797,7.55359760133215
411,11,101.646423443531,0,1,47020.9274039649,15.0696052658224,7839.85494503112,24.6753307048804,10.8327953941049
411,12,94.512697396318,0,1,47090.0687397968,15.0696052658224,6645.65583145332,23.761743776059,11.5400936299779
411,13,93.7979530142262,0,1,48466.8738250024,15.0696052658224,7681.34332958179,30.6472162631886,9.79670245211926
411,14,107.829035756718,0,1,48235.6689300296,15.0696052658224,7345.29761876032,27.2868607959901,13.1845143729289
411,15,109.774084853249,0,1,51457.1943172883,15.0696052658224,7327.95217236612,24.8980473101468,17.2528547685755
412,1,78.4832991738151,1,0,41611.4083205085,12.0163731797641,5327.61093784536,22.9063485249621,0.966687750226868
412,2,86.027285631598,1,0,42796.2696065604,12.0163731797641,5969.13025005611,24.0553314537374,0.999581747827728
412,3,90.3378897563618,1,0,45366.4178768977,12.0163731797641,5744.69904470702,24.4972645478028,5.22377874008287
412,4,94.2577945770545,1,0,44953.640557001,12.0163731797641,5401.84732993308,28.0011757921742,6.32886064245786
412,5,88.4739415056953,1,0,43523.745699078,12.0163731797641,5473.51142574471,24.8169296953477,3.4235209769366
412,6,93.5968896718705,1,0,46569.0908926845,12.0163731797641,5421.25217732246,24.3984071174337,6.88124157220671
412,7,97.3251350743653,1,1,44508.7080834338,12.0163731797641,6625.85786640771,30.4455104508231,5.24864425633893
412,8,105.166002252316,1,1,49780.4503157071,12.0163731797641,6443.28767340804,24.8179140344717,4.60002961710415
412,9,103.294158247965,1,1,49119.6068532347,12.0163731797641,6978.47964374855,18.2324067728939,9.41673327831688
412,10,110.150303536534,1,1,46818.3206039745,12.0163731797641,7837.13910064296,25.1116219715956,12.642885069761
412,11,107.356816419293,1,1,48270.5368535386,12.0163731797641,7594.2923045113,32.2470944507288,14.8992073594329
412,12,113.655626606613,1,1,51396.7559997956,12.0163731797641,6209.9512970323,26.7228348308364,12.5282625972095
412,13,114.381857912982,1,1,49417.8519707924,12.0163731797641,7170.24378311416,25.9181539021349,9.83731257167736
412,14,102.916556436691,1,1,53710.8421944383,12.0163731797641,7965.11975063711,28.5209993690923,11.9465725450977
412,15,118.906216745761,1,1,53370.3620409448,12.0163731797641,8012.85182167957,23.4759003156668,17.5665618558758
413,1,85.6392017852811,0,0,47352.7527497762,13.7093369088175,5102.02317772369,26.0428885953655,0.193994796866437
413,2,81.0137367965501,0,0,46851.187997788,13.7093369088175,4682.09537975402,23.0383476624336,0.974362945311324
413,3,91.9265093708936,0,0,49762.6126580845,13.7093369088175,6225.63926775547,26.6536172876714,5.02189898510813
413,4,94.8940632170929,0,0,49058.8813889813,13.7093369088175,5603.91352202329,26.9529063135727,3.66235970984534
413,5,92.9862410889657,0,0,50746.3238720742,13.7093369088175,5955.69257289204,30.3234582195072,7.22665860261313
413,6,100.294847749589,0,0,49876.4915559673,13.7093369088175,6814.82701258103,24.8596355696952,4.98027075956142
413,7,91.0436222080833,0,1,52050.6422769292,13.7093369088175,5626.33639462855,23.3429989458407,4.68463265519592
413,8,90.4354575340655,0,1,51052.0415975048,13.7093369088175,6283.27255769048,29.9254228004984,9.63875363417423
413,9,98.9292750615938,0,1,52275.2503612591,13.7093369088175,6720.39176822822,26.6104889859502,12.9181176310213
413,10,101.638557700987,0,1,53417.7686108489,13.7093369088175,6400.54561335491,22.7408049773721,12.7439753006407
413,11,98.0132886347587,0,1,55587.4265898821,13.7093369088175,6516.03526638068,27.5827959546303,11.740750081481
413,12,102.449431632007,0,1,55354.3123733055,13.7093369088175,7118.60022385774,21.3653317570701,13.322422327393
413,13,113.227811586008,0,1,55505.5603582755,13.7093369088175,7305.70300614439,21.502005466151,14.7124728884091
413,14,111.140032401489,0,1,55700.2602170096,13.7093369088175,7772.20549285821,21.0230075275629,14.105272455476
413,15,120.298246775238,0,1,56794.8318728047,13.7093369088175,7827.39664940694,19.8603049936194,15.0449616738587
414,1,79.1382061896605,0,0,30864.0073480094,7.04023331029539,5291.1536938267,25.1508082945738,0
414,2,70.9577833002965,0,0,31685.0874256767,7.04023331029539,6126.11699144732,21.3395803611006,0
414,3,72.2804624427619,0,0,31818.6975740564,7.04023331029539,6482.08101573647,26.4166432833161,4.19500319807943
414,4,78.1935407346124,0,0,32208.2903467406,7.04023331029539,5359.34262816276,28.9222442262413,3.37423195332777
414,5,75.0332601596513,0,0,31585.924954534,7.04023331029539,5629.95513402628,23.2924686385609,2.31152887989569
414,6,88.5763801952834,0,0,34812.6832825217,7.04023331029539,6173.25072719728,21.5086106843412,6.45817528886387
414,7,81.4317516186172,0,1,34838.983342596,7.04023331029539,7176.96359516531,26.2291023596443,7.75892352388757
414,8,91.742726223605,0,1,35942.9983667798,7.04023331029539,6911.37878950049,22.6336642532343,7.44504104909076
414,9,81.8710971168294,0,1,36627.8344420099,7.04023331029539,6791.85327546262,29.1701334876899,10.7468910228459
414,10,97.6899501957376,0,1,35496.7291654115,7.04023331029539,6581.28040446316,20.9157340927665,11.3697005268396
414,11,89.0307846009973,0,1,38231.2169657445,7.04023331029539,8024.8494742688,25.8424191629278,10.9784798069638
414,12,85.3447072574306,0,1,40899.5655909464,7.04023331029539,6945.2428606134,26.2237261823574,10.6039389148821
414,13,90.1358547139265,0,1,41722.6859029847,7.04023331029539,7377.65010675573,23.0696288161588,11.9623131615387
414,14,98.8949827399449,0,1,39148.1552028298,7.04023331029539,7186.48645533046,23.7539650692567,14.2390224045876
414,15,98.7440958593169,0,1,41457.6911649829,7.04023331029539,8032.27077404078,27.3391416989078,14.467250234217
415,1,56.4613949016726,0,0,10598.1964076338,10.0000368596335,6240.19774493339,22.3348932741549,2.16574779792912
415,2,67.941785933326,0,0,12755.5946331244,10.0000368596335,6001.65235482868,22.659405235913,1.95492358784595
415,3,73.461650713252,0,0,15754.941733541,10.0000368596335,5709.00231496683,23.4317588862862,3.13508049644976
415,4,67.4326426558075,0,0,15519.3835561635,10.0000368596335,5856.65186477646,20.9258815360816,2.11210738449842
415,5,77.3696737048019,0,0,15013.8488740495,10.0000368596335,5297.25426165587,24.4292048255128,1.42278233350887
415,6,71.5450040333045,0,0,15631.6868457553,10.0000368596335,6302.22499556656,25.8883852596165,4.01215193195083
415,7,70.8588794692425,0,1,16615.0082747666,10.0000368596335,7043.21124207127,22.885312945043,5.20629639051305
415,8,82.7269711957979,0,1,16183.6491832065,10.0000368596335,6826.73434081431,21.6635542592892,6.03199286838895
415,9,80.2807871534525,0,1,18136.9231724366,10.0000368596335,6676.56818176558,26.2728157553625,7.35037257284899
415,10,86.1674671836032,0,1,17865.350483918,10.0000368596335,7370.95373153705,24.0945154725537,9.72924013405138
415,11,82.4545934954473,0,1,18021.8546013443,10.0000368596335,7145.10669737224,24.8344448097071,11.3858024581768
415,12,85.3920952048555,0,1,19222.1083823648,10.0000368596335,7389.68466244497,25.2542286833161,13.2859989475174
415,13,85.0019795315662,0,1,21761.7475192978,10.0000368596335,7871.38906269118,24.5302108881519,12.0095029799385
415,14,94.5545312978246,0,1,20333.0895117766,10.0000368596335,7240.06053544528,25.7481325425639,16.4320138008937
415,15,71.7568995013385,0,1,21098.5861971867,10.0000368596335,8105.05506473299,19.7757581591044,11.738728534514
416,1,71.5369897575057,0,0,28323.9713880465,10.6552974322034,4448.87747388189,19.4074931375781,0
416,2,75.921380073015,0,0,31586.7363989529,10.6552974322034,6694.38775341395,23.1825054695825,1.41003945091573
416,3,78.8211831964804,0,0,31528.2688082433,10.6552974322034,5664.19908999214,22.9449906502275,4.10549062009941
416,4,74.5669952980962,0,0,31450.3553036961,10.6552974322034,5103.40005241675,24.3408561803008,1.88791450174101
416,5,75.7660586412525,0,0,33140.7373590862,10.6552974322034,5407.07326410464,27.2264352311188,6.65081922257301
416,6,80.0106157555841,0,0,32650.2488749812,10.6552974322034,6568.72551987658,24.1252819693213,6.51078970620665
416,7,83.667122320484,0,1,33601.1523339823,10.6552974322034,5428.20657919044,24.3553102072789,9.22780541527529
416,8,86.3649808443021,0,1,33001.7766689884,10.6552974322034,6141.62789531478,27.729273189567,8.46966058256662
416,9,81.2766139812982,0,1,33183.8351205475,10.6552974322034,6491.50617990148,26.9337954582862,10.8172426705037
416,10,77.3922271020887,0,1,35317.6135648037,10.6552974322034,6558.92532757905,25.5712846283304,10.4362637809633
416,11,92.3070208221946,0,1,35444.5604429089,10.6552974322034,7726.15294561905,24.4203423959542,13.8387893433653
416,12,82.7676654771829,0,1,35921.1492092241,10.6552974322034,7122.55218359752,28.1638890535287,10.0099892542616
416,13,90.435400526576,0,1,35820.0595475433,10.6552974322034,7110.97672553431,24.6367943985054,13.9513074236021
416,14,88.3947630068384,0,1,35677.6433102772,10.6552974322034,8149.71190161379,32.388921869876,14.9074326111781
416,15,94.4800144345108,0,1,35327.4347089215,10.6552974322034,8634.74552896303,29.4144907628398,12.7600791061295
417,1,86.3887912266239,1,0,34492.8246059685,15.1316740449271,5975.01061148099,24.3137085909383,1.69645257839524
417,2,89.6652073875244,1,0,33538.3606903915,15.1316740449271,5566.70007734172,23.3247467671566,0.89549344691301
417,3,87.0731061726326,1,0,33909.8236503024,15.1316740449271,6070.23148834422,28.3747652283942,4.28651739061122
417,4,95.901866998468,1,0,36893.9675848752,15.1316740449271,6308.17782066827,24.0429566330077,4.65198391658498
417,5,85.7716336121507,1,0,37679.7288130074,15.1316740449271,5526.03491999091,20.0650948637217,4.37442903443785
417,6,97.3763679090092,1,0,36196.977721866,15.1316740449271,5878.26067819492,22.9775229968746,4.10591670714802
417,7,99.346055793472,1,1,37730.2646327234,15.1316740449271,6282.07254746826,31.45391992386,5.16358114256065
417,8,103.289803935651,1,1,38316.6253411165,15.1316740449271,6640.31536867879,29.283816720908,8.84181886959773
417,9,110.852595858008,1,1,40429.037632413,15.1316740449271,6553.50115229914,22.4858156194813,6.33942435850699
417,10,108.953082746739,1,1,40029.1070555681,15.1316740449271,7525.6316564539,23.4566589626973,9.69096533540569
417,11,95.6451393693902,1,1,41484.5736742356,15.1316740449271,6653.91248251636,24.8603583570248,12.9054760485627
417,12,108.198861257203,1,1,42123.1457186014,15.1316740449271,6731.22907257498,27.4171188725158,9.78386510647627
417,13,112.867416088669,1,1,42946.5787376523,15.1316740449271,8154.62098384518,24.8245694721644,14.1351236208558
417,14,116.460836011084,1,1,42845.008355488,15.1316740449271,8205.35074600196,27.0501923256982,14.7125106287861
417,15,114.957586867948,1,1,44835.0446623771,15.1316740449271,7562.0093278356,24.7085481057869,15.8678850744535
418,1,78.7075254019813,0,0,30166.1843430694,15.0845221421862,5303.54716618414,26.534980839042,0
418,2,79.6546350545668,0,0,30699.6429603158,15.0845221421862,5251.9520364261,26.7445278700949,2.42942035498456
418,3,94.3836468875233,0,0,31243.2472820123,15.0845221421862,6011.88997025154,26.6040343530674,4.6503736178727
418,4,75.6147658994464,0,0,33131.6973594266,15.0845221421862,5484.60386393425,26.9794332641626,3.11730034959318
418,5,89.4601576373377,0,0,33640.499373386,15.0845221421862,5480.84238555409,24.5768762957157,5.63907696069464
418,6,85.7094347616649,0,0,35304.0992680206,15.0845221421862,7024.24026822964,20.3866218800156,8.0673737273422
418,7,93.2794808591701,0,1,34399.7225949519,15.0845221421862,6617.31611279099,27.2892065447113,3.72749689079464
418,8,87.6677740847574,0,1,38323.0316580134,15.0845221421862,6667.0259042852,26.5811637900742,5.20502422466511
418,9,97.931944590012,0,1,36284.034254756,15.0845221421862,7569.65706381365,22.1704501259406,10.942224685793
418,10,92.5294320534452,0,1,37789.1813087467,15.0845221421862,6776.26576148257,25.5061330717202,9.89080556532083
418,11,98.4492789983947,0,1,39983.5374431557,15.0845221421862,7532.88952351964,25.096200383907,6.07458920283122
418,12,96.7551302536176,0,1,40574.8696550568,15.0845221421862,6988.51379553378,25.0930518587814,12.2125583009212
418,13,102.42216808325,0,1,39651.0937668701,15.0845221421862,7366.34338619856,25.6022683759105,11.6721825234181
418,14,96.8678713836903,0,1,41458.8059609146,15.0845221421862,8505.07891831054,26.1682046033653,12.6334914639195
418,15,105.304800313675,0,1,43769.2803578108,15.0845221421862,7599.13066224779,22.8155792966643,16.851198249794
419,1,86.3228609477227,0,0,37238.0157176217,13.305271377745,5486.92260666741,28.0965826982215,0.572426907364595
419,2,79.8315688796695,0,0,37343.7399300157,13.305271377745,4929.29700686274,24.0255427410604,0.440246943619934
419,3,97.5995107952926,0,0,38127.237219997,13.305271377745,6084.7435758063,25.4023008545381,6.12144760424879
419,4,84.58757630089,0,0,37856.9912439499,13.305271377745,6069.41413755693,22.0227078626533,1.61588199907171
419,5,92.6417541368762,0,0,37743.4572580883,13.305271377745,5126.49806903191,21.1674767907392,5.32476380731854
419,6,97.3500477346199,0,0,37521.7395756502,13.305271377745,5378.79389779715,25.6158849252739,8.04297285989624
419,7,93.9058305178434,0,1,39015.7339483474,13.305271377745,6788.27982141992,21.3775739413112,6.52034057968577
419,8,98.4650666053594,0,1,38270.6428323926,13.305271377745,6119.20392792612,21.5145851245941,6.58033444269235
419,9,88.7451332347643,0,1,37423.4638784949,13.305271377745,7283.81858849963,20.8755606658933,10.5665345887088
419,10,95.1791323599151,0,1,41181.1575088582,13.305271377745,5924.64564402861,24.7828776172635,13.1881072484913
419,11,95.7403476028233,0,1,39994.9633077486,13.305271377745,8483.78514748305,24.9724085570997,8.79513216501699
419,12,91.2352101628146,0,1,41780.2116039361,13.305271377745,7315.23845092696,25.4377393647112,8.92996815149734
419,13,97.3624360224821,0,1,39870.3437259981,13.305271377745,7964.70074009851,24.5521688361524,11.7748454424041
419,14,107.96137506593,0,1,38670.4133667057,13.305271377745,7221.98752569607,18.7699762766492,13.452055501283
419,15,107.573416672139,0,1,42566.7940375525,13.305271377745,8711.57468952101,25.1512892223162,14.10326959692
420,1,85.7440889394802,0,0,37734.7323144034,16.8126365448717,5455.53495088859,28.9875271424193,0
420,2,94.1570476777154,0,0,39909.1400673066,16.8126365448717,5190.81161429055,27.0745982376221,4.38282368793836
420,3,95.3603068648859,0,0,41714.4266865031,16.8126365448717,4037.40040788564,22.9957804990266,5.06393620220539
420,4,103.49782275228,0,0,41935.1768723062,16.8126365448717,5418.84424554798,23.0317705926335,6.0371695247515
420,5,96.6099890554222,0,0,43598.0521195531,16.8126365448717,5871.08906192011,28.2616252813345,3.47222109278063
420,6,91.9686741323837,0,0,43939.3639027344,16.8126365448717,5734.41874338057,21.1795238096748,3.62907503872677
420,7,102.863721263254,0,1,44663.5480030587,16.8126365448717,6635.15174156318,30.2600569755002,8.1419175447288
420,8,107.838151246043,0,1,46620.3708067968,16.8126365448717,5414.53427348464,21.1796621633238,10.532918883146
420,9,102.443179171962,0,1,48966.6415956424,16.8126365448717,6866.8336978113,23.491292601418,10.262729409038
420,10,110.808670026398,0,1,47948.6703235175,16.8126365448717,6622.48679828262,21.3508403822034,11.3484404335694
420,11,113.512158686199,0,1,51021.7965573874,16.8126365448717,7198.76042676717,20.2861005563072,10.458502586761
420,12,109.539726270704,0,1,50699.8289546804,16.8126365448717,6999.46632396951,24.4266423761489,11.4885239476062
420,13,99.3737810585975,0,1,51014.4782086785,16.8126365448717,7753.09437056015,25.7269729960649,10.5996873983413
420,14,110.773548549735,0,1,54071.0883310766,16.8126365448717,8465.23480434922,21.9683627806745,12.975516986884
420,15,111.090536212051,0,1,55262.8349098071,16.8126365448717,8431.11611414508,30.7311878346879,13.5779816879808
421,1,79.0040934728006,1,0,27899.6930662376,10.4537664007639,4549.82439467832,30.5462354890949,5.03522598943675
421,2,72.4778630436952,1,0,28202.9418516258,10.4537664007639,5452.26188389766,23.5441467660283,3.63568981065209
421,3,74.8932270739675,1,0,28444.2888073068,10.4537664007639,5744.26484619934,26.0150567909812,3.0096406057368
421,4,79.3437109261181,1,0,30885.2811292417,10.4537664007639,5857.67848308889,27.9923451393401,5.60880125775671
421,5,75.2077107057628,1,0,29803.9323334034,10.4537664007639,6668.32745471848,21.3527966149665,3.4582754638818
421,6,86.2260316360463,1,0,31033.1157840936,10.4537664007639,5840.26333092194,27.3142871938855,7.0590224664042
421,7,99.190584747472,1,1,31665.0559579181,10.4537664007639,6207.25010398207,22.495334832514,6.06812064374394
421,8,86.4296145497082,1,1,33617.9587663512,10.4537664007639,6397.61134211286,20.0918726486831,7.48074279750559
421,9,88.0838783861424,1,1,33374.3002625774,10.4537664007639,6895.33494861865,26.0774895635357,8.34976303655803
421,10,99.448176730377,1,1,35278.2431510424,10.4537664007639,6638.29035606231,27.8009673698304,9.57693094417353
421,11,98.1976735881285,1,1,34068.736957454,10.4537664007639,6991.65595705437,29.8968319296651,10.1041133993988
421,12,89.2967502811996,1,1,35601.3545017174,10.4537664007639,8407.3272190362,27.7522985345244,13.5365619613377
421,13,107.767071585259,1,1,37550.9449991351,10.4537664007639,8402.73963363294,30.3400506567422,15.0343520848508
421,14,97.6179283500378,1,1,38328.478100731,10.4537664007639,8090.30425216957,16.319863193406,10.8897339304217
421,15,101.867239719736,1,1,38312.5033269214,10.4537664007639,7827.01332863472,29.5990636101701,13.8218398354654
422,1,84.1297588726859,1,0,30107.1143071258,15.0376115813218,5122.52403630279,28.4853252971804,4.42974011762718
422,2,84.1762357930981,1,0,30602.9521351507,15.0376115813218,4934.35000968244,23.6964621481247,4.34346381777097
422,3,74.6450225957576,1,0,30938.4159793604,15.0376115813218,5197.39772448236,27.4752483384355,2.69871779146663
422,4,84.8772372256931,1,0,32215.6756279061,15.0376115813218,6380.4122869043,24.4844146025237,4.22686169004962
422,5,88.5191432126783,1,0,32721.3633246984,15.0376115813218,6401.70395711934,24.8742729068801,6.3859060893931
422,6,81.1398995171939,1,0,35274.5228152332,15.0376115813218,5223.05790107616,27.2517622122284,6.70045335358787
422,7,97.4724939253703,1,1,35496.1275004267,15.0376115813218,6598.6086091037,23.3793609546138,5.7646321652189
422,8,93.6931809177734,1,1,34193.1409126073,15.0376115813218,7661.57959641113,26.866437365516,4.93166967596152
422,9,94.1024681477063,1,1,37293.9538529975,15.0376115813218,6638.35313538759,21.5918333891703,8.5323921021092
422,10,104.284804856598,1,1,38280.9371095446,15.0376115813218,7078.37973485398,27.9961784573465,12.7351412172163
422,11,95.1205194937248,1,1,38381.6317565115,15.0376115813218,7455.64359042736,30.2695623127343,14.5129752403112
422,12,107.844573414127,1,1,40098.0069803503,15.0376115813218,7358.25128491731,25.227302980149,13.2939871522777
422,13,105.80497458259,1,1,43251.469275922,15.0376115813218,7201.86839023905,25.2179567739637,13.6000490792695
422,14,109.156620517725,1,1,45139.1772847074,15.0376115813218,7413.95699028088,22.8463278496821,18.3500409187581
422,15,103.858139722421,1,1,44761.8166821368,15.0376115813218,8170.73468568094,28.630369699756,18.0073990998728
423,1,89.58628081557,1,0,33346.7920274322,11.8921799106278,4656.56658273513,21.8015031485393,1.99667881694566
423,2,82.5451969200983,1,0,35392.3343291957,11.8921799106278,6020.51353948563,24.8399099858759,4.12880322443729
423,3,79.6927278894618,1,0,35709.2607480371,11.8921799106278,5878.48081188199,24.4525239228012,3.45107225020019
423,4,84.0109297957437,1,0,37374.6163516673,11.8921799106278,6152.01241267179,27.7094896932449,4.32986095176951
423,5,85.0488406528666,1,0,35575.8810125172,11.8921799106278,6113.55908656048,23.9593567457689,6.13630778294174
423,6,94.855429537379,1,0,37721.0850493799,11.8921799106278,6571.32142688753,25.2076254777072,9.26332607522943
423,7,98.0196830660449,1,1,40061.8408794254,11.8921799106278,7595.68395544942,21.5162112365567,5.44910411811825
423,8,99.8956278627907,1,1,35949.5208445017,11.8921799106278,6792.37626744581,24.5584921835997,11.6336858440932
423,9,102.00344079489,1,1,39537.66143518,11.8921799106278,6601.56951759173,22.9275412593525,12.5580062138189
423,10,94.2062659428517,1,1,40590.4295420113,11.8921799106278,6714.76288161535,23.7675072105608,5.51559472723702
423,11,92.676231619405,1,1,40365.7575333948,11.8921799106278,8134.05676250994,24.3040367327075,9.661840877935
423,12,100.120996658522,1,1,41059.7430820255,11.8921799106278,7292.72204033487,27.5666320909849,10.3140089389624
423,13,96.5049480083111,1,1,40339.6311765739,11.8921799106278,7765.28661814987,26.6786810919989,10.2640184553106
423,14,103.892530851483,1,1,40967.1615129998,11.8921799106278,7480.0745480942,24.1750155292932,13.7656482268195
423,15,97.8751104784972,1,1,41286.0952910161,11.8921799106278,7518.43643687285,21.0700767072659,11.3494187625587
424,1,68.323661139179,0,0,24712.303961975,9.99797371147077,4914.42256789124,25.0393334742399,0
424,2,68.0730682727968,0,0,27697.7631658287,9.99797371147077,5571.41809797473,27.1680210577651,2.35910405691975
424,3,79.9221947520342,0,0,28209.0859974731,9.99797371147077,4648.04521872714,26.0044710613795,4.60535547460903
424,4,70.1188323759818,0,0,28902.148016013,9.99797371147077,5460.73272449706,28.1569208356469,0.700769539786612
424,5,81.0323352545658,0,0,29922.0579744255,9.99797371147077,6099.05530623651,25.5553137044494,3.73645231968181
424,6,76.753237599834,0,0,30184.5294886594,9.99797371147077,5769.89528978566,23.8225646065504,7.37485040613989
424,7,82.5759355632894,0,1,33201.7244853039,9.99797371147077,6711.25074537579,25.7127879443888,4.81838981992156
424,8,86.6558378488324,0,1,32622.4314667749,9.99797371147077,6546.41383952648,20.8566349562218,9.25284945080655
424,9,91.3567950592901,0,1,33077.6779612294,9.99797371147077,6273.0660843977,20.3446062162743,10.2333663981013
424,10,82.1659630113586,0,1,32872.0673031115,9.99797371147077,7367.65854609324,26.3355799756719,8.50224648815762
424,11,86.8140089557112,0,1,33783.2226197975,9.99797371147077,7301.58670336642,28.154318721624,10.6476853135167
424,12,82.1068851591677,0,1,34848.871074662,9.99797371147077,7468.48626349666,22.1970894191033,9.34166755032725
424,13,91.0198243235084,0,1,36901.7175865654,9.99797371147077,8266.73111503557,27.3025233044897,13.2233825784596
424,14,94.8232118041813,0,1,38181.4846775334,9.99797371147077,7081.0037569956,25.7907544038788,16.2298674020945
424,15,82.4737505990982,0,1,37532.5996856323,9.99797371147077,6515.42376431347,24.3538226756904,12.3010446111362
425,1,75.4927678501981,1,0,30669.4809264197,14.7701401149925,6126.35493604226,30.421923152665,0.585060124728203
425,2,82.6167900279924,1,0,31559.6417081779,14.7701401149925,5555.36580759785,26.0695965609179,1.48568683117848
425,3,79.9947950110845,1,0,31986.0043704707,14.7701401149925,5664.39760099757,20.5394608979052,0
425,4,81.3023058207291,1,0,33959.7571557831,14.7701401149925,5711.27422688449,27.9868429808871,1.45084842686029
425,5,85.9605874729712,1,0,35854.5832691918,14.7701401149925,6433.61633266308,25.396537186636,4.16268105334862
425,6,82.8615122575065,1,0,32803.7149461538,14.7701401149925,6749.30234028669,29.3905974672715,6.9423299646838
425,7,89.3627424962144,1,1,36111.0832271533,14.7701401149925,5666.14035456562,25.4648910380402,6.31800170124665
425,8,92.7559490334552,1,1,38281.128167276,14.7701401149925,6155.45497999803,22.0649169708019,7.49581979774566
425,9,111.975456494521,1,1,36961.629174236,14.7701401149925,7730.44288333051,23.0837782418531,9.1637849175127
425,10,93.1280070264674,1,1,38422.2566431965,14.7701401149925,6441.97664902481,29.5866839486772,9.51841994765268
425,11,95.074879362762,1,1,40104.6327986301,14.7701401149925,6934.4342342011,25.1222523639886,9.12883395898225
425,12,98.6127330770925,1,1,40455.5836144596,14.7701401149925,7889.42505122996,22.5727360006649,11.459089414534
425,13,97.9450587776047,1,1,41200.3587136548,14.7701401149925,7297.0882864209,30.2281394448138,11.4271601453327
425,14,108.245004696309,1,1,39363.2726362807,14.7701401149925,8618.41926351315,23.1668131639609,13.4550627891413
425,15,104.859849035067,1,1,42019.0046558093,14.7701401149925,7767.74344718738,24.834251803242,12.8572989781352
426,1,68.2349822574317,1,0,15071.5238119488,16.1433009925485,4886.08678475708,25.2232470856209,2.70844132887435
426,2,77.6780582183923,1,0,17274.1987048058,16.1433009925485,5750.01962474632,25.2762446741605,1.39495934406433
426,3,76.8534956129751,1,0,17486.1382919419,16.1433009925485,4700.80847134567,24.2366740761594,5.21062969274125
426,4,83.5472902900149,1,0,18879.0918738158,16.1433009925485,5783.54891510056,25.8112594218832,4.15620732983751
426,5,80.8369332363087,1,0,19929.4900687139,16.1433009925485,5778.35960799154,27.0460720449385,5.5439510699514
426,6,79.872097839323,1,0,18579.0731201104,16.1433009925485,6723.7175101128,22.1791881355363,4.81746886061952
426,7,93.839713267488,1,1,21524.0447939432,16.1433009925485,5863.59085799839,25.1541581979516,7.21733339239803
426,8,89.1043384858413,1,1,22443.7198651787,16.1433009925485,6343.3423508523,27.7722020224119,10.7891971508817
426,9,104.903232250936,1,1,21599.8132177976,16.1433009925485,6981.58324778993,25.7453361323717,9.35668062328192
426,10,88.9194957450456,1,1,21756.0600313999,16.1433009925485,7021.33458042008,23.6198272975963,11.5842483686144
426,11,90.2422318876731,1,1,25041.2380596618,16.1433009925485,6886.62838438343,22.7576569074459,8.58316568466198
426,12,93.5248332809186,1,1,26207.7596424964,16.1433009925485,6708.03386853969,30.0567779385151,11.813295105238
426,13,101.110231000202,1,1,26012.6802598505,16.1433009925485,7343.24739170268,26.2824887419513,16.3044960839829
426,14,110.213867875475,1,1,28682.7860962176,16.1433009925485,8218.7219241152,24.3439516532038,14.785997086619
426,15,98.2889236799098,1,1,27243.8888900361,16.1433009925485,9032.4831351276,21.5459202438262,14.6962871358155
427,1,82.9467989890463,0,0,23662.4885693925,14.6347512485546,5280.66468248201,21.7175486483228,0
427,2,76.2709563332034,0,0,23025.8051082524,14.6347512485546,4609.97989526255,28.1212136135681,0
427,3,80.0239123967698,0,0,24585.4922795473,14.6347512485546,4892.82862361457,27.8599353648113,4.54750117225009
427,4,90.7483183061028,0,0,24596.3836693875,14.6347512485546,5618.52205133549,21.6277220370651,5.5046422993976
427,5,97.2346671639703,0,0,24810.0083501191,14.6347512485546,5993.45076733581,25.590035227891,7.58863555963281
427,6,81.0067450589762,0,0,25542.3254810887,14.6347512485546,5989.44394597231,26.1467853132958,5.97896594662001
427,7,77.225034548458,0,1,27120.5224579595,14.6347512485546,6366.80277277252,28.9906724224889,7.04972004865684
427,8,84.9647545373882,0,1,27634.467862542,14.6347512485546,7693.29689787916,24.5631139557623,7.15105158091212
427,9,92.5702084144126,0,1,27456.1808652266,14.6347512485546,6236.52070474,26.1831748292903,10.7741347071381
427,10,95.9389350043955,0,1,29940.6484546417,14.6347512485546,6565.71864233802,29.0658195350977,11.2841408954123
427,11,92.829079889651,0,1,27520.68203213,14.6347512485546,7601.40276273958,23.9849358094063,11.8894345516986
427,12,94.634889709663,0,1,27955.3826861285,14.6347512485546,7609.55156647315,27.4560389960949,11.0231985980703
427,13,103.398250680446,0,1,32402.5319717339,14.6347512485546,7734.03446791573,31.4849019479382,13.0752889965038
427,14,103.141924218872,0,1,29834.981685414,14.6347512485546,9014.52191140479,24.7652410035414,11.9172305923892
427,15,99.496016913657,0,1,32904.5729631814,14.6347512485546,7793.56775171891,25.288492982061,19.0740076914379
428,1,61.9874611612034,0,0,20997.454858533,10.4717896337332,4887.05275808179,22.5957007999809,0.451697561594921
428,2,70.0021667429582,0,0,20544.6422288492,10.4717896337332,6129.45125762343,24.7265482408511,1.89733457496228
428,3,75.8078392100472,0,0,21786.1936405188,10.4717896337332,4863.96018460196,24.9507401891816,0.396438132644618
428,4,76.301451603428,0,0,22167.4386561785,10.4717896337332,5478.17573019689,24.984449773311,1.58877888979257
428,5,80.609046872698,0,0,23466.5042088831,10.4717896337332,6415.07914036934,22.6598875748143,5.23061084745018
428,6,95.1424502648172,0,0,23669.9485372445,10.4717896337332,6201.80095415087,22.4625294150246,7.57563419303895
428,7,75.710625435097,0,1,23889.6141922921,10.4717896337332,6701.21497351016,29.076614403316,5.71616038357917
428,8,84.1158598648226,0,1,26449.5289720237,10.4717896337332,6967.66571490579,19.4193259851971,10.3139711285335
428,9,92.3827184728804,0,1,26265.8352924588,10.4717896337332,7053.5596655424,24.2990752254544,6.3585281401611
428,10,90.9896321542872,0,1,27171.6489153079,10.4717896337332,7347.42879806373,22.5874909378154,12.779822341403
428,11,90.2567162229802,0,1,27806.8248320353,10.4717896337332,6866.6189720354,18.132858354374,9.75926904911937
428,12,86.791179456419,0,1,29300.4641648937,10.4717896337332,7281.35165662797,26.620803862336,8.66631696928277
428,13,91.3664334084245,0,1,28771.8618480654,10.4717896337332,7827.32543829232,26.6773223753108,14.6115158202169
428,14,90.482653932636,0,1,30881.1612750419,10.4717896337332,8211.63662914877,27.4671198182794,16.0414271719065
428,15,99.5482305600679,0,1,30828.9595360466,10.4717896337332,9637.19773280891,27.6960214018966,16.6529256185385
429,1,76.8964560781811,0,0,23388.4737309433,10.5906370975347,5478.52242037128,27.7127258137245,2.72625091031574
429,2,80.7778585064721,0,0,23565.8934235826,10.5906370975347,5062.80029091052,27.769667399215,4.61667652778539
429,3,71.9104779613855,0,0,24562.4694143587,10.5906370975347,5671.92001728958,28.2166278320155,5.31681608304608
429,4,84.4543297740368,0,0,25388.2896949325,10.5906370975347,5147.94037365323,24.088414333115,5.94215967692736
429,5,85.7981610225736,0,0,24529.6144371143,10.5906370975347,6372.10552787829,21.3104649451081,4.44521043265888
429,6,84.1655836543548,0,0,25265.6295516514,10.5906370975347,6373.71920046652,28.0811586895687,4.28503603887372
429,7,79.631433874077,0,1,26151.8426983046,10.5906370975347,6627.24588014834,25.5697035982523,8.97613609927246
429,8,79.9429052578595,0,1,25127.6904694441,10.5906370975347,7139.96127557143,22.6825305995557,5.66500998832911
429,9,88.3382323781699,0,1,27049.1563053062,10.5906370975347,6960.66006848765,25.9260709872776,11.5125903861449
429,10,88.8432150458752,0,1,29265.7836141863,10.5906370975347,6778.7780602095,26.1191801729771,8.53249428680865
429,11,94.5251569299307,0,1,27695.949438356,10.5906370975347,7759.67764283734,24.9514076259132,10.8219193343092
429,12,95.15142908528,0,1,28463.0257295232,10.5906370975347,7325.81011058326,30.5979709802487,12.8364876177346
429,13,90.4746991087713,0,1,27845.8338667318,10.5906370975347,6959.45737238525,26.1912489791297,15.7036841123949
429,14,103.650405616225,0,1,29057.8164498659,10.5906370975347,7939.39323820598,22.3628264737631,12.5553337328374
429,15,111.495838856782,0,1,30352.4992326768,10.5906370975347,7632.98487001632,27.0327703897365,15.0529927711532
430,1,75.0243691526355,1,0,25884.0187756576,16.133027540418,5597.01596299188,23.8776819922128,0.254717457218278
430,2,94.1724979282696,1,0,25901.3121319704,16.133027540418,6241.44036520657,21.6754295955123,4.93563038576037
430,3,73.7307513881589,1,0,26152.8072778417,16.133027540418,5126.425743195,22.1935146224714,0
430,4,77.3520754686397,1,0,25855.2596663879,16.133027540418,5514.8922523936,25.319252660975,4.60526285951185
430,5,96.0790753105436,1,0,27662.6038193887,16.133027540418,5461.60962093506,20.6241698220411,4.09532075072921
430,6,78.0343624730622,1,0,28630.0437769104,16.133027540418,5528.09977136214,23.3838346037537,4.1325525242215
430,7,91.3202162572035,1,1,28586.2657592504,16.133027540418,6078.80020928373,25.6443263067283,7.83450583566832
430,8,100.634241648145,1,1,30556.4866129184,16.133027540418,5526.88811000979,23.352677576927,9.39237358475896
430,9,103.330572042222,1,1,30484.2545657543,16.133027540418,6917.19903111736,31.8285382963897,11.8478906011271
430,10,111.89939863985,1,1,29944.803501142,16.133027540418,7175.40459176054,26.8879628328276,10.5454361684682
430,11,95.3900264991261,1,1,31177.7157460682,16.133027540418,7203.27392205699,21.5893147400629,11.18668151416
430,12,107.097106803453,1,1,31555.5806681494,16.133027540418,7598.4223369608,22.390067989761,16.4373796805938
430,13,99.8658070714971,1,1,31564.2897093558,16.133027540418,7922.40362446522,26.2901475243912,10.0825510216653
430,14,108.170783195143,1,1,32343.3878534588,16.133027540418,7438.54810574459,24.7907047706359,12.9586107739729
430,15,113.226617246571,1,1,33769.5009461728,16.133027540418,8332.7339868067,26.5776690170125,16.6711524101978
431,1,86.7258414431241,1,0,33140.1979888372,13.0584792192532,5424.97404197598,23.7675027638806,0
431,2,97.8693009960396,1,0,34857.1748980761,13.0584792192532,5312.06311967481,15.5744849099317,6.37134846329331
431,3,85.432896126214,1,0,33623.9781300609,13.0584792192532,6140.48068963626,22.4262684426909,0
431,4,97.2356193039975,1,0,34993.1612681555,13.0584792192532,6271.6754403544,20.1852625648074,5.55425981277392
431,5,95.8630708088265,1,0,38555.1602099286,13.0584792192532,5450.41033437381,25.0014468264705,3.42164112328459
431,6,90.8452557691442,1,0,37650.2620528566,13.0584792192532,6526.59086391242,28.956959623981,2.65792004582489
431,7,103.603629847535,1,1,39091.7911014647,13.0584792192532,5083.65268661819,23.5882415589604,9.05999966359589
431,8,103.745652820247,1,1,40458.2027766802,13.0584792192532,6138.35681803523,24.52638443208,8.740558292489
431,9,110.331114053402,1,1,40411.5199826388,13.0584792192532,6245.21960530647,22.2735418908665,7.96222437034724
431,10,104.195456576848,1,1,42537.8272265227,13.0584792192532,7452.5085612633,26.598334098171,9.00611237509485
431,11,106.261679042726,1,1,42950.9826040052,13.0584792192532,7771.6984581479,25.0994268474475,14.193640730509
431,12,106.907503169456,1,1,45003.8167845615,13.0584792192532,7384.59406411584,25.4135650186451,12.5299010249312
431,13,114.147957960647,1,1,44682.1443484143,13.0584792192532,7152.121476538,23.9169773958874,14.6492511721548
431,14,113.368969268165,1,1,46538.9185084186,13.0584792192532,8214.25872502937,22.5290118047276,16.5104982070004
431,15,110.519635064463,1,1,45465.6617231866,13.0584792192532,7983.60838612513,30.913548170342,15.9062363920541
432,1,88.2435454670092,1,0,37357.5196494708,14.4887219379634,4449.69124865092,27.4416752820938,1.24944104680662
432,2,92.4016788871243,1,0,40248.5706241402,14.4887219379634,5890.70758048025,22.8612746542161,0
432,3,94.3536350655984,1,0,39527.1278576556,14.4887219379634,6065.08190290515,22.5363460745903,7.50109262663893
432,4,80.0342826762955,1,0,40974.135412102,14.4887219379634,5928.71655885984,29.3960063341053,2.66506629254682
432,5,92.2001862586464,1,0,42894.0671112041,14.4887219379634,6640.99072056203,27.507234685398,2.85524279022415
432,6,87.6710584736503,1,0,42608.5004841683,14.4887219379634,6976.17774010458,21.685982950004,8.11686403456326
432,7,95.441716624313,1,1,40969.6132564935,14.4887219379634,7427.94619262492,22.75429460889,9.09280760042679
432,8,101.241933674303,1,1,44636.4953667761,14.4887219379634,7126.36926417319,22.7289141952736,8.0811115433385
432,9,110.154387061822,1,1,44522.7035538633,14.4887219379634,7569.75085064642,25.8715211956831,10.3498150489127
432,10,104.643854459292,1,1,44341.499235495,14.4887219379634,6845.43360292476,25.1958778626523,12.0622505560557
432,11,103.538762129742,1,1,44431.7847566945,14.4887219379634,7963.21640624249,22.9685595957311,12.906409342361
432,12,110.331521920934,1,1,45723.971430533,14.4887219379634,6905.36162614938,25.6460292729615,9.0223174093225
432,13,110.728726858241,1,1,45125.8360859856,14.4887219379634,8504.47370998254,21.2987912338494,13.1060768798503
432,14,114.91412316044,1,1,44839.3267767687,14.4887219379634,7610.84891927592,26.3213551308173,13.0434142785727
432,15,115.790915684125,1,1,46957.4752862521,14.4887219379634,7368.61975585974,26.8334717290394,15.3846928520543
433,1,72.2379287894022,0,0,24937.1046111952,10.9838940490071,4751.69202091853,27.5578495559301,0
433,2,74.6400802946061,0,0,24536.7524084271,10.9838940490071,5334.2863475905,26.8458467723604,1.56313498900301
433,3,65.5021881759005,0,0,24318.7968113847,10.9838940490071,4682.55776331963,26.0501095142725,2.16363431172879
433,4,79.6194485505598,0,0,27933.6951953856,10.9838940490071,6160.07497184471,27.0765273284839,3.48715764555187
433,5,90.4447486689535,0,0,27356.8624280993,10.9838940490071,6620.89365069241,21.4601942796752,3.86229825433606
433,6,84.5441712050467,0,0,28974.7534754373,10.9838940490071,5382.41091737929,25.3121026274755,6.64436868184221
433,7,74.3370737754436,0,1,27311.3236651695,10.9838940490071,7300.89531230386,30.7023447147529,7.28208033967792
433,8,82.6305948013943,0,1,31307.5087872044,10.9838940490071,7372.07530805458,26.2006529184893,6.20992587976495
433,9,89.1928991784078,0,1,30386.272106556,10.9838940490071,6628.15650826386,21.1154961896286,9.51945658388137
433,10,85.0923307252745,0,1,33297.484297209,10.9838940490071,7223.84558972797,23.842733314165,9.65744564813041
433,11,94.0568954559478,0,1,32951.0794830907,10.9838940490071,6747.3035406648,29.145992141378,11.5197899364026
433,12,85.3709882897933,0,1,33888.6965944511,10.9838940490071,7147.07526570449,23.6245984079979,14.3796298828547
433,13,95.7216566064771,0,1,34764.907000377,10.9838940490071,7748.00404688698,28.7132320164731,12.9995390612715
433,14,86.5861451163022,0,1,35152.6025593322,10.9838940490071,8274.09652861952,23.7718510211829,10.858175604426
433,15,101.588618065329,0,1,36700.7853460125,10.9838940490071,7655.54837724799,26.5369420675451,17.880410443456
434,1,72.3024448112598,1,0,24645.4661227451,15.783104809394,5078.28416223205,25.3098433805274,2.07448982234706
434,2,80.9301963987265,1,0,23747.9363953319,15.783104809394,5695.20945607808,23.8922734933185,0
434,3,84.5728436383206,1,0,24015.7821888987,15.783104809394,5755.20539153318,22.729285220471,4.31621797165333
434,4,88.5490671876231,1,0,24638.7953860848,15.783104809394,5712.27006911645,23.1216761240116,0.739442941814335
434,5,86.2807652852374,1,0,24364.2127679581,15.783104809394,5734.50533931201,23.8589141010343,7.43678401555592
434,6,95.0864874476432,1,0,26439.145648543,15.783104809394,5752.65301201685,22.5573339292997,6.32193013423363
434,7,91.2809025680096,1,1,25560.9751437155,15.783104809394,5917.44298428606,27.2943777440059,7.81007942582539
434,8,99.227830592539,1,1,26583.736844344,15.783104809394,6900.80715812618,24.8556515270449,8.56828946607716
434,9,99.9476458919163,1,1,29797.4012825192,15.783104809394,6964.20322442583,28.806654696959,9.94252136840822
434,10,104.993627035881,1,1,27554.7414819119,15.783104809394,6525.01507406114,25.4942734987985,9.02667566813621
434,11,106.714720061588,1,1,31926.9897798878,15.783104809394,7890.02462640483,21.4733736647306,11.306081949377
434,12,101.410213278081,1,1,31203.9865957505,15.783104809394,6040.49797094365,25.6451803584079,14.0825729887109
434,13,103.77692299765,1,1,32973.6650282968,15.783104809394,7392.68200215566,24.1637373537605,10.3520098235004
434,14,108.313306543859,1,1,32367.784822067,15.783104809394,7881.74634108775,26.8066198225549,14.9005075796531
434,15,111.2618619839,1,1,32433.5214752993,15.783104809394,6876.82434058245,29.3840363503723,12.7598117679875
435,1,76.0991866285123,0,0,24277.46567295,9.57373456511342,5851.59888345724,22.3756016989036,3.73059265276942
435,2,83.4033685514961,0,0,23529.4984060077,9.57373456511342,5128.85959897872,23.1596175036064,1.8403109509382
435,3,74.3663307338127,0,0,24009.8377889586,9.57373456511342,6168.61440135777,22.314131004817,1.49214744258451
435,4,79.7487115973962,0,0,24772.008044682,9.57373456511342,5555.82388560437,27.9464682110542,2.62293026452453
435,5,82.963977939493,0,0,25727.8018990226,9.57373456511342,5223.97876268932,26.7101619868479,4.88978500342304
435,6,72.2939363245005,0,0,27643.8573382087,9.57373456511342,6538.38191644746,31.3393771722792,6.23448345419746
435,7,82.1883386155675,0,1,28510.9421557296,9.57373456511342,6248.79003260256,28.1106782014755,5.96455143983722
435,8,85.2578658296078,0,1,29101.9960244104,9.57373456511342,6559.40860210505,27.0020938902663,8.68178993536005
435,9,90.6404566830913,0,1,28133.4931926251,9.57373456511342,6652.88846932479,25.5098109787267,6.92238331273122
435,10,86.2918638902511,0,1,29763.3529101088,9.57373456511342,6933.56008222299,29.7997405464262,12.5937609896164
435,11,90.795194287378,0,1,29536.8828063067,9.57373456511342,6880.4654915027,29.1848879522885,11.7847137605154
435,12,85.0496779777545,0,1,31502.9845698674,9.57373456511342,7167.29760260186,24.7848466722177,14.4320424835781
435,13,97.9525024745818,0,1,35493.4013929955,9.57373456511342,7405.5914762898,18.4656357836525,11.4174074483366
435,14,88.9899431551634,0,1,36087.8716113334,9.57373456511342,8306.79065809259,20.8498544133318,10.6075719946708
435,15,94.5793903374633,0,1,34762.1219027949,9.57373456511342,7324.1536565084,21.7313793620081,17.9502620730989
436,1,73.4366314001072,1,0,28964.6842744802,13.8760545625999,5556.04622701717,24.4172072020499,1.18107924200599
436,2,78.5548440253807,1,0,28613.5996263197,13.8760545625999,5360.11180114943,27.757791981087,4.77508573173463
436,3,83.1928369870937,1,0,29603.9834549293,13.8760545625999,5985.5761481556,25.4947073769559,0.758406746798713
436,4,74.8873673781233,1,0,31871.3571904896,13.8760545625999,5798.68558863343,20.5695161401941,2.35880810105149
436,5,86.4747807185166,1,0,31722.5174113552,13.8760545625999,5015.33920101145,25.6443140045245,3.95256140135878
436,6,82.921620912095,1,0,34094.1611211443,13.8760545625999,5392.21100686471,27.3171032302906,3.55424678511375
436,7,90.12821438132,1,1,34212.4800781273,13.8760545625999,5908.52708934222,24.3221745639757,11.6359597390121
436,8,99.3916931176649,1,1,33970.1623561854,13.8760545625999,6590.76369666927,26.1348950614731,8.65112835393767
436,9,95.3435047758803,1,1,36392.9902220306,13.8760545625999,6828.1369045846,26.5624327327853,10.509792920264
436,10,93.4923682645693,1,1,36983.5886489863,13.8760545625999,6816.88731269227,22.4468032714617,7.93253247574633
436,11,98.7207736213564,1,1,37537.9970171497,13.8760545625999,7008.21494672686,24.7628463601848,8.11155948552474
436,12,98.2110854723105,1,1,38880.9819864193,13.8760545625999,7505.27053655242,21.3458789484958,9.1428052092646
436,13,88.5505291800357,1,1,40130.8923988025,13.8760545625999,6954.72291774976,25.2076342001111,8.12634727091741
436,14,99.6173810020664,1,1,41782.8201728253,13.8760545625999,7521.62566867061,24.7905191419672,13.4703204053848
436,15,96.6071326352464,1,1,42259.953082853,13.8760545625999,7400.25630894631,24.5939478189005,14.4199482185998
437,1,63.9355287291582,0,0,28932.0965680477,9.54847510329566,5892.71605456516,28.5994857019885,0
437,2,77.3479474576502,0,0,28084.0861080089,9.54847510329566,4368.92015452387,31.4249090607522,2.12724634054247
437,3,70.0071989859783,0,0,29806.6209673159,9.54847510329566,4599.90188087267,24.7995305049345,3.04879201975768
437,4,75.3847803580807,0,0,30522.8719076843,9.54847510329566,4968.34674806258,25.7574171351279,3.58096456795417
437,5,82.3886939916078,0,0,30905.0016302304,9.54847510329566,5957.59092988262,28.6369669538515,4.25133461835214
437,6,80.0351056168727,0,0,31497.4436904309,9.54847510329566,6185.74618410796,22.0047431008983,5.89660785135708
437,7,80.9248310636046,0,1,32546.6419614853,9.54847510329566,6151.90866546962,23.3771828649163,4.05646310469103
437,8,86.1430455707545,0,1,33174.0477108142,9.54847510329566,6314.77708121268,23.1097279063893,8.07336091689093
437,9,85.7532474096503,0,1,34282.7316227159,9.54847510329566,7102.80319337712,23.1476016946478,7.82303702975583
437,10,81.429647983664,0,1,35881.908057832,9.54847510329566,6346.93792307008,27.455887389965,6.49779219874399
437,11,94.4913395449463,0,1,34858.9453528933,9.54847510329566,7163.46119927143,23.6817706322211,11.9706913841683
437,12,106.783120238996,0,1,35448.1104164566,9.54847510329566,7329.55641587048,20.8805178338363,11.9963362090296
437,13,103.37520568525,0,1,38460.2163181868,9.54847510329566,7248.44632408148,23.3717796839774,16.0155474542539
437,14,94.3540169764229,0,1,36575.7497114831,9.54847510329566,7905.42640480181,30.4859992811367,15.1038436134429
437,15,94.6216150814413,0,1,37065.7989124969,9.54847510329566,8398.50216908155,27.0485312963915,16.5418331509905
438,1,76.8568263398278,0,0,35119.0697328647,4.6122749502427,4944.27477785846,20.3408981937744,0
438,2,63.2973343182649,0,0,35208.0931975066,4.6122749502427,5042.04037906507,24.6295975652445,0.312453573627932
438,3,76.6988043575525,0,0,36565.6106897104,4.6122749502427,6569.34663002828,24.0832299789682,2.10475968986177
438,4,79.9250329906416,0,0,37596.7454484565,4.6122749502427,5719.65275699259,26.6191028338004,6.44223422457425
438,5,78.8909795516261,0,0,40358.0559270627,4.6122749502427,4606.93989478832,24.3852113724312,4.41858770387774
438,6,82.8360178507207,0,0,39530.1762113078,4.6122749502427,6478.83450674239,21.7817893219036,3.56576729198817
438,7,86.5393749750315,0,1,39981.8646372412,4.6122749502427,6816.28375523071,26.0192565216501,6.24006702917755
438,8,92.0007871105493,0,1,40084.4560117423,4.6122749502427,6520.50788108306,30.184608459278,8.61209099497212
438,9,83.4021599927554,0,1,40118.4218445667,4.6122749502427,7484.83683065794,25.5830294090701,5.80478182958892
438,10,89.3313908595944,0,1,41305.175042355,4.6122749502427,6725.00666565424,28.1562072713202,9.25629859732037
438,11,97.5274997282628,0,1,40962.3237964546,4.6122749502427,7253.31094638195,25.6600488649301,12.7128480029453
438,12,93.9257138075249,0,1,43544.7472439321,4.6122749502427,6903.32311608917,22.9589553647699,8.01157916899917
438,13,96.3438458000683,0,1,44102.04754408,4.6122749502427,7455.79967259372,21.6964322300873,17.9805158831954
438,14,100.197690514083,0,1,45494.4646263364,4.6122749502427,7346.55519015823,19.4917821822359,13.7229425506976
438,15,97.7052947106961,0,1,43946.8976079193,4.6122749502427,7166.67234449963,27.255971515132,11.4685318977831
439,1,69.6374186065944,0,0,28255.9006186449,7.97112746796099,5176.67319447129,31.0500887678259,3.50869623771385
439,2,61.7304214805542,0,0,28631.4415388383,7.97112746796099,4577.9430141749,26.2635234291594,1.40446131721233
439,3,71.495767813638,0,0,30482.658620515,7.97112746796099,5541.44496752905,27.68961090149,0.652775674565641
439,4,82.2610035824514,0,0,31993.320822455,7.97112746796099,6373.11096671929,31.1482669120642,3.6869136947226
439,5,72.935841542055,0,0,33699.5183978468,7.97112746796099,5767.531230964,26.5413816504586,4.59588123098159
439,6,70.533052050178,0,0,34256.7241943617,7.97112746796099,5104.58225113915,24.1923498213021,4.38056800731705
439,7,74.9384805096947,0,1,34425.2995719664,7.97112746796099,6280.57974134918,31.3818025425456,7.74888587340503
439,8,91.3339934052701,0,1,36043.6828492352,7.97112746796099,6447.17734691245,20.2364175925153,8.38288455101208
439,9,77.1020201628677,0,1,36259.6318844315,7.97112746796099,6397.38539018563,27.3130328105293,9.21680979864368
439,10,86.8110819178025,0,1,38716.1048382657,7.97112746796099,7924.07262779392,23.4554907709766,10.6854544881046
439,11,86.5711674606823,0,1,39967.4625733843,7.97112746796099,6864.50829424348,22.9420887173439,8.64415597504263
439,12,88.1548158712592,0,1,39232.6165627522,7.97112746796099,8204.05556022818,23.4836517185487,13.2929649856853
439,13,95.2893529585155,0,1,42337.848872921,7.97112746796099,7361.24401433707,23.5808444262047,12.829074537526
439,14,87.9926835533539,0,1,43595.6659638658,7.97112746796099,7838.8767638809,24.3099793208231,13.9473873328858
439,15,97.1256341875403,0,1,44400.5788314752,7.97112746796099,7915.29366687624,26.3729991725407,17.6131973193436
440,1,68.1914296900468,0,0,14610.4236612668,12.4088855976305,4922.17726236231,24.5122160615579,1.77409962664665
440,2,77.1052845408043,0,0,13149.8839339551,12.4088855976305,4967.26229697871,23.5277185339309,0.998404943484979
440,3,63.007364697966,0,0,13559.8488242771,12.4088855976305,5198.94150622509,26.0958699210609,2.08286926240718
440,4,77.611411843064,0,0,16138.6716386047,12.4088855976305,5397.3202664305,17.0738804576011,5.63661818734525
440,5,74.9874961433157,0,0,15901.4321842216,12.4088855976305,6142.85305384292,21.5940020076503,7.1353905274448
440,6,85.5318669867645,0,0,15228.0244058556,12.4088855976305,6020.81827933727,26.2119431607458,8.25376269910944
440,7,71.7257627619369,0,1,16492.0335054933,12.4088855976305,6289.66385896533,23.4761769306786,7.68828739778377
440,8,89.2140089722459,0,1,18065.7010832983,12.4088855976305,6593.19834504725,25.3231494010818,7.38796013269672
440,9,79.1614525201793,0,1,16802.1443512227,12.4088855976305,6772.83203377384,23.5578627161462,9.89754279366676
440,10,90.9729944571563,0,1,16570.5651521581,12.4088855976305,6415.21204968904,25.9556322375956,9.65067168349933
440,11,88.9886433313409,0,1,16753.0904643396,12.4088855976305,7133.93733532541,29.7961742455765,9.85477319885101
440,12,84.4522788554933,0,1,16542.9295643808,12.4088855976305,7047.0415856697,21.9439974273527,13.7718294103812
440,13,95.1599809958363,0,1,18260.2168842226,12.4088855976305,7544.4581703826,22.2871480672811,14.5644121120454
440,14,93.1256227201398,0,1,18925.3685640988,12.4088855976305,7394.18776485219,20.9139267700254,12.9670761043094
440,15,97.0529525060191,0,1,18947.3838709053,12.4088855976305,7825.73174055684,22.0705196718947,18.1085310649987
441,1,77.2010539424561,0,0,30357.1759619042,14.6487682488775,5105.25176403097,27.6886911301042,0
441,2,88.0857955107713,0,0,30589.3328950371,14.6487682488775,6635.80407588816,27.1211698680971,3.73171728548751
441,3,88.6069006071471,0,0,31947.2596598824,14.6487682488775,4702.773506191,24.90346119246,2.05270639062936
441,4,87.1590836379464,0,0,31384.6520261864,14.6487682488775,5870.91307315519,27.7475698964408,5.16879877883435
441,5,93.3093490290197,0,0,32726.84995651,14.6487682488775,5963.70700023556,23.0097518498057,2.73945515670958
441,6,91.2822171500303,0,0,33645.3607807233,14.6487682488775,5904.16390046615,23.5402217484045,5.82747443582596
441,7,86.506508764231,0,1,35743.098053961,14.6487682488775,6032.58252934363,22.4956040795004,5.31489873734878
441,8,97.1428260981745,0,1,33097.3785619279,14.6487682488775,6601.41677877503,23.060030001455,10.3371650719609
441,9,94.2808736406355,0,1,38166.0432917603,14.6487682488775,6991.63124888994,27.8382064514419,10.7919547792915
441,10,98.6603930283289,0,1,35928.429548963,14.6487682488775,6883.84999857698,27.3803094902446,9.86833424863255
441,11,102.688568854326,0,1,38444.142495975,14.6487682488775,6511.76635156889,23.9007984889543,8.28170988204361
441,12,102.92652881473,0,1,37835.7028728661,14.6487682488775,7789.30183480298,25.1847872436307,12.578736223684
441,13,98.3983821758764,0,1,38550.2952917513,14.6487682488775,7805.45260249472,31.178467269766,17.7858153357096
441,14,102.919311984264,0,1,39442.8940618836,14.6487682488775,7452.72765057548,23.2138970308563,14.0418131655921
441,15,106.366346423481,0,1,37871.5017427425,14.6487682488775,8335.73561706706,26.371357983074,15.1067569664841
442,1,79.4600804544739,1,0,43587.0932440603,6.74609375071556,5310.51662260913,27.7278755976527,1.42418182166658
442,2,77.3945340233539,1,0,42181.2450210693,6.74609375071556,5220.18533070912,22.3979696775594,3.39687314757058
442,3,82.7974755207932,1,0,43806.4002106829,6.74609375071556,5768.20902836891,24.9162216251186,2.79036607327802
442,4,80.8014851257948,1,0,43754.8141339266,6.74609375071556,5606.62932068362,26.5436447234868,0.703372648035355
442,5,86.1097213421883,1,0,44839.6819599338,6.74609375071556,5360.38487470186,20.4240653287703,2.9525683073308
442,6,86.425411940522,1,0,48128.8663888301,6.74609375071556,6164.91813376661,26.499046811611,6.78311833078763
442,7,94.6466359600692,1,1,48778.1524520404,6.74609375071556,7536.31337479961,29.2567895223076,10.3954412813242
442,8,96.4869386718305,1,1,50319.2442930227,6.74609375071556,6685.54587066337,22.5137946776662,4.16637643037145
442,9,80.8886556237111,1,1,50098.5993030105,6.74609375071556,6562.51779300562,25.5058559460475,8.93614444294708
442,10,95.1433763441251,1,1,50291.7268759886,6.74609375071556,7282.57377515281,26.2655135589724,9.19726214673161
442,11,96.934073744064,1,1,52232.305530283,6.74609375071556,6936.98161904196,29.8029895194073,11.6616842377488
442,12,105.013129819822,1,1,55716.3274241046,6.74609375071556,6780.27504776317,26.9741136578459,11.3109645326906
442,13,106.737375531787,1,1,53695.9633949542,6.74609375071556,7147.1006808907,28.5130750419989,12.9271600554363
442,14,117.941724865477,1,1,58247.8045631914,6.74609375071556,8316.74575236012,27.3305433694548,16.7338734959731
442,15,109.091245604723,1,1,57201.0888029622,6.74609375071556,8532.90189786321,29.5839754833877,14.1297953227791
443,1,74.0406448060472,1,0,39204.2152121861,8.24572659324142,4972.94193311115,23.1896536825712,1.9204178468244
443,2,72.5794414046859,1,0,40872.993587885,8.24572659324142,6101.28764958722,32.5791157315262,1.6441077648623
443,3,72.2842708133181,1,0,43598.7737818879,8.24572659324142,5260.8370164326,28.6242685986836,3.25229605091588
443,4,79.3189999419253,1,0,44201.0255575413,8.24572659324142,6066.92646592377,23.9252207236053,0.854952888161026
443,5,79.4535493191914,1,0,43135.2791059457,8.24572659324142,4800.18380437486,27.2927403279687,4.80820662254171
443,6,89.9872196530769,1,0,46597.0216574612,8.24572659324142,6275.25124712504,26.8936039453345,5.90272952768868
443,7,90.124033695383,1,1,49774.773584801,8.24572659324142,7316.29021706608,23.7474752679751,6.3622666319356
443,8,93.7648238959258,1,1,49099.9999335483,8.24572659324142,5599.61991227491,27.1275890151114,10.7605509790327
443,9,94.4928825196721,1,1,52231.3620697307,8.24572659324142,6376.97042830511,22.3614355107324,8.4597487505359
443,10,111.12938269768,1,1,51236.5808962109,8.24572659324142,7895.80312487945,26.6093840308953,12.9110846348562
443,11,102.618522698659,1,1,53898.782538654,8.24572659324142,7216.22576259134,23.8441803676257,13.5788448510389
443,12,106.154033062672,1,1,54049.8574014893,8.24572659324142,8145.05597923136,27.317683632856,14.0808008014093
443,13,101.326168853513,1,1,56543.8963217868,8.24572659324142,7798.41373861869,26.6970568639743,10.8403366969154
443,14,105.987382735505,1,1,55025.9640585591,8.24572659324142,8788.0999383935,22.6687979496505,17.8057808456108
443,15,118.256285435369,1,1,58317.2144094985,8.24572659324142,7972.36822986521,21.1200590852774,14.2566357318489
444,1,80.4993704245829,0,0,25876.4650105638,17.2936379897265,5110.12672173801,21.3396471234605,1.10529736716319
444,2,88.120096296681,0,0,24506.4679951024,17.2936379897265,4356.52993688983,27.4211587071845,1.03367049157107
444,3,87.1982062808653,0,0,27839.2640522646,17.2936379897265,5033.87485944601,24.5295893368322,2.26234137627736
444,4,86.2690465787855,0,0,26608.9765731645,17.2936379897265,5532.579125929,27.9462837663848,3.54587561719254
444,5,95.7593696814087,0,0,27282.8771637548,17.2936379897265,6474.86933823087,23.7361726665831,1.69749606572897
444,6,92.2455732736556,0,0,27566.7907558901,17.2936379897265,6106.06460185372,27.9560045132204,9.26029006339408
444,7,89.5705655005209,0,1,30076.1666653747,17.2936379897265,7014.29436603172,24.8135423032891,5.79383913266306
444,8,84.3095697864341,0,1,29232.3041272972,17.2936379897265,7586.38049484789,25.8250884788542,9.88053154520553
444,9,102.273369747921,0,1,29757.2286162533,17.2936379897265,7130.72219547369,22.3444879104011,11.4779011381169
444,10,104.101049455105,0,1,31748.2268634075,17.2936379897265,7119.2211774232,21.1706352970878,11.1552033052885
444,11,101.298700062131,0,1,31089.9822977252,17.2936379897265,6455.43453305182,30.7188693726086,14.798766905399
444,12,92.8092273705965,0,1,32776.9274051003,17.2936379897265,7907.30605439492,28.6596796753111,9.4247624997154
444,13,100.455558371243,0,1,36445.2375662339,17.2936379897265,8511.45648958292,28.9624912398106,12.0203684603047
444,14,104.216434106631,0,1,35373.8831835143,17.2936379897265,7644.95907288015,21.7752575136034,13.3589106546537
444,15,108.459049845682,0,1,37015.0381132335,17.2936379897265,7871.99059905516,22.8749512008254,14.6556109624661
445,1,69.6652743018577,1,0,16623.121690754,10.6983019505302,5664.34629396212,19.9416932445035,1.32840544710153
445,2,69.6067475066359,1,0,16696.2045259952,10.6983019505302,5335.5426731335,28.9217340542899,2.08536193432652
445,3,76.3764034927006,1,0,20459.1867379337,10.6983019505302,4802.78856378643,25.2276710498196,2.44343464155961
445,4,74.5437671040045,1,0,20224.9078852988,10.6983019505302,5242.75040436428,22.8298401010676,1.46736796236599
445,5,76.0524898230541,1,0,22375.8135633847,10.6983019505302,6593.54322454121,27.6182840242328,5.52624393403558
445,6,90.3376134382156,1,0,22425.0126258706,10.6983019505302,6967.62654807201,22.8237336910043,4.64585695728977
445,7,80.5754289181956,1,1,19786.7408732175,10.6983019505302,6253.56975460817,26.4026497058249,4.58615352084228
445,8,92.79443275706,1,1,23838.9021908026,10.6983019505302,6994.53457936463,21.8042304212242,8.30396142571725
445,9,75.924093266053,1,1,22245.1165510008,10.6983019505302,6018.74159234387,25.3961183526091,8.57033549107501
445,10,95.6690626081915,1,1,23803.1059662581,10.6983019505302,6853.45002597477,29.4872938550196,10.8354998808131
445,11,97.2298455067403,1,1,24778.3237996683,10.6983019505302,7009.95344638698,20.4790304962369,8.85273724974404
445,12,86.4301795388578,1,1,24462.5498189381,10.6983019505302,7517.16846524757,27.146701650347,12.8421617835709
445,13,91.6706279357267,1,1,25005.3902420345,10.6983019505302,7323.04412728522,30.9462595334414,11.7705108615317
445,14,99.5446021245928,1,1,26411.4318045312,10.6983019505302,7620.05561945575,28.4414558572628,14.7460655655602
445,15,94.4310504476963,1,1,27296.7770443683,10.6983019505302,8047.12117020578,27.5604260590211,17.5705865025853
446,1,96.4239459260413,1,0,48900.3233974593,13.5171003957918,4712.74281119352,22.48612086969,2.21351715136068
446,2,102.735603459515,1,0,53102.7544094113,13.5171003957918,4888.28028634451,22.8742421677193,2.9904264045187
446,3,101.905087870013,1,0,53510.7063007195,13.5171003957918,6020.1689535427,28.2683713664543,5.28339069096845
446,4,101.075225021536,1,0,52666.1666303535,13.5171003957918,5305.11558277765,28.5227134239803,3.85581133057019
446,5,100.634546574303,1,0,52137.5685838038,13.5171003957918,6540.8350585656,23.0358635890677,3.713450673135
446,6,92.5053889737145,1,0,55687.8421187473,13.5171003957918,5459.16900469459,23.7680802945621,3.83057506697598
446,7,112.407463972251,1,1,57514.0432325259,13.5171003957918,6280.97182449907,27.0455559141234,7.25954202214426
446,8,105.196000836543,1,1,55211.6968042062,13.5171003957918,5519.49309953927,22.7024651773454,10.3620915718579
446,9,110.069105392527,1,1,57324.6928857798,13.5171003957918,6882.05316462272,31.7013713038918,4.64567700459512
446,10,117.230042123302,1,1,56538.8830541441,13.5171003957918,7117.05612970348,23.4135300032333,12.1404417828316
446,11,119.123088064821,1,1,58328.5910769552,13.5171003957918,7519.98819183909,23.462419734023,12.9727300102684
446,12,123.653210663975,1,1,60290.0652513557,13.5171003957918,6905.73412617677,23.1602422814926,13.038528655096
446,13,116.290592436845,1,1,59045.0993057968,13.5171003957918,6369.58731032368,23.8011984433405,13.9083436777488
446,14,122.112641677771,1,1,60231.1264873286,13.5171003957918,7627.27856155787,28.4780784831508,15.4908010942296
446,15,127.352320556507,1,1,61807.877695816,13.5171003957918,7272.83731407424,31.1582411601753,17.6836721638699
447,1,73.304118207977,1,0,28827.486237026,10.419194035868,5057.01515141792,25.233498595798,0.913379780308607
447,2,80.3818838474381,1,0,30057.4465753555,10.419194035868,5871.02473545363,19.6225572418386,2.23373412184737
447,3,73.0208388177003,1,0,30592.121527561,10.419194035868,5924.03093284,27.543814563309,0
447,4,90.926738854551,1,0,29414.8327543593,10.419194035868,6328.77644663029,29.5387644066295,8.36821038516783
447,5,78.4190652134273,1,0,30768.1020530725,10.419194035868,6206.48367712706,28.5914420596033,4.24851384289077
447,6,78.7657501682122,1,0,32864.1535495168,10.419194035868,6242.01792624037,21.5945761194637,4.06093890142371
447,7,90.8577302047117,1,1,33854.7770360984,10.419194035868,7226.14112240312,22.2181610906837,6.73312934840474
447,8,84.375374841572,1,1,35505.6086167704,10.419194035868,6747.35822683371,23.9512007201139,10.0731371028822
447,9,103.748352535115,1,1,35312.6057500904,10.419194035868,7075.13010613206,22.9400027581552,11.736238429346
447,10,99.3824726418026,1,1,35370.7643836795,10.419194035868,7429.38201569274,21.5337789112815,10.4456254011203
447,11,92.2239149874879,1,1,36670.3916848115,10.419194035868,7011.96748940327,23.203213735623,11.2671760794819
447,12,94.9009228272346,1,1,35635.5791973396,10.419194035868,7134.12672108901,22.6722331772312,11.2292792113756
447,13,95.1455299695762,1,1,35118.2554056242,10.419194035868,6927.90654083995,18.2092400071111,12.4964161951654
447,14,90.7705186937957,1,1,37828.7989190627,10.419194035868,7798.19376567495,23.1621048054786,10.8642498546572
447,15,104.384660114521,1,1,38448.3526372783,10.419194035868,8318.90387187133,27.6273056677355,14.349497758459
448,1,75.8679795285783,0,0,29489.6107581893,11.1042513445455,4952.46098329296,25.0595938817574,2.40146861439729
448,2,78.8867352919282,0,0,29156.9416079823,11.1042513445455,5605.1469629333,20.3168544874368,4.16170394078806
448,3,71.5903188156474,0,0,31126.1921738268,11.1042513445455,5629.16819725997,28.4917827914563,2.07457303477571
448,4,79.584628560931,0,0,35074.8860305582,11.1042513445455,6001.51983113014,19.2114243853159,3.21050423490891
448,5,84.8734171767922,0,0,33557.7940333749,11.1042513445455,5670.29314914358,22.8628490258737,2.7352506528571
448,6,85.1139007571607,0,0,35741.4161797186,11.1042513445455,6023.95415904567,27.748096743519,7.7797379360945
448,7,89.9127572382128,0,1,36513.3611944427,11.1042513445455,6177.91606210711,16.5888777631512,7.79709701287334
448,8,82.6155229547254,0,1,39631.383033459,11.1042513445455,6590.92450017565,26.9343789618367,7.58194917617071
448,9,89.8388635542533,0,1,39179.5322262249,11.1042513445455,7024.10447688403,27.4287976803488,9.68263456462069
448,10,91.0938032014278,0,1,42153.2553239144,11.1042513445455,6836.54980279325,27.6561330413158,9.88177049502331
448,11,91.3455721014632,0,1,42261.6335148443,11.1042513445455,6328.47040406734,24.0068634231751,9.05156570909767
448,12,93.1355707108632,0,1,40759.6110360357,11.1042513445455,7102.39720720228,25.2822057624861,12.2710619548386
448,13,99.4273680828811,0,1,43506.0215154633,11.1042513445455,6988.75420376276,24.6722683797279,14.0715534846306
448,14,95.0379123943263,0,1,44946.3878772708,11.1042513445455,7428.11892866592,24.5843357727051,13.7371577124293
448,15,96.3923426735357,0,1,44947.2924359456,11.1042513445455,8132.65812204468,29.0630496132147,14.8450387506952
449,1,78.5571542426651,0,0,33617.5175162856,12.2617326198157,5337.9042301977,29.1948063940686,1.51718441984971
449,2,76.5141083697875,0,0,34669.6318593497,12.2617326198157,6167.48738655735,28.5605035244957,0.271399148665754
449,3,86.8661104514322,0,0,33352.8295987361,12.2617326198157,5476.39004728858,21.2976139940849,4.03288188177813
449,4,76.2451618121744,0,0,33779.5806270062,12.2617326198157,5510.68446067701,20.7491218899957,4.27424548924948
449,5,85.814450225423,0,0,35839.3261749528,12.2617326198157,6000.07562485873,24.3741093917771,7.08892462180544
449,6,91.4046871424796,0,0,37633.1259900465,12.2617326198157,5791.98541085662,24.6828321691559,5.38986448296863
449,7,91.0214121023887,0,1,38964.3190137364,12.2617326198157,6701.05344950479,29.7847433374098,7.17864927609121
449,8,91.1524581170471,0,1,36048.8204121745,12.2617326198157,6748.66334424605,25.6040710743267,9.20349378622408
449,9,89.5663367269365,0,1,38896.5932672721,12.2617326198157,6913.10073606735,27.3603388286958,6.3086866241559
449,10,91.2298068678133,0,1,38838.9508944791,12.2617326198157,7509.49498711459,29.0739647801672,5.80363398282576
449,11,103.835613194454,0,1,39795.7543009419,12.2617326198157,7982.38846269545,20.2920697711979,13.1589962082345
449,12,94.8971859894866,0,1,42019.9782573362,12.2617326198157,7191.89900151679,25.5775513235759,13.5587927137359
449,13,104.404498756617,0,1,43682.1302806453,12.2617326198157,8189.84458038652,26.045011353333,10.844075450122
449,14,97.5386651829955,0,1,41976.2596177153,12.2617326198157,7920.90398092699,26.1390384796577,10.3559370542983
449,15,103.076337945729,0,1,42993.6989943096,12.2617326198157,8801.93064210973,23.7929666182617,13.0954851472981
450,1,71.5767980689706,1,0,16212.5214762022,12.032885528397,6012.15244938987,24.3002764336207,0
450,2,77.7687309005473,1,0,21591.0197625539,12.032885528397,5836.34231308452,21.7877528433275,0.571270730613797
450,3,78.1029443283772,1,0,19680.0010311542,12.032885528397,6434.49964364868,26.2975523110178,1.67869399602627
450,4,74.0036311986174,1,0,21296.7075126354,12.032885528397,5760.36924182365,26.2071230649042,2.79884668235658
450,5,80.5452762159173,1,0,21922.0003653824,12.032885528397,5355.95406127011,22.840962372478,2.43262463524565
450,6,81.1606315391119,1,0,21075.8179080204,12.032885528397,6122.92099686773,27.3781543203653,5.48073588859754
450,7,93.3454301566101,1,1,23373.6086031095,12.032885528397,5671.43756055904,24.0094556399612,7.64833288614735
450,8,90.3579070951185,1,1,22767.9603576448,12.032885528397,6721.38137241607,26.3949829167788,7.6965756765281
450,9,92.5130236620129,1,1,25058.410626161,12.032885528397,6704.93971121518,26.118298023891,12.6824023941834
450,10,86.0694720927857,1,1,26142.7565472298,12.032885528397,7009.22785373488,28.3987398017186,10.5763978638123
450,11,87.8544962925323,1,1,25737.9623959714,12.032885528397,6717.39581646648,25.2753542549024,12.1586050029809
450,12,88.5584083670482,1,1,26207.7109741201,12.032885528397,7506.51765037081,23.1110432575976,6.80861592568181
450,13,101.085470233461,1,1,28517.8232936725,12.032885528397,7935.63989369861,23.2079792484753,13.9471624164088
450,14,101.046209875761,1,1,29432.0510892191,12.032885528397,7702.56279994459,29.1142796916426,13.142077142591
450,15,104.552657960591,1,1,30312.971939831,12.032885528397,7987.14075718035,27.0467578553429,15.6754495528521
451,1,68.7128673351208,1,0,27029.7930666181,11.4223193668738,4940.80968434405,22.5654913136373,1.42811791526905
451,2,86.2552171905632,1,0,25405.7124882052,11.4223193668738,5315.88416432296,29.1731692553119,0.265977527024674
451,3,74.8837100798144,1,0,26383.5896761111,11.4223193668738,5187.01038301932,24.9643618625537,4.02663102100017
451,4,95.9006721908338,1,0,26880.1640451419,11.4223193668738,5291.95333073468,22.3118354959049,4.945273596857
451,5,85.6271111289745,1,0,31525.3247814527,11.4223193668738,6064.18057719763,21.7364038182176,4.0880375141258
451,6,89.4880461458046,1,0,28996.4009831166,11.4223193668738,5637.18005129489,29.6850417784436,7.42581467464484
451,7,96.6664288530124,1,1,31975.5421356697,11.4223193668738,5749.99943628949,31.33474814216,5.25217211767554
451,8,101.558599406806,1,1,30345.9991729639,11.4223193668738,6728.43807020467,19.9160983033542,9.78653526559628
451,9,102.397472483265,1,1,33891.7535405669,11.4223193668738,7082.60254417337,26.1140614004804,7.93365958246191
451,10,102.864482753929,1,1,33746.1706361989,11.4223193668738,7398.9925984013,28.0082054515564,10.4416254388008
451,11,101.927905811819,1,1,33519.443300089,11.4223193668738,6626.30714503929,25.9589845838868,9.46760828092687
451,12,114.135626900517,1,1,35569.7044781947,11.4223193668738,8223.63134878763,27.4698283206506,17.1428900227802
451,13,111.869158964166,1,1,37319.5079383683,11.4223193668738,7501.10505668111,27.7475266240933,11.256904668279
451,14,117.377022365898,1,1,38042.606225631,11.4223193668738,8218.67919820668,28.6592108326937,13.0013185697712
451,15,123.76111251546,1,1,38257.8986442706,11.4223193668738,7233.18677741379,22.3412461803656,10.8269647414775
452,1,70.1417938322596,0,0,17907.1487251199,10.5906105445688,5544.97653159935,29.544234348858,0.663061066026773
452,2,66.0230945964065,0,0,17323.125357656,10.5906105445688,5595.78538297493,27.1603502308305,0.219065576660521
452,3,74.8098551905758,0,0,18642.5667557464,10.5906105445688,5831.51045854636,23.5870418607928,3.54481255149939
452,4,67.8938045387503,0,0,19162.6272543758,10.5906105445688,6696.662777659,28.3389375435014,5.74737502041804
452,5,77.0819543501709,0,0,21529.8610956249,10.5906105445688,6259.7154738641,23.4875370934592,3.45063101638168
452,6,77.7890698350363,0,0,21139.6495563464,10.5906105445688,6561.12553135754,22.8745359139465,6.99389348286362
452,7,77.0793122019734,0,1,22709.0289809416,10.5906105445688,6441.67370579706,25.0672375790315,5.22607027563845
452,8,96.1612525399492,0,1,23634.6494097303,10.5906105445688,6660.64441323179,24.3419584564015,7.87562186314045
452,9,81.6060851384532,0,1,24398.8589537115,10.5906105445688,6986.99409186482,30.4506751247849,6.3866913301795
452,10,85.7161493414633,0,1,25999.1419492682,10.5906105445688,7268.2985145486,27.9692599909261,10.048445734672
452,11,82.9710585509065,0,1,24407.5791381913,10.5906105445688,6751.01082272281,30.0902460155119,9.61526797471353
452,12,93.2390014525138,0,1,25138.6790875643,10.5906105445688,7565.83797374557,28.9389134684517,15.0167169531425
452,13,85.9677556143157,0,1,25418.2171328414,10.5906105445688,7358.88085233146,23.1101818112396,10.8118384533299
452,14,83.403999894394,0,1,28076.512577897,10.5906105445688,7133.52501473571,23.9302459716438,16.4527074307244
452,15,99.2968352921075,0,1,26980.1017657387,10.5906105445688,7962.25848325471,20.9111615930945,10.5504739745029
453,1,60.7805537824054,0,0,25368.804088697,2.85641733060383,4463.19798478083,26.1647321782112,0
453,2,69.0333891845052,0,0,25790.1337535274,2.85641733060383,5195.7332419822,26.2153616763256,3.91720725289281
453,3,66.8269701968615,0,0,27109.6423780986,2.85641733060383,5712.35852420532,27.7709169989811,5.58586010720268
453,4,69.9988558667694,0,0,28637.7271221752,2.85641733060383,5255.83658431449,22.0791616495822,4.56313803811068
453,5,67.9440911194251,0,0,28368.144482199,2.85641733060383,5345.38473183201,21.4216398522782,2.5092391639283
453,6,79.9837000414254,0,0,31219.8831566096,2.85641733060383,6944.8137535454,23.6068835541398,6.11723161072589
453,7,76.9131706953213,0,1,30075.2169928,2.85641733060383,6562.92368384924,25.2292193324332,9.24560826196123
453,8,73.7622889351342,0,1,33069.5499568584,2.85641733060383,6426.28851787009,26.9113237489601,5.80080232697323
453,9,77.2210287063299,0,1,32505.103549792,2.85641733060383,7430.69931186191,24.5823116575347,5.96713998797298
453,10,86.1405042638035,0,1,33248.4272897174,2.85641733060383,6611.05126104553,26.0403045074232,13.6148577491056
453,11,87.6366536243499,0,1,36283.7963965274,2.85641733060383,7461.46720516423,28.2302636424611,11.6659719068183
453,12,86.3822764070683,0,1,36086.1610836912,2.85641733060383,7234.61682501203,16.6580727794699,9.90525821590228
453,13,99.3933182537246,0,1,37283.7348244847,2.85641733060383,7882.98673786437,25.6922904205575,15.8639709622493
453,14,81.8319663220813,0,1,39453.6328053645,2.85641733060383,8048.24090081014,22.4682575928823,17.149888103886
453,15,89.4582774962424,0,1,39782.0298158894,2.85641733060383,8384.29027232106,27.7196096636168,15.8036648482789
454,1,86.8390410761403,0,0,31519.3613749256,17.6059665010011,5332.21476022282,21.3120397924493,0
454,2,98.8520941251479,0,0,31300.808862516,17.6059665010011,5722.11432355817,22.6580644760378,2.54839469621824
454,3,97.0659689719462,0,0,33166.1663834844,17.6059665010011,5107.15354369658,24.0730568881905,2.50486694940433
454,4,86.007342625082,0,0,33177.6700282361,17.6059665010011,6345.0079139406,25.176694450965,5.97474284948751
454,5,92.6842729227775,0,0,35033.0330999698,17.6059665010011,5079.19741905049,18.8857489447402,6.6268807820508
454,6,93.0811415756686,0,0,33729.5764856882,17.6059665010011,5236.35329376733,30.0178461092048,6.14698730058655
454,7,90.2438445474204,0,1,34815.8971612823,17.6059665010011,6010.77180725964,28.3017371265517,4.9227446778167
454,8,103.11493985501,0,1,39009.739706411,17.6059665010011,6630.65482946513,20.8425912589136,6.11899058145398
454,9,103.205816936609,0,1,38142.402330872,17.6059665010011,6890.64863076663,24.8790466338166,12.5003586742856
454,10,102.534173666399,0,1,36388.8428762412,17.6059665010011,7525.79217544389,23.4095167905945,9.26920735295326
454,11,104.714605108025,0,1,37596.6980516497,17.6059665010011,7727.94594095527,32.1132157305967,12.4511093586963
454,12,98.441242813728,0,1,38644.453474966,17.6059665010011,7117.67928702604,32.3827746352556,13.9323059223062
454,13,108.574540547372,0,1,38658.7869843555,17.6059665010011,7917.59110438076,27.5548461292914,12.9841669874456
454,14,114.791923563655,0,1,40936.1435144446,17.6059665010011,8047.42269557139,29.2576084742539,13.5772671797632
454,15,119.069116333249,0,1,40956.8111922488,17.6059665010011,8599.86466685384,25.7939067980762,14.8344302433582
455,1,85.2069253482789,0,0,21597.1755259415,17.3712726247291,5208.71233173574,21.2167208643884,2.86393058273193
455,2,85.637892122131,0,0,20826.3843298826,17.3712726247291,5635.9877022121,30.1054579798554,4.22782239283493
455,3,87.0307960273717,0,0,22751.5656109305,17.3712726247291,5372.61755189703,24.0469437809453,0
455,4,99.6121780821189,0,0,23129.8730286663,17.3712726247291,5866.20537220868,24.1800039844354,4.43978759036544
455,5,96.0846501075465,0,0,22298.1964872025,17.3712726247291,5632.42286575533,18.0997609030003,8.11367839863092
455,6,90.1854801348476,0,0,23238.7077386668,17.3712726247291,5299.52400266278,27.7449312893041,8.60907995901176
455,7,88.8639863997046,0,1,25644.6947080091,17.3712726247291,6965.67027610802,28.8529026561983,1.73028429933195
455,8,88.9268307813661,0,1,24717.683917981,17.3712726247291,6931.23104933867,27.2246896215409,6.70598688544041
455,9,107.294968942195,0,1,26483.9800961053,17.3712726247291,6650.1717535637,23.8541054716084,9.27720476200786
455,10,109.577357877256,0,1,29021.7289379251,17.3712726247291,6458.68713992098,21.4763551294993,5.79622477579392
455,11,92.4532959241643,0,1,29955.9663455137,17.3712726247291,6466.30565359348,21.7964553743646,5.80499846108197
455,12,99.001509186712,0,1,29737.1293497117,17.3712726247291,7184.15100484064,26.7237783676501,6.43129655112886
455,13,103.303967504958,0,1,31171.7210564638,17.3712726247291,7840.98028710958,28.6005838827093,11.50574410789
455,14,100.307434064681,0,1,30874.2887934766,17.3712726247291,8136.07881133537,23.371217866832,16.8235690321917
455,15,105.584092101468,0,1,32865.8240167971,17.3712726247291,7975.74021425225,23.4684846568929,12.3073865626853
456,1,75.2611736274783,1,0,36639.0084364207,8.6967547748423,4944.09668448777,30.2943727309836,0
456,2,72.613544216617,1,0,38027.0051658453,8.6967547748423,6143.12673128714,26.2108837786804,2.86618012893277
456,3,89.2800759471127,1,0,36517.9645538921,8.6967547748423,5516.2098754282,20.8135392791143,5.56870190654285
456,4,74.7541503516182,1,0,38443.0747279164,8.6967547748423,5842.85685813909,25.014587838432,3.64044775775163
456,5,87.8290503513393,1,0,39667.3091214877,8.6967547748423,5695.29626342088,23.3876539175897,4.33434479511062
456,6,90.827747302226,1,0,40993.9370260943,8.6967547748423,6382.38165011115,25.0544880628956,8.17546951953809
456,7,94.4819955428367,1,1,40591.1905741956,8.6967547748423,6737.22405236449,22.1056584222935,4.38812358866696
456,8,98.8401432389944,1,1,43035.9240926657,8.6967547748423,6876.80542006603,20.1206480957365,11.2484462234807
456,9,90.1950775803721,1,1,44408.5810615793,8.6967547748423,7018.67331904787,24.640698559971,10.5385845406881
456,10,93.2141727811005,1,1,46510.644778275,8.6967547748423,7662.19768853262,25.5334575196692,11.4469501011992
456,11,96.3604723174559,1,1,44785.3333554466,8.6967547748423,7477.89781904265,26.4352176155817,10.6186987666894
456,12,99.194279902238,1,1,47516.4120297397,8.6967547748423,7008.00812466981,25.7919344165686,13.9646229849729
456,13,102.491868991266,1,1,47655.4823433074,8.6967547748423,7225.20479068211,26.6302971357469,13.5776455621507
456,14,101.399093950889,1,1,47289.5484810101,8.6967547748423,7482.10458369628,19.0701617040819,10.7420110862245
456,15,107.303862090565,1,1,51976.9832937728,8.6967547748423,7756.19671609586,24.090155269477,14.6943300180943
457,1,74.9107335557857,1,0,31905.1540874253,11.4956774336701,6109.04716377216,31.016034756572,1.69871945539777
457,2,82.7068536565362,1,0,32830.5774584692,11.4956774336701,5107.74091841855,29.0623750413317,0.252410816411659
457,3,88.5932566132178,1,0,33816.8834596909,11.4956774336701,5607.34471185365,20.9885124802827,4.57251485697046
457,4,89.9610202408315,1,0,35024.6605741948,11.4956774336701,6086.05556783153,25.7848349039882,3.36330834164718
457,5,83.146228196903,1,0,35454.9220146757,11.4956774336701,5841.6377653323,22.7114879236954,6.68026051713688
457,6,93.4427355647179,1,0,34411.8779386198,11.4956774336701,6852.73742478575,27.5752037004029,5.61984798282091
457,7,92.7956922436482,1,1,35798.2881057777,11.4956774336701,5744.31269771754,21.694509334132,7.18234084547638
457,8,102.266231082546,1,1,37770.0221384221,11.4956774336701,7202.10515377521,28.1686622473231,9.11790140331522
457,9,101.161159535968,1,1,36828.9516351258,11.4956774336701,7210.23216005635,24.9865069268285,6.72070698433301
457,10,106.048624087895,1,1,38553.7348049819,11.4956774336701,8143.42004526431,20.6756437989021,11.3742684930482
457,11,94.4937751699126,1,1,39043.6278845762,11.4956774336701,7135.00560743358,22.2393372101193,9.49963838908367
457,12,106.014481803385,1,1,40476.1178406983,11.4956774336701,7538.61918169651,23.9762030346945,13.7040950731452
457,13,117.192900113936,1,1,40766.6580730916,11.4956774336701,8348.15560128521,22.73684671822,13.8020744877532
457,14,111.25612506557,1,1,41103.6940133161,11.4956774336701,7070.15205537751,29.6400358419211,13.5269394496204
457,15,115.330013878564,1,1,42373.5645097653,11.4956774336701,7941.12270427703,27.0705850230234,13.897659844998
458,1,71.4179155910549,1,0,24115.6322230289,16.1258259141375,5189.58240148755,23.1201255671541,0
458,2,82.9471075632391,1,0,23986.2435585662,16.1258259141375,5214.43269643654,26.8463843874528,4.30270895500783
458,3,83.5587496951936,1,0,25488.9729936987,16.1258259141375,6032.9975428174,23.2333901747858,2.00696697288479
458,4,72.8706751067291,1,0,26171.2284585543,16.1258259141375,5636.87782227573,23.9999759881502,3.09435227854818
458,5,87.8726226629336,1,0,27120.7253465342,16.1258259141375,5703.9138954382,23.4003992321431,9.88478986080877
458,6,92.6429739901145,1,0,30100.8963378291,16.1258259141375,6406.75134390673,18.2232455236251,4.48038100082855
458,7,94.3237266509959,1,1,30921.7636340337,16.1258259141375,6314.55931548828,23.300433271468,9.54558053348111
458,8,100.301750358751,1,1,31295.1065870016,16.1258259141375,6768.18033030557,22.0991574916471,9.54680618535383
458,9,92.5430926031384,1,1,31966.4796187542,16.1258259141375,6026.21261163889,26.9218655366072,10.5532413251638
458,10,102.256082239147,1,1,32970.7858798531,16.1258259141375,7065.03855374508,29.527487064521,13.1462185022106
458,11,100.068483432087,1,1,33490.4626531303,16.1258259141375,7773.97592121029,25.2792284575606,8.54026651619348
458,12,98.5944937033412,1,1,35513.8326247794,16.1258259141375,6986.82266823672,23.6011555942662,11.0441299519937
458,13,97.7985538965157,1,1,34687.8507682778,16.1258259141375,6558.81058046785,20.044321805904,10.7506077072646
458,14,107.339956766938,1,1,35903.40909569,16.1258259141375,8090.03116409126,27.0833415855081,16.1747502972745
458,15,108.958227317087,1,1,38754.3660201957,16.1258259141375,7052.19677618139,22.2922169889792,14.4700655176546
459,1,79.6250262354385,0,0,31681.0292067228,14.9948700691566,5070.28584461804,28.519185802682,1.24354354652585
459,2,82.0978194284107,0,0,33985.2001891561,14.9948700691566,6109.86489582238,28.9351930814835,0
459,3,81.1510568741599,0,0,34011.4941045113,14.9948700691566,5159.34485420847,29.1647105856651,1.89599488829063
459,4,87.6104241154669,0,0,34846.0156580562,14.9948700691566,5157.75662222139,25.4457050046038,10.0968510267016
459,5,87.7618416802086,0,0,35106.0528717472,14.9948700691566,6097.78796945705,29.362212415813,2.59159832204463
459,6,88.7770449246768,0,0,35540.6902598651,14.9948700691566,6376.81671725332,22.7644034402316,4.53496482603488
459,7,87.3017920182281,0,1,38421.3524911997,14.9948700691566,6306.66463783005,25.1095554313793,3.75300112850473
459,8,92.0029816156112,0,1,37038.8683460965,14.9948700691566,6782.86423494918,20.6903352471118,3.63296247285252
459,9,99.1571122278891,0,1,40586.1392043413,14.9948700691566,6939.53912082875,25.7790360652668,12.8121382985773
459,10,93.9108468397668,0,1,39079.2783049986,14.9948700691566,7715.62926709472,27.5825034575586,8.29959305378877
459,11,94.5074034838611,0,1,39575.5783246347,14.9948700691566,7708.56574477071,27.8734291313644,12.6567796644349
459,12,96.5570640692871,0,1,40810.1661815174,14.9948700691566,7870.76592878746,23.9475452317539,11.3166279739449
459,13,94.688584296596,0,1,41669.5345393558,14.9948700691566,7285.50053433614,17.8877284219299,12.2154577535392
459,14,100.597104706553,0,1,40045.8132856735,14.9948700691566,7005.3808273207,24.841218809994,15.3711623284644
459,15,101.958565748693,0,1,42215.2062833767,14.9948700691566,7928.67442936434,25.3556519288675,16.1082658629345
460,1,86.5248768609836,0,0,37037.7685402347,15.8298048562373,4608.20741822369,20.2676492919614,4.8513967721504
460,2,86.4402039503118,0,0,36414.9634159776,15.8298048562373,5935.91429745407,23.3899286426056,3.22957227673475
460,3,93.9912009028395,0,0,37440.2250698037,15.8298048562373,5321.76531485954,28.6774938725908,3.79511341140921
460,4,94.617896780683,0,0,38849.2264347439,15.8298048562373,5697.51034016673,30.1870191393267,6.58857796643926
460,5,93.2410336073754,0,0,40816.9834604196,15.8298048562373,6990.75435464859,24.9377538514691,1.28074219382396
460,6,96.9280717810905,0,0,40660.1031468828,15.8298048562373,6240.79833511345,26.5220719602627,8.7474982288761
460,7,99.8394351887795,0,1,41084.2449154465,15.8298048562373,5846.37852533715,24.3320857845856,7.953489613702
460,8,91.9040104050168,0,1,41363.0496461297,15.8298048562373,7103.58871067758,29.743995978154,6.70462567933668
460,9,104.194326432882,0,1,41939.9882977804,15.8298048562373,5856.94740598243,20.7970192322044,8.68711061788891
460,10,106.298917981631,0,1,45287.6225449794,15.8298048562373,7609.49352516042,21.440690585447,9.51047165735262
460,11,108.613182688507,0,1,46229.0103686351,15.8298048562373,8061.01695283754,26.2903444830383,11.3058453839531
460,12,102.725998709181,0,1,45002.9563710891,15.8298048562373,6113.46179804104,28.2706221382477,11.2796225473039
460,13,111.199230886094,0,1,46102.9483922679,15.8298048562373,7361.93564641308,25.1462592869887,9.8947264546966
460,14,114.067854375489,0,1,48081.9369584528,15.8298048562373,7768.16602206497,29.461187749436,14.8506959565716
460,15,118.039752768705,0,1,50903.775612821,15.8298048562373,8009.31467477924,25.3464399382308,15.2699567863541
461,1,76.8630716940272,1,0,41089.4326391745,8.78475924552061,5453.01870743244,25.0442473977524,2.20442518467744
461,2,84.0874862633282,1,0,39812.9615857264,8.78475924552061,5437.47926457662,25.3582326427654,3.06638685478661
461,3,86.4546493199075,1,0,40273.044176421,8.78475924552061,5434.56135927761,21.4472821806812,5.62930903552216
461,4,79.0943329591772,1,0,43699.1142900364,8.78475924552061,5774.99049746167,27.1742515549497,4.87327375455149
461,5,94.6494204138905,1,0,44180.9181808589,8.78475924552061,6287.98455077963,23.3973462804078,7.94196303596465
461,6,90.2401811869131,1,0,41883.6781784804,8.78475924552061,5941.94762789348,27.6048359299602,9.09074580709358
461,7,77.9141917840255,1,1,43196.5649141978,8.78475924552061,6005.46683765138,29.0101221317197,2.7945670640596
461,8,92.4744950536779,1,1,45939.7594111852,8.78475924552061,6956.78336404711,27.3561983790558,5.68657190215178
461,9,90.3296685479782,1,1,45890.2945293379,8.78475924552061,7030.34383017735,26.1690029783254,7.33971865495628
461,10,92.6786162741265,1,1,44322.4832293626,8.78475924552061,6527.36062841909,24.7729109564062,9.26302818159901
461,11,101.615476500982,1,1,47853.5454948419,8.78475924552061,7857.76197784312,21.7552485690301,9.65419704927015
461,12,104.802456671427,1,1,50173.3494466546,8.78475924552061,6963.83414083203,23.7321266419219,9.94732116137787
461,13,101.503787424313,1,1,49438.4036454814,8.78475924552061,7453.50688508665,29.6663426314349,12.1171199476053
461,14,108.239200506728,1,1,51145.9654265669,8.78475924552061,7946.00529896196,24.4579428072545,13.9364103068439
461,15,111.861553501312,1,1,50236.142726431,8.78475924552061,8085.79515401821,24.5857626897281,15.398420427851
462,1,90.6366157484504,0,0,28909.9640779905,19.7318042885939,4673.70516863795,28.7343908399227,1.83239354580194
462,2,89.5826980871126,0,0,30674.7925593926,19.7318042885939,5133.01898566824,29.0676351845693,2.15437961012939
462,3,100.312682209226,0,0,30294.4119372137,19.7318042885939,6317.80188665087,22.880209501436,5.10362617531426
462,4,89.5974430501375,0,0,31090.7199072705,19.7318042885939,5316.82976280942,20.4383556063887,0.327867516017442
462,5,82.0460079259824,0,0,32053.0270644913,19.7318042885939,5801.00160936819,26.9855876603751,0.751513199737321
462,6,90.7654303126564,0,0,31573.9417300557,19.7318042885939,6299.3533341198,27.3149113208055,3.5723299850821
462,7,96.3640799698761,0,1,32477.631972422,19.7318042885939,6374.24044612234,23.6913310136253,8.52234831996551
462,8,106.183138065886,0,1,33575.7891824108,19.7318042885939,6313.3142220973,24.1085338376665,6.94390446926314
462,9,100.965800730111,0,1,33748.8044959921,19.7318042885939,6410.22335807733,25.3965237025601,10.6142790917915
462,10,101.598271503759,0,1,36585.2952702843,19.7318042885939,6465.25790528732,20.2153111422438,12.5475774885604
462,11,105.791256447863,0,1,35279.4730796846,19.7318042885939,7070.54251322522,21.443874668279,10.1641596382822
462,12,107.514511071807,0,1,36755.9031522274,19.7318042885939,7890.43939517267,23.2789762177128,11.8434178111425
462,13,109.910468069372,0,1,38940.3694569757,19.7318042885939,8430.18565012866,29.5756679354086,11.4200834735184
462,14,103.364496308119,0,1,37869.8256040663,19.7318042885939,8327.93618360923,20.9531426708622,12.2544279138488
462,15,116.426540637486,0,1,38290.0028407067,19.7318042885939,7642.32753506134,25.9068154485949,17.7367081500795
463,1,78.0755133782018,0,0,30321.0285614183,8.59962012068902,5762.68457451027,25.0227674359929,0
463,2,68.8802314488806,0,0,30987.5403621609,8.59962012068902,5528.55126926874,31.300032337472,3.51802050098281
463,3,68.7597455575366,0,0,32012.0735673708,8.59962012068902,5498.80298538027,25.9399091473436,0
463,4,88.4899886722535,0,0,31724.003321629,8.59962012068902,5188.05938571048,24.1375198359766,6.5815484007334
463,5,88.091072323626,0,0,32835.6280033329,8.59962012068902,5947.54157754668,19.697822402447,3.68600929470478
463,6,83.9894379793977,0,0,34974.1700610941,8.59962012068902,6060.28437505366,23.5422074639315,7.27271445318695
463,7,80.1665966493251,0,1,32584.846297079,8.59962012068902,6925.61737534588,23.554383238681,7.49458053508951
463,8,74.7121040339053,0,1,37298.7234608829,8.59962012068902,6944.73660043188,24.4980136849981,11.3845976168069
463,9,94.1388474703759,0,1,37212.690794881,8.59962012068902,7384.07299483814,23.1470852938335,12.9101820412791
463,10,86.1184164844736,0,1,36274.3227650018,8.59962012068902,6674.25070583553,24.4628144451554,8.24885558834206
463,11,83.0674281887916,0,1,36740.4120605449,8.59962012068902,6458.03883621926,30.9307697617085,10.7062577982994
463,12,80.5213580072043,0,1,38559.3172764506,8.59962012068902,6950.96283494014,26.5846044011627,12.0961342922102
463,13,85.4389059623254,0,1,41426.4878631257,8.59962012068902,7427.23221641942,24.9851966628974,8.99194121249222
463,14,98.6751559532597,0,1,41575.7221595416,8.59962012068902,7499.41622561968,20.3597613794896,14.0452525339021
463,15,97.3809023929726,0,1,41793.2368902943,8.59962012068902,7981.09400364713,27.2053485342526,14.9562272900997
464,1,81.2386759234234,0,0,30089.2258659935,14.2617490256499,6297.28123502876,25.2051535580464,0
464,2,89.8124892168842,0,0,31670.6791472139,14.2617490256499,4237.46513749052,26.0492157722662,2.18880113970407
464,3,92.3862687951366,0,0,30854.2997749308,14.2617490256499,5640.98660896742,26.6834052225023,1.04095332647396
464,4,88.7952916851566,0,0,31322.1252227955,14.2617490256499,5916.50619959982,27.7984458632806,3.33619428101021
464,5,89.1925103269529,0,0,31729.9976534803,14.2617490256499,5996.41292375679,25.0976187520926,5.123596559626
464,6,97.4927432245315,0,0,32425.6217248337,14.2617490256499,5944.18706202965,23.7108208628069,4.99110431637492
464,7,99.2073512679415,0,1,31212.2078762365,14.2617490256499,6094.85118250674,25.7649398404088,10.758723410488
464,8,102.250476771516,0,1,33583.9073306397,14.2617490256499,7142.46266506408,22.4464144776778,5.6345702336466
464,9,110.817906847614,0,1,36589.1447328099,14.2617490256499,6902.70495220864,18.9872294730529,13.2685521046152
464,10,106.792082998335,0,1,34711.484314243,14.2617490256499,7327.85093326517,28.8247854012378,11.9401314569112
464,11,101.533340200233,0,1,36055.4318985356,14.2617490256499,6601.98584299987,25.0999334679276,11.4777749006339
464,12,103.939420508439,0,1,35586.4663622079,14.2617490256499,7452.89654517853,24.1509379924857,11.3351057489953
464,13,103.438637174285,0,1,38002.2733594034,14.2617490256499,6752.92850628134,28.7112564212324,11.3725651219414
464,14,107.248486549517,0,1,37761.7896491431,14.2617490256499,7855.26467919673,33.0458702883415,14.787392766756
464,15,115.004934151173,0,1,37535.2526342007,14.2617490256499,7762.44060334896,21.0329308399149,16.1751686670234
465,1,89.1480250461014,1,0,41954.7889228822,12.4238279413371,5761.38406971758,21.8653206754322,0.982441984250764
465,2,90.7470684111896,1,0,42622.1282169422,12.4238279413371,5540.2051806061,23.6414055219425,4.4616024067547
465,3,89.7082807738753,1,0,43045.8805534711,12.4238279413371,6148.32370504767,25.5304060200807,4.70866457530727
465,4,95.814349828653,1,0,45168.6664244912,12.4238279413371,6559.51470025211,26.4820937978204,4.23614578573818
465,5,103.458680739348,1,0,45633.9692340667,12.4238279413371,6359.13508901575,21.2994701671539,5.22592105274985
465,6,95.5292323206542,1,0,47254.8425084661,12.4238279413371,6384.49625900054,24.4417381797615,5.24300230213293
465,7,101.560268206836,1,1,46367.4875893578,12.4238279413371,6311.61460860759,26.695731493681,10.093720544199
465,8,100.781204705352,1,1,46194.8575901986,12.4238279413371,5839.05404170016,25.8443585682258,2.06291333827021
465,9,108.13853270612,1,1,46525.5314121383,12.4238279413371,6821.2973711136,21.2661669293905,8.70285389127341
465,10,105.183162029082,1,1,46840.0533678794,12.4238279413371,7150.72517245817,26.8013584096075,10.1939778481163
465,11,112.288077268412,1,1,50788.1606253597,12.4238279413371,7188.89965367383,26.5894483926436,13.5878451843374
465,12,106.671841878159,1,1,50794.3573142907,12.4238279413371,6401.30270281076,22.1300788092349,10.8511056766067
465,13,111.672073256129,1,1,52274.4900847296,12.4238279413371,7405.62756203851,23.8283739311727,14.8398503736414
465,14,117.149065730005,1,1,53236.8176595496,12.4238279413371,7795.03187792612,25.4929485427634,12.3692979863959
465,15,113.169972774779,1,1,52504.1055410848,12.4238279413371,7887.72078145854,26.5591613846398,12.6660931147817
466,1,78.6143762970742,0,0,41598.176672401,10.7888690461139,5247.29075170168,24.5512169175486,0.495450389383069
466,2,81.959114302326,0,0,42996.4175444344,10.7888690461139,6400.10484195071,23.7893664920471,3.64311549274145
466,3,81.6227226598905,0,0,42053.7115180365,10.7888690461139,4491.95318614432,25.7201515751039,3.63210663087811
466,4,77.7680735475582,0,0,42624.2488372678,10.7888690461139,5253.39699798245,25.8430496606851,3.62388449072503
466,5,91.9690751641408,0,0,44432.7174215877,10.7888690461139,6452.29358147071,21.6969658811953,4.21465862311715
466,6,86.968326276188,0,0,45690.5626705369,10.7888690461139,6347.86596977728,23.4813512239166,6.39158687443085
466,7,90.7887313435085,0,1,47088.4816810936,10.7888690461139,6174.15663990539,25.3817032014988,8.6240549112241
466,8,98.1542331705302,0,1,47449.8728237675,10.7888690461139,5990.5228938926,25.2866384283296,10.0579487513696
466,9,90.2656499972464,0,1,47563.1281543006,10.7888690461139,6842.76262472558,21.6541659215025,8.20660268452164
466,10,109.028605621226,0,1,49009.4245931164,10.7888690461139,6913.0760867616,24.8822400240381,11.3882347110346
466,11,97.9708169572921,0,1,49217.0915203638,10.7888690461139,6387.7486866457,26.2311051463977,9.23950558996896
466,12,105.899091696375,0,1,49658.5731382208,10.7888690461139,6963.4577939391,21.1226755712798,14.2561681324314
466,13,106.471766720474,0,1,50070.0788071299,10.7888690461139,7800.07348000409,23.6669554105365,14.3280565081915
466,14,112.686437212345,0,1,51088.9139797288,10.7888690461139,7278.62076597872,17.4080496062877,13.7959553924739
466,15,104.400799309531,0,1,53081.0649249562,10.7888690461139,8243.80271274402,28.6094704501185,12.2407653240229
467,1,86.1798452293288,0,0,37579.9130297002,10.8617526054569,5532.14466281576,28.3071283760664,1.97089555168181
467,2,83.4604602627546,0,0,38395.4879613223,10.8617526054569,5328.67770165911,25.2596078469145,0
467,3,80.4576343103635,0,0,37901.2037091343,10.8617526054569,5623.72744222897,15.1768451601792,3.25414189739713
467,4,87.7564779081385,0,0,37895.9799464368,10.8617526054569,5912.18037663018,25.7365841006786,2.95767028662082
467,5,92.374938844119,0,0,36706.8892257653,10.8617526054569,6262.44252736958,25.6628002659811,5.3785057148808
467,6,79.6996621982724,0,0,38619.9567492441,10.8617526054569,5460.16653668605,28.7195523391621,3.72731862705344
467,7,87.171032021815,0,1,38357.0766051503,10.8617526054569,5869.89524849533,21.1291937932648,7.17351361930127
467,8,92.7173730496328,0,1,38272.6701853377,10.8617526054569,6152.11749783556,21.6432925195947,10.6509187405342
467,9,90.4051004014526,0,1,38867.9274346246,10.8617526054569,7274.1966317363,27.5696980212244,7.95194703531584
467,10,97.4480191752627,0,1,39907.8934201439,10.8617526054569,8366.30065562519,27.5983622461462,12.211435072551
467,11,90.625781911271,0,1,40331.7001855935,10.8617526054569,7577.2317371464,27.1573857287753,5.90490671922304
467,12,102.341736377955,0,1,42211.1175830821,10.8617526054569,7794.06828013676,15.0134701235958,11.0742918929505
467,13,108.868652106933,0,1,43633.7464297874,10.8617526054569,6556.79751021329,24.2209814094444,13.3023006828275
467,14,105.47842641061,0,1,42269.8545878474,10.8617526054569,7224.39073068494,19.5385443333434,16.8184794893993
467,15,101.814083638378,0,1,42039.8835411279,10.8617526054569,7732.97592616138,29.8877406558201,11.7133511774649
468,1,76.0751746139172,1,0,29972.4775917573,9.02580956240699,5212.14133689887,25.293604853313,0.816268031958758
468,2,71.2639770496251,1,0,29281.6277697338,9.02580956240699,5155.42864375128,23.7866307327749,0.814280357375869
468,3,78.9496159571458,1,0,29451.679693728,9.02580956240699,6036.79676032253,23.1727411365757,3.33838959792858
468,4,81.7976078068356,1,0,30926.8139668006,9.02580956240699,5880.63640545718,24.7147752067556,8.12494008315817
468,5,75.1903325751372,1,0,28632.1004785969,9.02580956240699,5007.17084699053,29.6010758723646,8.23664912480005
468,6,78.6929356919355,1,0,31114.0975765381,9.02580956240699,6078.96031672858,24.1875340910175,9.18809590131529
468,7,92.8001051507331,1,1,31215.9238923644,9.02580956240699,5864.4535870764,26.3393962552401,10.1700728749887
468,8,85.0949556688953,1,1,32640.8349024665,9.02580956240699,6535.58683163462,25.6285045026388,5.79321020300311
468,9,85.1082762915997,1,1,31400.9913415915,9.02580956240699,7456.84824265583,26.0433850999449,7.00080261194426
468,10,91.1863209164962,1,1,32162.8890877857,9.02580956240699,6578.93665368504,23.2943263398061,8.03945316935509
468,11,94.0243932122239,1,1,34278.0652547333,9.02580956240699,7734.49000535018,25.5422475531885,10.3326789901342
468,12,92.3249042269274,1,1,34080.098306493,9.02580956240699,6933.06712466008,26.2207161955898,13.1961143800482
468,13,90.341327908468,1,1,33453.8598192876,9.02580956240699,7279.07218952001,25.5365354566673,13.649842092316
468,14,99.2816545984412,1,1,33892.0231453981,9.02580956240699,7913.65442516104,19.9699780815333,13.0597277463198
468,15,96.0719888868071,1,1,34468.6801448202,9.02580956240699,7961.19858982686,21.8339575372397,14.6188296896925
469,1,87.042059091193,0,0,33875.2556140192,16.8679793872704,6443.72918572452,20.2157971540547,3.30918827472141
469,2,91.6321388132213,0,0,34881.4574851704,16.8679793872704,4553.03048211689,26.2864352565295,2.06088757463261
469,3,88.8889980337175,0,0,33408.0023958031,16.8679793872704,5657.30923368556,23.3381105074881,5.6914729374903
469,4,92.1025984447958,0,0,35876.9582904646,16.8679793872704,6541.15946647691,28.147855454834,5.07657844966903
469,5,90.1405340365257,0,0,36222.0860720735,16.8679793872704,5952.85793740736,25.9786104919674,4.36770655578004
469,6,83.9682775285117,0,0,36622.1296839442,16.8679793872704,6196.29248931523,22.4178006561644,4.3865963832223
469,7,98.0471156643534,0,1,37161.9881670226,16.8679793872704,6836.9132246594,24.1342248761369,10.382750149805
469,8,102.503210045755,0,1,36894.2866019474,16.8679793872704,6414.40346434299,26.8155210008709,7.04738385920376
469,9,94.341894296166,0,1,36028.4199515126,16.8679793872704,6999.57208860333,20.2204393215313,9.68036706845185
469,10,97.5042671715993,0,1,37998.6457492808,16.8679793872704,7871.96541803241,24.1258528073918,8.6610820166394
469,11,103.13270199775,0,1,37785.3837370206,16.8679793872704,7356.03292610152,26.1394492687897,11.420776645796
469,12,108.640087423982,0,1,39863.4229468716,16.8679793872704,7453.69761991962,27.9837163593685,13.6155742626729
469,13,110.763794472688,0,1,38612.326725208,16.8679793872704,7008.83946150733,21.5746518597689,15.2458602058936
469,14,98.5725629690302,0,1,41168.5861558751,16.8679793872704,7652.58737506617,25.0654008681441,12.2521647154594
469,15,105.004994577606,0,1,43838.7996038445,16.8679793872704,7606.01094475019,26.5597563698383,15.5548870427303
470,1,82.3935639326517,1,0,34885.661016486,12.2685396832883,4828.92478919137,23.6669505365359,0
470,2,83.6312064765992,1,0,35185.6626212687,12.2685396832883,5606.11142454266,19.2314745265616,2.34944077251352
470,3,91.3272327809206,1,0,34463.606121195,12.2685396832883,6077.35091278979,28.7721298983018,6.95974226355813
470,4,81.8697809975094,1,0,34487.8775699758,12.2685396832883,5200.24533199687,25.8509750727224,3.64144197023575
470,5,87.2816029167603,1,0,34212.1231894121,12.2685396832883,5596.95154871288,27.2327538157464,3.48200182822791
470,6,92.7775962943972,1,0,36733.9796276206,12.2685396832883,5242.2522606104,21.0353037299909,6.11285377419595
470,7,90.9598165220816,1,1,37374.3709330311,12.2685396832883,6333.63134451511,24.7565462458963,9.69778932166405
470,8,103.668458664937,1,1,37924.0221941549,12.2685396832883,7186.40741540375,22.8159878600264,7.18542808395027
470,9,100.198706529738,1,1,36917.9619304826,12.2685396832883,6804.61893948742,29.8590284098978,12.5699666039628
470,10,102.933330656141,1,1,37679.3414756493,12.2685396832883,7147.88966379679,20.2875817740802,8.55551874375329
470,11,102.853767736028,1,1,37040.7075755461,12.2685396832883,6827.58006707532,20.2424151692804,12.683532508833
470,12,102.719679840628,1,1,38990.0474854786,12.2685396832883,6689.09972080926,26.3603140249522,14.3063775049188
470,13,108.128111549157,1,1,38567.4511637766,12.2685396832883,7668.37577901606,25.1775047689857,13.8441511434533
470,14,103.422163768653,1,1,38590.3510808292,12.2685396832883,7104.49003735835,21.0558632478065,13.8978391958855
470,15,115.277442237368,1,1,39299.8828109211,12.2685396832883,7461.2985247085,26.3794744572732,16.087293421783
471,1,78.4934286938203,0,0,22427.099256296,12.7776538476431,5361.64317773656,24.718192257527,1.14886795981843
471,2,76.079456809528,0,0,23653.2270319257,12.7776538476431,5559.56912544346,29.5460210948963,0
471,3,78.65075207358,0,0,25190.3123055043,12.7776538476431,5634.27741520187,27.0229954355295,4.26166755731228
471,4,85.0417697731919,0,0,23242.0819899665,12.7776538476431,6219.01416830249,22.7490399465492,6.61487846029925
471,5,84.5589307538156,0,0,27632.0590807454,12.7776538476431,5895.99339619667,25.8825545342724,4.39575148993405
471,6,81.7400991591726,0,0,26067.2228333374,12.7776538476431,6323.50890414633,25.588745779732,5.8656318961024
471,7,85.3988129448317,0,1,28189.0020882512,12.7776538476431,5966.33810203902,22.8337769139535,5.90727528813269
471,8,82.4884852335074,0,1,29721.972789708,12.7776538476431,5998.54938554813,26.2393178404009,9.50474673681237
471,9,76.1536882723226,0,1,28753.6214608383,12.7776538476431,6872.80685326393,26.2537780117493,8.38292894913499
471,10,90.3555522359564,0,1,29552.4875054788,12.7776538476431,6473.0479186194,25.0300107262606,6.56888436148827
471,11,95.9202013563565,0,1,31607.0559455284,12.7776538476431,7556.16882752111,32.0671151994894,9.92517402082421
471,12,90.167524360171,0,1,31076.1335261351,12.7776538476431,6479.06822285185,27.0107685794692,10.8777787189258
471,13,97.0097298961947,0,1,32749.5645070658,12.7776538476431,8064.17505575055,29.5033520655093,12.0844862496583
471,14,104.25528885566,0,1,33085.9362185218,12.7776538476431,7520.97157172044,28.9274614408672,14.9507583376048
471,15,94.8078070422631,0,1,35196.3707831257,12.7776538476431,8625.21196397206,21.1626941776423,14.6260262414663
472,1,82.9313618791515,1,0,17487.912824112,12.6288984991831,4898.76672989966,27.8766007862706,2.60871590714525
472,2,71.7917963939809,1,0,18438.1967889648,12.6288984991831,5381.84009152564,25.1588878686545,1.80880398202663
472,3,74.3692212090261,1,0,17661.6117096083,12.6288984991831,5055.56075675328,22.7950460362423,5.83804653444642
472,4,71.1901314448237,1,0,18491.1971018825,12.6288984991831,5652.39859149831,24.1601612496792,4.08833770934385
472,5,81.4459819021704,1,0,19100.9505355097,12.6288984991831,6958.49842949074,30.5092910382063,4.06501956197134
472,6,88.3332079769335,1,0,19731.8549821435,12.6288984991831,7190.08946497755,29.6911884190645,4.16184432253456
472,7,95.0261426501211,1,1,20174.4299344001,12.6288984991831,5812.05635137648,19.9219732954402,11.0611341915971
472,8,86.8386736417243,1,1,20222.9016179518,12.6288984991831,6614.70354704791,20.3904986097807,5.68300507034028
472,9,94.7872168361694,1,1,21775.9074102933,12.6288984991831,7131.01681491487,21.1060856573997,9.31387980576554
472,10,98.6805207539206,1,1,21587.5799431779,12.6288984991831,7837.00884966482,21.1903752634546,11.894076752335
472,11,91.9339440339009,1,1,22754.9002684023,12.6288984991831,7254.7592414864,21.1945571404251,11.9400025523824
472,12,97.3065599143253,1,1,23302.6491742552,12.6288984991831,8168.29264445979,29.754359346803,15.2128843125095
472,13,97.2604677809803,1,1,22721.0359814091,12.6288984991831,7893.96916579127,23.9089895136909,15.2623649858703
472,14,103.266456931983,1,1,25751.3880370314,12.6288984991831,7516.27738363297,20.8734724706782,11.7074772292329
472,15,101.444844942135,1,1,25385.5744692705,12.6288984991831,8127.0204063963,22.1277335179153,12.9825955243738
473,1,85.0921343451185,0,0,35142.8435348561,10.8744877408174,4656.96755493812,23.8464567170518,3.01424387887999
473,2,82.5691481133458,0,0,36380.7240900918,10.8744877408174,5496.05150085957,21.4401459077566,5.3786343250138
473,3,75.8812677735095,0,0,35176.8397408586,10.8744877408174,5736.05605187938,28.0122786526026,2.66343326832383
473,4,85.3014691378708,0,0,38484.4486691676,10.8744877408174,5832.02076732796,22.1007546856336,2.06186933045488
473,5,75.4646957633489,0,0,37473.6276726419,10.8744877408174,6767.71882965666,22.9824992078513,3.52583585715382
473,6,91.3889922108537,0,0,37048.7591437477,10.8744877408174,5802.06297709001,28.2121030847253,4.55692969713424
473,7,86.4403996754961,0,1,38836.2750322077,10.8744877408174,7414.49288799825,17.5439323557274,5.90939668554303
473,8,96.1755884442819,0,1,38239.0673012965,10.8744877408174,6971.36785804172,21.8755762077909,9.28456797695827
473,9,94.656628621167,0,1,37850.7666231433,10.8744877408174,6854.16501267193,24.0981144942683,9.20029599301338
473,10,87.5107757796073,0,1,37403.404108322,10.8744877408174,6506.53440992959,27.0682082871566,10.5923914288222
473,11,89.8424484276942,0,1,39131.8798599235,10.8744877408174,6259.22289157752,25.8599462238036,8.35992313792417
473,12,91.4737165816025,0,1,40160.5364403483,10.8744877408174,6787.30207023638,26.8268226730191,11.2071125109721
473,13,105.588300852412,0,1,40233.3242473014,10.8744877408174,7675.14364084529,22.1292714391262,14.5832737999811
473,14,98.6790557792657,0,1,38877.0204926311,10.8744877408174,7498.65483227985,22.6053383071769,11.3814747905954
473,15,95.6971221554852,0,1,41060.3390643786,10.8744877408174,7408.34734636906,19.000068659754,15.6025896487975
474,1,64.6284941833134,1,0,17883.6337639421,8.59793626573486,5921.68138884221,21.037493540751,1.15112234548387
474,2,69.7527739494876,1,0,19119.7205945992,8.59793626573486,4917.94517078387,23.1887672423075,4.97579145213847
474,3,61.4470854081332,1,0,21030.1952866819,8.59793626573486,5150.35412962461,26.7761130891227,6.24490480949549
474,4,57.6633917689226,1,0,20789.9996864489,8.59793626573486,5450.45407108822,26.6185757481817,2.204832343559
474,5,69.2337898557802,1,0,21656.3128788079,8.59793626573486,6447.04877318731,24.2177558074198,5.47255545108015
474,6,76.4808064732276,1,0,20969.561741288,8.59793626573486,6016.12794717702,22.70356865117,7.9924463272416
474,7,84.4390015980388,1,1,22696.5319611784,8.59793626573486,7011.79163358663,22.6053571366493,6.40891852785581
474,8,78.7427206270367,1,1,21691.2797609297,8.59793626573486,6758.59512312642,25.3149282191799,10.6576803804729
474,9,83.3235161413004,1,1,24676.0429059802,8.59793626573486,7363.38777040858,26.0672006884988,8.62554431188573
474,10,83.5070335698294,1,1,23729.477109884,8.59793626573486,6792.85970402872,27.9511529115833,8.51562861620357
474,11,86.5190434978053,1,1,23952.3734250735,8.59793626573486,6651.2757829515,26.4048398410827,13.1160571227966
474,12,78.0711036807704,1,1,24975.8877111972,8.59793626573486,6369.78573564246,20.712421625866,8.761244276815
474,13,83.4420335427018,1,1,27158.2953059499,8.59793626573486,7314.71151196276,28.8322633342449,11.8892338102611
474,14,81.1604941137981,1,1,27365.6710011382,8.59793626573486,7026.04835140347,22.7355340452589,13.2056875077389
474,15,79.2458455967332,1,1,25808.9990364811,8.59793626573486,8148.06627827204,23.5180888194218,17.1664660860354
475,1,70.2337072174731,1,0,28559.2310624531,12.7611789290519,4979.4385321765,23.716799529749,0.823095698812013
475,2,77.1317876180364,1,0,31060.9669377506,12.7611789290519,5228.6198378747,24.4220267269373,3.9620108647211
475,3,73.8422741382904,1,0,31291.5815610186,12.7611789290519,5039.01860776346,29.8126831165158,4.29477798770737
475,4,88.4251324811821,1,0,32942.6222230386,12.7611789290519,5644.19402356457,22.0321153849012,5.72492811323359
475,5,89.5148075146588,1,0,33075.2832612488,12.7611789290519,5121.52088528095,23.6208045762997,3.005695634193
475,6,71.7355904318885,1,0,33910.947677419,12.7611789290519,6779.01281040447,30.0964275001102,5.47781382269656
475,7,84.5453131748713,1,1,35353.1963207182,12.7611789290519,5978.60394225101,23.9085582118307,4.85307009466767
475,8,90.1241543076887,1,1,36443.410428549,12.7611789290519,6205.06694330013,23.3701173404602,5.88436573207382
475,9,100.50446026713,1,1,36100.6139498497,12.7611789290519,6877.7557144014,25.8673294089461,8.38439674496124
475,10,94.6944233411548,1,1,37695.5845870127,12.7611789290519,6831.33647095624,20.8183804225078,8.88696745475917
475,11,96.8867233398086,1,1,36133.330985806,12.7611789290519,7089.06703426202,23.8886900202614,9.42846319658927
475,12,95.164692632686,1,1,37936.7814799486,12.7611789290519,7987.38796068168,26.9648924808935,12.5023931041161
475,13,93.8879022459579,1,1,39678.1732842338,12.7611789290519,6679.51078770774,27.7950517300314,15.3851580162013
475,14,98.385305209085,1,1,39744.1350132495,12.7611789290519,7766.94447410955,29.8794952133356,15.9735984362263
475,15,108.183149739466,1,1,41474.4962024725,12.7611789290519,7739.7354425293,22.1733305438162,12.8557124223628
476,1,73.2830500179856,0,0,31822.3129621731,5.71908165012322,5427.81895766423,28.2015539773574,0.54943266246853
476,2,67.367249328034,0,0,34733.7306482057,5.71908165012322,5547.78439291926,26.4247537447414,0
476,3,67.0749468186216,0,0,35698.2637485401,5.71908165012322,4578.24183097672,29.2208150951621,4.93025863316888
476,4,76.2638410226481,0,0,36066.5371394573,5.71908165012322,5073.64197081089,23.4054166800482,3.11500159891742
476,5,88.5457011457628,0,0,36790.6170017159,5.71908165012322,5774.87922674628,24.2817341339408,4.31108648411391
476,6,76.6362711777844,0,0,38720.9980092675,5.71908165012322,7092.18410981388,19.5752004855828,5.72307038359874
476,7,91.793867985249,0,1,38578.7247550483,5.71908165012322,5958.87586328985,27.7442397449691,8.25114762708436
476,8,92.9308998602828,0,1,40062.5061208559,5.71908165012322,6560.70915502506,22.5836251746064,11.1093856711705
476,9,83.4905639083618,0,1,39616.6812983552,5.71908165012322,7226.87517410417,28.5540833149561,8.73115709400575
476,10,88.7688132955781,0,1,41027.0411500493,5.71908165012322,8370.44930603094,22.3029335682016,12.3953170684235
476,11,98.9535071519586,0,1,43073.0071411316,5.71908165012322,8335.43412998428,22.8787323962899,11.8482017907683
476,12,93.7158329643318,0,1,43063.2541992903,5.71908165012322,8162.90335263109,28.2995430463481,9.53070458674446
476,13,90.5788647055977,0,1,44307.423603076,5.71908165012322,7681.96840811712,26.5735803430816,12.6216743590505
476,14,94.8644895598773,0,1,46684.9818959723,5.71908165012322,7297.63513082675,22.8025117104022,16.5843955596604
476,15,96.6452600791059,0,1,46742.974428874,5.71908165012322,7897.89156397831,27.1505427655447,14.6532254995279
477,1,84.0420620175585,1,0,35595.1460796172,7.74429917149316,5725.59105189742,22.3783422444723,0
477,2,89.9522689590451,1,0,36683.5105101142,7.74429917149316,6018.86299010263,19.3223374323769,4.95850565717226
477,3,79.9776974564064,1,0,35990.6034881482,7.74429917149316,5508.15534802658,27.9772953582036,1.75205880938605
477,4,86.0426792366379,1,0,36511.4883880984,7.74429917149316,5389.06143510744,22.6039368745633,2.42356861921883
477,5,85.9850533884999,1,0,38448.6580277129,7.74429917149316,5740.62845903036,23.1838488174879,6.71915835778131
477,6,86.0840915910466,1,0,36289.6074447178,7.74429917149316,5693.07453612455,25.1889590401953,5.42879943638064
477,7,94.8936396201037,1,1,38941.8353126027,7.74429917149316,7863.52508168872,27.008975737956,6.8476595600726
477,8,98.5333087540757,1,1,39250.2330692919,7.74429917149316,7044.02055673925,27.1772397628063,9.47580000702393
477,9,106.910289659495,1,1,41307.6747161713,7.74429917149316,6291.26484699088,19.3789041550802,5.52346900295257
477,10,101.677377695104,1,1,40125.12730462,7.74429917149316,6456.71928934684,29.0563685289642,10.5123911525773
477,11,96.0665719389449,1,1,41085.016640363,7.74429917149316,7766.45404327161,26.1600542405036,9.21002478575125
477,12,93.0212008766652,1,1,40186.0779053607,7.74429917149316,7201.46040644295,31.8640825124606,11.1840921905798
477,13,97.1459195756176,1,1,41695.9056313078,7.74429917149316,7694.60562138679,29.2123479945964,11.7726229330792
477,14,110.790171245722,1,1,41518.0138676461,7.74429917149316,6864.86238228338,27.1599770022445,12.3477887126721
477,15,108.968407594459,1,1,43795.1184171035,7.74429917149316,7835.48371621573,23.1074918895818,13.0829751210151
478,1,66.188130278764,0,0,32629.7860114874,8.77080991518486,5629.48847299407,24.3326164859806,1.65578716015565
478,2,72.4510097016326,0,0,33244.0618193188,8.77080991518486,6061.61587145516,26.9090972284123,1.91673936558603
478,3,73.2177128390564,0,0,34872.9197399157,8.77080991518486,5603.45410348738,28.1192816329649,5.03842892397591
478,4,81.2440474155084,0,0,37006.8043943578,8.77080991518486,4894.73822153962,23.9187225161816,5.09888613305618
478,5,79.5398776400799,0,0,36014.6272870266,8.77080991518486,5962.38189465622,27.1189419477584,4.41715889325593
478,6,84.4450624490536,0,0,38233.212382454,8.77080991518486,6327.63840202656,28.0343715283635,4.08329517537647
478,7,93.8137334392092,0,1,38773.3481579263,8.77080991518486,6064.54161595925,24.2135613180983,5.03738555789622
478,8,92.5477362810851,0,1,38712.7472279878,8.77080991518486,6226.83016213092,25.6383086243552,6.84295262746671
478,9,90.4158912795286,0,1,39199.1650978061,8.77080991518486,6438.83529887738,23.6262480140876,8.24767879243645
478,10,79.1006859677512,0,1,43096.520855829,8.77080991518486,7969.19005237089,24.149934510926,10.668409462273
478,11,91.1402692641677,0,1,44413.9092491986,8.77080991518486,7967.07418474767,27.1027813248869,12.6751553177765
478,12,93.8269264337702,0,1,45128.9972734271,8.77080991518486,7238.09423016694,24.6605859702151,11.4769326986188
478,13,97.1384391213817,0,1,43953.0149327879,8.77080991518486,6562.16041390994,22.3588432227399,12.0803921399751
478,14,85.8879911298534,0,1,45603.5210493125,8.77080991518486,7378.72383399129,26.2672811333884,11.1569804129818
478,15,99.3214027982992,0,1,48939.0158785594,8.77080991518486,7682.40312381527,26.0695822099016,13.4947817221339
479,1,64.9130068135191,0,0,25769.9754370176,8.76396341198294,4678.3571540322,24.9765837666618,4.60092292323084
479,2,68.9862980077013,0,0,26556.2300170005,8.76396341198294,5785.06273010838,33.4961187586417,4.79608167148305
479,3,83.5331053136476,0,0,28609.5728182756,8.76396341198294,5418.19855846556,30.6803404587691,8.2707058994199
479,4,83.5105977213391,0,0,26528.1199648544,8.76396341198294,6023.68191979918,25.7710946113246,3.8065673966813
479,5,77.4726648510467,0,0,28056.0639440055,8.76396341198294,5970.03597933581,25.710943868569,4.31014009322688
479,6,82.9781540645202,0,0,28885.2443821486,8.76396341198294,5385.57594854993,24.5100125861138,7.63085622375614
479,7,87.2794767604268,0,1,29878.4658843826,8.76396341198294,6564.16286814698,18.6572245794261,9.68035195629992
479,8,88.8326048165085,0,1,30085.251922674,8.76396341198294,6514.26915539757,24.2711195701594,9.3806439388863
479,9,84.9460537917385,0,1,32147.2498961586,8.76396341198294,6313.09645287907,22.9540269569662,8.31988076350343
479,10,94.3209165384465,0,1,32730.5224642154,8.76396341198294,6565.51874701739,26.5563306616039,7.77660499687666
479,11,86.1221894855813,0,1,32884.1039704644,8.76396341198294,7245.27433994109,22.9678553061445,11.8187957461062
479,12,95.5346703974621,0,1,36546.3449222764,8.76396341198294,6300.51249147399,22.8498262934559,10.8258627080315
479,13,88.9684927406714,0,1,35634.0993014716,8.76396341198294,6937.47889818109,21.0336859331487,9.77017188631518
479,14,99.7299740522178,0,1,34050.34015278,8.76396341198294,7744.95100717697,21.4877505537846,14.5098575737778
479,15,99.7298748141248,0,1,37009.3543176016,8.76396341198294,7728.42064502854,26.3663237506947,16.8242107847417
480,1,80.0591488452369,1,0,36200.5136962359,12.3215664497012,4867.6106617678,20.0365816640212,3.92074236631444
480,2,74.3750853196592,1,0,39393.3328817345,12.3215664497012,5882.42590070629,26.6083418161544,2.02706428089875
480,3,85.6760291944981,1,0,40885.1821715687,12.3215664497012,5565.79184123704,26.6319898096994,2.10483181102391
480,4,80.4886184287168,1,0,40826.9487585155,12.3215664497012,6049.02007911393,29.261317479035,5.54955719419084
480,5,89.7736731299495,1,0,42219.6304917107,12.3215664497012,5177.13728445122,23.7012872525443,4.92850208773803
480,6,95.3185074899534,1,0,43458.953588501,12.3215664497012,6636.24623422988,29.0399671496054,7.3108721867242
480,7,103.462112919326,1,1,43613.5361093694,12.3215664497012,6265.97302972089,25.5698046069047,3.47152664624713
480,8,96.037851659955,1,1,46248.9673044424,12.3215664497012,6345.40414573203,25.5855141438525,6.00241424316287
480,9,101.382816834639,1,1,47622.4196432458,12.3215664497012,6551.82010661432,23.9327753298787,5.58125075814948
480,10,96.8305587061718,1,1,47428.8064827303,12.3215664497012,7313.63119451997,27.4628715601144,7.37565228002484
480,11,94.4859230866691,1,1,48454.0606413428,12.3215664497012,6380.45586047246,25.2544121668453,11.7159893247863
480,12,103.20617508681,1,1,50697.6166797311,12.3215664497012,6235.28756257217,17.597434971602,14.2117555991522
480,13,97.3591024645973,1,1,49100.1591337456,12.3215664497012,6718.35813643911,29.4313971376952,10.9404648322801
480,14,110.77343025748,1,1,50279.7012932445,12.3215664497012,8389.25047563939,31.4800466244735,12.5789492500546
480,15,109.604604192863,1,1,49423.5527944638,12.3215664497012,8120.97588762583,21.0070873459734,18.5060285738322
481,1,93.1802873452069,0,0,44475.4645113981,16.7954626449742,5686.72171009454,24.2572507032125,3.24677047490594
481,2,98.2647658605497,0,0,44630.2313268726,16.7954626449742,5627.24025057965,24.1670515420055,0.44337965680639
481,3,83.4274837605283,0,0,45656.6093265769,16.7954626449742,6757.30989513799,22.3714233270979,4.02057033780303
481,4,88.9348006058436,0,0,46552.9328000728,16.7954626449742,6168.49694001482,20.3161867151971,3.67975262973269
481,5,92.8599902442912,0,0,46923.3348536664,16.7954626449742,6004.65373753494,24.0655049803194,4.08495782735424
481,6,102.135818398377,0,0,47401.4129606219,16.7954626449742,6171.85440857859,20.6590775943908,5.6526763310772
481,7,106.005217524999,0,1,45834.1676970564,16.7954626449742,6452.93348075726,29.4254986405168,9.3933436167939
481,8,95.9504814729261,0,1,50162.7439051525,16.7954626449742,7287.49777110068,20.6988906964081,4.6353863013793
481,9,92.9372899358746,0,1,50205.0256444633,16.7954626449742,7695.89712905581,23.0385929763298,6.43666094551505
481,10,104.285976385711,0,1,48403.3943332106,16.7954626449742,7773.99810237557,24.9189235431519,10.3166201225017
481,11,88.1026825914592,0,1,50866.1559608102,16.7954626449742,7208.31256040992,29.3788830566564,4.37061678636673
481,12,98.457467505511,0,1,52897.1174073847,16.7954626449742,6492.43165473886,22.3983909412398,10.6451164183058
481,13,103.113777731251,0,1,53872.8123972286,16.7954626449742,6826.06814807415,22.2107704023367,9.20172057235092
481,14,111.129781716158,0,1,55186.9794430122,16.7954626449742,7296.20959806263,24.2040205843816,14.455805990849
481,15,113.190603585184,0,1,52796.4867686239,16.7954626449742,7866.77194139564,28.0822271479888,16.6748593557248
482,1,72.7040573316618,1,0,39192.316304525,7.4540275678051,4786.90180309848,21.9116845605519,0.670086465670861
482,2,72.6883065682775,1,0,40846.0688096782,7.4540275678051,4769.06142341446,25.1676889316617,0.721142200535768
482,3,77.3478814810161,1,0,39853.4260022114,7.4540275678051,5499.16124689782,22.5523650624057,4.24686042844799
482,4,87.0109766665752,1,0,42395.5595792528,7.4540275678051,5302.62409996136,24.8289441718824,1.46138332363268
482,5,82.1033637412145,1,0,43307.6633819317,7.4540275678051,5795.7473481151,25.1505876568555,4.39156300284488
482,6,87.7687558261503,1,0,45474.3514777761,7.4540275678051,7406.73104740855,25.2082272265802,6.09890042309515
482,7,99.1031795288387,1,1,45640.7916416297,7.4540275678051,5681.15592878038,28.5700946690343,8.56685835851625
482,8,84.8082128997038,1,1,46328.8766444418,7.4540275678051,6039.2609876811,26.2820396824632,6.25478982248441
482,9,91.9746622886451,1,1,48252.0748667883,7.4540275678051,7756.1330898062,17.7575733626621,8.3791362531185
482,10,109.677448262371,1,1,47891.1520394589,7.4540275678051,6747.13079657643,25.733004643382,13.2672129901178
482,11,107.755845504531,1,1,50810.8808316298,7.4540275678051,6900.87619948998,21.0066660174067,15.3761075068763
482,12,104.262249716643,1,1,50974.716781921,7.4540275678051,7238.516389922,26.737841361883,14.2680686432757
482,13,106.50860929313,1,1,52984.0466258798,7.4540275678051,6655.11546103391,27.4248722737052,12.0904298096456
482,14,107.517321722972,1,1,53949.9989298314,7.4540275678051,8877.9485363776,27.9191523142216,13.1379017073073
482,15,95.4731338295329,1,1,55191.8104421515,7.4540275678051,7696.73254044108,19.9138436301117,11.3272933869024
483,1,85.395513733361,0,0,14494.1420301773,13.3010280617898,5211.69479142951,24.2224448056624,2.75508203695515
483,2,73.5518444107249,0,0,15876.3678268799,13.3010280617898,5157.51872439824,28.3043144814948,1.91590545725602
483,3,80.5763481519927,0,0,16316.5090732849,13.3010280617898,6011.80788639674,24.929793420323,2.65867169314641
483,4,77.699185576589,0,0,18117.9762570345,13.3010280617898,5788.76382659925,29.3242484692536,6.34741696256588
483,5,84.4174141341928,0,0,20302.6313979363,13.3010280617898,6648.61429715364,29.7638268640197,4.1284551680812
483,6,79.3959214901411,0,0,19617.1445225139,13.3010280617898,7658.71991812729,27.6418303555522,5.93005767827834
483,7,80.2644672382865,0,1,18604.6302990935,13.3010280617898,5842.85827252525,27.4393772684774,8.51186452704224
483,8,92.117854696484,0,1,19418.3890772875,13.3010280617898,6622.47777510626,24.0217226817151,8.598205448335
483,9,81.2107263457623,0,1,21380.8543643163,13.3010280617898,6554.25016775326,26.7562393659483,10.752420510158
483,10,85.7515812958371,0,1,23123.8211857395,13.3010280617898,6948.02444892315,26.6962256475258,9.72799030008727
483,11,91.039953965013,0,1,24306.8652840629,13.3010280617898,7096.90458777714,24.3920886094099,10.4955701732848
483,12,98.2525387841613,0,1,22548.8370361714,13.3010280617898,8251.56233607231,23.0911733664316,11.2759245105381
483,13,110.78781372362,0,1,24527.8619399821,13.3010280617898,8536.01345817421,19.9919139663483,14.9177970405351
483,14,95.5796319289526,0,1,25321.024099265,13.3010280617898,8157.1642834829,22.7658956215184,13.1214969887641
483,15,100.932308315264,0,1,25847.508140937,13.3010280617898,8181.32183121285,21.831975547082,15.152829039931
484,1,95.4299134495956,1,0,40391.6211926032,14.6986342599631,4809.31637247566,19.8978181858615,0
484,2,90.7143340029904,1,0,42691.9207560653,14.6986342599631,5684.04521502257,21.6343463957789,1.92145097006775
484,3,81.6523732355926,1,0,40588.6773193313,14.6986342599631,5482.26761451992,23.9179712903121,3.20964940706284
484,4,99.0841764956135,1,0,43625.2240213463,14.6986342599631,5379.4715880444,23.2985817965755,3.78171460930523
484,5,101.198977119093,1,0,41792.3510717787,14.6986342599631,5484.65480695301,27.7027692462794,5.65772948525763
484,6,92.6954608860629,1,0,43468.8703257153,14.6986342599631,6558.33606822986,28.074448301549,5.78356353976318
484,7,108.676427394584,1,1,44094.6207161555,14.6986342599631,6258.2492648365,21.0899489500639,6.86226470167606
484,8,102.027658236287,1,1,44003.1379148132,14.6986342599631,6032.26815197454,23.9773292544873,9.93500762023597
484,9,101.563328337817,1,1,44543.166055318,14.6986342599631,6483.59169493396,26.4479378338842,6.61775161245298
484,10,103.627018928028,1,1,46017.6708066111,14.6986342599631,7675.5806227992,28.6867304938223,10.8178813140264
484,11,111.725361289964,1,1,47283.1715169319,14.6986342599631,6216.07675773277,22.9231434070206,11.9650148155441
484,12,116.897702566815,1,1,46453.5644097465,14.6986342599631,7745.06365906946,25.9517396148434,12.7732334915945
484,13,110.448169603617,1,1,46256.9809446894,14.6986342599631,8188.7027214239,23.8156548621334,14.2667634172647
484,14,115.155261900744,1,1,46621.6079520381,14.6986342599631,8380.05651282187,22.3008831228294,12.1706863056999
484,15,114.836257387175,1,1,48438.0877514327,14.6986342599631,8317.78757041485,25.7248119174798,13.8831490576408
485,1,76.2069098812607,1,0,29847.0569913272,9.03140339313337,4401.92400794159,28.0298569390424,0.401115341117436
485,2,85.8904266270853,1,0,29522.5695483178,9.03140339313337,5318.44955817827,22.3530695063335,5.02197858246619
485,3,74.8228929628512,1,0,31873.1676715095,9.03140339313337,4878.379893671,26.1325626438127,1.80744288593935
485,4,72.7178829147323,1,0,33498.6953667772,9.03140339313337,5484.37614822423,28.3068545362553,1.07421088549277
485,5,81.7556907882644,1,0,33809.1013686347,9.03140339313337,6079.18917206926,21.2849000296034,1.6919594790632
485,6,92.8160434610744,1,0,35816.6147131807,9.03140339313337,6378.48084928037,26.4504746976265,6.33970924048498
485,7,98.8313289021534,1,1,37334.531060423,9.03140339313337,6990.32768409926,22.9899814787635,7.01137694259086
485,8,86.2356266986628,1,1,36250.3474725475,9.03140339313337,6647.50994607296,19.6462053220739,4.694813695856
485,9,96.9312656192853,1,1,36205.6883709455,9.03140339313337,6772.31506521796,27.2694637019684,7.83529812975216
485,10,90.592162396111,1,1,38413.7270983076,9.03140339313337,6922.66345679352,26.2489643580271,11.8572709227918
485,11,97.3131750678994,1,1,38649.6809949889,9.03140339313337,7177.66701142516,21.9674977643947,10.1144192112755
485,12,110.444337967752,1,1,40782.4115552104,9.03140339313337,6884.52722148406,24.5353460138053,14.1357061059694
485,13,100.65587252622,1,1,39768.1654477213,9.03140339313337,6496.44964658144,24.9820755682353,11.5647790964023
485,14,102.283663614483,1,1,40016.2860943053,9.03140339313337,7026.21279163553,21.8368368493895,15.5531825242521
485,15,104.908253358136,1,1,41782.0030637381,9.03140339313337,8435.04212842891,27.6134084605775,16.6850198808786
486,1,80.4854369546862,0,0,34833.6520188429,11.8416017954326,6142.72821565278,22.5373257439115,0
486,2,88.490427082633,0,0,35430.5593508699,11.8416017954326,5083.1820299347,27.7216275500899,0.376120443743496
486,3,84.8386001774529,0,0,36784.0741998195,11.8416017954326,5373.26628258298,28.4002989055617,1.3839082150185
486,4,87.2113264605057,0,0,34581.4867807551,11.8416017954326,5683.65555515872,19.7472825199265,2.7954203710084
486,5,100.712430531189,0,0,35667.6717188535,11.8416017954326,6357.24410622067,25.545071786711,5.13411146058046
486,6,84.8245538311382,0,0,35960.0657841952,11.8416017954326,5715.61644437603,22.7307715800052,3.87253865838561
486,7,93.2442002414548,0,1,36176.6066085527,11.8416017954326,5998.50123522833,27.6716531570635,8.34724421631391
486,8,88.7445937515953,0,1,37561.5607216139,11.8416017954326,6432.30166515861,27.0416002460239,7.70619711578406
486,9,96.8466127077534,0,1,37441.9260502998,11.8416017954326,7147.30780799456,26.1554032764021,8.21921997349436
486,10,103.395808366811,0,1,39014.3585536716,11.8416017954326,7658.64480303706,20.3830178848512,12.5643601413008
486,11,95.8952029295361,0,1,40031.5939416156,11.8416017954326,7193.82450818446,28.7727773883452,9.38061955395553
486,12,105.478370929732,0,1,38474.4490077435,11.8416017954326,7644.14640635885,24.4402323390664,11.9854799507653
486,13,97.5291987016279,0,1,39982.7805452099,11.8416017954326,6981.17137093131,28.0800840774615,11.5546139377779
486,14,100.628112756323,0,1,40298.4222203932,11.8416017954326,7417.27550768337,24.110447945058,16.0923605108653
486,15,107.360795294462,0,1,39462.7407596783,11.8416017954326,7276.66818070314,24.7295520702552,16.1179176748684
487,1,82.8157497675931,0,0,35970.1797016842,14.4708327078662,4623.60350324938,21.9603158495583,0
487,2,91.8736713406518,0,0,35667.0460901745,14.4708327078662,4666.83433306951,20.4380940633888,3.38321318805206
487,3,93.4080547117271,0,0,36126.3526382008,14.4708327078662,6101.32417294672,22.0086127380084,1.00985475859548
487,4,85.685628686474,0,0,36095.9267296284,14.4708327078662,5565.85582865383,27.2858145003441,0.609587537595797
487,5,99.9136354418031,0,0,40379.4840634511,14.4708327078662,6183.78160240056,22.2948512089643,6.335941569743
487,6,89.8550388816996,0,0,39277.2013612537,14.4708327078662,6415.54072975398,25.4586480648152,2.6867932573931
487,7,87.9300984464977,0,1,39807.8679479328,14.4708327078662,5754.0286523956,27.0122979919503,6.05838240978884
487,8,94.1455870284013,0,1,42311.6041926691,14.4708327078662,6731.34886224903,19.5478653419794,9.83930433039357
487,9,95.2743460216694,0,1,43749.9788219608,14.4708327078662,7387.71857560979,21.076136391477,9.08985778208548
487,10,88.7083323418802,0,1,41632.8869482757,14.4708327078662,6896.65061244339,21.6773792207464,10.9966627505758
487,11,104.007195672056,0,1,41877.8844935352,14.4708327078662,7159.05634783435,21.6813434463915,12.785833430503
487,12,99.184073842392,0,1,43752.9543472039,14.4708327078662,7380.16297996351,28.7325188006814,13.6578802137401
487,13,99.8696488407288,0,1,43116.3311734586,14.4708327078662,7409.74992018619,23.7108304023081,15.147877972074
487,14,94.4814578993876,0,1,44685.8428523051,14.4708327078662,7689.15255305831,28.8431505019354,11.6513411176904
487,15,103.694339293646,0,1,45942.503011348,14.4708327078662,8174.99184898226,21.1771751202269,15.1931131447388
488,1,72.8537304978662,1,0,29417.571451681,11.2334726923578,5315.42800142027,19.7548181723512,0
488,2,83.5175486872256,1,0,32342.2136032257,11.2334726923578,5054.51676342156,26.2854481179241,3.7403812730279
488,3,87.540780225029,1,0,31606.7791414566,11.2334726923578,5378.39458287832,27.3173420973465,1.89420544780173
488,4,83.552057591723,1,0,32211.6059039782,11.2334726923578,7238.75991910532,20.4422549093299,2.91978898362269
488,5,89.9704179698276,1,0,34476.3247563972,11.2334726923578,5068.3126446619,22.5465113671873,2.66858611239754
488,6,95.3301451447722,1,0,35030.3365197293,11.2334726923578,6676.60175934828,30.2210836251185,3.23265723543615
488,7,95.2520978770391,1,1,33918.4644890395,11.2334726923578,6955.36123759284,23.3495545082958,4.86083968113618
488,8,92.5337617055936,1,1,34962.9873837183,11.2334726923578,5783.30599153154,25.7652894318456,5.88753492816204
488,9,89.6663540888741,1,1,34705.099386064,11.2334726923578,6602.38875304941,24.0238290685632,8.53373251469344
488,10,103.098682151662,1,1,35695.1002973862,11.2334726923578,6364.92542371558,18.1937820870477,8.96031879860714
488,11,103.577669905549,1,1,35651.397666555,11.2334726923578,6694.39250719026,24.5592962710239,13.355947573249
488,12,110.831679156206,1,1,38466.9549871229,11.2334726923578,7546.52715393024,19.7775911265657,12.7855303830589
488,13,97.4474067489626,1,1,38301.0342110175,11.2334726923578,7908.71493369919,23.2326975047099,13.0563365619666
488,14,106.046106057047,1,1,39807.1158040501,11.2334726923578,7620.57942593054,26.5094650835278,15.2098793182775
488,15,114.650606443056,1,1,39748.2879946764,11.2334726923578,8001.96179099141,23.7987848736556,13.8047015484866
489,1,69.3186763643925,0,0,28871.578225355,11.3379469582464,5151.34728240874,27.0021494739558,1.43648876189738
489,2,72.8351862294106,0,0,30209.8286724768,11.3379469582464,5602.18191756237,26.2173846580035,1.57227118729835
489,3,74.7174941546323,0,0,32953.0839621022,11.3379469582464,4497.10998811649,22.9670346091004,2.13861854954682
489,4,85.070136232842,0,0,32378.4634136711,11.3379469582464,6838.48559058595,28.6368158452758,4.73190989433977
489,5,75.7469212511851,0,0,32656.1488701185,11.3379469582464,5843.0535846302,24.0018598218636,2.33822582770799
489,6,85.8495242339575,0,0,33396.4862147992,11.3379469582464,6003.01133798321,22.6064146988213,6.15512780703084
489,7,92.1324500452326,0,1,35358.3036509892,11.3379469582464,7371.22658826902,22.6462458980371,6.57009115885005
489,8,81.2295856893704,0,1,37233.8450615516,11.3379469582464,6275.85318384236,28.5773831762205,8.60632054155337
489,9,92.747322532966,0,1,37478.391495723,11.3379469582464,7011.82898878803,28.1383761590628,11.2167147770944
489,10,91.8587486961844,0,1,38230.6732685281,11.3379469582464,6864.30205974085,25.126575607234,11.2544342068024
489,11,93.2228515763096,0,1,39631.2551315312,11.3379469582464,7142.00696744072,26.3021786544539,10.4375456404879
489,12,95.4904453780123,0,1,40713.7747409868,11.3379469582464,6993.6721620757,25.9296597088276,14.3307227361827
489,13,113.627598082748,0,1,42511.6418501859,11.3379469582464,7921.50836816835,21.0030921559214,15.5997581244859
489,14,99.2015751368194,0,1,42571.7242282238,11.3379469582464,8557.10760339101,28.889992732302,14.6108342023991
489,15,111.795764920643,0,1,43312.8776211094,11.3379469582464,8262.65685232829,30.7509948568723,16.6417381106393
490,1,80.9312571722838,1,0,38785.2827419339,12.9231803736319,4661.15082147388,24.6669132830303,0.604516810310349
490,2,85.470262487558,1,0,39149.9538507608,12.9231803736319,4839.25751720092,20.2914918526082,1.74600194535324
490,3,89.4394332835508,1,0,41033.2509136065,12.9231803736319,6102.88602019467,25.3386863229351,5.53547053262208
490,4,82.3475396940418,1,0,40807.3109847207,12.9231803736319,5669.37037795397,26.9129378508915,4.94156096813995
490,5,93.7954030345728,1,0,44628.2814554694,12.9231803736319,6035.79007938503,27.0098052327027,1.10230811154332
490,6,86.6318067381249,1,0,44368.4392537192,12.9231803736319,6210.04259234535,27.7120139498153,5.79665532676382
490,7,95.0931080397303,1,1,43246.5414003146,12.9231803736319,6379.84755592391,27.8035902949729,7.41973930335208
490,8,103.55826766561,1,1,44894.4970997627,12.9231803736319,6744.52460600468,26.6691583280692,8.6068313586606
490,9,91.7112974491806,1,1,47872.3860276394,12.9231803736319,7324.98157004674,27.4587292440515,9.37395859530553
490,10,98.9427119476146,1,1,45886.8831374637,12.9231803736319,6218.14837071456,22.9910289575114,9.74639178068185
490,11,98.6666613357431,1,1,49859.8641691591,12.9231803736319,6654.16568027324,25.8739860208729,8.3564868664259
490,12,103.154342076646,1,1,50478.0758705029,12.9231803736319,7351.88186921491,25.1776934239724,10.2940057936925
490,13,98.3784884538101,1,1,50461.0056515046,12.9231803736319,7404.21145893144,26.5000662436946,10.5014101328734
490,14,112.222844306254,1,1,51600.6919353883,12.9231803736319,8743.46380167285,25.6946171450706,12.421115384589
490,15,108.543486978195,1,1,51881.5184900765,12.9231803736319,7757.92789975927,27.2734277817232,16.1694517623586
491,1,77.771894647634,1,0,35164.1372971053,11.8199602400002,4809.76232111607,30.9215410695463,0
491,2,78.9747752002097,1,0,36626.5712942171,11.8199602400002,4968.57912981497,21.3215141687664,2.88076408955295
491,3,78.030276048253,1,0,36189.9942324303,11.8199602400002,5012.21169629015,15.3824976162963,0
491,4,82.3367779243624,1,0,38016.5906904454,11.8199602400002,6421.56673975013,22.7587200590396,2.64944768492608
491,5,86.3903445848368,1,0,38403.564064029,11.8199602400002,6028.62242640193,33.3698007448399,5.34539562707395
491,6,91.2011575249188,1,0,39774.7494511204,11.8199602400002,6537.29805410918,23.5646183931842,3.48459555040053
491,7,90.2549324771847,1,1,40780.1696149262,11.8199602400002,6023.75192713986,24.7803913182546,7.30798616467038
491,8,86.2716335062934,1,1,41189.5243446266,11.8199602400002,6490.77074600388,27.1860627252732,6.23526173859242
491,9,101.33157743711,1,1,42200.523931276,11.8199602400002,6972.42458108872,27.8613015391305,8.72613429012627
491,10,98.1932980430645,1,1,42400.6997242894,11.8199602400002,7285.92990810765,23.7459263070394,11.8438270871599
491,11,99.6939762301835,1,1,42254.9179655814,11.8199602400002,7346.3730804685,27.471579984888,9.31113453803764
491,12,103.93423343427,1,1,43316.2247594977,11.8199602400002,7307.22331514837,22.7681055546234,13.4495113189408
491,13,107.590366253509,1,1,45563.8228138898,11.8199602400002,7648.64514115546,28.7212915070209,11.0768565602615
491,14,104.979764168067,1,1,46456.5971556956,11.8199602400002,7550.92795094408,23.4842231890351,15.8648123180908
491,15,108.078677781276,1,1,45972.3606040079,11.8199602400002,8367.23229677644,24.4432135365634,13.7788258464262
492,1,80.4497145166016,0,0,37840.5964090491,10.3330413301823,5711.11580201576,18.5572122859598,0
492,2,81.1136753452504,0,0,40174.5293928091,10.3330413301823,4378.66794187375,22.7980506347819,2.39734870342585
492,3,82.6208491264285,0,0,42025.1544923921,10.3330413301823,4077.65667904657,19.8298104817164,4.99334924220679
492,4,87.6510357234357,0,0,40666.2329348238,10.3330413301823,5910.38345439882,31.8674006026803,7.3592643629261
492,5,95.5865189078815,0,0,43843.1963201639,10.3330413301823,6819.26819504374,20.168641574231,4.69836973461097
492,6,96.3726107420106,0,0,42151.8649464598,10.3330413301823,6244.16790940679,19.4982070532119,5.35218339327695
492,7,84.2728852673124,0,1,44447.3367773923,10.3330413301823,6666.04532016891,17.5874158931603,6.41519700139182
492,8,91.4894313240596,0,1,46953.3781386589,10.3330413301823,6839.61082322412,28.2974186759907,6.125223297859
492,9,95.1006273948855,0,1,46608.2818733415,10.3330413301823,6343.65804375834,23.4129687198403,11.0268818504167
492,10,96.0458629662256,0,1,48215.660968253,10.3330413301823,7145.4472257021,23.9021978175372,10.3788303833014
492,11,107.094655836651,0,1,48378.9458979632,10.3330413301823,7650.7040022501,27.0591725840368,9.60347941962979
492,12,96.048428803651,0,1,48670.4511713067,10.3330413301823,6962.85372002046,23.7143469951747,14.9812017018853
492,13,108.772574335213,0,1,51735.7693702466,10.3330413301823,8575.75151052637,25.4855597890571,13.978151691779
492,14,96.1952098602418,0,1,51729.7660461473,10.3330413301823,7883.45919554534,27.6320146430523,13.1703026803275
492,15,106.133612035052,0,1,51851.8607720894,10.3330413301823,7578.51091375235,31.0539332414547,14.6992267750959
493,1,76.0014544633342,0,0,48889.6070460043,11.5841549416173,5401.32693586766,27.5426602483238,0.428132829700736
493,2,91.0152428393612,0,0,51546.1143946315,11.5841549416173,5982.10404611079,25.4382643528282,4.12891474543985
493,3,91.9896797727084,0,0,51923.2969862985,11.5841549416173,5585.5577996328,27.535923839651,0.751943151603717
493,4,94.3608516645103,0,0,54125.5654426582,11.5841549416173,5846.03510876727,25.4514616255055,3.55123419615213
493,5,92.7456300305091,0,0,55487.6342916827,11.5841549416173,5951.15118978931,23.9241478081457,5.15975431669953
493,6,92.6710147635657,0,0,57424.8347670481,11.5841549416173,6358.20098538224,24.4752637632703,9.0451493201594
493,7,95.3897658767895,0,1,56664.0063837628,11.5841549416173,5994.26934963483,24.3524574804549,6.97476805648605
493,8,101.023676055219,0,1,57902.5516576058,11.5841549416173,6513.48804012142,31.4283783505477,11.2858746813381
493,9,108.077940879676,0,1,58431.4467301452,11.5841549416173,6432.0492768692,29.398816453807,13.8230407824772
493,10,106.505401116733,0,1,59202.5591143495,11.5841549416173,7001.9086395457,25.3099261205792,7.87285172626704
493,11,106.787555213611,0,1,58633.5611855308,11.5841549416173,6599.01231293017,30.6402613307695,8.88959730770381
493,12,101.659373109974,0,1,60877.397122935,11.5841549416173,7356.78709424715,25.963323986068,10.9747468539796
493,13,119.097559590953,0,1,63803.8234457969,11.5841549416173,8106.2093887013,23.4831796825474,16.1679752598393
493,14,110.385837002955,0,1,65898.1746059305,11.5841549416173,8013.00603695941,30.8327389722304,14.4344811931579
493,15,109.340481201298,0,1,63948.6934117433,11.5841549416173,7927.31320372892,28.9083637554603,13.8660965423691
494,1,86.8702086832382,1,0,36705.1645656642,17.6485193771594,6522.8805746953,24.314075721473,0
494,2,78.2852858706987,1,0,36169.7289783148,17.6485193771594,5550.88394643566,23.9095757293239,0.209594403068033
494,3,93.682721477063,1,0,38036.0288960263,17.6485193771594,4641.14046026875,25.8208009586381,4.25082072585806
494,4,101.726492544316,1,0,39631.4793387861,17.6485193771594,6070.59378526969,19.7121553307802,0
494,5,87.5052006340001,1,0,37571.6958888105,17.6485193771594,6629.74385745013,28.0401301578698,6.1724535109378
494,6,89.7122607747997,1,0,37093.5561436349,17.6485193771594,6903.8545826648,24.0689268375191,8.47471754922127
494,7,108.620507977188,1,1,39519.8863847011,17.6485193771594,6646.33677288189,24.2654747455577,7.74877415600482
494,8,106.00093767142,1,1,41151.6164874929,17.6485193771594,7072.21218361699,25.0618723239278,8.67025276472816
494,9,102.686992526413,1,1,42054.0167884557,17.6485193771594,7196.05720416595,21.2669619384055,8.75028860168122
494,10,118.359559879266,1,1,42234.9410172284,17.6485193771594,7646.74545700632,30.2848078922887,10.9653729862221
494,11,101.501709633675,1,1,42257.2417973084,17.6485193771594,6285.59158276322,25.4388267396582,9.39194498886233
494,12,116.488885885772,1,1,46100.8821138192,17.6485193771594,6993.22304473608,26.6774832646546,10.6244383190008
494,13,108.2536334605,1,1,44635.8330499059,17.6485193771594,7214.76790991876,34.3661383247257,14.1432864984691
494,14,117.295254279239,1,1,43936.0227486842,17.6485193771594,7650.33365289086,23.6696059804093,14.1571808563204
494,15,119.397448090075,1,1,45138.547273054,17.6485193771594,7889.31714054174,21.8504446486757,16.4474196325196
495,1,76.33625643674,0,0,33134.2644490076,14.6210060388181,4998.44564166921,22.2679001756111,1.62404206541327
495,2,82.43020630146,0,0,33454.6303978159,14.6210060388181,5408.68545834931,19.2350050430139,6.31753989838317
495,3,71.7603982023035,0,0,33642.6356852728,14.6210060388181,5217.69489078348,22.6272126148776,2.77216343300962
495,4,89.406829418608,0,0,34528.2570177974,14.6210060388181,6798.69064484537,25.0028680815572,6.53233560680307
495,5,84.5735842369738,0,0,35485.7785137312,14.6210060388181,6154.22433909464,25.8904419805308,7.67276443788132
495,6,85.2383039435736,0,0,35085.9855984122,14.6210060388181,6095.81682376426,27.9119536801048,7.41337146950939
495,7,78.770856796863,0,1,36091.9990232111,14.6210060388181,6125.37178022848,20.0346429708009,4.67544615140718
495,8,88.3537193914232,0,1,37810.8875250709,14.6210060388181,6681.86092201951,25.4713947407023,6.58074366533189
495,9,94.6370955308896,0,1,37262.7770450683,14.6210060388181,6635.00337451849,21.2626275141824,7.20356291530211
495,10,90.3466960058962,0,1,38987.9754382026,14.6210060388181,7052.49246159357,21.2487030874532,9.77047665185774
495,11,97.1575556731854,0,1,37909.8310879298,14.6210060388181,7292.86758347641,25.0049022550988,13.0344029294549
495,12,97.3639545079059,0,1,40602.8286716423,14.6210060388181,7171.55924756617,23.3871285167168,10.9958479745524
495,13,100.791828234073,0,1,41631.8239903691,14.6210060388181,8205.11090364923,29.1198961752585,14.1161707241504
495,14,105.514493650492,0,1,40576.8252543377,14.6210060388181,8983.95975824301,28.1929688705352,12.0001350868344
495,15,96.5824654191364,0,1,40117.7430740581,14.6210060388181,7309.89953336214,28.0232619263227,14.3168530431041
496,1,58.6254378539597,1,0,13549.3353321283,9.25620878151713,5418.0924282314,25.1133635232906,1.80433810897455
496,2,58.71526724448,1,0,14420.0254760386,9.25620878151713,5140.04517123862,28.6613622125025,0
496,3,65.0821548931572,1,0,13550.3924021637,9.25620878151713,6050.54635197309,22.5479908829047,1.84872925277726
496,4,71.0598816856055,1,0,16633.0304260063,9.25620878151713,5465.87347150121,21.4416050335554,6.45342887898738
496,5,74.1222894019098,1,0,14931.9839175972,9.25620878151713,6169.14853387969,23.4714588932968,6.57314634970655
496,6,65.4681281875935,1,0,17129.7747228492,9.25620878151713,5787.62688656276,25.7066864202536,4.22822988689299
496,7,73.1702060907023,1,1,20474.6655675555,9.25620878151713,6251.81513300469,22.1051524886271,6.94026153789324
496,8,83.2675114877853,1,1,20538.0417517782,9.25620878151713,5761.72212458568,26.8024559538011,9.7533740311465
496,9,76.3596830984754,1,1,20793.3714405992,9.25620878151713,6631.91283923874,24.6501250684582,6.6694361122307
496,10,84.8215972504435,1,1,18777.4609110413,9.25620878151713,8039.01342255887,25.0717716618219,10.3319959204102
496,11,81.3906452312291,1,1,22630.6951164141,9.25620878151713,7359.47732334982,24.5960802241103,9.47859813049065
496,12,79.7816131763087,1,1,22408.311461207,9.25620878151713,7166.16519365827,28.6730736017603,12.268276475005
496,13,98.853052552704,1,1,24448.4790927136,9.25620878151713,8873.06732491698,20.3126621217799,9.30918512568711
496,14,88.5189430849866,1,1,25464.3181367246,9.25620878151713,8268.41440995246,25.9396020437186,14.6768232881087
496,15,81.2930347258647,1,1,26722.6323511334,9.25620878151713,7974.85580460373,21.3451069594181,14.3979442253208
497,1,95.1991860777902,0,0,52066.3787657079,8.26524713300604,4713.65797122049,25.25783328212,2.10339015027837
497,2,82.4361672345683,0,0,53054.2986033995,8.26524713300604,4694.97459368262,23.5526977787379,3.12393055879798
497,3,84.4989876293555,0,0,53556.1002653936,8.26524713300604,5915.96827713264,22.2072374364276,0.871924593235852
497,4,82.0313715433684,0,0,55005.808960774,8.26524713300604,5617.82170090724,20.5830021741352,4.0030325425566
497,5,91.2701560298046,0,0,55065.2419740935,8.26524713300604,7144.45015306125,21.0941170229808,4.98781837449261
497,6,93.6828654632003,0,0,57158.4021440399,8.26524713300604,6204.78787577428,29.439926136481,2.44756653886374
497,7,97.3926938971522,0,1,56434.271131379,8.26524713300604,6297.12827435542,27.2484414479332,9.27375685209725
497,8,104.963104278932,0,1,56916.6918892309,8.26524713300604,6324.16403928868,26.1819711112724,8.53468499152278
497,9,100.091017427187,0,1,58976.825580022,8.26524713300604,6187.39158152215,30.1196073828343,8.22650030563847
497,10,90.8289789730036,0,1,59442.8369383224,8.26524713300604,7011.49823201245,26.6081500187533,9.55341207064104
497,11,99.3690256695234,0,1,61185.9991357863,8.26524713300604,6267.09770126643,22.5615612878826,11.0160780233241
497,12,106.916007159754,0,1,60044.3835399438,8.26524713300604,7245.39186346469,29.0128742565157,12.4231043213392
497,13,110.735822761839,0,1,62670.9408618883,8.26524713300604,6812.45563535407,31.3694417287584,13.2595660889696
497,14,117.020467430351,0,1,64225.2452736094,8.26524713300604,7468.66903938039,22.9678802078723,17.7456909543891
497,15,110.483799259185,0,1,63189.2902961945,8.26524713300604,8822.96785239127,22.8209289966319,14.2954575078698
498,1,70.6185184066939,0,0,27824.8396474494,10.9200532779522,5146.9598785265,28.4091391373702,0.746269100791735
498,2,85.7488621376572,0,0,28785.1943057263,10.9200532779522,4918.23058735504,24.0643901955242,4.03147285307766
498,3,78.5952039481139,0,0,29457.8761606759,10.9200532779522,4889.09185914855,25.0329303661011,5.30101123035316
498,4,76.5888920504315,0,0,28679.1875806347,10.9200532779522,5207.7742387418,28.4910222291794,4.25111425625215
498,5,96.0857952878047,0,0,30374.0327456389,10.9200532779522,6434.97606154202,25.6715444377512,9.95461967412799
498,6,76.1507270049935,0,0,31921.4618851633,10.9200532779522,7182.06270292864,24.6462939133915,3.70169928983108
498,7,88.8053582788884,0,1,31067.9243060174,10.9200532779522,6284.78610850779,28.7328241326712,7.08264214564785
498,8,87.0394828196863,0,1,32570.2618815431,10.9200532779522,6488.34978311675,22.8858328745869,6.64724255752969
498,9,91.4758198218699,0,1,34810.3842918453,10.9200532779522,6566.78811301247,24.608494075334,9.89982290910156
498,10,83.3474654326586,0,1,36309.8228425323,10.9200532779522,7986.51186615429,25.3861542163433,6.7756093548708
498,11,87.8147632436763,0,1,36472.9642082896,10.9200532779522,6305.15626478535,24.0583581177698,8.54868433684334
498,12,96.0181806192083,0,1,36558.7873608016,10.9200532779522,7832.24234828604,23.0871292310624,10.3201999969023
498,13,97.0549070533267,0,1,37330.596504476,10.9200532779522,7011.63349856708,25.1048945834733,12.4324933183207
498,14,106.729490308126,0,1,40800.4348558905,10.9200532779522,8357.06287851576,20.0289521368052,14.6680096989446
498,15,103.870953707042,0,1,39444.8056141222,10.9200532779522,8304.27046057403,22.6660869841917,15.7318330794763
499,1,103.015880811778,1,0,50770.8321642666,15.986324102844,5540.68381606904,20.315590911746,1.8771592369496
499,2,91.5471855627921,1,0,50030.5105337965,15.986324102844,4830.55581903164,29.0141551566989,2.61209380501423
499,3,89.1343018641564,1,0,51234.9374475508,15.986324102844,5236.33315787988,27.2588807244076,3.67555811897239
499,4,104.069539506838,1,0,52921.1428340916,15.986324102844,4619.30160788598,22.6233464100892,3.9911288371818
499,5,108.453484577623,1,0,54760.5920857716,15.986324102844,5579.98861168547,28.4289635867684,9.11504564357556
499,6,93.4710167796691,1,0,56348.0353788361,15.986324102844,5561.88917378874,30.5701403144863,2.08632771073849
499,7,105.872137762889,1,1,56572.8943753394,15.986324102844,6313.97341839374,27.9754517121009,2.56304427137988
499,8,103.218156199641,1,1,58116.5641822412,15.986324102844,6503.97681326693,28.648635357047,7.64936572715953
499,9,118.479592541901,1,1,58627.6543147417,15.986324102844,6412.05086366797,24.4095689033898,6.31457068087835
499,10,119.202344707371,1,1,60150.8838149925,15.986324102844,6684.19190306296,23.4883371421237,9.64041083729832
499,11,114.305765953256,1,1,59448.5702243369,15.986324102844,6324.14345066842,31.9790070931049,12.1903995616232
499,12,117.939673238049,1,1,62025.0768081542,15.986324102844,7770.76132496741,23.4967151266693,13.1825758695121
499,13,125.052847215762,1,1,62843.5270777016,15.986324102844,7740.64909865986,29.9827449826541,12.6006742403807
499,14,122.258765066611,1,1,63947.090497249,15.986324102844,8097.92063966901,28.0022979878466,11.1365888565976
499,15,125.196931700222,1,1,64590.3195968347,15.986324102844,8483.78355661497,24.6925088572614,15.4106433092227
500,1,82.6364500913903,1,0,35602.5369519191,12.8780373552509,5050.03004774492,21.6057575244298,2.04331347856649
500,2,86.6706297514501,1,0,33912.2085360103,12.8780373552509,6323.98532180588,16.7750096652858,2.78565502774577
500,3,80.1420537505142,1,0,35348.8099458212,12.8780373552509,5141.88760918184,26.8513344556977,6.04981451393259
500,4,79.1301780075566,1,0,35669.5205206321,12.8780373552509,5849.18688732174,22.8371163260779,3.22314618691839
500,5,86.4357650712559,1,0,37109.3969110396,12.8780373552509,6565.22034007697,26.3187040829645,5.11583560119569
500,6,82.5508729096756,1,0,38733.9929834944,12.8780373552509,6452.56298957252,19.6478118932238,9.27778459717431
500,7,100.223842695824,1,1,36913.3770096012,12.8780373552509,6019.81950236339,28.6224639105601,8.07799109428328
500,8,98.9788643238631,1,1,39832.8897951794,12.8780373552509,6168.8198781383,28.8527585967192,7.21140311168918
500,9,93.9454455188008,1,1,40599.7484790146,12.8780373552509,7333.29694552305,20.3086538683083,9.18686703268584
500,10,98.814099764149,1,1,40627.3168035802,12.8780373552509,6811.62478124526,22.2713375692375,10.8272164683883
500,11,88.521449767228,1,1,42485.9276393887,12.8780373552509,6929.87283518254,21.4079582773512,11.4897305754391
500,12,94.1891065345639,1,1,43793.9117759056,12.8780373552509,6954.51029811625,31.5999807320931,14.1419737029618
500,13,101.596983376962,1,1,44660.3660525758,12.8780373552509,7767.37940959169,21.0965771016926,15.3465835775304
500,14,113.014918191372,1,1,44777.4045543906,12.8780373552509,8562.1930587717,24.8409917031843,14.8587006041788
500,15,108.781917872913,1,1,48472.0803009409,12.8780373552509,8748.94703968201,27.3033897973807,13.3545347847933
